solid OpenSCAD_Model
  facet normal 1 0 0
    outer loop
      vertex 24.8 24.8 46.8
      vertex 24.8 15.4988 35.8997
      vertex 24.8 24.8 24.8
    endloop
  endfacet
  facet normal 1 0 0
    outer loop
      vertex 24.8 24.8 46.8
      vertex 24.8 15.469 36.2964
      vertex 24.8 15.4988 35.8997
    endloop
  endfacet
  facet normal 1 0 0
    outer loop
      vertex 24.8 24.8 46.8
      vertex 24.8 15.469 36.2974
      vertex 24.8 15.469 36.2964
    endloop
  endfacet
  facet normal 1 0 0
    outer loop
      vertex 24.8 24.8 46.8
      vertex 24.8 15.4688 36.2984
      vertex 24.8 15.469 36.2974
    endloop
  endfacet
  facet normal 1 0 0
    outer loop
      vertex 24.8 24.8 46.8
      vertex 24.8 15.3997 36.6901
      vertex 24.8 15.4688 36.2984
    endloop
  endfacet
  facet normal 1 0 0
    outer loop
      vertex 24.8 24.8 46.8
      vertex 24.8 15.292 37.073
      vertex 24.8 15.3997 36.6901
    endloop
  endfacet
  facet normal 1 0 0
    outer loop
      vertex 24.8 24.8 46.8
      vertex 24.8 15.2917 37.0739
      vertex 24.8 15.292 37.073
    endloop
  endfacet
  facet normal 1 0 0
    outer loop
      vertex 24.8 24.8 46.8
      vertex 24.8 15.2913 37.0749
      vertex 24.8 15.2917 37.0739
    endloop
  endfacet
  facet normal 1 0 0
    outer loop
      vertex 24.8 24.8 46.8
      vertex 24.8 15.146 37.4451
      vertex 24.8 15.2913 37.0749
    endloop
  endfacet
  facet normal 1 0 0
    outer loop
      vertex 24.8 24.8 46.8
      vertex 24.8 14.9646 37.7991
      vertex 24.8 15.146 37.4451
    endloop
  endfacet
  facet normal 1 0 0
    outer loop
      vertex 24.8 24.8 46.8
      vertex 24.8 14.9641 37.8
      vertex 24.8 14.9646 37.7991
    endloop
  endfacet
  facet normal 1 0 0
    outer loop
      vertex 24.8 24.8 46.8
      vertex 24.8 14.9636 37.8008
      vertex 24.8 14.9641 37.8
    endloop
  endfacet
  facet normal 1 0 0
    outer loop
      vertex 24.8 24.8 46.8
      vertex 24.8 14.7478 38.135
      vertex 24.8 14.9636 37.8008
    endloop
  endfacet
  facet normal 1 0 0
    outer loop
      vertex 24.8 24.8 46.8
      vertex 24.8 14.4997 38.446
      vertex 24.8 14.7478 38.135
    endloop
  endfacet
  facet normal 1 0 0
    outer loop
      vertex 24.8 24.8 46.8
      vertex 24.8 14.4991 38.4467
      vertex 24.8 14.4997 38.446
    endloop
  endfacet
  facet normal 1 0 0
    outer loop
      vertex 24.8 24.8 46.8
      vertex 24.8 14.2214 38.7315
      vertex 24.8 14.4991 38.4467
    endloop
  endfacet
  facet normal 1 0 0
    outer loop
      vertex 24.8 24.8 46.8
      vertex 24.8 14.2207 38.7322
      vertex 24.8 14.2214 38.7315
    endloop
  endfacet
  facet normal 1 0 0
    outer loop
      vertex 24.8 24.8 46.8
      vertex 24.8 14.2199 38.7328
      vertex 24.8 14.2207 38.7322
    endloop
  endfacet
  facet normal 1 0 0
    outer loop
      vertex 24.8 24.8 46.8
      vertex 24.8 13.9152 38.9885
      vertex 24.8 14.2199 38.7328
    endloop
  endfacet
  facet normal 1 0 0
    outer loop
      vertex 24.8 24.8 46.8
      vertex 24.8 13.9144 38.9891
      vertex 24.8 13.9152 38.9885
    endloop
  endfacet
  facet normal 1 0 0
    outer loop
      vertex 24.8 24.8 46.8
      vertex 24.8 13.5857 39.2132
      vertex 24.8 13.9144 38.9891
    endloop
  endfacet
  facet normal 1 0 0
    outer loop
      vertex 24.8 24.8 46.8
      vertex 24.8 13.5849 39.2136
      vertex 24.8 13.5857 39.2132
    endloop
  endfacet
  facet normal 1 0 0
    outer loop
      vertex 24.8 24.8 46.8
      vertex 24.8 13.2355 39.4039
      vertex 24.8 13.5849 39.2136
    endloop
  endfacet
  facet normal 1 0 0
    outer loop
      vertex 24.8 24.8 46.8
      vertex 24.8 13.2346 39.4043
      vertex 24.8 13.2355 39.4039
    endloop
  endfacet
  facet normal 1 0 0
    outer loop
      vertex 24.8 24.8 46.8
      vertex 24.8 12.8681 39.5588
      vertex 24.8 13.2346 39.4043
    endloop
  endfacet
  facet normal 1 0 0
    outer loop
      vertex 24.8 24.8 46.8
      vertex 24.8 12.488 39.676
      vertex 24.8 12.8681 39.5588
    endloop
  endfacet
  facet normal 1 0 0
    outer loop
      vertex 24.8 24.8 46.8
      vertex 24.8 12.487 39.6763
      vertex 24.8 12.488 39.676
    endloop
  endfacet
  facet normal 1 0 0
    outer loop
      vertex 24.8 24.8 46.8
      vertex 24.8 12.4861 39.6765
      vertex 24.8 12.487 39.6763
    endloop
  endfacet
  facet normal 1 0 0
    outer loop
      vertex 24.8 24.8 46.8
      vertex 24.8 12.0962 39.7553
      vertex 24.8 12.4861 39.6765
    endloop
  endfacet
  facet normal 1 0 0
    outer loop
      vertex 24.8 24.8 46.8
      vertex 24.8 11.7004 39.7949
      vertex 24.8 12.0962 39.7553
    endloop
  endfacet
  facet normal 1 0 0
    outer loop
      vertex 24.8 24.8 46.8
      vertex 24.8 11.6994 39.795
      vertex 24.8 11.7004 39.7949
    endloop
  endfacet
  facet normal 1 -0 0
    outer loop
      vertex 24.8 0 46.8
      vertex 24.8 11.6994 39.795
      vertex 24.8 24.8 46.8
    endloop
  endfacet
  facet normal 1 0 0
    outer loop
      vertex 24.8 11.6994 39.795
      vertex 24.8 0 46.8
      vertex 24.8 11.3006 39.795
    endloop
  endfacet
  facet normal 1 0 0
    outer loop
      vertex 24.8 11.3006 39.795
      vertex 24.8 0 46.8
      vertex 24.8 11.2996 39.7949
    endloop
  endfacet
  facet normal 1 0 0
    outer loop
      vertex 24.8 11.2996 39.7949
      vertex 24.8 0 46.8
      vertex 24.8 10.9038 39.7553
    endloop
  endfacet
  facet normal 1 0 0
    outer loop
      vertex 24.8 10.9038 39.7553
      vertex 24.8 0 46.8
      vertex 24.8 10.5139 39.6765
    endloop
  endfacet
  facet normal 1 0 0
    outer loop
      vertex 24.8 10.5139 39.6765
      vertex 24.8 0 46.8
      vertex 24.8 10.513 39.6763
    endloop
  endfacet
  facet normal 1 0 0
    outer loop
      vertex 24.8 10.513 39.6763
      vertex 24.8 0 46.8
      vertex 24.8 10.512 39.676
    endloop
  endfacet
  facet normal 1 0 0
    outer loop
      vertex 24.8 10.512 39.676
      vertex 24.8 0 46.8
      vertex 24.8 10.1319 39.5588
    endloop
  endfacet
  facet normal 1 0 0
    outer loop
      vertex 24.8 10.1319 39.5588
      vertex 24.8 0 46.8
      vertex 24.8 9.76538 39.4043
    endloop
  endfacet
  facet normal 1 0 0
    outer loop
      vertex 24.8 0 46.8
      vertex 24.8 8.78007 38.7328
      vertex 24.8 9.08478 38.9885
    endloop
  endfacet
  facet normal 1 0 0
    outer loop
      vertex 24.8 0 46.8
      vertex 24.8 8.77862 38.7315
      vertex 24.8 8.77931 38.7322
    endloop
  endfacet
  facet normal 1 0 0
    outer loop
      vertex 24.8 0 46.8
      vertex 24.8 8.03644 37.8008
      vertex 24.8 8.25225 38.135
    endloop
  endfacet
  facet normal 1 0 0
    outer loop
      vertex 24.8 0 46.8
      vertex 24.8 7.70865 37.0749
      vertex 24.8 7.85398 37.4451
    endloop
  endfacet
  facet normal 1 0 0
    outer loop
      vertex 24.8 0 46.8
      vertex 24.8 7.70802 37.073
      vertex 24.8 7.70829 37.0739
    endloop
  endfacet
  facet normal 1 0 0
    outer loop
      vertex 24.8 0 46.8
      vertex 24.8 7.53097 36.2964
      vertex 24.8 7.53104 36.2974
    endloop
  endfacet
  facet normal 1 0 0
    outer loop
      vertex 24.8 7.53097 36.2964
      vertex 24.8 0 46.8
      vertex 24.8 7.50124 35.8997
    endloop
  endfacet
  facet normal 1 0 0
    outer loop
      vertex 24.8 7.53121 36.2984
      vertex 24.8 0 46.8
      vertex 24.8 7.53104 36.2974
    endloop
  endfacet
  facet normal 1 0 0
    outer loop
      vertex 24.8 7.60029 36.6901
      vertex 24.8 0 46.8
      vertex 24.8 7.53121 36.2984
    endloop
  endfacet
  facet normal 1 0 0
    outer loop
      vertex 24.8 7.70802 37.073
      vertex 24.8 0 46.8
      vertex 24.8 7.60029 36.6901
    endloop
  endfacet
  facet normal 1 0 0
    outer loop
      vertex 24.8 7.70865 37.0749
      vertex 24.8 0 46.8
      vertex 24.8 7.70829 37.0739
    endloop
  endfacet
  facet normal 1 0 0
    outer loop
      vertex 24.8 8.03545 37.7991
      vertex 24.8 0 46.8
      vertex 24.8 7.85398 37.4451
    endloop
  endfacet
  facet normal 1 0 0
    outer loop
      vertex 24.8 8.0359 37.8
      vertex 24.8 0 46.8
      vertex 24.8 8.03545 37.7991
    endloop
  endfacet
  facet normal 1 0 0
    outer loop
      vertex 24.8 8.03644 37.8008
      vertex 24.8 0 46.8
      vertex 24.8 8.0359 37.8
    endloop
  endfacet
  facet normal 1 0 0
    outer loop
      vertex 24.8 8.50026 38.446
      vertex 24.8 0 46.8
      vertex 24.8 8.25225 38.135
    endloop
  endfacet
  facet normal 1 0 0
    outer loop
      vertex 24.8 8.50087 38.4467
      vertex 24.8 0 46.8
      vertex 24.8 8.50026 38.446
    endloop
  endfacet
  facet normal 1 0 0
    outer loop
      vertex 24.8 8.77862 38.7315
      vertex 24.8 0 46.8
      vertex 24.8 8.50087 38.4467
    endloop
  endfacet
  facet normal 1 0 0
    outer loop
      vertex 24.8 8.78007 38.7328
      vertex 24.8 0 46.8
      vertex 24.8 8.77931 38.7322
    endloop
  endfacet
  facet normal 1 0 0
    outer loop
      vertex 24.8 9.0856 38.9891
      vertex 24.8 0 46.8
      vertex 24.8 9.08478 38.9885
    endloop
  endfacet
  facet normal 1 0 0
    outer loop
      vertex 24.8 9.41426 39.2132
      vertex 24.8 0 46.8
      vertex 24.8 9.0856 38.9891
    endloop
  endfacet
  facet normal 1 0 0
    outer loop
      vertex 24.8 9.41513 39.2136
      vertex 24.8 0 46.8
      vertex 24.8 9.41426 39.2132
    endloop
  endfacet
  facet normal 1 0 0
    outer loop
      vertex 24.8 9.76447 39.4039
      vertex 24.8 0 46.8
      vertex 24.8 9.41513 39.2136
    endloop
  endfacet
  facet normal 1 0 0
    outer loop
      vertex 24.8 9.76538 39.4043
      vertex 24.8 0 46.8
      vertex 24.8 9.76447 39.4039
    endloop
  endfacet
  facet normal 1 -0 0
    outer loop
      vertex 24.8 15.4888 35.5021
      vertex 24.8 24.8 24.8
      vertex 24.8 15.4988 35.8997
    endloop
  endfacet
  facet normal 1 -0 0
    outer loop
      vertex 24.8 15.4888 35.5011
      vertex 24.8 24.8 24.8
      vertex 24.8 15.4888 35.5021
    endloop
  endfacet
  facet normal 1 -0 0
    outer loop
      vertex 24.8 15.4887 35.5001
      vertex 24.8 24.8 24.8
      vertex 24.8 15.4888 35.5011
    endloop
  endfacet
  facet normal 1 -0 0
    outer loop
      vertex 24.8 15.4392 35.1054
      vertex 24.8 24.8 24.8
      vertex 24.8 15.4887 35.5001
    endloop
  endfacet
  facet normal 1 -0 0
    outer loop
      vertex 24.8 15.439 35.1044
      vertex 24.8 24.8 24.8
      vertex 24.8 15.4392 35.1054
    endloop
  endfacet
  facet normal 1 -0 0
    outer loop
      vertex 24.8 15.3505 34.7166
      vertex 24.8 24.8 24.8
      vertex 24.8 15.439 35.1044
    endloop
  endfacet
  facet normal 1 -0 0
    outer loop
      vertex 24.8 15.2238 34.3396
      vertex 24.8 24.8 24.8
      vertex 24.8 15.3505 34.7166
    endloop
  endfacet
  facet normal 1 -0 0
    outer loop
      vertex 24.8 15.2235 34.3386
      vertex 24.8 24.8 24.8
      vertex 24.8 15.2238 34.3396
    endloop
  endfacet
  facet normal 1 -0 0
    outer loop
      vertex 24.8 15.2231 34.3377
      vertex 24.8 24.8 24.8
      vertex 24.8 15.2235 34.3386
    endloop
  endfacet
  facet normal 1 -0 0
    outer loop
      vertex 24.8 15.0595 33.9752
      vertex 24.8 24.8 24.8
      vertex 24.8 15.2231 34.3377
    endloop
  endfacet
  facet normal 1 -0 0
    outer loop
      vertex 24.8 15.059 33.9743
      vertex 24.8 24.8 24.8
      vertex 24.8 15.0595 33.9752
    endloop
  endfacet
  facet normal 1 -0 0
    outer loop
      vertex 24.8 14.8601 33.6298
      vertex 24.8 24.8 24.8
      vertex 24.8 15.059 33.9743
    endloop
  endfacet
  facet normal 1 -0 0
    outer loop
      vertex 24.8 14.6279 33.3068
      vertex 24.8 24.8 24.8
      vertex 24.8 14.8601 33.6298
    endloop
  endfacet
  facet normal 1 -0 0
    outer loop
      vertex 24.8 14.6273 33.306
      vertex 24.8 24.8 24.8
      vertex 24.8 14.6279 33.3068
    endloop
  endfacet
  facet normal 1 -0 0
    outer loop
      vertex 24.8 14.3641 33.0078
      vertex 24.8 24.8 24.8
      vertex 24.8 14.6273 33.306
    endloop
  endfacet
  facet normal 1 -0 0
    outer loop
      vertex 24.8 14.3635 33.0071
      vertex 24.8 24.8 24.8
      vertex 24.8 14.3641 33.0078
    endloop
  endfacet
  facet normal 1 -0 0
    outer loop
      vertex 24.8 14.3627 33.0064
      vertex 24.8 24.8 24.8
      vertex 24.8 14.3635 33.0071
    endloop
  endfacet
  facet normal 1 -0 0
    outer loop
      vertex 24.8 14.0711 32.7358
      vertex 24.8 24.8 24.8
      vertex 24.8 14.3627 33.0064
    endloop
  endfacet
  facet normal 1 -0 0
    outer loop
      vertex 24.8 14.0704 32.7352
      vertex 24.8 24.8 24.8
      vertex 24.8 14.0711 32.7358
    endloop
  endfacet
  facet normal 1 -0 0
    outer loop
      vertex 24.8 13.7533 32.495
      vertex 24.8 24.8 24.8
      vertex 24.8 14.0704 32.7352
    endloop
  endfacet
  facet normal 1 -0 0
    outer loop
      vertex 24.8 13.7524 32.4945
      vertex 24.8 24.8 24.8
      vertex 24.8 13.7533 32.495
    endloop
  endfacet
  facet normal 1 -0 0
    outer loop
      vertex 24.8 13.413 32.2871
      vertex 24.8 24.8 24.8
      vertex 24.8 13.7524 32.4945
    endloop
  endfacet
  facet normal 1 -0 0
    outer loop
      vertex 24.8 13.0546 32.1145
      vertex 24.8 24.8 24.8
      vertex 24.8 13.413 32.2871
    endloop
  endfacet
  facet normal 1 -0 0
    outer loop
      vertex 24.8 13.0537 32.1141
      vertex 24.8 24.8 24.8
      vertex 24.8 13.0546 32.1145
    endloop
  endfacet
  facet normal 1 -0 0
    outer loop
      vertex 24.8 13.0528 32.1138
      vertex 24.8 24.8 24.8
      vertex 24.8 13.0537 32.1141
    endloop
  endfacet
  facet normal 1 -0 0
    outer loop
      vertex 24.8 12.679 31.9777
      vertex 24.8 24.8 24.8
      vertex 24.8 13.0528 32.1138
    endloop
  endfacet
  facet normal 1 -0 0
    outer loop
      vertex 24.8 12.2935 31.8796
      vertex 24.8 24.8 24.8
      vertex 24.8 12.679 31.9777
    endloop
  endfacet
  facet normal 1 -0 0
    outer loop
      vertex 24.8 12.2926 31.8793
      vertex 24.8 24.8 24.8
      vertex 24.8 12.2935 31.8796
    endloop
  endfacet
  facet normal 1 -0 0
    outer loop
      vertex 24.8 11.8993 31.82
      vertex 24.8 24.8 24.8
      vertex 24.8 12.2926 31.8793
    endloop
  endfacet
  facet normal 1 -0 0
    outer loop
      vertex 24.8 11.8983 31.8199
      vertex 24.8 24.8 24.8
      vertex 24.8 11.8993 31.82
    endloop
  endfacet
  facet normal 1 -0 0
    outer loop
      vertex 24.8 11.8973 31.8198
      vertex 24.8 24.8 24.8
      vertex 24.8 11.8983 31.8199
    endloop
  endfacet
  facet normal 1 -0 0
    outer loop
      vertex 24.8 11.5 31.8
      vertex 24.8 24.8 24.8
      vertex 24.8 11.8973 31.8198
    endloop
  endfacet
  facet normal 1 0 0
    outer loop
      vertex 24.8 0 24.8
      vertex 24.8 11.5 31.8
      vertex 24.8 11.1027 31.8198
    endloop
  endfacet
  facet normal 1 0 0
    outer loop
      vertex 24.8 0 24.8
      vertex 24.8 11.1027 31.8198
      vertex 24.8 11.1017 31.8199
    endloop
  endfacet
  facet normal 1 0 0
    outer loop
      vertex 24.8 0 24.8
      vertex 24.8 11.1017 31.8199
      vertex 24.8 11.1007 31.82
    endloop
  endfacet
  facet normal 1 0 0
    outer loop
      vertex 24.8 0 24.8
      vertex 24.8 11.1007 31.82
      vertex 24.8 10.7074 31.8793
    endloop
  endfacet
  facet normal 1 0 0
    outer loop
      vertex 24.8 0 24.8
      vertex 24.8 10.7074 31.8793
      vertex 24.8 10.7065 31.8796
    endloop
  endfacet
  facet normal 1 0 0
    outer loop
      vertex 24.8 0 24.8
      vertex 24.8 10.7065 31.8796
      vertex 24.8 10.321 31.9777
    endloop
  endfacet
  facet normal 1 0 0
    outer loop
      vertex 24.8 0 24.8
      vertex 24.8 10.321 31.9777
      vertex 24.8 9.94719 32.1138
    endloop
  endfacet
  facet normal 1 0 0
    outer loop
      vertex 24.8 0 24.8
      vertex 24.8 9.94719 32.1138
      vertex 24.8 9.94626 32.1141
    endloop
  endfacet
  facet normal 1 0 0
    outer loop
      vertex 24.8 0 24.8
      vertex 24.8 9.94626 32.1141
      vertex 24.8 9.94537 32.1145
    endloop
  endfacet
  facet normal 1 0 0
    outer loop
      vertex 24.8 0 24.8
      vertex 24.8 9.94537 32.1145
      vertex 24.8 9.58698 32.2871
    endloop
  endfacet
  facet normal 1 0 0
    outer loop
      vertex 24.8 0 24.8
      vertex 24.8 7.94101 33.9743
      vertex 24.8 7.94051 33.9752
    endloop
  endfacet
  facet normal 1 0 0
    outer loop
      vertex 24.8 0 24.8
      vertex 24.8 7.77691 34.3377
      vertex 24.8 7.7765 34.3386
    endloop
  endfacet
  facet normal 1 0 0
    outer loop
      vertex 24.8 0 24.8
      vertex 24.8 7.77619 34.3396
      vertex 24.8 7.6495 34.7166
    endloop
  endfacet
  facet normal 1 0 0
    outer loop
      vertex 24.8 0 24.8
      vertex 24.8 7.51131 35.5001
      vertex 24.8 7.51118 35.5011
    endloop
  endfacet
  facet normal 1 0 0
    outer loop
      vertex 24.8 0 24.8
      vertex 24.8 7.50124 35.8997
      vertex 24.8 0 46.8
    endloop
  endfacet
  facet normal 1 0 0
    outer loop
      vertex 24.8 7.50124 35.8997
      vertex 24.8 0 24.8
      vertex 24.8 7.51116 35.5021
    endloop
  endfacet
  facet normal 1 0 0
    outer loop
      vertex 24.8 7.51116 35.5021
      vertex 24.8 0 24.8
      vertex 24.8 7.51118 35.5011
    endloop
  endfacet
  facet normal 1 0 0
    outer loop
      vertex 24.8 7.51131 35.5001
      vertex 24.8 0 24.8
      vertex 24.8 7.56077 35.1054
    endloop
  endfacet
  facet normal 1 0 0
    outer loop
      vertex 24.8 7.56077 35.1054
      vertex 24.8 0 24.8
      vertex 24.8 7.56099 35.1044
    endloop
  endfacet
  facet normal 1 0 0
    outer loop
      vertex 24.8 7.56099 35.1044
      vertex 24.8 0 24.8
      vertex 24.8 7.6495 34.7166
    endloop
  endfacet
  facet normal 1 0 0
    outer loop
      vertex 24.8 7.77619 34.3396
      vertex 24.8 0 24.8
      vertex 24.8 7.7765 34.3386
    endloop
  endfacet
  facet normal 1 0 0
    outer loop
      vertex 24.8 7.77691 34.3377
      vertex 24.8 0 24.8
      vertex 24.8 7.94051 33.9752
    endloop
  endfacet
  facet normal 1 0 0
    outer loop
      vertex 24.8 11.5 31.8
      vertex 24.8 0 24.8
      vertex 24.8 24.8 24.8
    endloop
  endfacet
  facet normal 1 0 0
    outer loop
      vertex 24.8 9.24757 32.4945
      vertex 24.8 0 24.8
      vertex 24.8 9.58698 32.2871
    endloop
  endfacet
  facet normal 1 0 0
    outer loop
      vertex 24.8 9.24672 32.495
      vertex 24.8 0 24.8
      vertex 24.8 9.24757 32.4945
    endloop
  endfacet
  facet normal 1 0 0
    outer loop
      vertex 24.8 8.92964 32.7352
      vertex 24.8 0 24.8
      vertex 24.8 9.24672 32.495
    endloop
  endfacet
  facet normal 1 0 0
    outer loop
      vertex 24.8 8.92885 32.7358
      vertex 24.8 0 24.8
      vertex 24.8 8.92964 32.7352
    endloop
  endfacet
  facet normal 1 0 0
    outer loop
      vertex 24.8 8.63726 33.0064
      vertex 24.8 0 24.8
      vertex 24.8 8.92885 32.7358
    endloop
  endfacet
  facet normal 1 0 0
    outer loop
      vertex 24.8 8.63653 33.0071
      vertex 24.8 0 24.8
      vertex 24.8 8.63726 33.0064
    endloop
  endfacet
  facet normal 1 0 0
    outer loop
      vertex 24.8 8.63588 33.0078
      vertex 24.8 0 24.8
      vertex 24.8 8.63653 33.0071
    endloop
  endfacet
  facet normal 1 0 0
    outer loop
      vertex 24.8 8.37267 33.306
      vertex 24.8 0 24.8
      vertex 24.8 8.63588 33.0078
    endloop
  endfacet
  facet normal 1 0 0
    outer loop
      vertex 24.8 8.37209 33.3068
      vertex 24.8 0 24.8
      vertex 24.8 8.37267 33.306
    endloop
  endfacet
  facet normal 1 0 0
    outer loop
      vertex 24.8 8.1399 33.6298
      vertex 24.8 0 24.8
      vertex 24.8 8.37209 33.3068
    endloop
  endfacet
  facet normal 1 0 0
    outer loop
      vertex 24.8 7.94101 33.9743
      vertex 24.8 0 24.8
      vertex 24.8 8.1399 33.6298
    endloop
  endfacet
  facet normal 0 0 1
    outer loop
      vertex 24.8 24.8 46.8
      vertex 21.8 21.8 46.8
      vertex 24.8 0 46.8
    endloop
  endfacet
  facet normal -0 0 1
    outer loop
      vertex 0 24.8 46.8
      vertex 21.8 21.8 46.8
      vertex 24.8 24.8 46.8
    endloop
  endfacet
  facet normal 0 0 1
    outer loop
      vertex 0 0 46.8
      vertex 1.2 21.8 46.8
      vertex 0 24.8 46.8
    endloop
  endfacet
  facet normal 0 0 1
    outer loop
      vertex 21.8 21.8 46.8
      vertex 0 24.8 46.8
      vertex 1.2 21.8 46.8
    endloop
  endfacet
  facet normal -0 0 1
    outer loop
      vertex 21.8 1.2 46.8
      vertex 24.8 0 46.8
      vertex 21.8 21.8 46.8
    endloop
  endfacet
  facet normal 0 0 1
    outer loop
      vertex 0 0 46.8
      vertex 21.8 1.2 46.8
      vertex 1.2 1.2 46.8
    endloop
  endfacet
  facet normal 0 0 1
    outer loop
      vertex 21.8 1.2 46.8
      vertex 0 0 46.8
      vertex 24.8 0 46.8
    endloop
  endfacet
  facet normal 0 0 1
    outer loop
      vertex 1.2 21.8 46.8
      vertex 0 0 46.8
      vertex 1.2 1.2 46.8
    endloop
  endfacet
  facet normal 0 0 -1
    outer loop
      vertex 46.8 0 0
      vertex 24.8 24.8 0
      vertex 46.8 24.8 0
    endloop
  endfacet
  facet normal 0 0 -1
    outer loop
      vertex 46.8 0 0
      vertex 21.8 21.8 0
      vertex 24.8 24.8 0
    endloop
  endfacet
  facet normal 0 0 -1
    outer loop
      vertex 21.8 21.8 0
      vertex 46.8 0 0
      vertex 21.8 1.2 0
    endloop
  endfacet
  facet normal 0 0 -1
    outer loop
      vertex 0 0 0
      vertex 21.8 1.2 0
      vertex 46.8 0 0
    endloop
  endfacet
  facet normal -0 0 -1
    outer loop
      vertex 1.2 1.2 0
      vertex 0 0 0
      vertex 1.2 21.8 0
    endloop
  endfacet
  facet normal -0 0 -1
    outer loop
      vertex 21.8 1.2 0
      vertex 0 0 0
      vertex 1.2 1.2 0
    endloop
  endfacet
  facet normal 0 0 -1
    outer loop
      vertex 0 46.8 0
      vertex 24.8 24.8 0
      vertex 21.8 21.8 0
    endloop
  endfacet
  facet normal 0 0 -1
    outer loop
      vertex 0 46.8 0
      vertex 21.8 21.8 0
      vertex 1.2 21.8 0
    endloop
  endfacet
  facet normal 0 0 -1
    outer loop
      vertex 24.8 24.8 0
      vertex 0 46.8 0
      vertex 24.8 46.8 0
    endloop
  endfacet
  facet normal 0 0 -1
    outer loop
      vertex 0 46.8 0
      vertex 1.2 21.8 0
      vertex 0 0 0
    endloop
  endfacet
  facet normal -1 0 0
    outer loop
      vertex 0 46.8 0
      vertex 0 24.8 24.8
      vertex 0 46.8 24.8
    endloop
  endfacet
  facet normal -1 0 0
    outer loop
      vertex 0 0 0
      vertex 0 24.8 24.8
      vertex 0 46.8 0
    endloop
  endfacet
  facet normal -1 0 0
    outer loop
      vertex 0 0 46.8
      vertex 0 24.8 24.8
      vertex 0 0 0
    endloop
  endfacet
  facet normal -1 0 0
    outer loop
      vertex 0 24.8 24.8
      vertex 0 0 46.8
      vertex 0 24.8 46.8
    endloop
  endfacet
  facet normal 0 1 -0
    outer loop
      vertex 11.7989 24.8 39.7888
      vertex 0 24.8 46.8
      vertex 24.8 24.8 46.8
    endloop
  endfacet
  facet normal 0 1 0
    outer loop
      vertex 0 24.8 46.8
      vertex 11.7979 24.8 39.7888
      vertex 11.4003 24.8 39.7988
    endloop
  endfacet
  facet normal 0 1 0
    outer loop
      vertex 0 24.8 46.8
      vertex 11.7989 24.8 39.7888
      vertex 11.7979 24.8 39.7888
    endloop
  endfacet
  facet normal 0 1 0
    outer loop
      vertex 24.8 24.8 46.8
      vertex 11.7999 24.8 39.7887
      vertex 11.7989 24.8 39.7888
    endloop
  endfacet
  facet normal 0 1 0
    outer loop
      vertex 24.8 24.8 46.8
      vertex 12.1946 24.8 39.7392
      vertex 11.7999 24.8 39.7887
    endloop
  endfacet
  facet normal 0 1 0
    outer loop
      vertex 24.8 24.8 46.8
      vertex 12.1956 24.8 39.739
      vertex 12.1946 24.8 39.7392
    endloop
  endfacet
  facet normal 0 1 0
    outer loop
      vertex 24.8 24.8 46.8
      vertex 12.5834 24.8 39.6505
      vertex 12.1956 24.8 39.739
    endloop
  endfacet
  facet normal 0 1 0
    outer loop
      vertex 24.8 24.8 46.8
      vertex 12.9604 24.8 39.5238
      vertex 12.5834 24.8 39.6505
    endloop
  endfacet
  facet normal 0 1 0
    outer loop
      vertex 24.8 24.8 46.8
      vertex 12.9614 24.8 39.5235
      vertex 12.9604 24.8 39.5238
    endloop
  endfacet
  facet normal 0 1 0
    outer loop
      vertex 24.8 24.8 46.8
      vertex 12.9623 24.8 39.5231
      vertex 12.9614 24.8 39.5235
    endloop
  endfacet
  facet normal 0 1 0
    outer loop
      vertex 24.8 24.8 46.8
      vertex 13.3248 24.8 39.3595
      vertex 12.9623 24.8 39.5231
    endloop
  endfacet
  facet normal 0 1 0
    outer loop
      vertex 24.8 24.8 46.8
      vertex 13.6693 24.8 39.1606
      vertex 13.3248 24.8 39.3595
    endloop
  endfacet
  facet normal 0 1 0
    outer loop
      vertex 24.8 24.8 46.8
      vertex 13.6702 24.8 39.1601
      vertex 13.6693 24.8 39.1606
    endloop
  endfacet
  facet normal 0 1 0
    outer loop
      vertex 24.8 24.8 46.8
      vertex 13.671 24.8 39.1595
      vertex 13.6702 24.8 39.1601
    endloop
  endfacet
  facet normal 0 1 0
    outer loop
      vertex 24.8 24.8 46.8
      vertex 13.994 24.8 38.9273
      vertex 13.671 24.8 39.1595
    endloop
  endfacet
  facet normal 0 1 0
    outer loop
      vertex 24.8 24.8 46.8
      vertex 14.2922 24.8 38.6641
      vertex 13.994 24.8 38.9273
    endloop
  endfacet
  facet normal 0 1 0
    outer loop
      vertex 24.8 24.8 46.8
      vertex 14.2929 24.8 38.6635
      vertex 14.2922 24.8 38.6641
    endloop
  endfacet
  facet normal 0 1 0
    outer loop
      vertex 24.8 24.8 46.8
      vertex 14.2936 24.8 38.6627
      vertex 14.2929 24.8 38.6635
    endloop
  endfacet
  facet normal 0 1 0
    outer loop
      vertex 24.8 24.8 46.8
      vertex 14.5642 24.8 38.3712
      vertex 14.2936 24.8 38.6627
    endloop
  endfacet
  facet normal 0 1 0
    outer loop
      vertex 24.8 24.8 46.8
      vertex 14.8044 24.8 38.0541
      vertex 14.5642 24.8 38.3712
    endloop
  endfacet
  facet normal 0 1 0
    outer loop
      vertex 24.8 24.8 46.8
      vertex 14.805 24.8 38.0533
      vertex 14.8044 24.8 38.0541
    endloop
  endfacet
  facet normal 0 1 0
    outer loop
      vertex 24.8 24.8 46.8
      vertex 14.8055 24.8 38.0524
      vertex 14.805 24.8 38.0533
    endloop
  endfacet
  facet normal 0 1 0
    outer loop
      vertex 24.8 24.8 46.8
      vertex 15.0129 24.8 37.713
      vertex 14.8055 24.8 38.0524
    endloop
  endfacet
  facet normal 0 1 0
    outer loop
      vertex 24.8 24.8 46.8
      vertex 15.1855 24.8 37.3546
      vertex 15.0129 24.8 37.713
    endloop
  endfacet
  facet normal 0 1 0
    outer loop
      vertex 24.8 24.8 46.8
      vertex 15.1859 24.8 37.3537
      vertex 15.1855 24.8 37.3546
    endloop
  endfacet
  facet normal 0 1 0
    outer loop
      vertex 24.8 24.8 46.8
      vertex 15.1862 24.8 37.3528
      vertex 15.1859 24.8 37.3537
    endloop
  endfacet
  facet normal 0 1 0
    outer loop
      vertex 24.8 24.8 46.8
      vertex 15.3223 24.8 36.979
      vertex 15.1862 24.8 37.3528
    endloop
  endfacet
  facet normal 0 1 0
    outer loop
      vertex 24.8 24.8 46.8
      vertex 15.4204 24.8 36.5935
      vertex 15.3223 24.8 36.979
    endloop
  endfacet
  facet normal 0 1 0
    outer loop
      vertex 24.8 24.8 46.8
      vertex 15.4207 24.8 36.5926
      vertex 15.4204 24.8 36.5935
    endloop
  endfacet
  facet normal 0 1 0
    outer loop
      vertex 24.8 24.8 46.8
      vertex 15.48 24.8 36.1993
      vertex 15.4207 24.8 36.5926
    endloop
  endfacet
  facet normal 0 1 0
    outer loop
      vertex 24.8 24.8 46.8
      vertex 15.4801 24.8 36.1983
      vertex 15.48 24.8 36.1993
    endloop
  endfacet
  facet normal 0 1 0
    outer loop
      vertex 24.8 24.8 46.8
      vertex 15.4802 24.8 36.1973
      vertex 15.4801 24.8 36.1983
    endloop
  endfacet
  facet normal 0 1 0
    outer loop
      vertex 24.8 24.8 46.8
      vertex 15.5 24.8 35.8
      vertex 15.4802 24.8 36.1973
    endloop
  endfacet
  facet normal 0 1 -0
    outer loop
      vertex 24.8 24.8 24.8
      vertex 15.5 24.8 35.8
      vertex 24.8 24.8 46.8
    endloop
  endfacet
  facet normal 0 1 0
    outer loop
      vertex 15.5 24.8 35.8
      vertex 24.8 24.8 24.8
      vertex 15.4802 24.8 35.4027
    endloop
  endfacet
  facet normal 0 1 0
    outer loop
      vertex 15.4802 24.8 35.4027
      vertex 24.8 24.8 24.8
      vertex 15.4801 24.8 35.4017
    endloop
  endfacet
  facet normal 0 1 0
    outer loop
      vertex 15.4801 24.8 35.4017
      vertex 24.8 24.8 24.8
      vertex 15.4208 24.8 35.0084
    endloop
  endfacet
  facet normal 0 1 0
    outer loop
      vertex 15.4208 24.8 35.0084
      vertex 24.8 24.8 24.8
      vertex 15.4207 24.8 35.0074
    endloop
  endfacet
  facet normal 0 1 0
    outer loop
      vertex 15.4207 24.8 35.0074
      vertex 24.8 24.8 24.8
      vertex 15.4204 24.8 35.0065
    endloop
  endfacet
  facet normal 0 1 0
    outer loop
      vertex 15.4204 24.8 35.0065
      vertex 24.8 24.8 24.8
      vertex 15.3223 24.8 34.621
    endloop
  endfacet
  facet normal 0 1 0
    outer loop
      vertex 15.3223 24.8 34.621
      vertex 24.8 24.8 24.8
      vertex 15.1862 24.8 34.2472
    endloop
  endfacet
  facet normal 0 1 0
    outer loop
      vertex 15.1862 24.8 34.2472
      vertex 24.8 24.8 24.8
      vertex 15.1859 24.8 34.2463
    endloop
  endfacet
  facet normal 0 1 0
    outer loop
      vertex 15.1859 24.8 34.2463
      vertex 24.8 24.8 24.8
      vertex 15.0133 24.8 33.8879
    endloop
  endfacet
  facet normal 0 1 0
    outer loop
      vertex 15.0133 24.8 33.8879
      vertex 24.8 24.8 24.8
      vertex 15.0129 24.8 33.887
    endloop
  endfacet
  facet normal 0 1 0
    outer loop
      vertex 15.0129 24.8 33.887
      vertex 24.8 24.8 24.8
      vertex 14.8055 24.8 33.5476
    endloop
  endfacet
  facet normal 0 1 0
    outer loop
      vertex 24.8 24.8 24.8
      vertex 14.8044 24.8 33.5459
      vertex 14.805 24.8 33.5467
    endloop
  endfacet
  facet normal 0 1 0
    outer loop
      vertex 24.8 24.8 24.8
      vertex 14.2936 24.8 32.9373
      vertex 14.5642 24.8 33.2289
    endloop
  endfacet
  facet normal 0 1 0
    outer loop
      vertex 24.8 24.8 24.8
      vertex 13.9932 24.8 32.6721
      vertex 13.994 24.8 32.6727
    endloop
  endfacet
  facet normal 0 1 0
    outer loop
      vertex 24.8 24.8 24.8
      vertex 12.9623 24.8 32.0769
      vertex 13.3248 24.8 32.2405
    endloop
  endfacet
  facet normal 0 1 0
    outer loop
      vertex 24.8 24.8 24.8
      vertex 12.1956 24.8 31.861
      vertex 12.5834 24.8 31.9495
    endloop
  endfacet
  facet normal 0 1 0
    outer loop
      vertex 0 24.8 24.8
      vertex 11.4013 24.8 31.8013
      vertex 11.7989 24.8 31.8112
    endloop
  endfacet
  facet normal 0 1 0
    outer loop
      vertex 0 24.8 24.8
      vertex 11.7989 24.8 31.8112
      vertex 24.8 24.8 24.8
    endloop
  endfacet
  facet normal 0 1 0
    outer loop
      vertex 12.1936 24.8 31.8606
      vertex 24.8 24.8 24.8
      vertex 11.7989 24.8 31.8112
    endloop
  endfacet
  facet normal 0 1 0
    outer loop
      vertex 12.1946 24.8 31.8608
      vertex 24.8 24.8 24.8
      vertex 12.1936 24.8 31.8606
    endloop
  endfacet
  facet normal 0 1 0
    outer loop
      vertex 12.1956 24.8 31.861
      vertex 24.8 24.8 24.8
      vertex 12.1946 24.8 31.8608
    endloop
  endfacet
  facet normal 0 1 0
    outer loop
      vertex 12.9604 24.8 32.0762
      vertex 24.8 24.8 24.8
      vertex 12.5834 24.8 31.9495
    endloop
  endfacet
  facet normal 0 1 0
    outer loop
      vertex 12.9614 24.8 32.0765
      vertex 24.8 24.8 24.8
      vertex 12.9604 24.8 32.0762
    endloop
  endfacet
  facet normal 0 1 0
    outer loop
      vertex 12.9623 24.8 32.0769
      vertex 24.8 24.8 24.8
      vertex 12.9614 24.8 32.0765
    endloop
  endfacet
  facet normal 0 1 0
    outer loop
      vertex 13.3257 24.8 32.241
      vertex 24.8 24.8 24.8
      vertex 13.3248 24.8 32.2405
    endloop
  endfacet
  facet normal 0 1 0
    outer loop
      vertex 13.6702 24.8 32.4399
      vertex 24.8 24.8 24.8
      vertex 13.3257 24.8 32.241
    endloop
  endfacet
  facet normal 0 1 0
    outer loop
      vertex 13.9932 24.8 32.6721
      vertex 24.8 24.8 24.8
      vertex 13.6702 24.8 32.4399
    endloop
  endfacet
  facet normal 0 1 0
    outer loop
      vertex 13.9947 24.8 32.6733
      vertex 24.8 24.8 24.8
      vertex 13.994 24.8 32.6727
    endloop
  endfacet
  facet normal 0 1 0
    outer loop
      vertex 14.2929 24.8 32.9365
      vertex 24.8 24.8 24.8
      vertex 13.9947 24.8 32.6733
    endloop
  endfacet
  facet normal 0 1 0
    outer loop
      vertex 14.2936 24.8 32.9373
      vertex 24.8 24.8 24.8
      vertex 14.2929 24.8 32.9365
    endloop
  endfacet
  facet normal 0 1 0
    outer loop
      vertex 14.8044 24.8 33.5459
      vertex 24.8 24.8 24.8
      vertex 14.5642 24.8 33.2289
    endloop
  endfacet
  facet normal 0 1 0
    outer loop
      vertex 14.8055 24.8 33.5476
      vertex 24.8 24.8 24.8
      vertex 14.805 24.8 33.5467
    endloop
  endfacet
  facet normal 0 1 -0
    outer loop
      vertex 11.3993 24.8 39.7987
      vertex 0 24.8 46.8
      vertex 11.4003 24.8 39.7988
    endloop
  endfacet
  facet normal 0 1 -0
    outer loop
      vertex 11.0026 24.8 39.769
      vertex 0 24.8 46.8
      vertex 11.3993 24.8 39.7987
    endloop
  endfacet
  facet normal 0 1 -0
    outer loop
      vertex 10.6109 24.8 39.6999
      vertex 0 24.8 46.8
      vertex 11.0026 24.8 39.769
    endloop
  endfacet
  facet normal 0 1 -0
    outer loop
      vertex 10.6099 24.8 39.6997
      vertex 0 24.8 46.8
      vertex 10.6109 24.8 39.6999
    endloop
  endfacet
  facet normal 0 1 -0
    outer loop
      vertex 10.609 24.8 39.6994
      vertex 0 24.8 46.8
      vertex 10.6099 24.8 39.6997
    endloop
  endfacet
  facet normal 0 1 -0
    outer loop
      vertex 10.2261 24.8 39.5917
      vertex 0 24.8 46.8
      vertex 10.609 24.8 39.6994
    endloop
  endfacet
  facet normal 0 1 -0
    outer loop
      vertex 10.2251 24.8 39.5913
      vertex 0 24.8 46.8
      vertex 10.2261 24.8 39.5917
    endloop
  endfacet
  facet normal 0 1 -0
    outer loop
      vertex 9.85485 24.8 39.446
      vertex 0 24.8 46.8
      vertex 10.2251 24.8 39.5913
    endloop
  endfacet
  facet normal 0 1 -0
    outer loop
      vertex 9.50088 24.8 39.2646
      vertex 0 24.8 46.8
      vertex 9.85485 24.8 39.446
    endloop
  endfacet
  facet normal 0 1 -0
    outer loop
      vertex 9.5 24.8 39.2641
      vertex 0 24.8 46.8
      vertex 9.50088 24.8 39.2646
    endloop
  endfacet
  facet normal 0 1 -0
    outer loop
      vertex 9.49917 24.8 39.2636
      vertex 0 24.8 46.8
      vertex 9.5 24.8 39.2641
    endloop
  endfacet
  facet normal 0 1 -0
    outer loop
      vertex 9.16502 24.8 39.0478
      vertex 0 24.8 46.8
      vertex 9.49917 24.8 39.2636
    endloop
  endfacet
  facet normal 0 1 -0
    outer loop
      vertex 8.85403 24.8 38.7997
      vertex 0 24.8 46.8
      vertex 9.16502 24.8 39.0478
    endloop
  endfacet
  facet normal 0 1 -0
    outer loop
      vertex 8.85326 24.8 38.7991
      vertex 0 24.8 46.8
      vertex 8.85403 24.8 38.7997
    endloop
  endfacet
  facet normal 0 1 -0
    outer loop
      vertex 8.85255 24.8 38.7984
      vertex 0 24.8 46.8
      vertex 8.85326 24.8 38.7991
    endloop
  endfacet
  facet normal 0 1 -0
    outer loop
      vertex 8.56779 24.8 38.5207
      vertex 0 24.8 46.8
      vertex 8.85255 24.8 38.7984
    endloop
  endfacet
  facet normal 0 1 -0
    outer loop
      vertex 8.56715 24.8 38.5199
      vertex 0 24.8 46.8
      vertex 8.56779 24.8 38.5207
    endloop
  endfacet
  facet normal 0 1 -0
    outer loop
      vertex 8.31147 24.8 38.2152
      vertex 0 24.8 46.8
      vertex 8.56715 24.8 38.5199
    endloop
  endfacet
  facet normal 0 1 -0
    outer loop
      vertex 8.0874 24.8 37.8866
      vertex 0 24.8 46.8
      vertex 8.31147 24.8 38.2152
    endloop
  endfacet
  facet normal 0 1 -0
    outer loop
      vertex 8.08684 24.8 37.8857
      vertex 0 24.8 46.8
      vertex 8.0874 24.8 37.8866
    endloop
  endfacet
  facet normal 0 1 -0
    outer loop
      vertex 7.8966 24.8 37.5364
      vertex 0 24.8 46.8
      vertex 8.08684 24.8 37.8857
    endloop
  endfacet
  facet normal 0 1 -0
    outer loop
      vertex 7.89612 24.8 37.5355
      vertex 0 24.8 46.8
      vertex 7.8966 24.8 37.5364
    endloop
  endfacet
  facet normal 0 1 -0
    outer loop
      vertex 7.89574 24.8 37.5346
      vertex 0 24.8 46.8
      vertex 7.89612 24.8 37.5355
    endloop
  endfacet
  facet normal 0 1 -0
    outer loop
      vertex 7.74123 24.8 37.1681
      vertex 0 24.8 46.8
      vertex 7.89574 24.8 37.5346
    endloop
  endfacet
  facet normal 0 1 -0
    outer loop
      vertex 7.62398 24.8 36.788
      vertex 0 24.8 46.8
      vertex 7.74123 24.8 37.1681
    endloop
  endfacet
  facet normal 0 1 -0
    outer loop
      vertex 7.62369 24.8 36.787
      vertex 0 24.8 46.8
      vertex 7.62398 24.8 36.788
    endloop
  endfacet
  facet normal 0 1 -0
    outer loop
      vertex 7.62349 24.8 36.7861
      vertex 0 24.8 46.8
      vertex 7.62369 24.8 36.787
    endloop
  endfacet
  facet normal 0 1 -0
    outer loop
      vertex 7.54468 24.8 36.3962
      vertex 0 24.8 46.8
      vertex 7.62349 24.8 36.7861
    endloop
  endfacet
  facet normal 0 1 -0
    outer loop
      vertex 7.54458 24.8 36.3952
      vertex 0 24.8 46.8
      vertex 7.54468 24.8 36.3962
    endloop
  endfacet
  facet normal 0 1 -0
    outer loop
      vertex 7.50497 24.8 35.9994
      vertex 0 24.8 46.8
      vertex 7.54458 24.8 36.3952
    endloop
  endfacet
  facet normal 0 1 -0
    outer loop
      vertex 7.50497 24.8 35.6006
      vertex 0 24.8 46.8
      vertex 7.50497 24.8 35.9994
    endloop
  endfacet
  facet normal 0 1 0
    outer loop
      vertex 0 24.8 24.8
      vertex 7.50497 24.8 35.6006
      vertex 7.54458 24.8 35.2048
    endloop
  endfacet
  facet normal 0 1 0
    outer loop
      vertex 0 24.8 24.8
      vertex 7.54458 24.8 35.2048
      vertex 7.54468 24.8 35.2038
    endloop
  endfacet
  facet normal 0 1 0
    outer loop
      vertex 0 24.8 24.8
      vertex 7.54468 24.8 35.2038
      vertex 7.62349 24.8 34.8139
    endloop
  endfacet
  facet normal 0 1 0
    outer loop
      vertex 0 24.8 24.8
      vertex 7.62349 24.8 34.8139
      vertex 7.62369 24.8 34.813
    endloop
  endfacet
  facet normal 0 1 0
    outer loop
      vertex 0 24.8 24.8
      vertex 7.62369 24.8 34.813
      vertex 7.62398 24.8 34.812
    endloop
  endfacet
  facet normal 0 1 0
    outer loop
      vertex 0 24.8 24.8
      vertex 7.62398 24.8 34.812
      vertex 7.74123 24.8 34.4319
    endloop
  endfacet
  facet normal 0 1 0
    outer loop
      vertex 0 24.8 24.8
      vertex 7.74123 24.8 34.4319
      vertex 7.89574 24.8 34.0654
    endloop
  endfacet
  facet normal 0 1 0
    outer loop
      vertex 0 24.8 24.8
      vertex 7.89574 24.8 34.0654
      vertex 7.89612 24.8 34.0645
    endloop
  endfacet
  facet normal 0 1 0
    outer loop
      vertex 0 24.8 24.8
      vertex 7.89612 24.8 34.0645
      vertex 7.8966 24.8 34.0636
    endloop
  endfacet
  facet normal 0 1 0
    outer loop
      vertex 0 24.8 24.8
      vertex 7.8966 24.8 34.0636
      vertex 8.08684 24.8 33.7143
    endloop
  endfacet
  facet normal 0 1 0
    outer loop
      vertex 0 24.8 24.8
      vertex 8.56715 24.8 33.0801
      vertex 8.56779 24.8 33.0793
    endloop
  endfacet
  facet normal 0 1 0
    outer loop
      vertex 0 24.8 24.8
      vertex 8.5685 24.8 33.0786
      vertex 8.85326 24.8 32.8009
    endloop
  endfacet
  facet normal 0 1 0
    outer loop
      vertex 0 24.8 24.8
      vertex 9.16586 24.8 32.5517
      vertex 9.5 24.8 32.3359
    endloop
  endfacet
  facet normal 0 1 0
    outer loop
      vertex 0 24.8 24.8
      vertex 9.85397 24.8 32.1544
      vertex 9.85485 24.8 32.154
    endloop
  endfacet
  facet normal 0 1 0
    outer loop
      vertex 0 24.8 24.8
      vertex 10.227 24.8 32.008
      vertex 10.6099 24.8 31.9003
    endloop
  endfacet
  facet normal 0 1 0
    outer loop
      vertex 11.4013 24.8 31.8013
      vertex 0 24.8 24.8
      vertex 11.4003 24.8 31.8012
    endloop
  endfacet
  facet normal 0 1 0
    outer loop
      vertex 11.4003 24.8 31.8012
      vertex 0 24.8 24.8
      vertex 11.0036 24.8 31.831
    endloop
  endfacet
  facet normal 0 1 0
    outer loop
      vertex 11.0036 24.8 31.831
      vertex 0 24.8 24.8
      vertex 11.0026 24.8 31.831
    endloop
  endfacet
  facet normal 0 1 0
    outer loop
      vertex 11.0026 24.8 31.831
      vertex 0 24.8 24.8
      vertex 11.0016 24.8 31.8312
    endloop
  endfacet
  facet normal 0 1 0
    outer loop
      vertex 11.0016 24.8 31.8312
      vertex 0 24.8 24.8
      vertex 10.6099 24.8 31.9003
    endloop
  endfacet
  facet normal 0 1 0
    outer loop
      vertex 10.227 24.8 32.008
      vertex 0 24.8 24.8
      vertex 10.2261 24.8 32.0083
    endloop
  endfacet
  facet normal 0 1 0
    outer loop
      vertex 10.2261 24.8 32.0083
      vertex 0 24.8 24.8
      vertex 10.2251 24.8 32.0087
    endloop
  endfacet
  facet normal 0 1 0
    outer loop
      vertex 7.50497 24.8 35.6006
      vertex 0 24.8 24.8
      vertex 0 24.8 46.8
    endloop
  endfacet
  facet normal 0 1 0
    outer loop
      vertex 8.0874 24.8 33.7134
      vertex 0 24.8 24.8
      vertex 8.08684 24.8 33.7143
    endloop
  endfacet
  facet normal 0 1 0
    outer loop
      vertex 8.31147 24.8 33.3848
      vertex 0 24.8 24.8
      vertex 8.0874 24.8 33.7134
    endloop
  endfacet
  facet normal 0 1 0
    outer loop
      vertex 8.56715 24.8 33.0801
      vertex 0 24.8 24.8
      vertex 8.31147 24.8 33.3848
    endloop
  endfacet
  facet normal 0 1 0
    outer loop
      vertex 8.5685 24.8 33.0786
      vertex 0 24.8 24.8
      vertex 8.56779 24.8 33.0793
    endloop
  endfacet
  facet normal 0 1 0
    outer loop
      vertex 8.85403 24.8 32.8003
      vertex 0 24.8 24.8
      vertex 8.85326 24.8 32.8009
    endloop
  endfacet
  facet normal 0 1 0
    outer loop
      vertex 9.16502 24.8 32.5522
      vertex 0 24.8 24.8
      vertex 8.85403 24.8 32.8003
    endloop
  endfacet
  facet normal 0 1 0
    outer loop
      vertex 9.16586 24.8 32.5517
      vertex 0 24.8 24.8
      vertex 9.16502 24.8 32.5522
    endloop
  endfacet
  facet normal 0 1 0
    outer loop
      vertex 9.85397 24.8 32.1544
      vertex 0 24.8 24.8
      vertex 9.5 24.8 32.3359
    endloop
  endfacet
  facet normal 0 1 0
    outer loop
      vertex 10.2251 24.8 32.0087
      vertex 0 24.8 24.8
      vertex 9.85485 24.8 32.154
    endloop
  endfacet
  facet normal 0 1 -0
    outer loop
      vertex 34.5989 24.8 15.4888
      vertex 24.8 24.8 24.8
      vertex 46.8 24.8 24.8
    endloop
  endfacet
  facet normal 0 1 0
    outer loop
      vertex 24.8 24.8 24.8
      vertex 34.5979 24.8 15.4888
      vertex 34.2003 24.8 15.4988
    endloop
  endfacet
  facet normal 0 1 0
    outer loop
      vertex 24.8 24.8 24.8
      vertex 34.5989 24.8 15.4888
      vertex 34.5979 24.8 15.4888
    endloop
  endfacet
  facet normal 0 1 0
    outer loop
      vertex 46.8 24.8 24.8
      vertex 34.5999 24.8 15.4887
      vertex 34.5989 24.8 15.4888
    endloop
  endfacet
  facet normal 0 1 0
    outer loop
      vertex 46.8 24.8 24.8
      vertex 34.9946 24.8 15.4392
      vertex 34.5999 24.8 15.4887
    endloop
  endfacet
  facet normal 0 1 0
    outer loop
      vertex 46.8 24.8 24.8
      vertex 34.9956 24.8 15.439
      vertex 34.9946 24.8 15.4392
    endloop
  endfacet
  facet normal 0 1 0
    outer loop
      vertex 46.8 24.8 24.8
      vertex 35.3834 24.8 15.3505
      vertex 34.9956 24.8 15.439
    endloop
  endfacet
  facet normal 0 1 0
    outer loop
      vertex 46.8 24.8 24.8
      vertex 35.7604 24.8 15.2238
      vertex 35.3834 24.8 15.3505
    endloop
  endfacet
  facet normal 0 1 0
    outer loop
      vertex 46.8 24.8 24.8
      vertex 35.7614 24.8 15.2235
      vertex 35.7604 24.8 15.2238
    endloop
  endfacet
  facet normal 0 1 0
    outer loop
      vertex 46.8 24.8 24.8
      vertex 35.7623 24.8 15.2231
      vertex 35.7614 24.8 15.2235
    endloop
  endfacet
  facet normal 0 1 0
    outer loop
      vertex 46.8 24.8 24.8
      vertex 36.1248 24.8 15.0595
      vertex 35.7623 24.8 15.2231
    endloop
  endfacet
  facet normal 0 1 0
    outer loop
      vertex 46.8 24.8 24.8
      vertex 36.1257 24.8 15.059
      vertex 36.1248 24.8 15.0595
    endloop
  endfacet
  facet normal 0 1 0
    outer loop
      vertex 46.8 24.8 24.8
      vertex 36.4702 24.8 14.8601
      vertex 36.1257 24.8 15.059
    endloop
  endfacet
  facet normal 0 1 0
    outer loop
      vertex 46.8 24.8 24.8
      vertex 36.7932 24.8 14.6279
      vertex 36.4702 24.8 14.8601
    endloop
  endfacet
  facet normal 0 1 0
    outer loop
      vertex 46.8 24.8 24.8
      vertex 36.794 24.8 14.6273
      vertex 36.7932 24.8 14.6279
    endloop
  endfacet
  facet normal 0 1 0
    outer loop
      vertex 46.8 24.8 24.8
      vertex 36.7947 24.8 14.6267
      vertex 36.794 24.8 14.6273
    endloop
  endfacet
  facet normal 0 1 0
    outer loop
      vertex 46.8 24.8 24.8
      vertex 37.0929 24.8 14.3635
      vertex 36.7947 24.8 14.6267
    endloop
  endfacet
  facet normal 0 1 0
    outer loop
      vertex 46.8 24.8 24.8
      vertex 37.0936 24.8 14.3627
      vertex 37.0929 24.8 14.3635
    endloop
  endfacet
  facet normal 0 1 0
    outer loop
      vertex 46.8 24.8 24.8
      vertex 37.3642 24.8 14.0711
      vertex 37.0936 24.8 14.3627
    endloop
  endfacet
  facet normal 0 1 0
    outer loop
      vertex 46.8 24.8 24.8
      vertex 37.6044 24.8 13.7541
      vertex 37.3642 24.8 14.0711
    endloop
  endfacet
  facet normal 0 1 0
    outer loop
      vertex 46.8 24.8 24.8
      vertex 37.605 24.8 13.7533
      vertex 37.6044 24.8 13.7541
    endloop
  endfacet
  facet normal 0 1 0
    outer loop
      vertex 46.8 24.8 24.8
      vertex 37.8124 24.8 13.4139
      vertex 37.605 24.8 13.7533
    endloop
  endfacet
  facet normal 0 1 0
    outer loop
      vertex 46.8 24.8 24.8
      vertex 37.8129 24.8 13.413
      vertex 37.8124 24.8 13.4139
    endloop
  endfacet
  facet normal 0 1 0
    outer loop
      vertex 46.8 24.8 24.8
      vertex 37.8133 24.8 13.4121
      vertex 37.8129 24.8 13.413
    endloop
  endfacet
  facet normal 0 1 0
    outer loop
      vertex 46.8 24.8 24.8
      vertex 37.9859 24.8 13.0537
      vertex 37.8133 24.8 13.4121
    endloop
  endfacet
  facet normal 0 1 0
    outer loop
      vertex 46.8 24.8 24.8
      vertex 37.9862 24.8 13.0528
      vertex 37.9859 24.8 13.0537
    endloop
  endfacet
  facet normal 0 1 0
    outer loop
      vertex 46.8 24.8 24.8
      vertex 38.1223 24.8 12.679
      vertex 37.9862 24.8 13.0528
    endloop
  endfacet
  facet normal 0 1 0
    outer loop
      vertex 46.8 24.8 24.8
      vertex 38.2204 24.8 12.2935
      vertex 38.1223 24.8 12.679
    endloop
  endfacet
  facet normal 0 1 0
    outer loop
      vertex 46.8 24.8 24.8
      vertex 38.2207 24.8 12.2926
      vertex 38.2204 24.8 12.2935
    endloop
  endfacet
  facet normal 0 1 0
    outer loop
      vertex 46.8 24.8 24.8
      vertex 38.28 24.8 11.8993
      vertex 38.2207 24.8 12.2926
    endloop
  endfacet
  facet normal 0 1 0
    outer loop
      vertex 46.8 24.8 24.8
      vertex 38.2801 24.8 11.8983
      vertex 38.28 24.8 11.8993
    endloop
  endfacet
  facet normal 0 1 0
    outer loop
      vertex 46.8 24.8 24.8
      vertex 38.2802 24.8 11.8973
      vertex 38.2801 24.8 11.8983
    endloop
  endfacet
  facet normal 0 1 0
    outer loop
      vertex 46.8 24.8 24.8
      vertex 38.3 24.8 11.5
      vertex 38.2802 24.8 11.8973
    endloop
  endfacet
  facet normal 0 1 -0
    outer loop
      vertex 46.8 24.8 0
      vertex 38.3 24.8 11.5
      vertex 46.8 24.8 24.8
    endloop
  endfacet
  facet normal 0 1 0
    outer loop
      vertex 38.3 24.8 11.5
      vertex 46.8 24.8 0
      vertex 38.2802 24.8 11.1027
    endloop
  endfacet
  facet normal 0 1 0
    outer loop
      vertex 38.2802 24.8 11.1027
      vertex 46.8 24.8 0
      vertex 38.2801 24.8 11.1017
    endloop
  endfacet
  facet normal 0 1 0
    outer loop
      vertex 38.2801 24.8 11.1017
      vertex 46.8 24.8 0
      vertex 38.28 24.8 11.1007
    endloop
  endfacet
  facet normal 0 1 0
    outer loop
      vertex 38.28 24.8 11.1007
      vertex 46.8 24.8 0
      vertex 38.2207 24.8 10.7074
    endloop
  endfacet
  facet normal 0 1 0
    outer loop
      vertex 38.2207 24.8 10.7074
      vertex 46.8 24.8 0
      vertex 38.2204 24.8 10.7065
    endloop
  endfacet
  facet normal 0 1 0
    outer loop
      vertex 38.2204 24.8 10.7065
      vertex 46.8 24.8 0
      vertex 38.1223 24.8 10.321
    endloop
  endfacet
  facet normal 0 1 0
    outer loop
      vertex 38.1223 24.8 10.321
      vertex 46.8 24.8 0
      vertex 37.9862 24.8 9.94719
    endloop
  endfacet
  facet normal 0 1 0
    outer loop
      vertex 37.9862 24.8 9.94719
      vertex 46.8 24.8 0
      vertex 37.9859 24.8 9.94626
    endloop
  endfacet
  facet normal 0 1 0
    outer loop
      vertex 37.9859 24.8 9.94626
      vertex 46.8 24.8 0
      vertex 37.8133 24.8 9.58788
    endloop
  endfacet
  facet normal 0 1 0
    outer loop
      vertex 46.8 24.8 0
      vertex 37.8124 24.8 9.58614
      vertex 37.8129 24.8 9.58698
    endloop
  endfacet
  facet normal 0 1 0
    outer loop
      vertex 46.8 24.8 0
      vertex 37.6044 24.8 9.24593
      vertex 37.605 24.8 9.24672
    endloop
  endfacet
  facet normal 0 1 0
    outer loop
      vertex 46.8 24.8 0
      vertex 36.7947 24.8 8.37333
      vertex 37.0929 24.8 8.63653
    endloop
  endfacet
  facet normal 0 1 0
    outer loop
      vertex 46.8 24.8 0
      vertex 36.7932 24.8 8.37209
      vertex 36.794 24.8 8.37267
    endloop
  endfacet
  facet normal 0 1 0
    outer loop
      vertex 46.8 24.8 0
      vertex 36.1257 24.8 7.94101
      vertex 36.4702 24.8 8.1399
    endloop
  endfacet
  facet normal 0 1 0
    outer loop
      vertex 46.8 24.8 0
      vertex 35.7623 24.8 7.77691
      vertex 36.1248 24.8 7.94051
    endloop
  endfacet
  facet normal 0 1 0
    outer loop
      vertex 46.8 24.8 0
      vertex 35.7604 24.8 7.77619
      vertex 35.7614 24.8 7.7765
    endloop
  endfacet
  facet normal 0 1 0
    outer loop
      vertex 46.8 24.8 0
      vertex 34.5999 24.8 7.51131
      vertex 34.9946 24.8 7.56077
    endloop
  endfacet
  facet normal 0 1 0
    outer loop
      vertex 34.5989 24.8 7.51118
      vertex 24.8 24.8 0
      vertex 34.5979 24.8 7.51116
    endloop
  endfacet
  facet normal 0 1 0
    outer loop
      vertex 24.8 24.8 0
      vertex 34.5989 24.8 7.51118
      vertex 46.8 24.8 0
    endloop
  endfacet
  facet normal 0 1 0
    outer loop
      vertex 34.5999 24.8 7.51131
      vertex 46.8 24.8 0
      vertex 34.5989 24.8 7.51118
    endloop
  endfacet
  facet normal 0 1 0
    outer loop
      vertex 34.9956 24.8 7.56099
      vertex 46.8 24.8 0
      vertex 34.9946 24.8 7.56077
    endloop
  endfacet
  facet normal 0 1 0
    outer loop
      vertex 35.3834 24.8 7.6495
      vertex 46.8 24.8 0
      vertex 34.9956 24.8 7.56099
    endloop
  endfacet
  facet normal 0 1 0
    outer loop
      vertex 35.7604 24.8 7.77619
      vertex 46.8 24.8 0
      vertex 35.3834 24.8 7.6495
    endloop
  endfacet
  facet normal 0 1 0
    outer loop
      vertex 35.7623 24.8 7.77691
      vertex 46.8 24.8 0
      vertex 35.7614 24.8 7.7765
    endloop
  endfacet
  facet normal 0 1 0
    outer loop
      vertex 36.1257 24.8 7.94101
      vertex 46.8 24.8 0
      vertex 36.1248 24.8 7.94051
    endloop
  endfacet
  facet normal 0 1 0
    outer loop
      vertex 36.7932 24.8 8.37209
      vertex 46.8 24.8 0
      vertex 36.4702 24.8 8.1399
    endloop
  endfacet
  facet normal 0 1 0
    outer loop
      vertex 36.7947 24.8 8.37333
      vertex 46.8 24.8 0
      vertex 36.794 24.8 8.37267
    endloop
  endfacet
  facet normal 0 1 0
    outer loop
      vertex 37.0936 24.8 8.63726
      vertex 46.8 24.8 0
      vertex 37.0929 24.8 8.63653
    endloop
  endfacet
  facet normal 0 1 0
    outer loop
      vertex 37.3642 24.8 8.92885
      vertex 46.8 24.8 0
      vertex 37.0936 24.8 8.63726
    endloop
  endfacet
  facet normal 0 1 0
    outer loop
      vertex 37.6044 24.8 9.24593
      vertex 46.8 24.8 0
      vertex 37.3642 24.8 8.92885
    endloop
  endfacet
  facet normal 0 1 0
    outer loop
      vertex 37.8124 24.8 9.58614
      vertex 46.8 24.8 0
      vertex 37.605 24.8 9.24672
    endloop
  endfacet
  facet normal 0 1 0
    outer loop
      vertex 37.8133 24.8 9.58788
      vertex 46.8 24.8 0
      vertex 37.8129 24.8 9.58698
    endloop
  endfacet
  facet normal 0 1 -0
    outer loop
      vertex 33.8036 24.8 15.469
      vertex 24.8 24.8 24.8
      vertex 34.2003 24.8 15.4988
    endloop
  endfacet
  facet normal 0 1 -0
    outer loop
      vertex 33.8026 24.8 15.469
      vertex 24.8 24.8 24.8
      vertex 33.8036 24.8 15.469
    endloop
  endfacet
  facet normal 0 1 -0
    outer loop
      vertex 33.8016 24.8 15.4688
      vertex 24.8 24.8 24.8
      vertex 33.8026 24.8 15.469
    endloop
  endfacet
  facet normal 0 1 -0
    outer loop
      vertex 33.4099 24.8 15.3997
      vertex 24.8 24.8 24.8
      vertex 33.8016 24.8 15.4688
    endloop
  endfacet
  facet normal 0 1 -0
    outer loop
      vertex 33.027 24.8 15.292
      vertex 24.8 24.8 24.8
      vertex 33.4099 24.8 15.3997
    endloop
  endfacet
  facet normal 0 1 -0
    outer loop
      vertex 33.0261 24.8 15.2917
      vertex 24.8 24.8 24.8
      vertex 33.027 24.8 15.292
    endloop
  endfacet
  facet normal 0 1 -0
    outer loop
      vertex 33.0251 24.8 15.2913
      vertex 24.8 24.8 24.8
      vertex 33.0261 24.8 15.2917
    endloop
  endfacet
  facet normal 0 1 -0
    outer loop
      vertex 32.6549 24.8 15.146
      vertex 24.8 24.8 24.8
      vertex 33.0251 24.8 15.2913
    endloop
  endfacet
  facet normal 0 1 -0
    outer loop
      vertex 32.3009 24.8 14.9646
      vertex 24.8 24.8 24.8
      vertex 32.6549 24.8 15.146
    endloop
  endfacet
  facet normal 0 1 -0
    outer loop
      vertex 32.3 24.8 14.9641
      vertex 24.8 24.8 24.8
      vertex 32.3009 24.8 14.9646
    endloop
  endfacet
  facet normal 0 1 -0
    outer loop
      vertex 32.2992 24.8 14.9636
      vertex 24.8 24.8 24.8
      vertex 32.3 24.8 14.9641
    endloop
  endfacet
  facet normal 0 1 -0
    outer loop
      vertex 31.965 24.8 14.7478
      vertex 24.8 24.8 24.8
      vertex 32.2992 24.8 14.9636
    endloop
  endfacet
  facet normal 0 1 -0
    outer loop
      vertex 31.654 24.8 14.4997
      vertex 24.8 24.8 24.8
      vertex 31.965 24.8 14.7478
    endloop
  endfacet
  facet normal 0 1 -0
    outer loop
      vertex 31.6533 24.8 14.4991
      vertex 24.8 24.8 24.8
      vertex 31.654 24.8 14.4997
    endloop
  endfacet
  facet normal 0 1 -0
    outer loop
      vertex 31.6525 24.8 14.4984
      vertex 24.8 24.8 24.8
      vertex 31.6533 24.8 14.4991
    endloop
  endfacet
  facet normal 0 1 -0
    outer loop
      vertex 31.3678 24.8 14.2207
      vertex 24.8 24.8 24.8
      vertex 31.6525 24.8 14.4984
    endloop
  endfacet
  facet normal 0 1 -0
    outer loop
      vertex 31.3672 24.8 14.2199
      vertex 24.8 24.8 24.8
      vertex 31.3678 24.8 14.2207
    endloop
  endfacet
  facet normal 0 1 -0
    outer loop
      vertex 31.1115 24.8 13.9152
      vertex 24.8 24.8 24.8
      vertex 31.3672 24.8 14.2199
    endloop
  endfacet
  facet normal 0 1 -0
    outer loop
      vertex 30.8874 24.8 13.5866
      vertex 24.8 24.8 24.8
      vertex 31.1115 24.8 13.9152
    endloop
  endfacet
  facet normal 0 1 -0
    outer loop
      vertex 30.8868 24.8 13.5857
      vertex 24.8 24.8 24.8
      vertex 30.8874 24.8 13.5866
    endloop
  endfacet
  facet normal 0 1 -0
    outer loop
      vertex 30.8864 24.8 13.5849
      vertex 24.8 24.8 24.8
      vertex 30.8868 24.8 13.5857
    endloop
  endfacet
  facet normal 0 1 -0
    outer loop
      vertex 30.6961 24.8 13.2355
      vertex 24.8 24.8 24.8
      vertex 30.8864 24.8 13.5849
    endloop
  endfacet
  facet normal 0 1 -0
    outer loop
      vertex 30.5416 24.8 12.869
      vertex 24.8 24.8 24.8
      vertex 30.6961 24.8 13.2355
    endloop
  endfacet
  facet normal 0 1 -0
    outer loop
      vertex 30.5412 24.8 12.8681
      vertex 24.8 24.8 24.8
      vertex 30.5416 24.8 12.869
    endloop
  endfacet
  facet normal 0 1 -0
    outer loop
      vertex 30.424 24.8 12.488
      vertex 24.8 24.8 24.8
      vertex 30.5412 24.8 12.8681
    endloop
  endfacet
  facet normal 0 1 -0
    outer loop
      vertex 30.4237 24.8 12.487
      vertex 24.8 24.8 24.8
      vertex 30.424 24.8 12.488
    endloop
  endfacet
  facet normal 0 1 -0
    outer loop
      vertex 30.4235 24.8 12.4861
      vertex 24.8 24.8 24.8
      vertex 30.4237 24.8 12.487
    endloop
  endfacet
  facet normal 0 1 -0
    outer loop
      vertex 30.3447 24.8 12.0962
      vertex 24.8 24.8 24.8
      vertex 30.4235 24.8 12.4861
    endloop
  endfacet
  facet normal 0 1 -0
    outer loop
      vertex 30.3446 24.8 12.0952
      vertex 24.8 24.8 24.8
      vertex 30.3447 24.8 12.0962
    endloop
  endfacet
  facet normal 0 1 -0
    outer loop
      vertex 30.305 24.8 11.6994
      vertex 24.8 24.8 24.8
      vertex 30.3446 24.8 12.0952
    endloop
  endfacet
  facet normal 0 1 0
    outer loop
      vertex 24.8 24.8 0
      vertex 30.305 24.8 11.6994
      vertex 30.305 24.8 11.3006
    endloop
  endfacet
  facet normal 0 1 0
    outer loop
      vertex 24.8 24.8 0
      vertex 30.305 24.8 11.3006
      vertex 30.3446 24.8 10.9048
    endloop
  endfacet
  facet normal 0 1 0
    outer loop
      vertex 24.8 24.8 0
      vertex 30.3446 24.8 10.9048
      vertex 30.3447 24.8 10.9038
    endloop
  endfacet
  facet normal 0 1 0
    outer loop
      vertex 24.8 24.8 0
      vertex 30.3447 24.8 10.9038
      vertex 30.4235 24.8 10.5139
    endloop
  endfacet
  facet normal 0 1 0
    outer loop
      vertex 24.8 24.8 0
      vertex 30.4235 24.8 10.5139
      vertex 30.4237 24.8 10.513
    endloop
  endfacet
  facet normal 0 1 0
    outer loop
      vertex 24.8 24.8 0
      vertex 30.4237 24.8 10.513
      vertex 30.424 24.8 10.512
    endloop
  endfacet
  facet normal 0 1 0
    outer loop
      vertex 24.8 24.8 0
      vertex 30.424 24.8 10.512
      vertex 30.5412 24.8 10.1319
    endloop
  endfacet
  facet normal 0 1 0
    outer loop
      vertex 24.8 24.8 0
      vertex 30.5416 24.8 10.131
      vertex 30.6961 24.8 9.76447
    endloop
  endfacet
  facet normal 0 1 0
    outer loop
      vertex 24.8 24.8 0
      vertex 31.3672 24.8 8.78007
      vertex 31.3678 24.8 8.77931
    endloop
  endfacet
  facet normal 0 1 0
    outer loop
      vertex 24.8 24.8 0
      vertex 31.6525 24.8 8.50157
      vertex 31.6533 24.8 8.50087
    endloop
  endfacet
  facet normal 0 1 0
    outer loop
      vertex 24.8 24.8 0
      vertex 31.654 24.8 8.50026
      vertex 31.965 24.8 8.25225
    endloop
  endfacet
  facet normal 0 1 0
    outer loop
      vertex 24.8 24.8 0
      vertex 32.2992 24.8 8.03644
      vertex 32.3 24.8 8.0359
    endloop
  endfacet
  facet normal 0 1 0
    outer loop
      vertex 24.8 24.8 0
      vertex 33.0251 24.8 7.70865
      vertex 33.0261 24.8 7.70829
    endloop
  endfacet
  facet normal 0 1 0
    outer loop
      vertex 24.8 24.8 0
      vertex 33.8036 24.8 7.53097
      vertex 34.2003 24.8 7.50124
    endloop
  endfacet
  facet normal 0 1 0
    outer loop
      vertex 34.5979 24.8 7.51116
      vertex 24.8 24.8 0
      vertex 34.2003 24.8 7.50124
    endloop
  endfacet
  facet normal 0 1 0
    outer loop
      vertex 33.8036 24.8 7.53097
      vertex 24.8 24.8 0
      vertex 33.8026 24.8 7.53104
    endloop
  endfacet
  facet normal 0 1 0
    outer loop
      vertex 33.8026 24.8 7.53104
      vertex 24.8 24.8 0
      vertex 33.8016 24.8 7.53121
    endloop
  endfacet
  facet normal 0 1 0
    outer loop
      vertex 33.8016 24.8 7.53121
      vertex 24.8 24.8 0
      vertex 33.4099 24.8 7.60029
    endloop
  endfacet
  facet normal 0 1 0
    outer loop
      vertex 33.4099 24.8 7.60029
      vertex 24.8 24.8 0
      vertex 33.027 24.8 7.70802
    endloop
  endfacet
  facet normal 0 1 0
    outer loop
      vertex 33.027 24.8 7.70802
      vertex 24.8 24.8 0
      vertex 33.0261 24.8 7.70829
    endloop
  endfacet
  facet normal 0 1 0
    outer loop
      vertex 33.0251 24.8 7.70865
      vertex 24.8 24.8 0
      vertex 32.6549 24.8 7.85398
    endloop
  endfacet
  facet normal 0 1 0
    outer loop
      vertex 32.6549 24.8 7.85398
      vertex 24.8 24.8 0
      vertex 32.3009 24.8 8.03545
    endloop
  endfacet
  facet normal 0 1 0
    outer loop
      vertex 30.305 24.8 11.6994
      vertex 24.8 24.8 0
      vertex 24.8 24.8 24.8
    endloop
  endfacet
  facet normal 0 1 0
    outer loop
      vertex 30.5416 24.8 10.131
      vertex 24.8 24.8 0
      vertex 30.5412 24.8 10.1319
    endloop
  endfacet
  facet normal 0 1 0
    outer loop
      vertex 30.8864 24.8 9.41513
      vertex 24.8 24.8 0
      vertex 30.6961 24.8 9.76447
    endloop
  endfacet
  facet normal 0 1 0
    outer loop
      vertex 30.8868 24.8 9.41426
      vertex 24.8 24.8 0
      vertex 30.8864 24.8 9.41513
    endloop
  endfacet
  facet normal 0 1 0
    outer loop
      vertex 30.8874 24.8 9.41344
      vertex 24.8 24.8 0
      vertex 30.8868 24.8 9.41426
    endloop
  endfacet
  facet normal 0 1 0
    outer loop
      vertex 31.1115 24.8 9.08478
      vertex 24.8 24.8 0
      vertex 30.8874 24.8 9.41344
    endloop
  endfacet
  facet normal 0 1 0
    outer loop
      vertex 31.3672 24.8 8.78007
      vertex 24.8 24.8 0
      vertex 31.1115 24.8 9.08478
    endloop
  endfacet
  facet normal 0 1 0
    outer loop
      vertex 31.6525 24.8 8.50157
      vertex 24.8 24.8 0
      vertex 31.3678 24.8 8.77931
    endloop
  endfacet
  facet normal 0 1 0
    outer loop
      vertex 31.654 24.8 8.50026
      vertex 24.8 24.8 0
      vertex 31.6533 24.8 8.50087
    endloop
  endfacet
  facet normal 0 1 0
    outer loop
      vertex 32.2992 24.8 8.03644
      vertex 24.8 24.8 0
      vertex 31.965 24.8 8.25225
    endloop
  endfacet
  facet normal 0 1 0
    outer loop
      vertex 32.3009 24.8 8.03545
      vertex 24.8 24.8 0
      vertex 32.3 24.8 8.0359
    endloop
  endfacet
  facet normal 0 -1 0
    outer loop
      vertex 0 0 46.8
      vertex 24.8 0 24.8
      vertex 24.8 0 46.8
    endloop
  endfacet
  facet normal 0 -1 0
    outer loop
      vertex 0 0 0
      vertex 24.8 0 24.8
      vertex 0 0 46.8
    endloop
  endfacet
  facet normal 0 -1 0
    outer loop
      vertex 46.8 0 0
      vertex 24.8 0 24.8
      vertex 0 0 0
    endloop
  endfacet
  facet normal 0 -1 0
    outer loop
      vertex 24.8 0 24.8
      vertex 46.8 0 0
      vertex 46.8 0 24.8
    endloop
  endfacet
  facet normal 1 0 0
    outer loop
      vertex 46.8 24.8 24.8
      vertex 46.8 21.8 21.8
      vertex 46.8 24.8 0
    endloop
  endfacet
  facet normal 1 -0 0
    outer loop
      vertex 46.8 0 24.8
      vertex 46.8 21.8 21.8
      vertex 46.8 24.8 24.8
    endloop
  endfacet
  facet normal 1 0 0
    outer loop
      vertex 46.8 0 0
      vertex 46.8 1.2 21.8
      vertex 46.8 0 24.8
    endloop
  endfacet
  facet normal 1 0 0
    outer loop
      vertex 46.8 21.8 21.8
      vertex 46.8 0 24.8
      vertex 46.8 1.2 21.8
    endloop
  endfacet
  facet normal 1 -0 0
    outer loop
      vertex 46.8 21.8 1.2
      vertex 46.8 24.8 0
      vertex 46.8 21.8 21.8
    endloop
  endfacet
  facet normal 1 0 0
    outer loop
      vertex 46.8 0 0
      vertex 46.8 21.8 1.2
      vertex 46.8 1.2 1.2
    endloop
  endfacet
  facet normal 1 0 0
    outer loop
      vertex 46.8 21.8 1.2
      vertex 46.8 0 0
      vertex 46.8 24.8 0
    endloop
  endfacet
  facet normal 1 0 0
    outer loop
      vertex 46.8 1.2 21.8
      vertex 46.8 0 0
      vertex 46.8 1.2 1.2
    endloop
  endfacet
  facet normal -0 0 1
    outer loop
      vertex 24.8 24.8 24.8
      vertex 46.8 0 24.8
      vertex 46.8 24.8 24.8
    endloop
  endfacet
  facet normal 0 0 1
    outer loop
      vertex 46.8 0 24.8
      vertex 24.8 24.8 24.8
      vertex 24.8 0 24.8
    endloop
  endfacet
  facet normal 1 0 0
    outer loop
      vertex 24.8 46.8 24.8
      vertex 24.8 38.2988 11.5997
      vertex 24.8 46.8 0
    endloop
  endfacet
  facet normal 1 0 0
    outer loop
      vertex 24.8 46.8 24.8
      vertex 24.8 38.2987 11.6007
      vertex 24.8 38.2988 11.5997
    endloop
  endfacet
  facet normal 1 0 0
    outer loop
      vertex 24.8 46.8 24.8
      vertex 24.8 38.269 11.9974
      vertex 24.8 38.2987 11.6007
    endloop
  endfacet
  facet normal 1 0 0
    outer loop
      vertex 24.8 46.8 24.8
      vertex 24.8 38.1999 12.3891
      vertex 24.8 38.269 11.9974
    endloop
  endfacet
  facet normal 1 0 0
    outer loop
      vertex 24.8 46.8 24.8
      vertex 24.8 38.1997 12.3901
      vertex 24.8 38.1999 12.3891
    endloop
  endfacet
  facet normal 1 0 0
    outer loop
      vertex 24.8 46.8 24.8
      vertex 24.8 38.1994 12.391
      vertex 24.8 38.1997 12.3901
    endloop
  endfacet
  facet normal 1 0 0
    outer loop
      vertex 24.8 46.8 24.8
      vertex 24.8 38.0917 12.7739
      vertex 24.8 38.1994 12.391
    endloop
  endfacet
  facet normal 1 0 0
    outer loop
      vertex 24.8 46.8 24.8
      vertex 24.8 38.0913 12.7749
      vertex 24.8 38.0917 12.7739
    endloop
  endfacet
  facet normal 1 0 0
    outer loop
      vertex 24.8 46.8 24.8
      vertex 24.8 37.946 13.1451
      vertex 24.8 38.0913 12.7749
    endloop
  endfacet
  facet normal 1 0 0
    outer loop
      vertex 24.8 46.8 24.8
      vertex 24.8 37.7646 13.4991
      vertex 24.8 37.946 13.1451
    endloop
  endfacet
  facet normal 1 0 0
    outer loop
      vertex 24.8 46.8 24.8
      vertex 24.8 37.7641 13.5
      vertex 24.8 37.7646 13.4991
    endloop
  endfacet
  facet normal 1 0 0
    outer loop
      vertex 24.8 46.8 24.8
      vertex 24.8 37.7636 13.5008
      vertex 24.8 37.7641 13.5
    endloop
  endfacet
  facet normal 1 0 0
    outer loop
      vertex 24.8 46.8 24.8
      vertex 24.8 37.5478 13.835
      vertex 24.8 37.7636 13.5008
    endloop
  endfacet
  facet normal 1 0 0
    outer loop
      vertex 24.8 46.8 24.8
      vertex 24.8 37.2997 14.146
      vertex 24.8 37.5478 13.835
    endloop
  endfacet
  facet normal 1 0 0
    outer loop
      vertex 24.8 46.8 24.8
      vertex 24.8 37.2991 14.1467
      vertex 24.8 37.2997 14.146
    endloop
  endfacet
  facet normal 1 0 0
    outer loop
      vertex 24.8 46.8 24.8
      vertex 24.8 37.2984 14.1475
      vertex 24.8 37.2991 14.1467
    endloop
  endfacet
  facet normal 1 0 0
    outer loop
      vertex 24.8 46.8 24.8
      vertex 24.8 37.0207 14.4322
      vertex 24.8 37.2984 14.1475
    endloop
  endfacet
  facet normal 1 0 0
    outer loop
      vertex 24.8 46.8 24.8
      vertex 24.8 37.0199 14.4328
      vertex 24.8 37.0207 14.4322
    endloop
  endfacet
  facet normal 1 0 0
    outer loop
      vertex 24.8 46.8 24.8
      vertex 24.8 36.7152 14.6885
      vertex 24.8 37.0199 14.4328
    endloop
  endfacet
  facet normal 1 0 0
    outer loop
      vertex 24.8 46.8 24.8
      vertex 24.8 36.3866 14.9126
      vertex 24.8 36.7152 14.6885
    endloop
  endfacet
  facet normal 1 0 0
    outer loop
      vertex 24.8 46.8 24.8
      vertex 24.8 36.3857 14.9132
      vertex 24.8 36.3866 14.9126
    endloop
  endfacet
  facet normal 1 0 0
    outer loop
      vertex 24.8 46.8 24.8
      vertex 24.8 36.0364 15.1034
      vertex 24.8 36.3857 14.9132
    endloop
  endfacet
  facet normal 1 0 0
    outer loop
      vertex 24.8 46.8 24.8
      vertex 24.8 36.0355 15.1039
      vertex 24.8 36.0364 15.1034
    endloop
  endfacet
  facet normal 1 0 0
    outer loop
      vertex 24.8 46.8 24.8
      vertex 24.8 36.0346 15.1043
      vertex 24.8 36.0355 15.1039
    endloop
  endfacet
  facet normal 1 0 0
    outer loop
      vertex 24.8 46.8 24.8
      vertex 24.8 35.6681 15.2588
      vertex 24.8 36.0346 15.1043
    endloop
  endfacet
  facet normal 1 0 0
    outer loop
      vertex 24.8 46.8 24.8
      vertex 24.8 35.288 15.376
      vertex 24.8 35.6681 15.2588
    endloop
  endfacet
  facet normal 1 0 0
    outer loop
      vertex 24.8 46.8 24.8
      vertex 24.8 35.287 15.3763
      vertex 24.8 35.288 15.376
    endloop
  endfacet
  facet normal 1 0 0
    outer loop
      vertex 24.8 46.8 24.8
      vertex 24.8 35.2861 15.3765
      vertex 24.8 35.287 15.3763
    endloop
  endfacet
  facet normal 1 0 0
    outer loop
      vertex 24.8 46.8 24.8
      vertex 24.8 34.8962 15.4553
      vertex 24.8 35.2861 15.3765
    endloop
  endfacet
  facet normal 1 0 0
    outer loop
      vertex 24.8 46.8 24.8
      vertex 24.8 34.8952 15.4554
      vertex 24.8 34.8962 15.4553
    endloop
  endfacet
  facet normal 1 0 0
    outer loop
      vertex 24.8 46.8 24.8
      vertex 24.8 34.4994 15.495
      vertex 24.8 34.8952 15.4554
    endloop
  endfacet
  facet normal 1 -0 0
    outer loop
      vertex 24.8 24.8 24.8
      vertex 24.8 34.4994 15.495
      vertex 24.8 46.8 24.8
    endloop
  endfacet
  facet normal 1 0 0
    outer loop
      vertex 24.8 34.4994 15.495
      vertex 24.8 24.8 24.8
      vertex 24.8 34.1006 15.495
    endloop
  endfacet
  facet normal 1 0 0
    outer loop
      vertex 24.8 34.1006 15.495
      vertex 24.8 24.8 24.8
      vertex 24.8 33.7048 15.4554
    endloop
  endfacet
  facet normal 1 0 0
    outer loop
      vertex 24.8 33.7048 15.4554
      vertex 24.8 24.8 24.8
      vertex 24.8 33.7038 15.4553
    endloop
  endfacet
  facet normal 1 0 0
    outer loop
      vertex 24.8 33.7038 15.4553
      vertex 24.8 24.8 24.8
      vertex 24.8 33.3139 15.3765
    endloop
  endfacet
  facet normal 1 0 0
    outer loop
      vertex 24.8 33.3139 15.3765
      vertex 24.8 24.8 24.8
      vertex 24.8 33.313 15.3763
    endloop
  endfacet
  facet normal 1 0 0
    outer loop
      vertex 24.8 33.313 15.3763
      vertex 24.8 24.8 24.8
      vertex 24.8 33.312 15.376
    endloop
  endfacet
  facet normal 1 0 0
    outer loop
      vertex 24.8 33.312 15.376
      vertex 24.8 24.8 24.8
      vertex 24.8 32.9319 15.2588
    endloop
  endfacet
  facet normal 1 0 0
    outer loop
      vertex 24.8 32.9319 15.2588
      vertex 24.8 24.8 24.8
      vertex 24.8 32.5654 15.1043
    endloop
  endfacet
  facet normal 1 0 0
    outer loop
      vertex 24.8 32.5654 15.1043
      vertex 24.8 24.8 24.8
      vertex 24.8 32.5645 15.1039
    endloop
  endfacet
  facet normal 1 0 0
    outer loop
      vertex 24.8 32.5645 15.1039
      vertex 24.8 24.8 24.8
      vertex 24.8 32.5636 15.1034
    endloop
  endfacet
  facet normal 1 0 0
    outer loop
      vertex 24.8 24.8 24.8
      vertex 24.8 31.3003 14.146
      vertex 24.8 31.3009 14.1467
    endloop
  endfacet
  facet normal 1 0 0
    outer loop
      vertex 24.8 24.8 24.8
      vertex 24.8 31.0517 13.8341
      vertex 24.8 31.0522 13.835
    endloop
  endfacet
  facet normal 1 0 0
    outer loop
      vertex 24.8 24.8 24.8
      vertex 24.8 30.508 12.773
      vertex 24.8 30.5083 12.7739
    endloop
  endfacet
  facet normal 1 0 0
    outer loop
      vertex 24.8 30.331 11.9964
      vertex 24.8 24.8 24.8
      vertex 24.8 30.3012 11.5997
    endloop
  endfacet
  facet normal 1 0 0
    outer loop
      vertex 24.8 30.331 11.9974
      vertex 24.8 24.8 24.8
      vertex 24.8 30.331 11.9964
    endloop
  endfacet
  facet normal 1 0 0
    outer loop
      vertex 24.8 30.3312 11.9984
      vertex 24.8 24.8 24.8
      vertex 24.8 30.331 11.9974
    endloop
  endfacet
  facet normal 1 0 0
    outer loop
      vertex 24.8 30.4003 12.3901
      vertex 24.8 24.8 24.8
      vertex 24.8 30.3312 11.9984
    endloop
  endfacet
  facet normal 1 0 0
    outer loop
      vertex 24.8 30.508 12.773
      vertex 24.8 24.8 24.8
      vertex 24.8 30.4003 12.3901
    endloop
  endfacet
  facet normal 1 0 0
    outer loop
      vertex 24.8 30.5087 12.7749
      vertex 24.8 24.8 24.8
      vertex 24.8 30.5083 12.7739
    endloop
  endfacet
  facet normal 1 0 0
    outer loop
      vertex 24.8 30.654 13.1451
      vertex 24.8 24.8 24.8
      vertex 24.8 30.5087 12.7749
    endloop
  endfacet
  facet normal 1 0 0
    outer loop
      vertex 24.8 30.6544 13.146
      vertex 24.8 24.8 24.8
      vertex 24.8 30.654 13.1451
    endloop
  endfacet
  facet normal 1 0 0
    outer loop
      vertex 24.8 30.8359 13.5
      vertex 24.8 24.8 24.8
      vertex 24.8 30.6544 13.146
    endloop
  endfacet
  facet normal 1 0 0
    outer loop
      vertex 24.8 31.0517 13.8341
      vertex 24.8 24.8 24.8
      vertex 24.8 30.8359 13.5
    endloop
  endfacet
  facet normal 1 0 0
    outer loop
      vertex 24.8 31.3003 14.146
      vertex 24.8 24.8 24.8
      vertex 24.8 31.0522 13.835
    endloop
  endfacet
  facet normal 1 0 0
    outer loop
      vertex 24.8 31.5786 14.4315
      vertex 24.8 24.8 24.8
      vertex 24.8 31.3009 14.1467
    endloop
  endfacet
  facet normal 1 0 0
    outer loop
      vertex 24.8 31.5793 14.4322
      vertex 24.8 24.8 24.8
      vertex 24.8 31.5786 14.4315
    endloop
  endfacet
  facet normal 1 0 0
    outer loop
      vertex 24.8 31.5801 14.4328
      vertex 24.8 24.8 24.8
      vertex 24.8 31.5793 14.4322
    endloop
  endfacet
  facet normal 1 0 0
    outer loop
      vertex 24.8 31.8848 14.6885
      vertex 24.8 24.8 24.8
      vertex 24.8 31.5801 14.4328
    endloop
  endfacet
  facet normal 1 0 0
    outer loop
      vertex 24.8 32.2134 14.9126
      vertex 24.8 24.8 24.8
      vertex 24.8 31.8848 14.6885
    endloop
  endfacet
  facet normal 1 0 0
    outer loop
      vertex 24.8 32.2143 14.9132
      vertex 24.8 24.8 24.8
      vertex 24.8 32.2134 14.9126
    endloop
  endfacet
  facet normal 1 0 0
    outer loop
      vertex 24.8 32.5636 15.1034
      vertex 24.8 24.8 24.8
      vertex 24.8 32.2143 14.9132
    endloop
  endfacet
  facet normal 1 -0 0
    outer loop
      vertex 24.8 38.2888 11.2021
      vertex 24.8 46.8 0
      vertex 24.8 38.2988 11.5997
    endloop
  endfacet
  facet normal 1 -0 0
    outer loop
      vertex 24.8 38.2888 11.2011
      vertex 24.8 46.8 0
      vertex 24.8 38.2888 11.2021
    endloop
  endfacet
  facet normal 1 -0 0
    outer loop
      vertex 24.8 38.2887 11.2001
      vertex 24.8 46.8 0
      vertex 24.8 38.2888 11.2011
    endloop
  endfacet
  facet normal 1 -0 0
    outer loop
      vertex 24.8 38.2392 10.8054
      vertex 24.8 46.8 0
      vertex 24.8 38.2887 11.2001
    endloop
  endfacet
  facet normal 1 -0 0
    outer loop
      vertex 24.8 38.239 10.8044
      vertex 24.8 46.8 0
      vertex 24.8 38.2392 10.8054
    endloop
  endfacet
  facet normal 1 -0 0
    outer loop
      vertex 24.8 38.1505 10.4166
      vertex 24.8 46.8 0
      vertex 24.8 38.239 10.8044
    endloop
  endfacet
  facet normal 1 -0 0
    outer loop
      vertex 24.8 38.0238 10.0396
      vertex 24.8 46.8 0
      vertex 24.8 38.1505 10.4166
    endloop
  endfacet
  facet normal 1 -0 0
    outer loop
      vertex 24.8 38.0235 10.0386
      vertex 24.8 46.8 0
      vertex 24.8 38.0238 10.0396
    endloop
  endfacet
  facet normal 1 -0 0
    outer loop
      vertex 24.8 38.0231 10.0377
      vertex 24.8 46.8 0
      vertex 24.8 38.0235 10.0386
    endloop
  endfacet
  facet normal 1 -0 0
    outer loop
      vertex 24.8 37.8595 9.67516
      vertex 24.8 46.8 0
      vertex 24.8 38.0231 10.0377
    endloop
  endfacet
  facet normal 1 -0 0
    outer loop
      vertex 24.8 37.6606 9.33067
      vertex 24.8 46.8 0
      vertex 24.8 37.8595 9.67516
    endloop
  endfacet
  facet normal 1 -0 0
    outer loop
      vertex 24.8 37.6601 9.32981
      vertex 24.8 46.8 0
      vertex 24.8 37.6606 9.33067
    endloop
  endfacet
  facet normal 1 -0 0
    outer loop
      vertex 24.8 37.6595 9.32901
      vertex 24.8 46.8 0
      vertex 24.8 37.6601 9.32981
    endloop
  endfacet
  facet normal 1 -0 0
    outer loop
      vertex 24.8 37.4273 9.00604
      vertex 24.8 46.8 0
      vertex 24.8 37.6595 9.32901
    endloop
  endfacet
  facet normal 1 -0 0
    outer loop
      vertex 24.8 37.1641 8.7078
      vertex 24.8 46.8 0
      vertex 24.8 37.4273 9.00604
    endloop
  endfacet
  facet normal 1 -0 0
    outer loop
      vertex 24.8 37.1635 8.70705
      vertex 24.8 46.8 0
      vertex 24.8 37.1641 8.7078
    endloop
  endfacet
  facet normal 1 -0 0
    outer loop
      vertex 24.8 37.1627 8.70638
      vertex 24.8 46.8 0
      vertex 24.8 37.1635 8.70705
    endloop
  endfacet
  facet normal 1 -0 0
    outer loop
      vertex 24.8 36.8712 8.43582
      vertex 24.8 46.8 0
      vertex 24.8 37.1627 8.70638
    endloop
  endfacet
  facet normal 1 -0 0
    outer loop
      vertex 24.8 36.5541 8.19564
      vertex 24.8 46.8 0
      vertex 24.8 36.8712 8.43582
    endloop
  endfacet
  facet normal 1 -0 0
    outer loop
      vertex 24.8 36.5533 8.19504
      vertex 24.8 46.8 0
      vertex 24.8 36.5541 8.19564
    endloop
  endfacet
  facet normal 1 -0 0
    outer loop
      vertex 24.8 36.5524 8.19453
      vertex 24.8 46.8 0
      vertex 24.8 36.5533 8.19504
    endloop
  endfacet
  facet normal 1 -0 0
    outer loop
      vertex 24.8 36.213 7.98711
      vertex 24.8 46.8 0
      vertex 24.8 36.5524 8.19453
    endloop
  endfacet
  facet normal 1 -0 0
    outer loop
      vertex 24.8 35.8546 7.81453
      vertex 24.8 46.8 0
      vertex 24.8 36.213 7.98711
    endloop
  endfacet
  facet normal 1 -0 0
    outer loop
      vertex 24.8 35.8537 7.8141
      vertex 24.8 46.8 0
      vertex 24.8 35.8546 7.81453
    endloop
  endfacet
  facet normal 1 -0 0
    outer loop
      vertex 24.8 35.8528 7.81376
      vertex 24.8 46.8 0
      vertex 24.8 35.8537 7.8141
    endloop
  endfacet
  facet normal 1 -0 0
    outer loop
      vertex 24.8 35.479 7.67771
      vertex 24.8 46.8 0
      vertex 24.8 35.8528 7.81376
    endloop
  endfacet
  facet normal 1 -0 0
    outer loop
      vertex 24.8 35.0935 7.57955
      vertex 24.8 46.8 0
      vertex 24.8 35.479 7.67771
    endloop
  endfacet
  facet normal 1 -0 0
    outer loop
      vertex 24.8 35.0926 7.57931
      vertex 24.8 46.8 0
      vertex 24.8 35.0935 7.57955
    endloop
  endfacet
  facet normal 1 -0 0
    outer loop
      vertex 24.8 34.6993 7.52002
      vertex 24.8 46.8 0
      vertex 24.8 35.0926 7.57931
    endloop
  endfacet
  facet normal 1 -0 0
    outer loop
      vertex 24.8 34.6983 7.51988
      vertex 24.8 46.8 0
      vertex 24.8 34.6993 7.52002
    endloop
  endfacet
  facet normal 1 0 0
    outer loop
      vertex 24.8 24.8 0
      vertex 24.8 34.6983 7.51988
      vertex 24.8 34.6973 7.51983
    endloop
  endfacet
  facet normal 1 0 0
    outer loop
      vertex 24.8 24.8 0
      vertex 24.8 34.6973 7.51983
      vertex 24.8 34.3 7.5
    endloop
  endfacet
  facet normal 1 0 0
    outer loop
      vertex 24.8 24.8 0
      vertex 24.8 34.3 7.5
      vertex 24.8 33.9027 7.51983
    endloop
  endfacet
  facet normal 1 0 0
    outer loop
      vertex 24.8 24.8 0
      vertex 24.8 33.9027 7.51983
      vertex 24.8 33.9017 7.51988
    endloop
  endfacet
  facet normal 1 0 0
    outer loop
      vertex 24.8 24.8 0
      vertex 24.8 33.9017 7.51988
      vertex 24.8 33.5084 7.57916
    endloop
  endfacet
  facet normal 1 0 0
    outer loop
      vertex 24.8 24.8 0
      vertex 24.8 33.5084 7.57916
      vertex 24.8 33.5074 7.57931
    endloop
  endfacet
  facet normal 1 0 0
    outer loop
      vertex 24.8 24.8 0
      vertex 24.8 33.5074 7.57931
      vertex 24.8 33.5065 7.57955
    endloop
  endfacet
  facet normal 1 0 0
    outer loop
      vertex 24.8 24.8 0
      vertex 24.8 33.5065 7.57955
      vertex 24.8 33.121 7.67771
    endloop
  endfacet
  facet normal 1 0 0
    outer loop
      vertex 24.8 24.8 0
      vertex 24.8 33.121 7.67771
      vertex 24.8 32.7472 7.81376
    endloop
  endfacet
  facet normal 1 0 0
    outer loop
      vertex 24.8 24.8 0
      vertex 24.8 32.7472 7.81376
      vertex 24.8 32.7463 7.8141
    endloop
  endfacet
  facet normal 1 0 0
    outer loop
      vertex 24.8 24.8 0
      vertex 24.8 32.7463 7.8141
      vertex 24.8 32.3879 7.98668
    endloop
  endfacet
  facet normal 1 0 0
    outer loop
      vertex 24.8 24.8 0
      vertex 24.8 32.3879 7.98668
      vertex 24.8 32.387 7.98711
    endloop
  endfacet
  facet normal 1 0 0
    outer loop
      vertex 24.8 24.8 0
      vertex 24.8 32.0476 8.19453
      vertex 24.8 32.0467 8.19504
    endloop
  endfacet
  facet normal 1 0 0
    outer loop
      vertex 24.8 24.8 0
      vertex 24.8 32.0459 8.19564
      vertex 24.8 31.7288 8.43582
    endloop
  endfacet
  facet normal 1 0 0
    outer loop
      vertex 24.8 24.8 0
      vertex 24.8 30.361 10.8044
      vertex 24.8 30.3608 10.8054
    endloop
  endfacet
  facet normal 1 0 0
    outer loop
      vertex 24.8 24.8 0
      vertex 24.8 30.3013 11.5987
      vertex 24.8 30.3012 11.5997
    endloop
  endfacet
  facet normal 1 0 0
    outer loop
      vertex 24.8 24.8 0
      vertex 24.8 30.3012 11.5997
      vertex 24.8 24.8 24.8
    endloop
  endfacet
  facet normal 1 0 0
    outer loop
      vertex 24.8 30.3013 11.5987
      vertex 24.8 24.8 0
      vertex 24.8 30.3112 11.2011
    endloop
  endfacet
  facet normal 1 0 0
    outer loop
      vertex 24.8 30.3112 11.2011
      vertex 24.8 24.8 0
      vertex 24.8 30.3606 10.8064
    endloop
  endfacet
  facet normal 1 0 0
    outer loop
      vertex 24.8 30.3606 10.8064
      vertex 24.8 24.8 0
      vertex 24.8 30.3608 10.8054
    endloop
  endfacet
  facet normal 1 0 0
    outer loop
      vertex 24.8 30.361 10.8044
      vertex 24.8 24.8 0
      vertex 24.8 30.4495 10.4166
    endloop
  endfacet
  facet normal 1 0 0
    outer loop
      vertex 24.8 30.4495 10.4166
      vertex 24.8 24.8 0
      vertex 24.8 30.5762 10.0396
    endloop
  endfacet
  facet normal 1 0 0
    outer loop
      vertex 24.8 34.6983 7.51988
      vertex 24.8 24.8 0
      vertex 24.8 46.8 0
    endloop
  endfacet
  facet normal 1 0 0
    outer loop
      vertex 24.8 32.0476 8.19453
      vertex 24.8 24.8 0
      vertex 24.8 32.387 7.98711
    endloop
  endfacet
  facet normal 1 0 0
    outer loop
      vertex 24.8 32.0459 8.19564
      vertex 24.8 24.8 0
      vertex 24.8 32.0467 8.19504
    endloop
  endfacet
  facet normal 1 0 0
    outer loop
      vertex 24.8 31.4373 8.70638
      vertex 24.8 24.8 0
      vertex 24.8 31.7288 8.43582
    endloop
  endfacet
  facet normal 1 0 0
    outer loop
      vertex 24.8 31.4365 8.70705
      vertex 24.8 24.8 0
      vertex 24.8 31.4373 8.70638
    endloop
  endfacet
  facet normal 1 0 0
    outer loop
      vertex 24.8 31.1733 9.0053
      vertex 24.8 24.8 0
      vertex 24.8 31.4365 8.70705
    endloop
  endfacet
  facet normal 1 0 0
    outer loop
      vertex 24.8 31.1727 9.00604
      vertex 24.8 24.8 0
      vertex 24.8 31.1733 9.0053
    endloop
  endfacet
  facet normal 1 0 0
    outer loop
      vertex 24.8 31.1721 9.00685
      vertex 24.8 24.8 0
      vertex 24.8 31.1727 9.00604
    endloop
  endfacet
  facet normal 1 0 0
    outer loop
      vertex 24.8 30.9399 9.32981
      vertex 24.8 24.8 0
      vertex 24.8 31.1721 9.00685
    endloop
  endfacet
  facet normal 1 0 0
    outer loop
      vertex 24.8 30.741 9.6743
      vertex 24.8 24.8 0
      vertex 24.8 30.9399 9.32981
    endloop
  endfacet
  facet normal 1 0 0
    outer loop
      vertex 24.8 30.7405 9.67516
      vertex 24.8 24.8 0
      vertex 24.8 30.741 9.6743
    endloop
  endfacet
  facet normal 1 0 0
    outer loop
      vertex 24.8 30.5769 10.0377
      vertex 24.8 24.8 0
      vertex 24.8 30.7405 9.67516
    endloop
  endfacet
  facet normal 1 0 0
    outer loop
      vertex 24.8 30.5765 10.0386
      vertex 24.8 24.8 0
      vertex 24.8 30.5769 10.0377
    endloop
  endfacet
  facet normal 1 0 0
    outer loop
      vertex 24.8 30.5762 10.0396
      vertex 24.8 24.8 0
      vertex 24.8 30.5765 10.0386
    endloop
  endfacet
  facet normal -0 0 1
    outer loop
      vertex 0 46.8 24.8
      vertex 24.8 24.8 24.8
      vertex 24.8 46.8 24.8
    endloop
  endfacet
  facet normal 0 0 1
    outer loop
      vertex 24.8 24.8 24.8
      vertex 0 46.8 24.8
      vertex 0 24.8 24.8
    endloop
  endfacet
  facet normal 0 1 0
    outer loop
      vertex 24.8 46.8 24.8
      vertex 21.8 46.8 21.8
      vertex 0 46.8 24.8
    endloop
  endfacet
  facet normal 0 1 -0
    outer loop
      vertex 24.8 46.8 0
      vertex 21.8 46.8 21.8
      vertex 24.8 46.8 24.8
    endloop
  endfacet
  facet normal 0 1 0
    outer loop
      vertex 0 46.8 0
      vertex 21.8 46.8 1.2
      vertex 24.8 46.8 0
    endloop
  endfacet
  facet normal 0 1 0
    outer loop
      vertex 21.8 46.8 21.8
      vertex 24.8 46.8 0
      vertex 21.8 46.8 1.2
    endloop
  endfacet
  facet normal 0 1 -0
    outer loop
      vertex 1.2 46.8 21.8
      vertex 0 46.8 24.8
      vertex 21.8 46.8 21.8
    endloop
  endfacet
  facet normal 0 1 0
    outer loop
      vertex 0 46.8 0
      vertex 1.2 46.8 21.8
      vertex 1.2 46.8 1.2
    endloop
  endfacet
  facet normal 0 1 0
    outer loop
      vertex 1.2 46.8 21.8
      vertex 0 46.8 0
      vertex 0 46.8 24.8
    endloop
  endfacet
  facet normal 0 1 0
    outer loop
      vertex 21.8 46.8 1.2
      vertex 0 46.8 0
      vertex 1.2 46.8 1.2
    endloop
  endfacet
  facet normal 0.706658 0.140165 -0.693534
    outer loop
      vertex 24.8 10.5139 39.6765
      vertex 23.2922 11.1286 38.2644
      vertex 24.8 10.9038 39.7553
    endloop
  endfacet
  facet normal 0.706667 0.140253 -0.693506
    outer loop
      vertex 23.2922 11.1286 38.2644
      vertex 24.8 10.5139 39.6765
      vertex 23.2326 11.0531 38.1884
    endloop
  endfacet
  facet normal 0.706673 -0.274844 -0.651977
    outer loop
      vertex 23.0104 12.256 37.8771
      vertex 24.8 13.2346 39.4043
      vertex 24.8 12.8681 39.5588
    endloop
  endfacet
  facet normal 0.706665 -0.274766 -0.652018
    outer loop
      vertex 24.8 13.2346 39.4043
      vertex 23.0104 12.256 37.8771
      vertex 22.9942 12.286 37.8469
    endloop
  endfacet
  facet normal 0.706668 -0.0352178 0.706668
    outer loop
      vertex 24.8 11.5 31.8
      vertex 24.8 11.8973 31.8198
      vertex 22.8 11.5 33.8
    endloop
  endfacet
  facet normal 0.707097 -0.0703607 0.703607
    outer loop
      vertex 22.8 11.6991 33.8099
      vertex 24.8 11.8973 31.8198
      vertex 24.8 11.8983 31.8199
    endloop
  endfacet
  facet normal 0.706662 -0.0351387 0.706678
    outer loop
      vertex 24.8 11.8973 31.8198
      vertex 22.8 11.6991 33.8099
      vertex 22.8 11.5 33.8
    endloop
  endfacet
  facet normal 0.706634 0.241352 0.665144
    outer loop
      vertex 24.8 9.94719 32.1138
      vertex 22.8 10.7449 33.9491
      vertex 22.8006 10.7346 33.9522
    endloop
  endfacet
  facet normal 0.751018 0.220579 0.622347
    outer loop
      vertex 22.8 10.7231 33.957
      vertex 22.8006 10.7346 33.9522
      vertex 22.8 10.731 33.9542
    endloop
  endfacet
  facet normal 0.706647 0.241741 0.664989
    outer loop
      vertex 22.8 10.7449 33.9491
      vertex 24.8 9.94719 32.1138
      vertex 22.8 10.9105 33.8889
    endloop
  endfacet
  facet normal 0.706619 0.240842 0.665346
    outer loop
      vertex 22.8 10.7231 33.957
      vertex 24.8 9.94719 32.1138
      vertex 22.8006 10.7346 33.9522
    endloop
  endfacet
  facet normal 0.705759 0.217497 0.67424
    outer loop
      vertex 24.8 9.94719 32.1138
      vertex 22.8 10.7231 33.957
      vertex 24.8 9.94626 32.1141
    endloop
  endfacet
  facet normal 0.702235 0.297403 -0.646852
    outer loop
      vertex 24.8 9.41426 39.2132
      vertex 22.9146 10.5625 37.6943
      vertex 24.8 9.41513 39.2136
    endloop
  endfacet
  facet normal 0.706678 0.338452 -0.621335
    outer loop
      vertex 22.9146 10.5625 37.6943
      vertex 24.8 9.41426 39.2132
      vertex 22.8592 10.4263 37.5571
    endloop
  endfacet
  facet normal 0.706668 0.644909 0.291054
    outer loop
      vertex 24.8 7.77691 34.3377
      vertex 24.8 7.94051 33.9752
      vertex 22.8 9.72026 34.8876
    endloop
  endfacet
  facet normal 0.706735 0.370784 0.602532
    outer loop
      vertex 24.8 9.24757 32.4945
      vertex 22.8 10.4018 34.1301
      vertex 22.8008 10.3889 34.1371
    endloop
  endfacet
  facet normal 0.666022 0.391603 0.634872
    outer loop
      vertex 22.8 10.3734 34.1475
      vertex 22.8008 10.3889 34.1371
      vertex 22.8 10.3841 34.1409
    endloop
  endfacet
  facet normal 0.706653 0.368664 0.603927
    outer loop
      vertex 22.8 10.4018 34.1301
      vertex 24.8 9.24757 32.4945
      vertex 22.8 10.5435 34.0436
    endloop
  endfacet
  facet normal 0.706664 0.368714 0.603884
    outer loop
      vertex 22.8 10.3734 34.1475
      vertex 24.8 9.24757 32.4945
      vertex 22.8008 10.3889 34.1371
    endloop
  endfacet
  facet normal 0.706327 0.358912 0.610151
    outer loop
      vertex 24.8 9.24757 32.4945
      vertex 22.8 10.3734 34.1475
      vertex 24.8 9.24672 32.495
    endloop
  endfacet
  facet normal 0.706671 0.454891 -0.541933
    outer loop
      vertex 24.8 8.78007 38.7328
      vertex 22.8017 10.1385 37.2673
      vertex 22.8196 10.2776 37.4074
    endloop
  endfacet
  facet normal 0.705988 0.438847 -0.555873
    outer loop
      vertex 22.8017 10.1385 37.2673
      vertex 24.8 8.78007 38.7328
      vertex 24.8 8.77931 38.7322
    endloop
  endfacet
  facet normal 0.706666 0.702057 0.087975
    outer loop
      vertex 24.8 7.51131 35.5001
      vertex 24.8 7.56077 35.1054
      vertex 22.8 9.53038 35.4527
    endloop
  endfacet
  facet normal 0.706752 0.483204 0.516736
    outer loop
      vertex 24.8 8.63726 33.0064
      vertex 22.8 10.0996 34.3744
      vertex 22.8011 10.0858 34.3858
    endloop
  endfacet
  facet normal 0.69991 0.485675 0.523685
    outer loop
      vertex 22.8 10.0683 34.4035
      vertex 22.8011 10.0858 34.3858
      vertex 22.8 10.0807 34.392
    endloop
  endfacet
  facet normal 0.706655 0.481216 0.518719
    outer loop
      vertex 22.8 10.0996 34.3744
      vertex 24.8 8.63726 33.0064
      vertex 22.8 10.2144 34.2679
    endloop
  endfacet
  facet normal 0.706646 0.480714 0.519198
    outer loop
      vertex 22.8 10.0683 34.4035
      vertex 24.8 8.63726 33.0064
      vertex 22.8011 10.0858 34.3858
    endloop
  endfacet
  facet normal 0.706904 0.489543 0.510523
    outer loop
      vertex 24.8 8.63726 33.0064
      vertex 22.8 10.0683 34.4035
      vertex 24.8 8.63653 33.0071
    endloop
  endfacet
  facet normal 0.706667 0.670689 0.225384
    outer loop
      vertex 24.8 7.6495 34.7166
      vertex 24.8 7.77619 34.3396
      vertex 22.8 9.57475 35.2583
    endloop
  endfacet
  facet normal 0.707451 0.689046 0.157251
    outer loop
      vertex 22.8017 9.53843 35.4098
      vertex 22.8 9.57475 35.2583
      vertex 22.8 9.54547 35.3866
    endloop
  endfacet
  facet normal 0.712386 0.684094 0.156597
    outer loop
      vertex 22.8 9.53038 35.4527
      vertex 22.8017 9.53843 35.4098
      vertex 22.8 9.53711 35.4233
    endloop
  endfacet
  facet normal 0.706668 0.689807 0.157442
    outer loop
      vertex 22.8017 9.53843 35.4098
      vertex 24.8 7.56099 35.1044
      vertex 22.8 9.57475 35.2583
    endloop
  endfacet
  facet normal 0.706668 0.689806 0.157442
    outer loop
      vertex 22.8 9.53038 35.4527
      vertex 24.8 7.56099 35.1044
      vertex 22.8017 9.53843 35.4098
    endloop
  endfacet
  facet normal 0.706794 0.690898 0.151997
    outer loop
      vertex 24.8 7.56099 35.1044
      vertex 22.8 9.53038 35.4527
      vertex 24.8 7.56077 35.1054
    endloop
  endfacet
  facet normal 0.706617 0.644418 0.292262
    outer loop
      vertex 24.8 7.77691 34.3377
      vertex 22.8 9.66291 35.0147
      vertex 22.8015 9.65224 35.0346
    endloop
  endfacet
  facet normal 0.718209 0.634032 0.286669
    outer loop
      vertex 22.8 9.63825 35.0693
      vertex 22.8015 9.65224 35.0346
      vertex 22.8 9.64883 35.0459
    endloop
  endfacet
  facet normal 0.706672 0.644928 0.291004
    outer loop
      vertex 22.8 9.66291 35.0147
      vertex 24.8 7.77691 34.3377
      vertex 22.8 9.72026 34.8876
    endloop
  endfacet
  facet normal 0.706678 0.64509 0.290629
    outer loop
      vertex 22.8 9.63825 35.0693
      vertex 24.8 7.77691 34.3377
      vertex 22.8015 9.65224 35.0346
    endloop
  endfacet
  facet normal 0.706603 0.64394 0.29335
    outer loop
      vertex 24.8 7.77691 34.3377
      vertex 22.8 9.63825 35.0693
      vertex 24.8 7.7765 34.3386
    endloop
  endfacet
  facet normal 0.706643 0.0704059 -0.704059
    outer loop
      vertex 24.8 11.2996 39.7949
      vertex 23.506 11.3651 38.5027
      vertex 24.8 11.3006 39.795
    endloop
  endfacet
  facet normal 0.706632 0.0708688 -0.704024
    outer loop
      vertex 23.506 11.3651 38.5027
      vertex 24.8 11.2996 39.7949
      vertex 23.3843 11.2305 38.367
    endloop
  endfacet
  facet normal 0.706669 0.530459 0.468223
    outer loop
      vertex 24.8 8.63588 33.0078
      vertex 22.8 10.0683 34.4035
      vertex 22.8 9.93634 34.553
    endloop
  endfacet
  facet normal 0.706996 0.518244 0.481227
    outer loop
      vertex 22.8 10.0683 34.4035
      vertex 24.8 8.63588 33.0078
      vertex 24.8 8.63653 33.0071
    endloop
  endfacet
  facet normal 0.706669 -0.208479 -0.676133
    outer loop
      vertex 23.0347 12.2197 37.9137
      vertex 24.8 12.8681 39.5588
      vertex 24.8 12.488 39.676
    endloop
  endfacet
  facet normal 0.706675 -0.208611 -0.676086
    outer loop
      vertex 24.8 12.8681 39.5588
      vertex 23.0347 12.2197 37.9137
      vertex 23.0104 12.256 37.8771
    endloop
  endfacet
  facet normal 0.705997 0.470499 -0.529338
    outer loop
      vertex 24.8 9.08478 38.9885
      vertex 22.8196 10.2776 37.4074
      vertex 22.8199 10.2803 37.4102
    endloop
  endfacet
  facet normal 0.706663 0.454823 -0.541999
    outer loop
      vertex 22.8196 10.2776 37.4074
      vertex 24.8 9.08478 38.9885
      vertex 24.8 8.78007 38.7328
    endloop
  endfacet
  facet normal 0.707093 -0.670834 -0.223611
    outer loop
      vertex 22.8 13.3959 36.437
      vertex 24.8 15.292 37.073
      vertex 24.8 15.2917 37.0739
    endloop
  endfacet
  facet normal 0.70666 -0.681127 -0.191567
    outer loop
      vertex 24.8 15.292 37.073
      vertex 22.8 13.3959 36.437
      vertex 22.8 13.4499 36.245
    endloop
  endfacet
  facet normal 0.706662 0.0351387 0.706678
    outer loop
      vertex 22.8 11.3009 33.8099
      vertex 24.8 11.1027 31.8198
      vertex 22.8 11.5 33.8
    endloop
  endfacet
  facet normal 0.707097 0.0703607 0.703607
    outer loop
      vertex 24.8 11.1027 31.8198
      vertex 22.8 11.3009 33.8099
      vertex 24.8 11.1017 31.8199
    endloop
  endfacet
  facet normal 0.706668 0.689807 0.157439
    outer loop
      vertex 24.8 7.56099 35.1044
      vertex 24.8 7.6495 34.7166
      vertex 22.8 9.57475 35.2583
    endloop
  endfacet
  facet normal 0.706668 0.338468 -0.621337
    outer loop
      vertex 24.8 9.41513 39.2136
      vertex 22.9215 10.5795 37.7114
      vertex 24.8 9.76447 39.4039
    endloop
  endfacet
  facet normal 0.706651 0.338292 -0.621453
    outer loop
      vertex 22.9215 10.5795 37.7114
      vertex 24.8 9.41513 39.2136
      vertex 22.9146 10.5625 37.6943
    endloop
  endfacet
  facet normal 0.706668 0.0352178 0.706668
    outer loop
      vertex 24.8 11.1027 31.8198
      vertex 24.8 11.5 31.8
      vertex 22.8 11.5 33.8
    endloop
  endfacet
  facet normal 0.706576 0.70591 -0.0494137
    outer loop
      vertex 24.8 7.53097 36.2964
      vertex 22.8 9.51552 36.0487
      vertex 24.8 7.53104 36.2974
    endloop
  endfacet
  facet normal 0.706667 0.705568 -0.0528821
    outer loop
      vertex 22.8 9.51552 36.0487
      vertex 24.8 7.53097 36.2964
      vertex 22.8 9.50062 35.8499
    endloop
  endfacet
  facet normal 0.710313 0.693197 -0.122203
    outer loop
      vertex 22.8 9.55014 36.245
      vertex 22.802 9.53843 36.1902
      vertex 22.8 9.5433 36.2062
    endloop
  endfacet
  facet normal 0.708634 0.694857 -0.122519
    outer loop
      vertex 22.802 9.53843 36.1902
      vertex 22.8 9.51552 36.0487
      vertex 22.8 9.53585 36.164
    endloop
  endfacet
  facet normal 0.706652 0.69677 -0.1231
    outer loop
      vertex 24.8 7.53121 36.2984
      vertex 22.802 9.53843 36.1902
      vertex 22.8 9.55014 36.245
    endloop
  endfacet
  facet normal 0.70667 0.696804 -0.122807
    outer loop
      vertex 24.8 7.53121 36.2984
      vertex 22.8 9.51552 36.0487
      vertex 22.802 9.53843 36.1902
    endloop
  endfacet
  facet normal 0.706769 0.697438 -0.118564
    outer loop
      vertex 22.8 9.51552 36.0487
      vertex 24.8 7.53121 36.2984
      vertex 24.8 7.53104 36.2974
    endloop
  endfacet
  facet normal 0.706471 0.633024 -0.316512
    outer loop
      vertex 24.8 8.03545 37.7991
      vertex 22.8 9.76795 36.8
      vertex 24.8 8.0359 37.8
    endloop
  endfacet
  facet normal 0.706666 0.629609 -0.322825
    outer loop
      vertex 22.8 9.76795 36.8
      vertex 24.8 8.03545 37.7991
      vertex 22.8 9.67699 36.6226
    endloop
  endfacet
  facet normal 0.706673 0.274831 -0.651982
    outer loop
      vertex 24.8 9.76538 39.4043
      vertex 23.0104 10.744 37.8771
      vertex 24.8 10.1319 39.5588
    endloop
  endfacet
  facet normal 0.706667 0.274764 -0.652017
    outer loop
      vertex 23.0104 10.744 37.8771
      vertex 24.8 9.76538 39.4043
      vertex 22.9942 10.714 37.8469
    endloop
  endfacet
  facet normal 0.707078 -0.424281 -0.565708
    outer loop
      vertex 24.8 13.9144 38.9891
      vertex 22.8199 12.7197 37.4102
      vertex 24.8 13.9152 38.9885
    endloop
  endfacet
  facet normal 0.706641 -0.398274 -0.584839
    outer loop
      vertex 22.8199 12.7197 37.4102
      vertex 24.8 13.9144 38.9891
      vertex 22.857 12.582 37.5488
    endloop
  endfacet
  facet normal 0.706667 -0.707322 0.0177898
    outer loop
      vertex 24.8 15.4888 35.5021
      vertex 24.8 15.4988 35.8997
      vertex 22.8 13.4994 35.8499
    endloop
  endfacet
  facet normal 0.706677 0.307001 0.637462
    outer loop
      vertex 24.8 9.58698 32.2871
      vertex 24.8 9.94537 32.1145
      vertex 22.8 10.5435 34.0436
    endloop
  endfacet
  facet normal 0.706664 -0.17461 0.685665
    outer loop
      vertex 22.8 11.8963 33.8397
      vertex 24.8 12.2935 31.8796
      vertex 22.8 12.0895 33.8889
    endloop
  endfacet
  facet normal 0.704462 -0.22444 0.673321
    outer loop
      vertex 24.8 12.2935 31.8796
      vertex 22.8 11.8963 33.8397
      vertex 24.8 12.2926 31.8793
    endloop
  endfacet
  facet normal 0.706669 0.6811 -0.191629
    outer loop
      vertex 24.8 7.70802 37.073
      vertex 24.8 7.60029 36.6901
      vertex 22.8 9.55014 36.245
    endloop
  endfacet
  facet normal 0.706649 -0.0702194 -0.704071
    outer loop
      vertex 24.8 12.0962 39.7553
      vertex 23.3843 11.7695 38.367
      vertex 23.2922 11.8714 38.2644
    endloop
  endfacet
  facet normal 0.706664 -0.070439 -0.704035
    outer loop
      vertex 23.3843 11.7695 38.367
      vertex 24.8 12.0962 39.7553
      vertex 24.8 11.7004 39.7949
    endloop
  endfacet
  facet normal 0.70761 0.153284 -0.689777
    outer loop
      vertex 24.8 10.513 39.6763
      vertex 23.2326 11.0531 38.1884
      vertex 24.8 10.5139 39.6765
    endloop
  endfacet
  facet normal 0.706635 0.13989 -0.693612
    outer loop
      vertex 23.2326 11.0531 38.1884
      vertex 24.8 10.513 39.6763
      vertex 23.1312 10.9247 38.0592
    endloop
  endfacet
  facet normal 0.706673 0.242062 0.664845
    outer loop
      vertex 24.8 9.94719 32.1138
      vertex 24.8 10.321 31.9777
      vertex 22.8 10.9105 33.8889
    endloop
  endfacet
  facet normal 0.706675 -0.670676 0.225397
    outer loop
      vertex 24.8 15.2238 34.3396
      vertex 24.8 15.3505 34.7166
      vertex 22.8 13.4252 35.2583
    endloop
  endfacet
  facet normal 0.706866 -0.50017 -0.50017
    outer loop
      vertex 22.8017 12.8615 37.2673
      vertex 24.8 14.2214 38.7315
      vertex 24.8 14.2207 38.7322
    endloop
  endfacet
  facet normal 0.706675 -0.506375 -0.494161
    outer loop
      vertex 24.8 14.2214 38.7315
      vertex 22.8023 12.9142 37.2142
      vertex 22.8 12.9996 37.1234
    endloop
  endfacet
  facet normal 0.704364 -0.508081 -0.495707
    outer loop
      vertex 22.8 12.9996 37.1234
      vertex 22.8023 12.9142 37.2142
      vertex 22.8 12.9315 37.1932
    endloop
  endfacet
  facet normal 0.706687 -0.506161 -0.494363
    outer loop
      vertex 24.8 14.2214 38.7315
      vertex 22.8017 12.8615 37.2673
      vertex 22.8023 12.9142 37.2142
    endloop
  endfacet
  facet normal 0.706643 -0.0704059 -0.704059
    outer loop
      vertex 23.506 11.6349 38.5027
      vertex 24.8 11.7004 39.7949
      vertex 24.8 11.6994 39.795
    endloop
  endfacet
  facet normal 0.706632 -0.0708688 -0.704024
    outer loop
      vertex 24.8 11.7004 39.7949
      vertex 23.506 11.6349 38.5027
      vertex 23.3843 11.7695 38.367
    endloop
  endfacet
  facet normal 0.707433 0.284409 -0.647031
    outer loop
      vertex 24.8 9.76447 39.4039
      vertex 22.9942 10.714 37.8469
      vertex 24.8 9.76538 39.4043
    endloop
  endfacet
  facet normal 0.706671 0.274853 -0.651975
    outer loop
      vertex 22.9942 10.714 37.8469
      vertex 24.8 9.76447 39.4039
      vertex 22.9215 10.5795 37.7114
    endloop
  endfacet
  facet normal 0.706677 0.368923 0.603742
    outer loop
      vertex 24.8 9.24757 32.4945
      vertex 24.8 9.58698 32.2871
      vertex 22.8 10.5435 34.0436
    endloop
  endfacet
  facet normal 0.706675 0.398599 -0.584576
    outer loop
      vertex 24.8 9.0856 38.9891
      vertex 22.8592 10.4263 37.5571
      vertex 24.8 9.41426 39.2132
    endloop
  endfacet
  facet normal 0.706602 0.397869 -0.585161
    outer loop
      vertex 22.8592 10.4263 37.5571
      vertex 24.8 9.0856 38.9891
      vertex 22.857 10.418 37.5488
    endloop
  endfacet
  facet normal 0.706174 -0.694288 -0.138858
    outer loop
      vertex 24.8 15.4688 36.2984
      vertex 22.8 13.4845 36.0487
      vertex 24.8 15.469 36.2974
    endloop
  endfacet
  facet normal 0.706671 -0.696824 -0.122685
    outer loop
      vertex 24.8 15.4688 36.2984
      vertex 22.8 13.4642 36.164
      vertex 22.8 13.4845 36.0487
    endloop
  endfacet
  facet normal 0.706649 -0.696775 -0.123088
    outer loop
      vertex 24.8 15.4688 36.2984
      vertex 22.802 13.4616 36.1902
      vertex 22.8 13.4642 36.164
    endloop
  endfacet
  facet normal 0.706656 -0.696788 -0.122976
    outer loop
      vertex 22.8 13.4499 36.245
      vertex 22.802 13.4616 36.1902
      vertex 24.8 15.4688 36.2984
    endloop
  endfacet
  facet normal 0.718223 -0.685367 -0.120116
    outer loop
      vertex 22.802 13.4616 36.1902
      vertex 22.8 13.4499 36.245
      vertex 22.8 13.4567 36.2062
    endloop
  endfacet
  facet normal 0.70666 -0.658638 -0.258509
    outer loop
      vertex 24.8 15.2913 37.0749
      vertex 24.8 15.146 37.4451
      vertex 22.8 13.323 36.6226
    endloop
  endfacet
  facet normal 0.706669 0.208479 -0.676133
    outer loop
      vertex 24.8 10.1319 39.5588
      vertex 23.0347 10.7803 37.9137
      vertex 24.8 10.512 39.676
    endloop
  endfacet
  facet normal 0.706675 0.208611 -0.676086
    outer loop
      vertex 23.0347 10.7803 37.9137
      vertex 24.8 10.1319 39.5588
      vertex 23.0104 10.744 37.8771
    endloop
  endfacet
  facet normal 0.70737 0.0953228 0.700387
    outer loop
      vertex 24.8 11.1007 31.82
      vertex 22.8 11.1157 33.8379
      vertex 22.8003 11.1098 33.8384
    endloop
  endfacet
  facet normal 0.647426 0.128264 0.751258
    outer loop
      vertex 22.8 11.1037 33.8397
      vertex 22.8003 11.1098 33.8384
      vertex 22.8 11.1078 33.839
    endloop
  endfacet
  facet normal 0.706659 0.105772 0.699604
    outer loop
      vertex 22.8 11.1157 33.8379
      vertex 24.8 11.1007 31.82
      vertex 22.8 11.3009 33.8099
    endloop
  endfacet
  facet normal 0.705997 0.114234 0.698941
    outer loop
      vertex 24.8 11.1007 31.82
      vertex 22.8003 11.1098 33.8384
      vertex 22.8 11.1037 33.8397
    endloop
  endfacet
  facet normal 0.707097 0.0703607 0.703607
    outer loop
      vertex 22.8 11.3009 33.8099
      vertex 24.8 11.1007 31.82
      vertex 24.8 11.1017 31.8199
    endloop
  endfacet
  facet normal 0.706666 -0.702048 0.088045
    outer loop
      vertex 24.8 15.4392 35.1054
      vertex 24.8 15.4887 35.5001
      vertex 22.8 13.4696 35.4527
    endloop
  endfacet
  facet normal 0.706771 -0.646469 0.28732
    outer loop
      vertex 22.8 13.3617 35.0693
      vertex 24.8 15.2231 34.3377
      vertex 24.8 15.2235 34.3386
    endloop
  endfacet
  facet normal 0.712721 -0.639972 0.287167
    outer loop
      vertex 22.8015 13.3478 35.0346
      vertex 22.8 13.3617 35.0693
      vertex 22.8 13.3512 35.0459
    endloop
  endfacet
  facet normal 0.706725 -0.645683 0.289195
    outer loop
      vertex 22.8 13.3617 35.0693
      vertex 22.8015 13.3478 35.0346
      vertex 24.8 15.2231 34.3377
    endloop
  endfacet
  facet normal 0.706582 -0.644094 0.293062
    outer loop
      vertex 22.8 13.3371 35.0147
      vertex 24.8 15.2231 34.3377
      vertex 22.8015 13.3478 35.0346
    endloop
  endfacet
  facet normal 0.706663 -0.644841 0.291219
    outer loop
      vertex 24.8 15.2231 34.3377
      vertex 22.8 13.3371 35.0147
      vertex 22.8 13.2797 34.8876
    endloop
  endfacet
  facet normal 0.704351 -0.709852 0
    outer loop
      vertex 22.8 13.4845 36.0487
      vertex 24.8 15.469 36.2964
      vertex 24.8 15.469 36.2974
    endloop
  endfacet
  facet normal 0.706658 -0.705576 -0.0528827
    outer loop
      vertex 24.8 15.469 36.2964
      vertex 22.8 13.4845 36.0487
      vertex 22.8 13.4994 35.8499
    endloop
  endfacet
  facet normal 0.70666 -0.612757 0.353781
    outer loop
      vertex 24.8 14.8601 33.6298
      vertex 24.8 15.059 33.9743
      vertex 22.8 13.1801 34.7149
    endloop
  endfacet
  facet normal 0.706662 -0.629691 -0.322672
    outer loop
      vertex 24.8 15.146 37.4451
      vertex 24.8 14.9646 37.7991
      vertex 22.8 13.323 36.6226
    endloop
  endfacet
  facet normal 0.706652 0 -0.707561
    outer loop
      vertex 24.8 11.3006 39.795
      vertex 23.6319 11.49 38.6284
      vertex 24.8 11.6994 39.795
    endloop
  endfacet
  facet normal 0.706637 -0.000186626 -0.707576
    outer loop
      vertex 23.6319 11.49 38.6284
      vertex 24.8 11.3006 39.795
      vertex 23.506 11.3651 38.5027
    endloop
  endfacet
  facet normal 0.706652 0 -0.707561
    outer loop
      vertex 23.6319 11.51 38.6284
      vertex 24.8 11.6994 39.795
      vertex 23.6319 11.49 38.6284
    endloop
  endfacet
  facet normal 0.706637 0.000186626 -0.707576
    outer loop
      vertex 24.8 11.6994 39.795
      vertex 23.6319 11.51 38.6284
      vertex 23.506 11.6349 38.5027
    endloop
  endfacet
  facet normal 0.706661 -0.681121 -0.191582
    outer loop
      vertex 24.8 15.3997 36.6901
      vertex 24.8 15.292 37.073
      vertex 22.8 13.4499 36.245
    endloop
  endfacet
  facet normal 0.706655 0.50655 -0.49401
    outer loop
      vertex 24.8 8.77862 38.7315
      vertex 24.8 8.50087 38.4467
      vertex 22.8 10.0004 37.1234
    endloop
  endfacet
  facet normal 0.706664 0.070439 -0.704035
    outer loop
      vertex 24.8 10.9038 39.7553
      vertex 23.3843 11.2305 38.367
      vertex 24.8 11.2996 39.7949
    endloop
  endfacet
  facet normal 0.706649 0.0702194 -0.704071
    outer loop
      vertex 23.3843 11.2305 38.367
      vertex 24.8 10.9038 39.7553
      vertex 23.2922 11.1286 38.2644
    endloop
  endfacet
  facet normal 0.706531 -0.657067 -0.262827
    outer loop
      vertex 24.8 15.2913 37.0749
      vertex 22.8 13.3959 36.437
      vertex 24.8 15.2917 37.0739
    endloop
  endfacet
  facet normal 0.706657 -0.658716 -0.25832
    outer loop
      vertex 22.8021 13.3478 36.5654
      vertex 22.8 13.3959 36.437
      vertex 24.8 15.2913 37.0749
    endloop
  endfacet
  facet normal 0.718978 -0.646918 -0.254101
    outer loop
      vertex 22.8 13.3959 36.437
      vertex 22.8021 13.3478 36.5654
      vertex 22.8 13.3556 36.5396
    endloop
  endfacet
  facet normal 0.706584 -0.658334 -0.259491
    outer loop
      vertex 22.8 13.323 36.6226
      vertex 22.8021 13.3478 36.5654
      vertex 24.8 15.2913 37.0749
    endloop
  endfacet
  facet normal 0.72775 -0.638594 -0.250155
    outer loop
      vertex 22.8021 13.3478 36.5654
      vertex 22.8 13.323 36.6226
      vertex 22.8 13.3391 36.5815
    endloop
  endfacet
  facet normal 0.706661 -0.454833 -0.541994
    outer loop
      vertex 24.8 13.9152 38.9885
      vertex 22.8196 12.7224 37.4074
      vertex 24.8 14.2199 38.7328
    endloop
  endfacet
  facet normal 0.705995 -0.470501 -0.52934
    outer loop
      vertex 22.8196 12.7224 37.4074
      vertex 24.8 13.9152 38.9885
      vertex 22.8199 12.7197 37.4102
    endloop
  endfacet
  facet normal 0.70087 0.713067 0.0178267
    outer loop
      vertex 22.8 9.50062 35.8499
      vertex 22.8019 9.5 35.8
      vertex 22.8 9.50149 35.8151
    endloop
  endfacet
  facet normal 0.701453 0.712495 0.0177263
    outer loop
      vertex 22.8019 9.5 35.8
      vertex 22.8 9.50559 35.6505
      vertex 22.8 9.5025 35.7747
    endloop
  endfacet
  facet normal 0.706703 0.707279 0.0181207
    outer loop
      vertex 24.8 7.51116 35.5021
      vertex 22.8019 9.5 35.8
      vertex 22.8 9.50062 35.8499
    endloop
  endfacet
  facet normal 0.706662 0.707336 0.0174672
    outer loop
      vertex 24.8 7.51116 35.5021
      vertex 22.8 9.50559 35.6505
      vertex 22.8019 9.5 35.8
    endloop
  endfacet
  facet normal 0.706576 0.707496 0.0141499
    outer loop
      vertex 22.8 9.50559 35.6505
      vertex 24.8 7.51116 35.5021
      vertex 24.8 7.51118 35.5011
    endloop
  endfacet
  facet normal 0.707087 0.533109 -0.464567
    outer loop
      vertex 24.8 8.50026 38.446
      vertex 22.8 10.0004 37.1234
      vertex 24.8 8.50087 38.4467
    endloop
  endfacet
  facet normal 0.706658 0.553268 -0.441053
    outer loop
      vertex 22.8 10.0004 37.1234
      vertex 24.8 8.50026 38.446
      vertex 22.8 9.87612 36.9675
    endloop
  endfacet
  facet normal 1 0 0
    outer loop
      vertex 22.8 9.64883 35.0459
      vertex 22.8 9.57475 35.2583
      vertex 22.8 9.63825 35.0693
    endloop
  endfacet
  facet normal 1 -0 -0
    outer loop
      vertex 22.8 9.57475 35.2583
      vertex 22.8 9.64883 35.0459
      vertex 22.8 9.54547 35.3866
    endloop
  endfacet
  facet normal 1 0 0
    outer loop
      vertex 22.8 9.66088 36.5815
      vertex 22.8 9.76795 36.8
      vertex 22.8 9.67699 36.6226
    endloop
  endfacet
  facet normal 1 -0 0
    outer loop
      vertex 22.8 9.76795 36.8
      vertex 22.8 9.66088 36.5815
      vertex 22.8 9.82424 36.8872
    endloop
  endfacet
  facet normal 1 0 0
    outer loop
      vertex 22.8 11.8922 33.839
      vertex 22.8 12.0895 33.8889
      vertex 22.8 12.2551 33.9491
    endloop
  endfacet
  facet normal 1 0 0
    outer loop
      vertex 22.8 12.0895 33.8889
      vertex 22.8 11.8922 33.839
      vertex 22.8 11.8963 33.8397
    endloop
  endfacet
  facet normal 1 0 0
    outer loop
      vertex 22.8 12.6159 34.1409
      vertex 22.8 12.7856 34.2679
      vertex 22.8 12.9004 34.3744
    endloop
  endfacet
  facet normal 1 0 0
    outer loop
      vertex 22.8 12.7856 34.2679
      vertex 22.8 12.6159 34.1409
      vertex 22.8 12.6266 34.1475
    endloop
  endfacet
  facet normal 1 0 0
    outer loop
      vertex 22.8 13.3959 36.437
      vertex 22.8 13.4567 36.2062
      vertex 22.8 13.4499 36.245
    endloop
  endfacet
  facet normal 1 0 0
    outer loop
      vertex 22.8 13.4567 36.2062
      vertex 22.8 13.3959 36.437
      vertex 22.8 13.3556 36.5396
    endloop
  endfacet
  facet normal 1 -0 -0
    outer loop
      vertex 22.8 11.3009 33.8099
      vertex 22.8 11.5 33.8
      vertex 22.8 11.1157 33.8379
    endloop
  endfacet
  facet normal 1 0 0
    outer loop
      vertex 22.8 13.3512 35.0459
      vertex 22.8 13.4252 35.2583
      vertex 22.8 13.4545 35.3866
    endloop
  endfacet
  facet normal 1 0 0
    outer loop
      vertex 22.8 13.4252 35.2583
      vertex 22.8 13.3512 35.0459
      vertex 22.8 13.3617 35.0693
    endloop
  endfacet
  facet normal 1 0 0
    outer loop
      vertex 22.8 10.3841 34.1409
      vertex 22.8 10.2144 34.2679
      vertex 22.8 10.3734 34.1475
    endloop
  endfacet
  facet normal 1 -0 -0
    outer loop
      vertex 22.8 10.2144 34.2679
      vertex 22.8 10.3841 34.1409
      vertex 22.8 10.0996 34.3744
    endloop
  endfacet
  facet normal 1 0 0
    outer loop
      vertex 22.8 11.1078 33.839
      vertex 22.8 10.9105 33.8889
      vertex 22.8 11.1037 33.8397
    endloop
  endfacet
  facet normal 1 -0 -0
    outer loop
      vertex 22.8 10.9105 33.8889
      vertex 22.8 11.1078 33.839
      vertex 22.8 10.7449 33.9491
    endloop
  endfacet
  facet normal 1 0 0
    outer loop
      vertex 22.8 13.4845 36.0487
      vertex 22.8 13.4985 35.8151
      vertex 22.8 13.4994 35.8499
    endloop
  endfacet
  facet normal 1 0 0
    outer loop
      vertex 22.8 13.4985 35.8151
      vertex 22.8 13.4845 36.0487
      vertex 22.8 13.4642 36.164
    endloop
  endfacet
  facet normal 1 0 0
    outer loop
      vertex 22.8 13.232 36.8
      vertex 22.8 13.3391 36.5815
      vertex 22.8 13.323 36.6226
    endloop
  endfacet
  facet normal 1 0 0
    outer loop
      vertex 22.8 13.3391 36.5815
      vertex 22.8 13.232 36.8
      vertex 22.8 13.1758 36.8872
    endloop
  endfacet
  facet normal 1 0 0
    outer loop
      vertex 22.8 9.83238 34.6976
      vertex 22.8 9.72026 34.8876
      vertex 22.8 9.81995 34.7149
    endloop
  endfacet
  facet normal 1 -0 -0
    outer loop
      vertex 22.8 9.72026 34.8876
      vertex 22.8 9.83238 34.6976
      vertex 22.8 9.66291 35.0147
    endloop
  endfacet
  facet normal 1 0 0
    outer loop
      vertex 22.8 9.53711 35.4233
      vertex 22.8 9.50559 35.6505
      vertex 22.8 9.53038 35.4527
    endloop
  endfacet
  facet normal 1 -0 -0
    outer loop
      vertex 22.8 9.50559 35.6505
      vertex 22.8 9.53711 35.4233
      vertex 22.8 9.5025 35.7747
    endloop
  endfacet
  facet normal 1 0 0
    outer loop
      vertex 22.8 9.8496 36.9264
      vertex 22.8 10.0004 37.1234
      vertex 22.8 9.87612 36.9675
    endloop
  endfacet
  facet normal 1 -0 0
    outer loop
      vertex 22.8 10.0004 37.1234
      vertex 22.8 9.8496 36.9264
      vertex 22.8 10.0685 37.1932
    endloop
  endfacet
  facet normal 1 0 0
    outer loop
      vertex 22.8 10.731 33.9542
      vertex 22.8 10.5435 34.0436
      vertex 22.8 10.7231 33.957
    endloop
  endfacet
  facet normal 1 -0 -0
    outer loop
      vertex 22.8 10.5435 34.0436
      vertex 22.8 10.731 33.9542
      vertex 22.8 10.4018 34.1301
    endloop
  endfacet
  facet normal 1 -0 0
    outer loop
      vertex 22.8 9.51552 36.0487
      vertex 22.8 9.50149 35.8151
      vertex 22.8 9.53585 36.164
    endloop
  endfacet
  facet normal 1 0 -0
    outer loop
      vertex 22.8 9.50149 35.8151
      vertex 22.8 9.51552 36.0487
      vertex 22.8 9.50062 35.8499
    endloop
  endfacet
  facet normal 1 0 0
    outer loop
      vertex 22.8 12.9193 34.392
      vertex 22.8 13.0637 34.553
      vertex 22.8 13.1499 34.673
    endloop
  endfacet
  facet normal 1 0 0
    outer loop
      vertex 22.8 13.0637 34.553
      vertex 22.8 12.9193 34.392
      vertex 22.8 12.9317 34.4035
    endloop
  endfacet
  facet normal 1 0 0
    outer loop
      vertex 22.8 12.9996 37.1234
      vertex 22.8 13.1504 36.9264
      vertex 22.8 13.1239 36.9675
    endloop
  endfacet
  facet normal 1 0 0
    outer loop
      vertex 22.8 13.1504 36.9264
      vertex 22.8 12.9996 37.1234
      vertex 22.8 12.9315 37.1932
    endloop
  endfacet
  facet normal 1 0 0
    outer loop
      vertex 22.8 10.0807 34.392
      vertex 22.8 9.93634 34.553
      vertex 22.8 10.0683 34.4035
    endloop
  endfacet
  facet normal 1 -0 -0
    outer loop
      vertex 22.8 9.93634 34.553
      vertex 22.8 10.0807 34.392
      vertex 22.8 9.85008 34.673
    endloop
  endfacet
  facet normal 1 0 -0
    outer loop
      vertex 22.8 11.6991 33.8099
      vertex 22.8 11.8843 33.8379
      vertex 22.8 11.5 33.8
    endloop
  endfacet
  facet normal 1 0 0
    outer loop
      vertex 22.8 9.5433 36.2062
      vertex 22.8 9.60415 36.437
      vertex 22.8 9.55014 36.245
    endloop
  endfacet
  facet normal 1 -0 0
    outer loop
      vertex 22.8 9.60415 36.437
      vertex 22.8 9.5433 36.2062
      vertex 22.8 9.64443 36.5396
    endloop
  endfacet
  facet normal 1 0 0
    outer loop
      vertex 22.8 13.1676 34.6976
      vertex 22.8 13.2797 34.8876
      vertex 22.8 13.3371 35.0147
    endloop
  endfacet
  facet normal 1 0 0
    outer loop
      vertex 22.8 13.2797 34.8876
      vertex 22.8 13.1676 34.6976
      vertex 22.8 13.1801 34.7149
    endloop
  endfacet
  facet normal 1 0 0
    outer loop
      vertex 22.8 12.269 33.9542
      vertex 22.8 12.4565 34.0436
      vertex 22.8 12.5982 34.1301
    endloop
  endfacet
  facet normal 1 0 0
    outer loop
      vertex 22.8 12.4565 34.0436
      vertex 22.8 12.269 33.9542
      vertex 22.8 12.2769 33.957
    endloop
  endfacet
  facet normal 1 0 0
    outer loop
      vertex 22.8 13.4629 35.4233
      vertex 22.8 13.4944 35.6505
      vertex 22.8 13.4975 35.7746
    endloop
  endfacet
  facet normal 1 0 0
    outer loop
      vertex 22.8 13.4944 35.6505
      vertex 22.8 13.4629 35.4233
      vertex 22.8 13.4696 35.4527
    endloop
  endfacet
  facet normal 0.706774 -0.203281 -0.677604
    outer loop
      vertex 23.1312 12.0752 38.0592
      vertex 24.8 12.488 39.676
      vertex 24.8 12.487 39.6763
    endloop
  endfacet
  facet normal 0.706643 -0.208822 -0.676054
    outer loop
      vertex 24.8 12.488 39.676
      vertex 23.1312 12.0752 38.0592
      vertex 23.0347 12.2197 37.9137
    endloop
  endfacet
  facet normal 0.706663 0.427137 0.564076
    outer loop
      vertex 22.8 10.2144 34.2679
      vertex 24.8 8.92964 32.7352
      vertex 22.8 10.3734 34.1475
    endloop
  endfacet
  facet normal 0.706688 0.427931 0.563442
    outer loop
      vertex 24.8 8.92964 32.7352
      vertex 22.8 10.2144 34.2679
      vertex 24.8 8.92885 32.7358
    endloop
  endfacet
  facet normal 0.706669 0.530462 0.468219
    outer loop
      vertex 24.8 8.37267 33.306
      vertex 24.8 8.63588 33.0078
      vertex 22.8 9.93634 34.553
    endloop
  endfacet
  facet normal 0.707066 -0.618158 -0.343421
    outer loop
      vertex 22.8 13.232 36.8
      vertex 24.8 14.9646 37.7991
      vertex 24.8 14.9641 37.8
    endloop
  endfacet
  facet normal 0.706685 -0.629534 -0.322929
    outer loop
      vertex 24.8 14.9646 37.7991
      vertex 22.8 13.232 36.8
      vertex 22.8 13.323 36.6226
    endloop
  endfacet
  facet normal 0.70667 0.612778 0.353723
    outer loop
      vertex 22.8 9.72026 34.8876
      vertex 24.8 7.94101 33.9743
      vertex 22.8 9.81995 34.7149
    endloop
  endfacet
  facet normal 0.706909 0.618295 0.343497
    outer loop
      vertex 24.8 7.94101 33.9743
      vertex 22.8 9.72026 34.8876
      vertex 24.8 7.94051 33.9752
    endloop
  endfacet
  facet normal 0.706658 -0.140165 -0.693534
    outer loop
      vertex 23.2922 11.8714 38.2644
      vertex 24.8 12.4861 39.6765
      vertex 24.8 12.0962 39.7553
    endloop
  endfacet
  facet normal 0.706667 -0.140253 -0.693506
    outer loop
      vertex 24.8 12.4861 39.6765
      vertex 23.2922 11.8714 38.2644
      vertex 23.2326 11.9469 38.1884
    endloop
  endfacet
  facet normal 0.704364 0.508081 -0.495707
    outer loop
      vertex 22.8023 10.0858 37.2142
      vertex 22.8 10.0004 37.1234
      vertex 22.8 10.0685 37.1932
    endloop
  endfacet
  facet normal 0.70676 0.503831 -0.496633
    outer loop
      vertex 24.8 8.77862 38.7315
      vertex 22.8017 10.1385 37.2673
      vertex 24.8 8.77931 38.7322
    endloop
  endfacet
  facet normal 0.706685 0.506162 -0.494364
    outer loop
      vertex 22.8017 10.1385 37.2673
      vertex 24.8 8.77862 38.7315
      vertex 22.8023 10.0858 37.2142
    endloop
  endfacet
  facet normal 0.706672 0.506377 -0.494163
    outer loop
      vertex 22.8023 10.0858 37.2142
      vertex 24.8 8.77862 38.7315
      vertex 22.8 10.0004 37.1234
    endloop
  endfacet
  facet normal 0.706669 -0.530388 0.468303
    outer loop
      vertex 22.8 12.9317 34.4035
      vertex 24.8 14.3641 33.0078
      vertex 22.8 13.0637 34.553
    endloop
  endfacet
  facet normal 0.706375 -0.53743 0.460655
    outer loop
      vertex 24.8 14.3641 33.0078
      vertex 22.8 12.9317 34.4035
      vertex 24.8 14.3635 33.0071
    endloop
  endfacet
  facet normal 0.706664 0.481298 0.518631
    outer loop
      vertex 24.8 8.63726 33.0064
      vertex 24.8 8.92885 32.7358
      vertex 22.8 10.2144 34.2679
    endloop
  endfacet
  facet normal 0.706672 -0.398568 -0.584601
    outer loop
      vertex 22.8592 12.5737 37.5571
      vertex 24.8 13.9144 38.9891
      vertex 24.8 13.5857 39.2132
    endloop
  endfacet
  facet normal 0.706602 -0.397869 -0.585161
    outer loop
      vertex 24.8 13.9144 38.9891
      vertex 22.8592 12.5737 37.5571
      vertex 22.857 12.582 37.5488
    endloop
  endfacet
  facet normal 0.706674 0.42724 0.563985
    outer loop
      vertex 24.8 8.92964 32.7352
      vertex 24.8 9.24672 32.495
      vertex 22.8 10.3734 34.1475
    endloop
  endfacet
  facet normal 0.706665 0.702056 0.0879877
    outer loop
      vertex 22.8 9.50559 35.6505
      vertex 24.8 7.51131 35.5001
      vertex 22.8 9.53038 35.4527
    endloop
  endfacet
  facet normal 0.706581 0.701728 0.0912246
    outer loop
      vertex 24.8 7.51131 35.5001
      vertex 22.8 9.50559 35.6505
      vertex 24.8 7.51118 35.5011
    endloop
  endfacet
  facet normal 0.706898 -0.599803 -0.374877
    outer loop
      vertex 24.8 14.9636 37.8008
      vertex 22.8 13.232 36.8
      vertex 24.8 14.9641 37.8
    endloop
  endfacet
  facet normal 0.706681 -0.594444 -0.383716
    outer loop
      vertex 22.8022 13.1629 36.9111
      vertex 22.8 13.232 36.8
      vertex 24.8 14.9636 37.8008
    endloop
  endfacet
  facet normal 0.691209 -0.607428 -0.391485
    outer loop
      vertex 22.8 13.232 36.8
      vertex 22.8022 13.1629 36.9111
      vertex 22.8 13.1758 36.8872
    endloop
  endfacet
  facet normal 0.706692 -0.594538 -0.383551
    outer loop
      vertex 22.8 13.1239 36.9675
      vertex 22.8022 13.1629 36.9111
      vertex 24.8 14.9636 37.8008
    endloop
  endfacet
  facet normal 0.709443 -0.592316 -0.381907
    outer loop
      vertex 22.8022 13.1629 36.9111
      vertex 22.8 13.1239 36.9675
      vertex 22.8 13.1504 36.9264
    endloop
  endfacet
  facet normal 0.706652 0.307314 0.637339
    outer loop
      vertex 24.8 9.94537 32.1145
      vertex 22.8 10.7231 33.957
      vertex 22.8 10.5435 34.0436
    endloop
  endfacet
  facet normal 0.706999 0.289915 0.64506
    outer loop
      vertex 22.8 10.7231 33.957
      vertex 24.8 9.94537 32.1145
      vertex 24.8 9.94626 32.1141
    endloop
  endfacet
  facet normal 0.706641 0.398274 -0.584839
    outer loop
      vertex 24.8 9.0856 38.9891
      vertex 22.8199 10.2803 37.4102
      vertex 22.857 10.418 37.5488
    endloop
  endfacet
  facet normal 0.707036 0.417596 -0.570714
    outer loop
      vertex 22.8199 10.2803 37.4102
      vertex 24.8 9.0856 38.9891
      vertex 24.8 9.08478 38.9885
    endloop
  endfacet
  facet normal 0.706673 0.17449 0.685687
    outer loop
      vertex 24.8 10.321 31.9777
      vertex 24.8 10.7065 31.8796
      vertex 22.8 10.9105 33.8889
    endloop
  endfacet
  facet normal 0.706664 0.17461 0.685665
    outer loop
      vertex 24.8 10.7065 31.8796
      vertex 22.8 11.1037 33.8397
      vertex 22.8 10.9105 33.8889
    endloop
  endfacet
  facet normal 0.704462 0.22444 0.673321
    outer loop
      vertex 22.8 11.1037 33.8397
      vertex 24.8 10.7065 31.8796
      vertex 24.8 10.7074 31.8793
    endloop
  endfacet
  facet normal 0.706675 -0.368932 0.603739
    outer loop
      vertex 24.8 13.413 32.2871
      vertex 24.8 13.7524 32.4945
      vertex 22.8 12.4565 34.0436
    endloop
  endfacet
  facet normal 0.70761 -0.153284 -0.689777
    outer loop
      vertex 23.2326 11.9469 38.1884
      vertex 24.8 12.487 39.6763
      vertex 24.8 12.4861 39.6765
    endloop
  endfacet
  facet normal 0.706641 -0.139971 -0.693589
    outer loop
      vertex 24.8 12.487 39.6763
      vertex 23.2326 11.9469 38.1884
      vertex 23.1312 12.0752 38.0592
    endloop
  endfacet
  facet normal 0.706678 0.105487 0.699628
    outer loop
      vertex 24.8 10.7074 31.8793
      vertex 24.8 11.1007 31.82
      vertex 22.8 11.1037 33.8397
    endloop
  endfacet
  facet normal 0.706768 0.203283 -0.67761
    outer loop
      vertex 24.8 10.512 39.676
      vertex 23.1312 10.9247 38.0592
      vertex 24.8 10.513 39.6763
    endloop
  endfacet
  facet normal 0.706634 0.208945 -0.676026
    outer loop
      vertex 23.1312 10.9247 38.0592
      vertex 24.8 10.512 39.676
      vertex 23.0347 10.7803 37.9137
    endloop
  endfacet
  facet normal 0.706664 0.670706 0.225343
    outer loop
      vertex 24.8 7.77619 34.3396
      vertex 22.8 9.63825 35.0693
      vertex 22.8 9.57475 35.2583
    endloop
  endfacet
  facet normal 0.706154 0.676307 0.209655
    outer loop
      vertex 22.8 9.63825 35.0693
      vertex 24.8 7.77619 34.3396
      vertex 24.8 7.7765 34.3386
    endloop
  endfacet
  facet normal 0.70666 -0.696794 -0.122922
    outer loop
      vertex 24.8 15.4688 36.2984
      vertex 24.8 15.3997 36.6901
      vertex 22.8 13.4499 36.245
    endloop
  endfacet
  facet normal 0.706666 -0.338424 -0.621363
    outer loop
      vertex 22.9215 12.4205 37.7114
      vertex 24.8 13.5849 39.2136
      vertex 24.8 13.2355 39.4039
    endloop
  endfacet
  facet normal 0.706653 -0.338289 -0.621451
    outer loop
      vertex 24.8 13.5849 39.2136
      vertex 22.9215 12.4205 37.7114
      vertex 22.9146 12.4375 37.6943
    endloop
  endfacet
  facet normal 0.706667 0.707326 0.0176476
    outer loop
      vertex 24.8 7.50124 35.8997
      vertex 24.8 7.51116 35.5021
      vertex 22.8 9.50062 35.8499
    endloop
  endfacet
  facet normal 0.706666 0.705568 -0.0528776
    outer loop
      vertex 24.8 7.53097 36.2964
      vertex 24.8 7.50124 35.8997
      vertex 22.8 9.50062 35.8499
    endloop
  endfacet
  facet normal 0.704587 -0.31735 -0.634701
    outer loop
      vertex 22.9146 12.4375 37.6943
      vertex 24.8 13.5857 39.2132
      vertex 24.8 13.5849 39.2136
    endloop
  endfacet
  facet normal 0.706674 -0.338456 -0.621337
    outer loop
      vertex 24.8 13.5857 39.2132
      vertex 22.9146 12.4375 37.6943
      vertex 22.8592 12.5737 37.5571
    endloop
  endfacet
  facet normal 0.707053 -0.536916 -0.460214
    outer loop
      vertex 22.8 12.9996 37.1234
      vertex 24.8 14.4997 38.446
      vertex 24.8 14.4991 38.4467
    endloop
  endfacet
  facet normal 0.706654 -0.553237 -0.441099
    outer loop
      vertex 24.8 14.4997 38.446
      vertex 22.8 12.9996 37.1234
      vertex 22.8 13.1239 36.9675
    endloop
  endfacet
  facet normal 0.706915 0.677469 -0.203241
    outer loop
      vertex 24.8 7.70802 37.073
      vertex 22.8 9.60415 36.437
      vertex 24.8 7.70829 37.0739
    endloop
  endfacet
  facet normal 0.706666 0.681112 -0.191598
    outer loop
      vertex 22.8 9.60415 36.437
      vertex 24.8 7.70802 37.073
      vertex 22.8 9.55014 36.245
    endloop
  endfacet
  facet normal 0.706669 -0.553106 -0.44124
    outer loop
      vertex 24.8 14.7478 38.135
      vertex 24.8 14.4997 38.446
      vertex 22.8 13.1239 36.9675
    endloop
  endfacet
  facet normal 0.705638 -0.344113 0.619404
    outer loop
      vertex 22.8 12.6266 34.1475
      vertex 24.8 13.7524 32.4945
      vertex 24.8 13.7533 32.495
    endloop
  endfacet
  facet normal 0.666022 -0.391603 0.634872
    outer loop
      vertex 22.8008 12.6111 34.1371
      vertex 22.8 12.6266 34.1475
      vertex 22.8 12.6159 34.1409
    endloop
  endfacet
  facet normal 0.706662 -0.368715 0.603886
    outer loop
      vertex 22.8 12.6266 34.1475
      vertex 22.8008 12.6111 34.1371
      vertex 24.8 13.7524 32.4945
    endloop
  endfacet
  facet normal 0.706733 -0.370785 0.602534
    outer loop
      vertex 22.8 12.5982 34.1301
      vertex 24.8 13.7524 32.4945
      vertex 22.8008 12.6111 34.1371
    endloop
  endfacet
  facet normal 0.70665 -0.368666 0.60393
    outer loop
      vertex 24.8 13.7524 32.4945
      vertex 22.8 12.5982 34.1301
      vertex 22.8 12.4565 34.0436
    endloop
  endfacet
  facet normal 0.706675 -0.306994 0.637467
    outer loop
      vertex 24.8 13.0546 32.1145
      vertex 24.8 13.413 32.2871
      vertex 22.8 12.4565 34.0436
    endloop
  endfacet
  facet normal 0.706809 -0.573214 0.414544
    outer loop
      vertex 22.8013 13.1629 34.6889
      vertex 24.8 14.6279 33.3068
      vertex 22.8 13.1801 34.7149
    endloop
  endfacet
  facet normal 0.70317 -0.576323 0.416418
    outer loop
      vertex 22.8013 13.1629 34.6889
      vertex 22.8 13.1801 34.7149
      vertex 22.8 13.1676 34.6976
    endloop
  endfacet
  facet normal 0.706622 -0.575015 0.412364
    outer loop
      vertex 22.8 13.1499 34.673
      vertex 24.8 14.6279 33.3068
      vertex 22.8013 13.1629 34.6889
    endloop
  endfacet
  facet normal 0.706656 -0.574661 0.412798
    outer loop
      vertex 22.8 13.0637 34.553
      vertex 24.8 14.6279 33.3068
      vertex 22.8 13.1499 34.673
    endloop
  endfacet
  facet normal 0.706944 -0.565816 0.424362
    outer loop
      vertex 24.8 14.6279 33.3068
      vertex 22.8 13.0637 34.553
      vertex 24.8 14.6273 33.306
    endloop
  endfacet
  facet normal 0.706666 0.59439 -0.383828
    outer loop
      vertex 24.8 8.25225 38.135
      vertex 24.8 8.03644 37.8008
      vertex 22.8 9.87612 36.9675
    endloop
  endfacet
  facet normal 0.706668 0.553185 -0.441143
    outer loop
      vertex 24.8 8.50026 38.446
      vertex 24.8 8.25225 38.135
      vertex 22.8 9.87612 36.9675
    endloop
  endfacet
  facet normal 0.706667 0.612759 0.353764
    outer loop
      vertex 24.8 7.94101 33.9743
      vertex 24.8 8.1399 33.6298
      vertex 22.8 9.81995 34.7149
    endloop
  endfacet
  facet normal 0.706663 0.658617 -0.258554
    outer loop
      vertex 24.8 7.85398 37.4451
      vertex 24.8 7.70865 37.0749
      vertex 22.8 9.67699 36.6226
    endloop
  endfacet
  facet normal 0.706039 -0.223944 0.671832
    outer loop
      vertex 22.8 12.2769 33.957
      vertex 24.8 13.0528 32.1138
      vertex 24.8 13.0537 32.1141
    endloop
  endfacet
  facet normal 0.751018 -0.220579 0.622347
    outer loop
      vertex 22.8006 12.2654 33.9522
      vertex 22.8 12.2769 33.957
      vertex 22.8 12.269 33.9542
    endloop
  endfacet
  facet normal 0.706618 -0.240843 0.665346
    outer loop
      vertex 22.8 12.2769 33.957
      vertex 22.8006 12.2654 33.9522
      vertex 24.8 13.0528 32.1138
    endloop
  endfacet
  facet normal 0.706634 -0.241352 0.665145
    outer loop
      vertex 22.8 12.2551 33.9491
      vertex 24.8 13.0528 32.1138
      vertex 22.8006 12.2654 33.9522
    endloop
  endfacet
  facet normal 0.706647 -0.241742 0.66499
    outer loop
      vertex 24.8 13.0528 32.1138
      vertex 22.8 12.2551 33.9491
      vertex 22.8 12.0895 33.8889
    endloop
  endfacet
  facet normal 0.706673 -0.242068 0.664843
    outer loop
      vertex 24.8 12.679 31.9777
      vertex 24.8 13.0528 32.1138
      vertex 22.8 12.0895 33.8889
    endloop
  endfacet
  facet normal 0.706667 -0.705559 -0.0530014
    outer loop
      vertex 24.8 15.4988 35.8997
      vertex 24.8 15.469 36.2964
      vertex 22.8 13.4994 35.8499
    endloop
  endfacet
  facet normal 0.706668 0.696792 -0.122886
    outer loop
      vertex 24.8 7.60029 36.6901
      vertex 24.8 7.53121 36.2984
      vertex 22.8 9.55014 36.245
    endloop
  endfacet
  facet normal 0.707622 -0.286974 -0.645691
    outer loop
      vertex 22.9942 12.286 37.8469
      vertex 24.8 13.2355 39.4039
      vertex 24.8 13.2346 39.4043
    endloop
  endfacet
  facet normal 0.706669 -0.274855 -0.651977
    outer loop
      vertex 24.8 13.2355 39.4039
      vertex 22.9942 12.286 37.8469
      vertex 22.9215 12.4205 37.7114
    endloop
  endfacet
  facet normal 0.706917 -0.618289 0.343494
    outer loop
      vertex 22.8 13.2797 34.8876
      vertex 24.8 15.059 33.9743
      vertex 24.8 15.0595 33.9752
    endloop
  endfacet
  facet normal 0.706685 -0.612904 0.353476
    outer loop
      vertex 24.8 15.059 33.9743
      vertex 22.8 13.2797 34.8876
      vertex 22.8 13.1801 34.7149
    endloop
  endfacet
  facet normal 0.718382 0.647672 -0.253868
    outer loop
      vertex 22.8 9.67699 36.6226
      vertex 22.8021 9.65224 36.5654
      vertex 22.8 9.66088 36.5815
    endloop
  endfacet
  facet normal 0.716753 0.649096 -0.25483
    outer loop
      vertex 22.8021 9.65224 36.5654
      vertex 22.8 9.60415 36.437
      vertex 22.8 9.64443 36.5396
    endloop
  endfacet
  facet normal 0.70663 0.658486 -0.258979
    outer loop
      vertex 24.8 7.70865 37.0749
      vertex 22.8021 9.65224 36.5654
      vertex 22.8 9.67699 36.6226
    endloop
  endfacet
  facet normal 0.706674 0.658717 -0.258269
    outer loop
      vertex 24.8 7.70865 37.0749
      vertex 22.8 9.60415 36.437
      vertex 22.8021 9.65224 36.5654
    endloop
  endfacet
  facet normal 0.707022 0.665388 -0.23954
    outer loop
      vertex 22.8 9.60415 36.437
      vertex 24.8 7.70865 37.0749
      vertex 24.8 7.70829 37.0739
    endloop
  endfacet
  facet normal 0.706661 -0.574506 0.413004
    outer loop
      vertex 24.8 14.6279 33.3068
      vertex 24.8 14.8601 33.6298
      vertex 22.8 13.1801 34.7149
    endloop
  endfacet
  facet normal 0.706655 0.574663 0.412797
    outer loop
      vertex 24.8 8.37209 33.3068
      vertex 22.8 9.85008 34.673
      vertex 22.8013 9.83706 34.6889
    endloop
  endfacet
  facet normal 0.700424 0.579627 0.41646
    outer loop
      vertex 22.8 9.81995 34.7149
      vertex 22.8013 9.83706 34.6889
      vertex 22.8 9.83238 34.6976
    endloop
  endfacet
  facet normal 0.706669 0.574514 0.41298
    outer loop
      vertex 22.8 9.85008 34.673
      vertex 24.8 8.37209 33.3068
      vertex 22.8 9.93634 34.553
    endloop
  endfacet
  facet normal 0.706695 0.574283 0.413257
    outer loop
      vertex 24.8 8.37209 33.3068
      vertex 22.8013 9.83706 34.6889
      vertex 22.8 9.81995 34.7149
    endloop
  endfacet
  facet normal 0.706737 0.57278 0.415265
    outer loop
      vertex 22.8 9.93634 34.553
      vertex 24.8 8.37209 33.3068
      vertex 24.8 8.37267 33.306
    endloop
  endfacet
  facet normal 0.706676 -0.689803 0.15742
    outer loop
      vertex 24.8 15.3505 34.7166
      vertex 24.8 15.439 35.1044
      vertex 22.8 13.4252 35.2583
    endloop
  endfacet
  facet normal 0.706669 0.574509 0.412988
    outer loop
      vertex 24.8 8.1399 33.6298
      vertex 24.8 8.37209 33.3068
      vertex 22.8 9.81995 34.7149
    endloop
  endfacet
  facet normal 0.706676 -0.644902 0.291051
    outer loop
      vertex 24.8 15.0595 33.9752
      vertex 24.8 15.2231 34.3377
      vertex 22.8 13.2797 34.8876
    endloop
  endfacet
  facet normal 0.70667 -0.594395 -0.383813
    outer loop
      vertex 24.8 14.9636 37.8008
      vertex 24.8 14.7478 38.135
      vertex 22.8 13.1239 36.9675
    endloop
  endfacet
  facet normal 0.70665 -0.307315 0.637341
    outer loop
      vertex 22.8 12.2769 33.957
      vertex 24.8 13.0546 32.1145
      vertex 22.8 12.4565 34.0436
    endloop
  endfacet
  facet normal 0.707028 -0.287215 0.646235
    outer loop
      vertex 24.8 13.0546 32.1145
      vertex 22.8 12.2769 33.957
      vertex 24.8 13.0537 32.1141
    endloop
  endfacet
  facet normal 0.706673 -0.17449 0.685687
    outer loop
      vertex 24.8 12.2935 31.8796
      vertex 24.8 12.679 31.9777
      vertex 22.8 12.0895 33.8889
    endloop
  endfacet
  facet normal 0.706653 -0.506596 -0.493966
    outer loop
      vertex 24.8 14.4991 38.4467
      vertex 24.8 14.2214 38.7315
      vertex 22.8 12.9996 37.1234
    endloop
  endfacet
  facet normal 0.705217 -0.708754 0.0183299
    outer loop
      vertex 22.8019 13.5 35.8
      vertex 22.8 13.4994 35.8499
      vertex 22.8 13.4985 35.8151
    endloop
  endfacet
  facet normal 0.70049 -0.71344 0.0178216
    outer loop
      vertex 22.8 13.4944 35.6505
      vertex 22.8019 13.5 35.8
      vertex 22.8 13.4975 35.7746
    endloop
  endfacet
  facet normal 0.706713 -0.707261 0.0184048
    outer loop
      vertex 22.8019 13.5 35.8
      vertex 24.8 15.4888 35.5021
      vertex 22.8 13.4994 35.8499
    endloop
  endfacet
  facet normal 0.706658 -0.707339 0.0175147
    outer loop
      vertex 22.8 13.4944 35.6505
      vertex 24.8 15.4888 35.5021
      vertex 22.8019 13.5 35.8
    endloop
  endfacet
  facet normal 0.706115 -0.708097 0
    outer loop
      vertex 24.8 15.4888 35.5021
      vertex 22.8 13.4944 35.6505
      vertex 24.8 15.4888 35.5011
    endloop
  endfacet
  facet normal 0.707012 -0.693468 0.138694
    outer loop
      vertex 22.8 13.4696 35.4527
      vertex 24.8 15.439 35.1044
      vertex 24.8 15.4392 35.1054
    endloop
  endfacet
  facet normal 0.713693 -0.682948 0.155638
    outer loop
      vertex 22.8017 13.4616 35.4098
      vertex 22.8 13.4696 35.4527
      vertex 22.8 13.4629 35.4233
    endloop
  endfacet
  facet normal 0.706689 -0.689961 0.156668
    outer loop
      vertex 22.8 13.4696 35.4527
      vertex 22.8017 13.4616 35.4098
      vertex 24.8 15.439 35.1044
    endloop
  endfacet
  facet normal 0.706595 -0.689471 0.159226
    outer loop
      vertex 22.8 13.4545 35.3866
      vertex 24.8 15.439 35.1044
      vertex 22.8017 13.4616 35.4098
    endloop
  endfacet
  facet normal 0.706668 -0.689787 0.157527
    outer loop
      vertex 24.8 15.439 35.1044
      vertex 22.8 13.4545 35.3866
      vertex 22.8 13.4252 35.2583
    endloop
  endfacet
  facet normal 0.70666 -0.530478 0.468215
    outer loop
      vertex 24.8 14.3641 33.0078
      vertex 24.8 14.6273 33.306
      vertex 22.8 13.0637 34.553
    endloop
  endfacet
  facet normal 0.706658 -0.481293 0.518644
    outer loop
      vertex 24.8 14.0711 32.7358
      vertex 24.8 14.3627 33.0064
      vertex 22.8 12.7856 34.2679
    endloop
  endfacet
  facet normal 0.70708 -0.460196 0.536896
    outer loop
      vertex 22.8 12.7856 34.2679
      vertex 24.8 14.0704 32.7352
      vertex 24.8 14.0711 32.7358
    endloop
  endfacet
  facet normal 0.706668 -0.427134 0.564072
    outer loop
      vertex 24.8 14.0704 32.7352
      vertex 22.8 12.7856 34.2679
      vertex 22.8 12.6266 34.1475
    endloop
  endfacet
  facet normal 0.706676 -0.427221 0.563996
    outer loop
      vertex 24.8 13.7533 32.495
      vertex 24.8 14.0704 32.7352
      vertex 22.8 12.6266 34.1475
    endloop
  endfacet
  facet normal 0.706661 0.629642 -0.322771
    outer loop
      vertex 24.8 8.03545 37.7991
      vertex 24.8 7.85398 37.4451
      vertex 22.8 9.67699 36.6226
    endloop
  endfacet
  facet normal 0.705178 -0.425418 -0.567225
    outer loop
      vertex 24.8 14.2199 38.7328
      vertex 22.8017 12.8615 37.2673
      vertex 24.8 14.2207 38.7322
    endloop
  endfacet
  facet normal 0.706667 -0.454894 -0.541935
    outer loop
      vertex 22.8017 12.8615 37.2673
      vertex 24.8 14.2199 38.7328
      vertex 22.8196 12.7224 37.4074
    endloop
  endfacet
  facet normal 0.705998 -0.466362 0.532985
    outer loop
      vertex 22.8 12.9317 34.4035
      vertex 24.8 14.3627 33.0064
      vertex 24.8 14.3635 33.0071
    endloop
  endfacet
  facet normal 0.69991 -0.485675 0.523685
    outer loop
      vertex 22.8011 12.9142 34.3858
      vertex 22.8 12.9317 34.4035
      vertex 22.8 12.9193 34.392
    endloop
  endfacet
  facet normal 0.706641 -0.480717 0.519201
    outer loop
      vertex 22.8 12.9317 34.4035
      vertex 22.8011 12.9142 34.3858
      vertex 24.8 14.3627 33.0064
    endloop
  endfacet
  facet normal 0.706747 -0.483207 0.51674
    outer loop
      vertex 22.8 12.9004 34.3744
      vertex 24.8 14.3627 33.0064
      vertex 22.8011 12.9142 34.3858
    endloop
  endfacet
  facet normal 0.70665 -0.481219 0.518723
    outer loop
      vertex 24.8 14.3627 33.0064
      vertex 22.8 12.9004 34.3744
      vertex 22.8 12.7856 34.2679
    endloop
  endfacet
  facet normal 0.706995 -0.703709 0.0703709
    outer loop
      vertex 22.8 13.4944 35.6505
      vertex 24.8 15.4887 35.5001
      vertex 24.8 15.4888 35.5011
    endloop
  endfacet
  facet normal 0.706668 -0.702049 0.0880223
    outer loop
      vertex 24.8 15.4887 35.5001
      vertex 22.8 13.4944 35.6505
      vertex 22.8 13.4696 35.4527
    endloop
  endfacet
  facet normal 0.706671 -0.6707 0.225341
    outer loop
      vertex 22.8 13.3617 35.0693
      vertex 24.8 15.2238 34.3396
      vertex 22.8 13.4252 35.2583
    endloop
  endfacet
  facet normal 0.70591 -0.67843 0.203529
    outer loop
      vertex 24.8 15.2238 34.3396
      vertex 22.8 13.3617 35.0693
      vertex 24.8 15.2235 34.3386
    endloop
  endfacet
  facet normal 0.706678 -0.105487 0.699628
    outer loop
      vertex 24.8 11.8993 31.82
      vertex 24.8 12.2926 31.8793
      vertex 22.8 11.8963 33.8397
    endloop
  endfacet
  facet normal 0.705997 -0.114234 0.698941
    outer loop
      vertex 22.8003 11.8902 33.8384
      vertex 24.8 11.8993 31.82
      vertex 22.8 11.8963 33.8397
    endloop
  endfacet
  facet normal 0.647426 -0.128264 0.751258
    outer loop
      vertex 22.8003 11.8902 33.8384
      vertex 22.8 11.8963 33.8397
      vertex 22.8 11.8922 33.839
    endloop
  endfacet
  facet normal 0.70737 -0.0953228 0.700387
    outer loop
      vertex 22.8 11.8843 33.8379
      vertex 24.8 11.8993 31.82
      vertex 22.8003 11.8902 33.8384
    endloop
  endfacet
  facet normal 0.706659 -0.105772 0.699604
    outer loop
      vertex 22.8 11.6991 33.8099
      vertex 24.8 11.8993 31.82
      vertex 22.8 11.8843 33.8379
    endloop
  endfacet
  facet normal 0.707097 -0.0703607 0.703607
    outer loop
      vertex 24.8 11.8993 31.82
      vertex 22.8 11.6991 33.8099
      vertex 24.8 11.8983 31.8199
    endloop
  endfacet
  facet normal 0.713678 0.58858 -0.379785
    outer loop
      vertex 22.8 9.87612 36.9675
      vertex 22.8022 9.83706 36.9111
      vertex 22.8 9.8496 36.9264
    endloop
  endfacet
  facet normal 0.705691 0.595267 -0.384261
    outer loop
      vertex 22.8022 9.83706 36.9111
      vertex 22.8 9.76795 36.8
      vertex 22.8 9.82424 36.8872
    endloop
  endfacet
  facet normal 0.70665 0.594289 -0.384013
    outer loop
      vertex 24.8 8.03644 37.8008
      vertex 22.8022 9.83706 36.9111
      vertex 22.8 9.87612 36.9675
    endloop
  endfacet
  facet normal 0.706667 0.594432 -0.383761
    outer loop
      vertex 24.8 8.03644 37.8008
      vertex 22.8 9.76795 36.8
      vertex 22.8022 9.83706 36.9111
    endloop
  endfacet
  facet normal 0.706235 0.586806 -0.396094
    outer loop
      vertex 22.8 9.76795 36.8
      vertex 24.8 8.03644 37.8008
      vertex 24.8 8.0359 37.8
    endloop
  endfacet
  facet normal 0.383849 0.706679 -0.594361
    outer loop
      vertex 10.3204 22.829 37.4505
      vertex 9.16502 24.8 39.0478
      vertex 9.49917 24.8 39.2636
    endloop
  endfacet
  facet normal 0.375828 0.70639 -0.599806
    outer loop
      vertex 9.16502 24.8 39.0478
      vertex 10.3204 22.829 37.4505
      vertex 10.3163 22.8277 37.4464
    endloop
  endfacet
  facet normal 0.383867 0.70666 0.594372
    outer loop
      vertex 10.5 22.8 34.0679
      vertex 9.5 24.8 32.3359
      vertex 9.16586 24.8 32.5517
    endloop
  endfacet
  facet normal 0.651821 0.706673 -0.275213
    outer loop
      vertex 9.69806 22.8 36.6678
      vertex 7.89574 24.8 37.5346
      vertex 7.89612 24.8 37.5355
    endloop
  endfacet
  facet normal 0.657191 0.700997 -0.276953
    outer loop
      vertex 9.65224 22.8025 36.5654
      vertex 9.69806 22.8 36.6678
      vertex 9.66481 22.8 36.5889
    endloop
  endfacet
  facet normal 0.652122 0.706655 -0.274547
    outer loop
      vertex 9.69806 22.8 36.6678
      vertex 9.65224 22.8025 36.5654
      vertex 7.89574 24.8 37.5346
    endloop
  endfacet
  facet normal 0.658322 0.699798 -0.2773
    outer loop
      vertex 9.62061 22.8 36.484
      vertex 9.65224 22.8025 36.5654
      vertex 9.64542 22.8 36.5429
    endloop
  endfacet
  facet normal 0.651895 0.706682 -0.275014
    outer loop
      vertex 9.65224 22.8025 36.5654
      vertex 9.62061 22.8 36.484
      vertex 7.89574 24.8 37.5346
    endloop
  endfacet
  facet normal -0.706668 0.706668 0.0352178
    outer loop
      vertex 15.5 24.8 35.8
      vertex 15.4802 24.8 35.4027
      vertex 13.5 22.8 35.8
    endloop
  endfacet
  facet normal -0.706678 0.706662 0.0351387
    outer loop
      vertex 15.4802 24.8 35.4027
      vertex 13.4901 22.8 35.6009
      vertex 13.5 22.8 35.8
    endloop
  endfacet
  facet normal -0.703607 0.707097 0.0703607
    outer loop
      vertex 13.4901 22.8 35.6009
      vertex 15.4802 24.8 35.4027
      vertex 15.4801 24.8 35.4017
    endloop
  endfacet
  facet normal -0.703607 0.707097 -0.0703607
    outer loop
      vertex 13.4901 22.8 35.9991
      vertex 15.48 24.8 36.1993
      vertex 15.4801 24.8 36.1983
    endloop
  endfacet
  facet normal -0.698941 0.705997 -0.114234
    outer loop
      vertex 15.48 24.8 36.1993
      vertex 13.4616 22.8003 36.1902
      vertex 13.4603 22.8 36.1963
    endloop
  endfacet
  facet normal -0.751258 0.647426 -0.128264
    outer loop
      vertex 13.4603 22.8 36.1963
      vertex 13.4616 22.8003 36.1902
      vertex 13.461 22.8 36.1922
    endloop
  endfacet
  facet normal -0.700272 0.707262 -0.0969508
    outer loop
      vertex 15.48 24.8 36.1993
      vertex 13.4621 22.8 36.1844
      vertex 13.4616 22.8003 36.1902
    endloop
  endfacet
  facet normal -0.699611 0.70666 -0.105716
    outer loop
      vertex 15.48 24.8 36.1993
      vertex 13.4901 22.8 35.9991
      vertex 13.4621 22.8 36.1844
    endloop
  endfacet
  facet normal 0.32269 0.706671 -0.629673
    outer loop
      vertex 10.6194 22.9411 37.7516
      vertex 9.50088 24.8 39.2646
      vertex 9.85485 24.8 39.446
    endloop
  endfacet
  facet normal 0.324388 0.706833 -0.628617
    outer loop
      vertex 9.50088 24.8 39.2646
      vertex 10.6194 22.9411 37.7516
      vertex 10.5996 22.9324 37.7316
    endloop
  endfacet
  facet normal 0.541939 0.706672 0.454881
    outer loop
      vertex 10.0339 22.8 34.4397
      vertex 8.56715 24.8 33.0801
      vertex 9.90573 22.8 34.5924
    endloop
  endfacet
  facet normal 0.552893 0.706164 0.442315
    outer loop
      vertex 8.56715 24.8 33.0801
      vertex 10.0339 22.8 34.4397
      vertex 8.56779 24.8 33.0793
    endloop
  endfacet
  facet normal -0.138694 0.707012 -0.693468
    outer loop
      vertex 12.1956 24.8 39.739
      vertex 11.925 23.2476 38.2104
      vertex 12.1946 24.8 39.7392
    endloop
  endfacet
  facet normal -0.157254 0.706676 -0.689841
    outer loop
      vertex 11.925 23.2476 38.2104
      vertex 12.1956 24.8 39.739
      vertex 12.0678 23.1391 38.0667
    endloop
  endfacet
  facet normal -0.287327 0.706754 -0.646485
    outer loop
      vertex 12.9623 24.8 39.5231
      vertex 12.2984 22.9854 37.8344
      vertex 12.9614 24.8 39.5235
    endloop
  endfacet
  facet normal -0.291131 0.706658 -0.644886
    outer loop
      vertex 12.2984 22.9854 37.8344
      vertex 12.9623 24.8 39.5231
      vertex 12.4432 22.912 37.6886
    endloop
  endfacet
  facet normal 0.676107 0.706669 0.20856
    outer loop
      vertex 9.62061 22.8 35.116
      vertex 7.74123 24.8 34.4319
      vertex 7.62398 24.8 34.812
    endloop
  endfacet
  facet normal 0.441101 0.706651 0.55324
    outer loop
      vertex 8.85403 24.8 32.8003
      vertex 10.1766 22.8 34.3004
      vertex 10.3325 22.8 34.1761
    endloop
  endfacet
  facet normal 0.435036 0.706433 0.558297
    outer loop
      vertex 10.1766 22.8 34.3004
      vertex 8.85403 24.8 32.8003
      vertex 8.85326 24.8 32.8009
    endloop
  endfacet
  facet normal 0.191567 0.70666 0.681127
    outer loop
      vertex 10.227 24.8 32.008
      vertex 10.863 22.8 33.9041
      vertex 11.055 22.8 33.8501
    endloop
  endfacet
  facet normal 0.223611 0.707093 0.670834
    outer loop
      vertex 10.863 22.8 33.9041
      vertex 10.227 24.8 32.008
      vertex 10.2261 24.8 32.0083
    endloop
  endfacet
  facet normal -0.0173659 0.706627 -0.707373
    outer loop
      vertex 11.51 23.6313 38.6284
      vertex 11.7979 24.8 39.7888
      vertex 11.5823 23.5602 38.5556
    endloop
  endfacet
  facet normal -0.017667 0.706682 -0.707311
    outer loop
      vertex 11.4003 24.8 39.7988
      vertex 11.51 23.6313 38.6284
      vertex 11.49 23.6308 38.6284
    endloop
  endfacet
  facet normal -0.0184386 0.706642 -0.707331
    outer loop
      vertex 11.4003 24.8 39.7988
      vertex 11.49 23.6308 38.6284
      vertex 11.4309 23.5698 38.569
    endloop
  endfacet
  facet normal -0.0177896 0.706674 -0.707315
    outer loop
      vertex 11.51 23.6313 38.6284
      vertex 11.4003 24.8 39.7988
      vertex 11.7979 24.8 39.7888
    endloop
  endfacet
  facet normal 0.704029 0.706668 -0.0704562
    outer loop
      vertex 7.54458 24.8 36.3952
      vertex 9.50249 22.8 35.8997
      vertex 7.50497 24.8 35.9994
    endloop
  endfacet
  facet normal -0.518555 0.706667 -0.481375
    outer loop
      vertex 14.2936 24.8 38.6627
      vertex 14.5642 24.8 38.3712
      vertex 13.0321 22.8 37.0856
    endloop
  endfacet
  facet normal -0.413006 0.706659 -0.574508
    outer loop
      vertex 13.994 24.8 38.9273
      vertex 12.7534 22.8139 37.3762
      vertex 13.671 24.8 39.1595
    endloop
  endfacet
  facet normal -0.42439 0.706954 -0.565781
    outer loop
      vertex 12.7534 22.8139 37.3762
      vertex 13.994 24.8 38.9273
      vertex 12.7554 22.8135 37.3742
    endloop
  endfacet
  facet normal 0.441076 0.706659 -0.55325
    outer loop
      vertex 10.1738 22.8043 37.3028
      vertex 8.85403 24.8 38.7997
      vertex 10.3125 22.8271 37.4425
    endloop
  endfacet
  facet normal 0.435031 0.706442 -0.55829
    outer loop
      vertex 8.85403 24.8 38.7997
      vertex 10.1738 22.8043 37.3028
      vertex 8.85326 24.8 38.7991
    endloop
  endfacet
  facet normal 0.695329 0.704803 0.140606
    outer loop
      vertex 9.53843 22.8025 35.4098
      vertex 9.52234 22.8 35.5019
      vertex 9.53603 22.8 35.4342
    endloop
  endfacet
  facet normal 0.694643 0.705531 0.140346
    outer loop
      vertex 9.56184 22.8 35.3065
      vertex 9.53843 22.8025 35.4098
      vertex 9.546 22.8 35.3849
    endloop
  endfacet
  facet normal 0.693477 0.706679 0.140334
    outer loop
      vertex 9.53843 22.8025 35.4098
      vertex 7.62349 24.8 34.8139
      vertex 9.52234 22.8 35.5019
    endloop
  endfacet
  facet normal 0.693545 0.706665 0.14007
    outer loop
      vertex 9.56184 22.8 35.3065
      vertex 7.62349 24.8 34.8139
      vertex 9.53843 22.8025 35.4098
    endloop
  endfacet
  facet normal 0.690432 0.706939 0.153429
    outer loop
      vertex 7.62349 24.8 34.8139
      vertex 9.56184 22.8 35.3065
      vertex 7.62369 24.8 34.813
    endloop
  endfacet
  facet normal 0.704036 0.706666 -0.0704036
    outer loop
      vertex 9.52234 22.8 36.0981
      vertex 7.54458 24.8 36.3952
      vertex 7.54468 24.8 36.3962
    endloop
  endfacet
  facet normal 0.704032 0.706667 -0.0704387
    outer loop
      vertex 7.54458 24.8 36.3952
      vertex 9.52234 22.8 36.0981
      vertex 9.50249 22.8 35.8997
    endloop
  endfacet
  facet normal -0.673321 0.704462 -0.22444
    outer loop
      vertex 13.4603 22.8 36.1963
      vertex 15.4204 24.8 36.5935
      vertex 15.4207 24.8 36.5926
    endloop
  endfacet
  facet normal -0.685665 0.706664 -0.17461
    outer loop
      vertex 15.4204 24.8 36.5935
      vertex 13.4603 22.8 36.1963
      vertex 13.4111 22.8 36.3895
    endloop
  endfacet
  facet normal 0.381907 0.709443 0.592316
    outer loop
      vertex 10.3889 22.8022 34.1371
      vertex 10.3325 22.8 34.1761
      vertex 10.3736 22.8 34.1496
    endloop
  endfacet
  facet normal 0.39003 0.694943 0.604096
    outer loop
      vertex 10.5 22.8 34.0679
      vertex 10.3889 22.8022 34.1371
      vertex 10.4128 22.8 34.1242
    endloop
  endfacet
  facet normal 0.383573 0.706654 0.594568
    outer loop
      vertex 9.16586 24.8 32.5517
      vertex 10.3325 22.8 34.1761
      vertex 10.3889 22.8022 34.1371
    endloop
  endfacet
  facet normal 0.384097 0.706681 0.594198
    outer loop
      vertex 9.16586 24.8 32.5517
      vertex 10.3889 22.8022 34.1371
      vertex 10.5 22.8 34.0679
    endloop
  endfacet
  facet normal 0.362348 0.705787 0.608744
    outer loop
      vertex 10.3325 22.8 34.1761
      vertex 9.16586 24.8 32.5517
      vertex 9.16502 24.8 32.5522
    endloop
  endfacet
  facet normal 0.542008 0.706665 0.45481
    outer loop
      vertex 9.90573 22.8 34.5924
      vertex 8.56715 24.8 33.0801
      vertex 8.31147 24.8 33.3848
    endloop
  endfacet
  facet normal 0.69352 0.706668 -0.14018
    outer loop
      vertex 7.62349 24.8 36.7861
      vertex 9.52234 22.8 36.0981
      vertex 7.54468 24.8 36.3962
    endloop
  endfacet
  facet normal 0.704029 0.706668 0.0704562
    outer loop
      vertex 9.50249 22.8 35.7003
      vertex 7.54458 24.8 35.2048
      vertex 7.50497 24.8 35.6006
    endloop
  endfacet
  facet normal 0.122919 0.706676 -0.696779
    outer loop
      vertex 11.1842 23.3401 38.3204
      vertex 10.6109 24.8 39.6999
      vertex 11.0026 24.8 39.769
    endloop
  endfacet
  facet normal 0.123067 0.706693 -0.696735
    outer loop
      vertex 10.6109 24.8 39.6999
      vertex 11.1842 23.3401 38.3204
      vertex 11.1003 23.2715 38.236
    endloop
  endfacet
  facet normal -0.0880441 0.706674 -0.70204
    outer loop
      vertex 12.1946 24.8 39.7392
      vertex 11.8348 23.3267 38.3013
      vertex 11.7999 24.8 39.7887
    endloop
  endfacet
  facet normal -0.0878301 0.70666 -0.70208
    outer loop
      vertex 11.8348 23.3267 38.3013
      vertex 12.1946 24.8 39.7392
      vertex 11.925 23.2476 38.2104
    endloop
  endfacet
  facet normal -0.699628 0.706678 -0.105487
    outer loop
      vertex 15.4207 24.8 36.5926
      vertex 15.48 24.8 36.1993
      vertex 13.4603 22.8 36.1963
    endloop
  endfacet
  facet normal -0.706668 0.706668 -0.0352178
    outer loop
      vertex 15.4802 24.8 36.1973
      vertex 15.5 24.8 35.8
      vertex 13.5 22.8 35.8
    endloop
  endfacet
  facet normal -0.671832 0.706039 -0.223944
    outer loop
      vertex 15.1862 24.8 37.3528
      vertex 13.343 22.8 36.5769
      vertex 15.1859 24.8 37.3537
    endloop
  endfacet
  facet normal -0.665346 0.706618 -0.240843
    outer loop
      vertex 13.3478 22.8006 36.5654
      vertex 13.343 22.8 36.5769
      vertex 15.1862 24.8 37.3528
    endloop
  endfacet
  facet normal -0.622347 0.751018 -0.220579
    outer loop
      vertex 13.343 22.8 36.5769
      vertex 13.3478 22.8006 36.5654
      vertex 13.3458 22.8 36.569
    endloop
  endfacet
  facet normal -0.665145 0.706634 -0.241352
    outer loop
      vertex 15.1862 24.8 37.3528
      vertex 13.3509 22.8 36.5551
      vertex 13.3478 22.8006 36.5654
    endloop
  endfacet
  facet normal -0.66499 0.706647 -0.241742
    outer loop
      vertex 13.3509 22.8 36.5551
      vertex 15.1862 24.8 37.3528
      vertex 13.4111 22.8 36.3895
    endloop
  endfacet
  facet normal -0.685687 0.706673 -0.17449
    outer loop
      vertex 15.3223 24.8 36.979
      vertex 15.4204 24.8 36.5935
      vertex 13.4111 22.8 36.3895
    endloop
  endfacet
  facet normal -0.291051 0.706676 0.644902
    outer loop
      vertex 13.3248 24.8 32.2405
      vertex 12.9623 24.8 32.0769
      vertex 12.4124 22.8 34.0203
    endloop
  endfacet
  facet normal 0.645023 0.71423 0.271698
    outer loop
      vertex 9.65224 22.8024 35.0346
      vertex 9.62061 22.8 35.116
      vertex 9.64542 22.8 35.0571
    endloop
  endfacet
  facet normal 0.645463 0.713683 0.272092
    outer loop
      vertex 9.69806 22.8 34.9322
      vertex 9.65224 22.8024 35.0346
      vertex 9.6648 22.8 35.0111
    endloop
  endfacet
  facet normal 0.652267 0.706621 0.274289
    outer loop
      vertex 9.65224 22.8024 35.0346
      vertex 7.89574 24.8 34.0654
      vertex 9.62061 22.8 35.116
    endloop
  endfacet
  facet normal 0.651863 0.70667 0.275121
    outer loop
      vertex 9.69806 22.8 34.9322
      vertex 7.89574 24.8 34.0654
      vertex 9.65224 22.8024 35.0346
    endloop
  endfacet
  facet normal 0.651821 0.706673 0.275213
    outer loop
      vertex 7.89574 24.8 34.0654
      vertex 9.69806 22.8 34.9322
      vertex 7.89612 24.8 34.0645
    endloop
  endfacet
  facet normal 0.0530014 0.706667 0.705559
    outer loop
      vertex 11.4501 22.8 33.8006
      vertex 11.4003 24.8 31.8012
      vertex 11.0036 24.8 31.831
    endloop
  endfacet
  facet normal 0.676103 0.706668 0.20858
    outer loop
      vertex 7.62398 24.8 34.812
      vertex 9.56184 22.8 35.3065
      vertex 9.62061 22.8 35.116
    endloop
  endfacet
  facet normal 0.679311 0.706914 0.197
    outer loop
      vertex 9.56184 22.8 35.3065
      vertex 7.62398 24.8 34.812
      vertex 7.62369 24.8 34.813
    endloop
  endfacet
  facet normal -0.646235 0.707028 -0.287215
    outer loop
      vertex 13.343 22.8 36.5769
      vertex 15.1855 24.8 37.3546
      vertex 15.1859 24.8 37.3537
    endloop
  endfacet
  facet normal -0.637341 0.70665 -0.307315
    outer loop
      vertex 15.1855 24.8 37.3546
      vertex 13.343 22.8 36.5769
      vertex 13.2564 22.8 36.7565
    endloop
  endfacet
  facet normal -0.0703711 0.706992 -0.703711
    outer loop
      vertex 11.7999 24.8 39.7887
      vertex 11.6978 23.4467 38.4393
      vertex 11.7989 24.8 39.7888
    endloop
  endfacet
  facet normal -0.0881827 0.706663 -0.702033
    outer loop
      vertex 11.6978 23.4467 38.4393
      vertex 11.7999 24.8 39.7887
      vertex 11.8348 23.3267 38.3013
    endloop
  endfacet
  facet normal -0.664843 0.706673 0.242068
    outer loop
      vertex 15.3223 24.8 34.621
      vertex 15.1862 24.8 34.2472
      vertex 13.4111 22.8 35.2105
    endloop
  endfacet
  facet normal 0.69352 0.706668 0.14018
    outer loop
      vertex 9.52234 22.8 35.5019
      vertex 7.62349 24.8 34.8139
      vertex 7.54468 24.8 35.2038
    endloop
  endfacet
  facet normal -0.20386 0.704753 -0.679532
    outer loop
      vertex 12.9614 24.8 39.5235
      vertex 12.1657 23.07 37.968
      vertex 12.9604 24.8 39.5238
    endloop
  endfacet
  facet normal -0.224912 0.706647 -0.670869
    outer loop
      vertex 12.1657 23.07 37.968
      vertex 12.9614 24.8 39.5235
      vertex 12.2984 22.9854 37.8344
    endloop
  endfacet
  facet normal -0.703607 0.707097 -0.0703607
    outer loop
      vertex 15.4802 24.8 36.1973
      vertex 13.4901 22.8 35.9991
      vertex 15.4801 24.8 36.1983
    endloop
  endfacet
  facet normal -0.706678 0.706662 -0.0351387
    outer loop
      vertex 13.4901 22.8 35.9991
      vertex 15.4802 24.8 36.1973
      vertex 13.5 22.8 35.8
    endloop
  endfacet
  facet normal 0.552893 0.706164 -0.442315
    outer loop
      vertex 10.0339 22.8 37.1603
      vertex 8.56715 24.8 38.5199
      vertex 8.56779 24.8 38.5207
    endloop
  endfacet
  facet normal 0.541939 0.706672 -0.454881
    outer loop
      vertex 8.56715 24.8 38.5199
      vertex 10.0339 22.8 37.1603
      vertex 9.90573 22.8 37.0076
    endloop
  endfacet
  facet normal 0.122922 0.70666 0.696794
    outer loop
      vertex 11.055 22.8 33.8501
      vertex 11.0016 24.8 31.8312
      vertex 10.6099 24.8 31.9003
    endloop
  endfacet
  facet normal 0.19158 0.706669 -0.681114
    outer loop
      vertex 10.8292 23.0666 37.9629
      vertex 10.2261 24.8 39.5917
      vertex 10.609 24.8 39.6994
    endloop
  endfacet
  facet normal 0.190945 0.706642 -0.68132
    outer loop
      vertex 10.2261 24.8 39.5917
      vertex 10.8292 23.0666 37.9629
      vertex 10.7874 23.0374 37.9209
    endloop
  endfacet
  facet normal -0.664843 0.706673 -0.242068
    outer loop
      vertex 15.1862 24.8 37.3528
      vertex 15.3223 24.8 36.979
      vertex 13.4111 22.8 36.3895
    endloop
  endfacet
  facet normal -0.15742 0.706676 0.689803
    outer loop
      vertex 12.5834 24.8 31.9495
      vertex 12.1956 24.8 31.861
      vertex 12.0417 22.8 33.8748
    endloop
  endfacet
  facet normal -0.353476 0.706685 0.612904
    outer loop
      vertex 13.3257 24.8 32.241
      vertex 12.4124 22.8 34.0203
      vertex 12.5851 22.8 34.1199
    endloop
  endfacet
  facet normal -0.343494 0.706917 0.618289
    outer loop
      vertex 12.4124 22.8 34.0203
      vertex 13.3257 24.8 32.241
      vertex 13.3248 24.8 32.2405
    endloop
  endfacet
  facet normal 0.441253 0.706661 -0.553105
    outer loop
      vertex 10.3163 22.8277 37.4464
      vertex 8.85403 24.8 38.7997
      vertex 9.16502 24.8 39.0478
    endloop
  endfacet
  facet normal 0.448754 0.707402 -0.546079
    outer loop
      vertex 8.85403 24.8 38.7997
      vertex 10.3163 22.8277 37.4464
      vertex 10.3125 22.8271 37.4425
    endloop
  endfacet
  facet normal 0.704032 0.706667 0.0704387
    outer loop
      vertex 9.52234 22.8 35.5019
      vertex 7.54458 24.8 35.2048
      vertex 9.50249 22.8 35.7003
    endloop
  endfacet
  facet normal 0.704036 0.706666 0.0704036
    outer loop
      vertex 7.54458 24.8 35.2048
      vertex 9.52234 22.8 35.5019
      vertex 7.54468 24.8 35.2038
    endloop
  endfacet
  facet normal -0.468309 0.706659 0.530396
    outer loop
      vertex 13.9947 24.8 32.6733
      vertex 12.747 22.8 34.2363
      vertex 12.8965 22.8 34.3683
    endloop
  endfacet
  facet normal -0.460327 0.706879 0.537049
    outer loop
      vertex 12.747 22.8 34.2363
      vertex 13.9947 24.8 32.6733
      vertex 13.994 24.8 32.6727
    endloop
  endfacet
  facet normal -0.564 0.706671 -0.427224
    outer loop
      vertex 14.5642 24.8 38.3712
      vertex 14.8044 24.8 38.0541
      vertex 13.0321 22.8 37.0856
    endloop
  endfacet
  facet normal -0.603739 0.706675 0.368932
    outer loop
      vertex 15.0129 24.8 33.887
      vertex 14.8055 24.8 33.5476
      vertex 13.2564 22.8 34.8435
    endloop
  endfacet
  facet normal -0.412798 0.706656 0.574661
    outer loop
      vertex 13.9932 24.8 32.6721
      vertex 12.627 22.8 34.1501
      vertex 12.747 22.8 34.2363
    endloop
  endfacet
  facet normal -0.416418 0.70317 0.576323
    outer loop
      vertex 12.6111 22.8013 34.1371
      vertex 12.5851 22.8 34.1199
      vertex 12.6024 22.8 34.1324
    endloop
  endfacet
  facet normal -0.424362 0.706944 0.565816
    outer loop
      vertex 13.9932 24.8 32.6721
      vertex 12.747 22.8 34.2363
      vertex 13.994 24.8 32.6727
    endloop
  endfacet
  facet normal -0.412364 0.706622 0.575015
    outer loop
      vertex 12.627 22.8 34.1501
      vertex 13.9932 24.8 32.6721
      vertex 12.6111 22.8013 34.1371
    endloop
  endfacet
  facet normal -0.414544 0.706809 0.573214
    outer loop
      vertex 12.6111 22.8013 34.1371
      vertex 13.9932 24.8 32.6721
      vertex 12.5851 22.8 34.1199
    endloop
  endfacet
  facet normal 0.258481 0.706654 -0.658656
    outer loop
      vertex 10.6425 22.9543 37.7749
      vertex 9.85485 24.8 39.446
      vertex 10.2251 24.8 39.5913
    endloop
  endfacet
  facet normal 0.259906 0.706705 -0.65804
    outer loop
      vertex 9.85485 24.8 39.446
      vertex 10.6425 22.9543 37.7749
      vertex 10.6194 22.9411 37.7516
    endloop
  endfacet
  facet normal -0.291056 0.706663 -0.644913
    outer loop
      vertex 13.3248 24.8 39.3595
      vertex 12.4432 22.912 37.6886
      vertex 12.9623 24.8 39.5231
    endloop
  endfacet
  facet normal -0.289737 0.706617 -0.645557
    outer loop
      vertex 12.4432 22.912 37.6886
      vertex 13.3248 24.8 39.3595
      vertex 12.4597 22.9036 37.672
    endloop
  endfacet
  facet normal 0.493988 0.706673 -0.506546
    outer loop
      vertex 8.85255 24.8 38.7984
      vertex 10.0339 22.8 37.1603
      vertex 8.56779 24.8 38.5207
    endloop
  endfacet
  facet normal -0.603739 0.706675 -0.368932
    outer loop
      vertex 14.8055 24.8 38.0524
      vertex 15.0129 24.8 37.713
      vertex 13.2564 22.8 36.7565
    endloop
  endfacet
  facet normal -0.637467 0.706675 -0.306994
    outer loop
      vertex 15.0129 24.8 37.713
      vertex 15.1855 24.8 37.3546
      vertex 13.2564 22.8 36.7565
    endloop
  endfacet
  facet normal -0.353784 0.706653 -0.612763
    outer loop
      vertex 13.6693 24.8 39.1606
      vertex 12.4597 22.9036 37.672
      vertex 13.3248 24.8 39.3595
    endloop
  endfacet
  facet normal -0.353806 0.706655 -0.612748
    outer loop
      vertex 12.4597 22.9036 37.672
      vertex 13.6693 24.8 39.1606
      vertex 12.4742 22.8982 37.6574
    endloop
  endfacet
  facet normal 0.494179 0.706925 0.506008
    outer loop
      vertex 10.0858 22.8023 34.3858
      vertex 10.0339 22.8 34.4397
      vertex 10.0724 22.8 34.4021
    endloop
  endfacet
  facet normal 0.495707 0.704364 0.508081
    outer loop
      vertex 10.1766 22.8 34.3004
      vertex 10.0858 22.8023 34.3858
      vertex 10.1068 22.8 34.3685
    endloop
  endfacet
  facet normal 0.494356 0.706687 0.506168
    outer loop
      vertex 8.5685 24.8 33.0786
      vertex 10.0339 22.8 34.4397
      vertex 10.0858 22.8023 34.3858
    endloop
  endfacet
  facet normal 0.494161 0.706675 0.506375
    outer loop
      vertex 8.5685 24.8 33.0786
      vertex 10.0858 22.8023 34.3858
      vertex 10.1766 22.8 34.3004
    endloop
  endfacet
  facet normal 0.496682 0.706764 0.503777
    outer loop
      vertex 10.0339 22.8 34.4397
      vertex 8.5685 24.8 33.0786
      vertex 8.56779 24.8 33.0793
    endloop
  endfacet
  facet normal -0.203529 0.70591 0.67843
    outer loop
      vertex 12.9604 24.8 32.0762
      vertex 12.2307 22.8 33.9383
      vertex 12.9614 24.8 32.0765
    endloop
  endfacet
  facet normal -0.225341 0.706671 0.6707
    outer loop
      vertex 12.2307 22.8 33.9383
      vertex 12.9604 24.8 32.0762
      vertex 12.0417 22.8 33.8748
    endloop
  endfacet
  facet normal -0.637315 0.706679 0.307302
    outer loop
      vertex 15.0133 24.8 33.8879
      vertex 13.2564 22.8 34.8435
      vertex 13.343 22.8 35.0231
    endloop
  endfacet
  facet normal -0.6472 0.705969 0.287644
    outer loop
      vertex 13.2564 22.8 34.8435
      vertex 15.0133 24.8 33.8879
      vertex 15.0129 24.8 33.887
    endloop
  endfacet
  facet normal -0.532986 0.705997 -0.466363
    outer loop
      vertex 14.2936 24.8 38.6627
      vertex 12.8966 22.8002 37.2319
      vertex 14.2929 24.8 38.6635
    endloop
  endfacet
  facet normal -0.51939 0.706632 -0.480525
    outer loop
      vertex 14.2936 24.8 38.6627
      vertex 12.9142 22.8011 37.2142
      vertex 12.8966 22.8002 37.2319
    endloop
  endfacet
  facet normal -0.51674 0.706747 -0.483207
    outer loop
      vertex 14.2936 24.8 38.6627
      vertex 12.9256 22.8 37.2004
      vertex 12.9142 22.8011 37.2142
    endloop
  endfacet
  facet normal -0.518723 0.70665 -0.481219
    outer loop
      vertex 12.9256 22.8 37.2004
      vertex 14.2936 24.8 38.6627
      vertex 13.0321 22.8 37.0856
    endloop
  endfacet
  facet normal -0.60393 0.70665 0.368666
    outer loop
      vertex 14.8055 24.8 33.5476
      vertex 13.1699 22.8 34.7018
      vertex 13.2564 22.8 34.8435
    endloop
  endfacet
  facet normal -0.634872 0.666022 0.391603
    outer loop
      vertex 13.1629 22.8008 34.6889
      vertex 13.1525 22.8 34.6734
      vertex 13.1591 22.8 34.6841
    endloop
  endfacet
  facet normal -0.602534 0.706733 0.370785
    outer loop
      vertex 13.1699 22.8 34.7018
      vertex 14.8055 24.8 33.5476
      vertex 13.1629 22.8008 34.6889
    endloop
  endfacet
  facet normal -0.603886 0.706662 0.368715
    outer loop
      vertex 14.8055 24.8 33.5476
      vertex 13.1525 22.8 34.6734
      vertex 13.1629 22.8008 34.6889
    endloop
  endfacet
  facet normal -0.619404 0.705638 0.344113
    outer loop
      vertex 13.1525 22.8 34.6734
      vertex 14.8055 24.8 33.5476
      vertex 14.805 24.8 33.5467
    endloop
  endfacet
  facet normal 0 1 0
    outer loop
      vertex 9.82652 22.8 36.8914
      vertex 9.69806 22.8 36.6678
      vertex 9.79342 22.8 36.8429
    endloop
  endfacet
  facet normal -0 1 0
    outer loop
      vertex 9.69806 22.8 36.6678
      vertex 9.82652 22.8 36.8914
      vertex 9.66481 22.8 36.5889
    endloop
  endfacet
  facet normal 0 1 0
    outer loop
      vertex 13.5 22.8 35.8
      vertex 13.4901 22.8 35.6009
      vertex 13.4621 22.8 35.4156
    endloop
  endfacet
  facet normal 0 1 0
    outer loop
      vertex 13.4901 22.8 35.9991
      vertex 13.5 22.8 35.8
      vertex 13.4621 22.8 36.1844
    endloop
  endfacet
  facet normal 0 1 0
    outer loop
      vertex 10.0724 22.8 34.4021
      vertex 9.90573 22.8 34.5924
      vertex 9.85422 22.8 34.668
    endloop
  endfacet
  facet normal 0 1 0
    outer loop
      vertex 9.90573 22.8 34.5924
      vertex 10.0724 22.8 34.4021
      vertex 10.0339 22.8 34.4397
    endloop
  endfacet
  facet normal 0 1 0
    outer loop
      vertex 12.0417 22.8 33.8748
      vertex 12.2541 22.8 33.9488
      vertex 12.2307 22.8 33.9383
    endloop
  endfacet
  facet normal 0 1 0
    outer loop
      vertex 12.2541 22.8 33.9488
      vertex 12.0417 22.8 33.8748
      vertex 11.9134 22.8 33.8455
    endloop
  endfacet
  facet normal 0 1 0
    outer loop
      vertex 10.3736 22.8 34.1496
      vertex 10.1766 22.8 34.3004
      vertex 10.1068 22.8 34.3685
    endloop
  endfacet
  facet normal 0 1 0
    outer loop
      vertex 10.1766 22.8 34.3004
      vertex 10.3736 22.8 34.1496
      vertex 10.3325 22.8 34.1761
    endloop
  endfacet
  facet normal 0 1 0
    outer loop
      vertex 11.0937 22.8 33.8433
      vertex 10.863 22.8 33.9041
      vertex 10.7604 22.8 33.9444
    endloop
  endfacet
  facet normal 0 1 0
    outer loop
      vertex 10.863 22.8 33.9041
      vertex 11.0937 22.8 33.8433
      vertex 11.055 22.8 33.8501
    endloop
  endfacet
  facet normal 0 1 0
    outer loop
      vertex 10.0724 22.8 37.1979
      vertex 9.90573 22.8 37.0076
      vertex 10.0339 22.8 37.1603
    endloop
  endfacet
  facet normal -0 1 0
    outer loop
      vertex 9.90573 22.8 37.0076
      vertex 10.0724 22.8 37.1979
      vertex 9.85422 22.8 36.932
    endloop
  endfacet
  facet normal 0 1 0
    outer loop
      vertex 11.6495 22.8 33.8056
      vertex 11.8767 22.8 33.8371
      vertex 11.8473 22.8 33.8304
    endloop
  endfacet
  facet normal 0 1 0
    outer loop
      vertex 11.8767 22.8 33.8371
      vertex 11.6495 22.8 33.8056
      vertex 11.5254 22.8 33.8025
    endloop
  endfacet
  facet normal 0 1 0
    outer loop
      vertex 13.0321 22.8 34.5144
      vertex 13.1591 22.8 34.6841
      vertex 13.1525 22.8 34.6734
    endloop
  endfacet
  facet normal 0 1 0
    outer loop
      vertex 13.1591 22.8 34.6841
      vertex 13.0321 22.8 34.5144
      vertex 12.9256 22.8 34.3996
    endloop
  endfacet
  facet normal 0 1 0
    outer loop
      vertex 9.50249 22.8 35.7748
      vertex 9.52234 22.8 35.5019
      vertex 9.50249 22.8 35.7003
    endloop
  endfacet
  facet normal -0 1 -0
    outer loop
      vertex 9.52234 22.8 35.5019
      vertex 9.50249 22.8 35.7748
      vertex 9.53603 22.8 35.4342
    endloop
  endfacet
  facet normal 0 1 0
    outer loop
      vertex 9.53603 22.8 36.1658
      vertex 9.50249 22.8 35.8997
      vertex 9.52234 22.8 36.0981
    endloop
  endfacet
  facet normal -0 1 0
    outer loop
      vertex 9.50249 22.8 35.8997
      vertex 9.53603 22.8 36.1658
      vertex 9.50249 22.8 35.8252
    endloop
  endfacet
  facet normal 0 1 0
    outer loop
      vertex 13.461 22.8 36.1922
      vertex 13.4111 22.8 36.3895
      vertex 13.4603 22.8 36.1963
    endloop
  endfacet
  facet normal 0 1 0
    outer loop
      vertex 13.4111 22.8 36.3895
      vertex 13.461 22.8 36.1922
      vertex 13.3509 22.8 36.5551
    endloop
  endfacet
  facet normal 0 1 0
    outer loop
      vertex 12.4124 22.8 34.0203
      vertex 12.6024 22.8 34.1324
      vertex 12.5851 22.8 34.1199
    endloop
  endfacet
  facet normal 0 1 0
    outer loop
      vertex 12.6024 22.8 34.1324
      vertex 12.4124 22.8 34.0203
      vertex 12.2853 22.8 33.9629
    endloop
  endfacet
  facet normal 0 1 0
    outer loop
      vertex 12.747 22.8 34.2363
      vertex 12.908 22.8 34.3807
      vertex 12.8965 22.8 34.3683
    endloop
  endfacet
  facet normal 0 1 0
    outer loop
      vertex 12.908 22.8 34.3807
      vertex 12.747 22.8 34.2363
      vertex 12.627 22.8 34.1501
    endloop
  endfacet
  facet normal 0 1 0
    outer loop
      vertex 9.64542 22.8 36.5429
      vertex 9.56184 22.8 36.2935
      vertex 9.62061 22.8 36.484
    endloop
  endfacet
  facet normal -0 1 0
    outer loop
      vertex 9.56184 22.8 36.2935
      vertex 9.64542 22.8 36.5429
      vertex 9.546 22.8 36.2151
    endloop
  endfacet
  facet normal 0 1 0
    outer loop
      vertex 9.6648 22.8 35.0111
      vertex 9.79342 22.8 34.7571
      vertex 9.69806 22.8 34.9322
    endloop
  endfacet
  facet normal -0 1 -0
    outer loop
      vertex 9.79342 22.8 34.7571
      vertex 9.6648 22.8 35.0111
      vertex 9.82652 22.8 34.7086
    endloop
  endfacet
  facet normal 0 1 0
    outer loop
      vertex 13.2564 22.8 34.8435
      vertex 13.3458 22.8 35.031
      vertex 13.343 22.8 35.0231
    endloop
  endfacet
  facet normal 0 1 0
    outer loop
      vertex 13.3458 22.8 35.031
      vertex 13.2564 22.8 34.8435
      vertex 13.1699 22.8 34.7018
    endloop
  endfacet
  facet normal 0 1 0
    outer loop
      vertex 13.1591 22.8 36.9159
      vertex 13.0321 22.8 37.0856
      vertex 13.1525 22.8 36.9266
    endloop
  endfacet
  facet normal 0 1 0
    outer loop
      vertex 13.0321 22.8 37.0856
      vertex 13.1591 22.8 36.9159
      vertex 12.9256 22.8 37.2004
    endloop
  endfacet
  facet normal 0 1 0
    outer loop
      vertex 9.546 22.8 35.3849
      vertex 9.62061 22.8 35.116
      vertex 9.56184 22.8 35.3065
    endloop
  endfacet
  facet normal -0 1 -0
    outer loop
      vertex 9.62061 22.8 35.116
      vertex 9.546 22.8 35.3849
      vertex 9.64542 22.8 35.0571
    endloop
  endfacet
  facet normal 0 1 0
    outer loop
      vertex 13.3458 22.8 36.569
      vertex 13.2564 22.8 36.7565
      vertex 13.343 22.8 36.5769
    endloop
  endfacet
  facet normal 0 1 0
    outer loop
      vertex 13.2564 22.8 36.7565
      vertex 13.3458 22.8 36.569
      vertex 13.1699 22.8 36.8982
    endloop
  endfacet
  facet normal 0 1 0
    outer loop
      vertex 10.7185 22.8 33.9609
      vertex 10.5 22.8 34.0679
      vertex 10.4128 22.8 34.1242
    endloop
  endfacet
  facet normal 0 1 0
    outer loop
      vertex 10.5 22.8 34.0679
      vertex 10.7185 22.8 33.9609
      vertex 10.6774 22.8 33.977
    endloop
  endfacet
  facet normal 0 1 0
    outer loop
      vertex 11.4849 22.8 33.8015
      vertex 11.2513 22.8 33.8155
      vertex 11.136 22.8 33.8358
    endloop
  endfacet
  facet normal 0 1 0
    outer loop
      vertex 11.2513 22.8 33.8155
      vertex 11.4849 22.8 33.8015
      vertex 11.4501 22.8 33.8006
    endloop
  endfacet
  facet normal 0 1 0
    outer loop
      vertex 13.4111 22.8 35.2105
      vertex 13.461 22.8 35.4078
      vertex 13.4603 22.8 35.4037
    endloop
  endfacet
  facet normal 0 1 0
    outer loop
      vertex 13.461 22.8 35.4078
      vertex 13.4111 22.8 35.2105
      vertex 13.3509 22.8 35.0449
    endloop
  endfacet
  facet normal 0.707544 0.706669 0
    outer loop
      vertex 7.50497 24.8 35.9994
      vertex 9.5 22.8025 35.8
      vertex 7.50497 24.8 35.6006
    endloop
  endfacet
  facet normal 0.707547 0.706667 4.89065e-05
    outer loop
      vertex 9.50249 22.8 35.8997
      vertex 9.5 22.8025 35.8
      vertex 7.50497 24.8 35.9994
    endloop
  endfacet
  facet normal 0.708522 0.705688 0
    outer loop
      vertex 9.5 22.8025 35.8
      vertex 9.50249 22.8 35.8997
      vertex 9.50249 22.8 35.8252
    endloop
  endfacet
  facet normal 0.708522 0.705688 -0
    outer loop
      vertex 9.50249 22.8 35.7003
      vertex 9.5 22.8025 35.8
      vertex 9.50249 22.8 35.7748
    endloop
  endfacet
  facet normal 0.707547 0.706667 -4.89065e-05
    outer loop
      vertex 9.5 22.8025 35.8
      vertex 9.50249 22.8 35.7003
      vertex 7.50497 24.8 35.6006
    endloop
  endfacet
  facet normal 0.584144 0.706995 0.398664
    outer loop
      vertex 9.83706 22.8024 34.6889
      vertex 9.79342 22.8 34.7571
      vertex 9.82652 22.8 34.7086
    endloop
  endfacet
  facet normal 0.582784 0.709006 0.39708
    outer loop
      vertex 9.90573 22.8 34.5924
      vertex 9.83706 22.8024 34.6889
      vertex 9.85422 22.8 34.668
    endloop
  endfacet
  facet normal 0.584433 0.70666 0.398836
    outer loop
      vertex 8.0874 24.8 33.7134
      vertex 9.79342 22.8 34.7571
      vertex 9.83706 22.8024 34.6889
    endloop
  endfacet
  facet normal 0.584658 0.706679 0.398471
    outer loop
      vertex 8.0874 24.8 33.7134
      vertex 9.83706 22.8024 34.6889
      vertex 9.90573 22.8 34.5924
    endloop
  endfacet
  facet normal 0.600389 0.707088 0.373576
    outer loop
      vertex 9.79342 22.8 34.7571
      vertex 8.0874 24.8 33.7134
      vertex 8.08684 24.8 33.7143
    endloop
  endfacet
  facet normal -0.291219 0.706663 0.644841
    outer loop
      vertex 12.9623 24.8 32.0769
      vertex 12.2853 22.8 33.9629
      vertex 12.4124 22.8 34.0203
    endloop
  endfacet
  facet normal -0.287167 0.712721 0.639972
    outer loop
      vertex 12.2654 22.8015 33.9522
      vertex 12.2307 22.8 33.9383
      vertex 12.2541 22.8 33.9488
    endloop
  endfacet
  facet normal -0.293062 0.706582 0.644094
    outer loop
      vertex 12.2853 22.8 33.9629
      vertex 12.9623 24.8 32.0769
      vertex 12.2654 22.8015 33.9522
    endloop
  endfacet
  facet normal -0.289195 0.706725 0.645683
    outer loop
      vertex 12.9623 24.8 32.0769
      vertex 12.2307 22.8 33.9383
      vertex 12.2654 22.8015 33.9522
    endloop
  endfacet
  facet normal -0.28732 0.706771 0.646469
    outer loop
      vertex 12.2307 22.8 33.9383
      vertex 12.9623 24.8 32.0769
      vertex 12.9614 24.8 32.0765
    endloop
  endfacet
  facet normal -0.344068 0.705732 -0.619322
    outer loop
      vertex 13.6702 24.8 39.1601
      vertex 12.4742 22.8982 37.6574
      vertex 13.6693 24.8 39.1606
    endloop
  endfacet
  facet normal -0.353869 0.706664 -0.612701
    outer loop
      vertex 12.4742 22.8982 37.6574
      vertex 13.6702 24.8 39.1601
      vertex 12.6108 22.8473 37.5198
    endloop
  endfacet
  facet normal -0.0177928 0.706666 -0.707323
    outer loop
      vertex 11.5823 23.5602 38.5556
      vertex 11.7989 24.8 39.7888
      vertex 11.6978 23.4467 38.4393
    endloop
  endfacet
  facet normal 0 0.705217 -0.708991
    outer loop
      vertex 11.7989 24.8 39.7888
      vertex 11.5823 23.5602 38.5556
      vertex 11.7979 24.8 39.7888
    endloop
  endfacet
  facet normal -0.225404 0.706653 -0.670697
    outer loop
      vertex 12.9604 24.8 39.5238
      vertex 12.1223 23.0976 38.0118
      vertex 12.5834 24.8 39.6505
    endloop
  endfacet
  facet normal -0.226784 0.70679 -0.670087
    outer loop
      vertex 12.1223 23.0976 38.0118
      vertex 12.9604 24.8 39.5238
      vertex 12.1657 23.07 37.968
    endloop
  endfacet
  facet normal 0.496822 0.706564 -0.50392
    outer loop
      vertex 10.1738 22.8043 37.3028
      vertex 8.85255 24.8 38.7984
      vertex 8.85326 24.8 38.7991
    endloop
  endfacet
  facet normal 0.493969 0.706665 -0.506576
    outer loop
      vertex 10.0858 22.8023 37.2142
      vertex 8.85255 24.8 38.7984
      vertex 10.1738 22.8043 37.3028
    endloop
  endfacet
  facet normal 0.494179 0.706925 -0.506008
    outer loop
      vertex 10.0339 22.8 37.1603
      vertex 10.0858 22.8023 37.2142
      vertex 10.0724 22.8 37.1979
    endloop
  endfacet
  facet normal 0.494396 0.706633 -0.506204
    outer loop
      vertex 10.0858 22.8023 37.2142
      vertex 10.0339 22.8 37.1603
      vertex 8.85255 24.8 38.7984
    endloop
  endfacet
  facet normal 0.258478 0.706663 0.658648
    outer loop
      vertex 10.6774 22.8 33.977
      vertex 10.2251 24.8 32.0087
      vertex 9.85485 24.8 32.154
    endloop
  endfacet
  facet normal -0.619404 0.705638 -0.344113
    outer loop
      vertex 14.8055 24.8 38.0524
      vertex 13.1525 22.8 36.9266
      vertex 14.805 24.8 38.0533
    endloop
  endfacet
  facet normal -0.603886 0.706662 -0.368715
    outer loop
      vertex 13.1629 22.8008 36.9111
      vertex 13.1525 22.8 36.9266
      vertex 14.8055 24.8 38.0524
    endloop
  endfacet
  facet normal -0.634872 0.666022 -0.391603
    outer loop
      vertex 13.1525 22.8 36.9266
      vertex 13.1629 22.8008 36.9111
      vertex 13.1591 22.8 36.9159
    endloop
  endfacet
  facet normal -0.602534 0.706733 -0.370785
    outer loop
      vertex 14.8055 24.8 38.0524
      vertex 13.1699 22.8 36.8982
      vertex 13.1629 22.8008 36.9111
    endloop
  endfacet
  facet normal -0.60393 0.70665 -0.368666
    outer loop
      vertex 13.1699 22.8 36.8982
      vertex 14.8055 24.8 38.0524
      vertex 13.2564 22.8 36.7565
    endloop
  endfacet
  facet normal -0.468205 0.706675 -0.530466
    outer loop
      vertex 12.7572 22.8133 37.3723
      vertex 13.994 24.8 38.9273
      vertex 14.2922 24.8 38.6641
    endloop
  endfacet
  facet normal -0.475209 0.70641 -0.524557
    outer loop
      vertex 13.994 24.8 38.9273
      vertex 12.7572 22.8133 37.3723
      vertex 12.7554 22.8135 37.3742
    endloop
  endfacet
  facet normal -0.460657 0.706372 -0.537433
    outer loop
      vertex 12.8966 22.8002 37.2319
      vertex 14.2922 24.8 38.6641
      vertex 14.2929 24.8 38.6635
    endloop
  endfacet
  facet normal -0.468037 0.706657 -0.530638
    outer loop
      vertex 14.2922 24.8 38.6641
      vertex 12.8966 22.8002 37.2319
      vertex 12.7572 22.8133 37.3723
    endloop
  endfacet
  facet normal -0.157423 0.706663 -0.689815
    outer loop
      vertex 12.5834 24.8 39.6505
      vertex 12.0678 23.1391 38.0667
      vertex 12.1956 24.8 39.739
    endloop
  endfacet
  facet normal -0.156931 0.70664 -0.689951
    outer loop
      vertex 12.0678 23.1391 38.0667
      vertex 12.5834 24.8 39.6505
      vertex 12.1223 23.0976 38.0118
    endloop
  endfacet
  facet normal 0.138541 0.707788 -0.692706
    outer loop
      vertex 11.1003 23.2715 38.236
      vertex 10.6099 24.8 39.6997
      vertex 10.6109 24.8 39.6999
    endloop
  endfacet
  facet normal 0.122496 0.706643 -0.696886
    outer loop
      vertex 10.6099 24.8 39.6997
      vertex 11.1003 23.2715 38.236
      vertex 10.9732 23.1673 38.108
    endloop
  endfacet
  facet normal -0.353781 0.70666 0.612757
    outer loop
      vertex 13.6702 24.8 32.4399
      vertex 13.3257 24.8 32.241
      vertex 12.5851 22.8 34.1199
    endloop
  endfacet
  facet normal 0.584574 0.706667 0.398617
    outer loop
      vertex 9.90573 22.8 34.5924
      vertex 8.31147 24.8 33.3848
      vertex 8.0874 24.8 33.7134
    endloop
  endfacet
  facet normal -0.563941 0.706663 0.427314
    outer loop
      vertex 14.8044 24.8 33.5459
      vertex 14.5642 24.8 33.2289
      vertex 13.0321 22.8 34.5144
    endloop
  endfacet
  facet normal -0.413004 0.706661 0.574506
    outer loop
      vertex 13.9932 24.8 32.6721
      vertex 13.6702 24.8 32.4399
      vertex 12.5851 22.8 34.1199
    endloop
  endfacet
  facet normal -0.225397 0.706675 0.670676
    outer loop
      vertex 12.9604 24.8 32.0762
      vertex 12.5834 24.8 31.9495
      vertex 12.0417 22.8 33.8748
    endloop
  endfacet
  facet normal 0.676107 0.706669 -0.20856
    outer loop
      vertex 7.74123 24.8 37.1681
      vertex 9.62061 22.8 36.484
      vertex 7.62398 24.8 36.788
    endloop
  endfacet
  facet normal -0.565966 0.706757 -0.424474
    outer loop
      vertex 13.1525 22.8 36.9266
      vertex 14.8044 24.8 38.0541
      vertex 14.805 24.8 38.0533
    endloop
  endfacet
  facet normal -0.564062 0.70668 -0.427127
    outer loop
      vertex 14.8044 24.8 38.0541
      vertex 13.1525 22.8 36.9266
      vertex 13.0321 22.8 37.0856
    endloop
  endfacet
  facet normal 0.651974 0.706669 -0.274861
    outer loop
      vertex 7.89574 24.8 37.5346
      vertex 9.62061 22.8 36.484
      vertex 7.74123 24.8 37.1681
    endloop
  endfacet
  facet normal 0.322653 0.706675 0.629687
    outer loop
      vertex 10.6774 22.8 33.977
      vertex 9.85397 24.8 32.1544
      vertex 10.5 22.8 34.0679
    endloop
  endfacet
  facet normal 0.292605 0.707102 0.643731
    outer loop
      vertex 9.85397 24.8 32.1544
      vertex 10.6774 22.8 33.977
      vertex 9.85485 24.8 32.154
    endloop
  endfacet
  facet normal 0.224141 0.705413 -0.672424
    outer loop
      vertex 10.9732 23.1673 38.108
      vertex 10.609 24.8 39.6994
      vertex 10.6099 24.8 39.6997
    endloop
  endfacet
  facet normal 0.192066 0.706632 -0.681015
    outer loop
      vertex 10.609 24.8 39.6994
      vertex 10.9732 23.1673 38.108
      vertex 10.8292 23.0666 37.9629
    endloop
  endfacet
  facet normal -0.0176121 0.706665 0.707329
    outer loop
      vertex 11.6495 22.8 33.8056
      vertex 11.7989 24.8 31.8112
      vertex 11.4013 24.8 31.8013
    endloop
  endfacet
  facet normal 0.0528244 0.706668 -0.70557
    outer loop
      vertex 11.2992 23.4472 38.4363
      vertex 11.0026 24.8 39.769
      vertex 11.3993 24.8 39.7987
    endloop
  endfacet
  facet normal 0.0529428 0.706677 -0.705553
    outer loop
      vertex 11.0026 24.8 39.769
      vertex 11.2992 23.4472 38.4363
      vertex 11.1842 23.3401 38.3204
    endloop
  endfacet
  facet normal 0.0704587 0.706111 -0.704587
    outer loop
      vertex 11.4309 23.5698 38.569
      vertex 11.3993 24.8 39.7987
      vertex 11.4003 24.8 39.7988
    endloop
  endfacet
  facet normal 0.0531068 0.706647 -0.70557
    outer loop
      vertex 11.3993 24.8 39.7987
      vertex 11.4309 23.5698 38.569
      vertex 11.2992 23.4472 38.4363
    endloop
  endfacet
  facet normal 0.584574 0.706667 -0.398617
    outer loop
      vertex 8.31147 24.8 38.2152
      vertex 9.90573 22.8 37.0076
      vertex 8.0874 24.8 37.8866
    endloop
  endfacet
  facet normal 0.651974 0.706669 0.274861
    outer loop
      vertex 9.62061 22.8 35.116
      vertex 7.89574 24.8 34.0654
      vertex 7.74123 24.8 34.4319
    endloop
  endfacet
  facet normal -0.138694 0.707012 0.693468
    outer loop
      vertex 12.1936 24.8 31.8606
      vertex 11.8473 22.8 33.8304
      vertex 12.1946 24.8 31.8608
    endloop
  endfacet
  facet normal -0.088021 0.706678 0.702038
    outer loop
      vertex 11.8473 22.8 33.8304
      vertex 12.1936 24.8 31.8606
      vertex 11.6495 22.8 33.8056
    endloop
  endfacet
  facet normal -0.0878698 0.706667 0.702069
    outer loop
      vertex 12.1936 24.8 31.8606
      vertex 11.7989 24.8 31.8112
      vertex 11.6495 22.8 33.8056
    endloop
  endfacet
  facet normal 0.191582 0.706661 0.681121
    outer loop
      vertex 11.055 22.8 33.8501
      vertex 10.6099 24.8 31.9003
      vertex 10.227 24.8 32.008
    endloop
  endfacet
  facet normal 0.262824 0.706537 -0.657061
    outer loop
      vertex 10.7874 23.0374 37.9209
      vertex 10.2251 24.8 39.5913
      vertex 10.2261 24.8 39.5917
    endloop
  endfacet
  facet normal 0.258409 0.70666 -0.658678
    outer loop
      vertex 10.2251 24.8 39.5913
      vertex 10.7874 23.0374 37.9209
      vertex 10.6425 22.9543 37.7749
    endloop
  endfacet
  facet normal 0.542008 0.706665 -0.45481
    outer loop
      vertex 8.56715 24.8 38.5199
      vertex 9.90573 22.8 37.0076
      vertex 8.31147 24.8 38.2152
    endloop
  endfacet
  facet normal -0.518644 0.706658 0.481293
    outer loop
      vertex 14.5642 24.8 33.2289
      vertex 14.2936 24.8 32.9373
      vertex 13.0321 22.8 34.5144
    endloop
  endfacet
  facet normal 0.322836 0.70666 0.62961
    outer loop
      vertex 10.5 22.8 34.0679
      vertex 9.85397 24.8 32.1544
      vertex 9.5 24.8 32.3359
    endloop
  endfacet
  facet normal 0.44125 0.706666 0.553101
    outer loop
      vertex 10.3325 22.8 34.1761
      vertex 9.16502 24.8 32.5522
      vertex 8.85403 24.8 32.8003
    endloop
  endfacet
  facet normal 0.690432 0.706939 -0.153429
    outer loop
      vertex 9.56184 22.8 36.2935
      vertex 7.62349 24.8 36.7861
      vertex 7.62369 24.8 36.787
    endloop
  endfacet
  facet normal 0.694643 0.705531 -0.140346
    outer loop
      vertex 9.53843 22.8025 36.1902
      vertex 9.56184 22.8 36.2935
      vertex 9.546 22.8 36.2151
    endloop
  endfacet
  facet normal 0.693545 0.706665 -0.14007
    outer loop
      vertex 9.56184 22.8 36.2935
      vertex 9.53843 22.8025 36.1902
      vertex 7.62349 24.8 36.7861
    endloop
  endfacet
  facet normal 0.695329 0.704803 -0.140606
    outer loop
      vertex 9.52234 22.8 36.0981
      vertex 9.53843 22.8025 36.1902
      vertex 9.53603 22.8 36.1658
    endloop
  endfacet
  facet normal 0.693477 0.706679 -0.140334
    outer loop
      vertex 9.53843 22.8025 36.1902
      vertex 9.52234 22.8 36.0981
      vertex 7.62349 24.8 36.7861
    endloop
  endfacet
  facet normal -0.468209 0.706668 0.530471
    outer loop
      vertex 14.2929 24.8 32.9365
      vertex 13.9947 24.8 32.6733
      vertex 12.8965 22.8 34.3683
    endloop
  endfacet
  facet normal 0.676103 0.706668 -0.20858
    outer loop
      vertex 9.56184 22.8 36.2935
      vertex 7.62398 24.8 36.788
      vertex 9.62061 22.8 36.484
    endloop
  endfacet
  facet normal 0.679311 0.706914 -0.197
    outer loop
      vertex 7.62398 24.8 36.788
      vertex 9.56184 22.8 36.2935
      vertex 7.62369 24.8 36.787
    endloop
  endfacet
  facet normal 0.493999 0.706657 0.506558
    outer loop
      vertex 10.1766 22.8 34.3004
      vertex 8.85326 24.8 32.8009
      vertex 8.5685 24.8 33.0786
    endloop
  endfacet
  facet normal 0.250155 0.72775 0.638594
    outer loop
      vertex 10.7346 22.8021 33.9522
      vertex 10.6774 22.8 33.977
      vertex 10.7185 22.8 33.9609
    endloop
  endfacet
  facet normal 0.254101 0.718978 0.646918
    outer loop
      vertex 10.863 22.8 33.9041
      vertex 10.7346 22.8021 33.9522
      vertex 10.7604 22.8 33.9444
    endloop
  endfacet
  facet normal 0.259491 0.706584 0.658334
    outer loop
      vertex 10.7346 22.8021 33.9522
      vertex 10.2251 24.8 32.0087
      vertex 10.6774 22.8 33.977
    endloop
  endfacet
  facet normal 0.25832 0.706657 0.658716
    outer loop
      vertex 10.863 22.8 33.9041
      vertex 10.2251 24.8 32.0087
      vertex 10.7346 22.8021 33.9522
    endloop
  endfacet
  facet normal 0.262827 0.706531 0.657067
    outer loop
      vertex 10.2251 24.8 32.0087
      vertex 10.863 22.8 33.9041
      vertex 10.2261 24.8 32.0083
    endloop
  endfacet
  facet normal -0.424788 0.706232 -0.566384
    outer loop
      vertex 13.671 24.8 39.1595
      vertex 12.6108 22.8473 37.5198
      vertex 13.6702 24.8 39.1601
    endloop
  endfacet
  facet normal -0.413016 0.706658 -0.574502
    outer loop
      vertex 12.6108 22.8473 37.5198
      vertex 13.671 24.8 39.1595
      vertex 12.7534 22.8139 37.3762
    endloop
  endfacet
  facet normal 0.348565 0.708627 -0.613474
    outer loop
      vertex 10.5996 22.9324 37.7316
      vertex 9.5 24.8 39.2641
      vertex 9.50088 24.8 39.2646
    endloop
  endfacet
  facet normal 0.322207 0.706635 -0.629959
    outer loop
      vertex 9.5 24.8 39.2641
      vertex 10.5996 22.9324 37.7316
      vertex 10.4637 22.8725 37.5949
    endloop
  endfacet
  facet normal 0.584658 0.706679 -0.398471
    outer loop
      vertex 9.83706 22.8024 36.9111
      vertex 8.0874 24.8 37.8866
      vertex 9.90573 22.8 37.0076
    endloop
  endfacet
  facet normal 0.582784 0.709006 -0.39708
    outer loop
      vertex 9.83706 22.8024 36.9111
      vertex 9.90573 22.8 37.0076
      vertex 9.85422 22.8 36.932
    endloop
  endfacet
  facet normal 0.584433 0.70666 -0.398836
    outer loop
      vertex 9.79342 22.8 36.8429
      vertex 8.0874 24.8 37.8866
      vertex 9.83706 22.8024 36.9111
    endloop
  endfacet
  facet normal 0.584144 0.706995 -0.398664
    outer loop
      vertex 9.79342 22.8 36.8429
      vertex 9.83706 22.8024 36.9111
      vertex 9.82652 22.8 36.8914
    endloop
  endfacet
  facet normal 0.600389 0.707088 -0.373576
    outer loop
      vertex 8.0874 24.8 37.8866
      vertex 9.79342 22.8 36.8429
      vertex 8.08684 24.8 37.8857
    endloop
  endfacet
  facet normal -0.518723 0.70665 0.481219
    outer loop
      vertex 14.2936 24.8 32.9373
      vertex 12.9256 22.8 34.3996
      vertex 13.0321 22.8 34.5144
    endloop
  endfacet
  facet normal -0.523685 0.69991 0.485675
    outer loop
      vertex 12.9142 22.8011 34.3858
      vertex 12.8965 22.8 34.3683
      vertex 12.908 22.8 34.3807
    endloop
  endfacet
  facet normal -0.51674 0.706747 0.483207
    outer loop
      vertex 12.9256 22.8 34.3996
      vertex 14.2936 24.8 32.9373
      vertex 12.9142 22.8011 34.3858
    endloop
  endfacet
  facet normal -0.519201 0.706641 0.480717
    outer loop
      vertex 14.2936 24.8 32.9373
      vertex 12.8965 22.8 34.3683
      vertex 12.9142 22.8011 34.3858
    endloop
  endfacet
  facet normal -0.532985 0.705998 0.466362
    outer loop
      vertex 12.8965 22.8 34.3683
      vertex 14.2936 24.8 32.9373
      vertex 14.2929 24.8 32.9365
    endloop
  endfacet
  facet normal 0.621371 0.706661 -0.338419
    outer loop
      vertex 8.08684 24.8 37.8857
      vertex 9.79342 22.8 36.8429
      vertex 7.8966 24.8 37.5364
    endloop
  endfacet
  facet normal 0.621378 0.706663 -0.338404
    outer loop
      vertex 9.69806 22.8 36.6678
      vertex 7.8966 24.8 37.5364
      vertex 9.79342 22.8 36.8429
    endloop
  endfacet
  facet normal 0.624187 0.706802 -0.3329
    outer loop
      vertex 7.8966 24.8 37.5364
      vertex 9.69806 22.8 36.6678
      vertex 7.89612 24.8 37.5355
    endloop
  endfacet
  facet normal -0.0178216 0.70049 0.71344
    outer loop
      vertex 11.6495 22.8 33.8056
      vertex 11.5 22.8019 33.8
      vertex 11.5254 22.8 33.8025
    endloop
  endfacet
  facet normal -0.0183299 0.705217 0.708754
    outer loop
      vertex 11.5 22.8019 33.8
      vertex 11.4501 22.8 33.8006
      vertex 11.4849 22.8 33.8015
    endloop
  endfacet
  facet normal -0.017514 0.706672 0.707325
    outer loop
      vertex 11.4013 24.8 31.8013
      vertex 11.5 22.8019 33.8
      vertex 11.6495 22.8 33.8056
    endloop
  endfacet
  facet normal -0.018401 0.706639 0.707335
    outer loop
      vertex 11.4013 24.8 31.8013
      vertex 11.4501 22.8 33.8006
      vertex 11.5 22.8019 33.8
    endloop
  endfacet
  facet normal -0.0706325 0.704355 0.706325
    outer loop
      vertex 11.4501 22.8 33.8006
      vertex 11.4013 24.8 31.8013
      vertex 11.4003 24.8 31.8012
    endloop
  endfacet
  facet normal 0.0528827 0.706658 0.705576
    outer loop
      vertex 11.0036 24.8 31.831
      vertex 11.2513 22.8 33.8155
      vertex 11.4501 22.8 33.8006
    endloop
  endfacet
  facet normal 0 0.704351 0.709852
    outer loop
      vertex 11.2513 22.8 33.8155
      vertex 11.0036 24.8 31.831
      vertex 11.0026 24.8 31.831
    endloop
  endfacet
  facet normal 0.12116 0.71404 0.689541
    outer loop
      vertex 11.1098 22.802 33.8384
      vertex 11.055 22.8 33.8501
      vertex 11.0937 22.8 33.8433
    endloop
  endfacet
  facet normal 0.123151 0.703965 0.699476
    outer loop
      vertex 11.2513 22.8 33.8155
      vertex 11.1098 22.802 33.8384
      vertex 11.136 22.8 33.8358
    endloop
  endfacet
  facet normal 0.122976 0.706656 0.696788
    outer loop
      vertex 11.1098 22.802 33.8384
      vertex 11.0016 24.8 31.8312
      vertex 11.055 22.8 33.8501
    endloop
  endfacet
  facet normal 0.122759 0.70667 0.696813
    outer loop
      vertex 11.2513 22.8 33.8155
      vertex 11.0016 24.8 31.8312
      vertex 11.1098 22.802 33.8384
    endloop
  endfacet
  facet normal 0.138858 0.706174 0.694288
    outer loop
      vertex 11.0016 24.8 31.8312
      vertex 11.2513 22.8 33.8155
      vertex 11.0026 24.8 31.831
    endloop
  endfacet
  facet normal 0.364915 0.707031 -0.605759
    outer loop
      vertex 10.4637 22.8725 37.5949
      vertex 9.49917 24.8 39.2636
      vertex 9.5 24.8 39.2641
    endloop
  endfacet
  facet normal 0.384214 0.706648 -0.594162
    outer loop
      vertex 9.49917 24.8 39.2636
      vertex 10.4637 22.8725 37.5949
      vertex 10.3204 22.829 37.4505
    endloop
  endfacet
  facet normal -0.685687 0.706673 0.17449
    outer loop
      vertex 15.4204 24.8 35.0065
      vertex 15.3223 24.8 34.621
      vertex 13.4111 22.8 35.2105
    endloop
  endfacet
  facet normal 0.621378 0.706663 0.338404
    outer loop
      vertex 7.8966 24.8 34.0636
      vertex 9.69806 22.8 34.9322
      vertex 9.79342 22.8 34.7571
    endloop
  endfacet
  facet normal 0.624187 0.706802 0.3329
    outer loop
      vertex 9.69806 22.8 34.9322
      vertex 7.8966 24.8 34.0636
      vertex 7.89612 24.8 34.0645
    endloop
  endfacet
  facet normal 0.621371 0.706661 0.338419
    outer loop
      vertex 9.79342 22.8 34.7571
      vertex 8.08684 24.8 33.7143
      vertex 7.8966 24.8 34.0636
    endloop
  endfacet
  facet normal -0.637487 0.706653 0.307004
    outer loop
      vertex 15.1859 24.8 34.2463
      vertex 15.0133 24.8 33.8879
      vertex 13.343 22.8 35.0231
    endloop
  endfacet
  facet normal -0.565966 0.706757 0.424474
    outer loop
      vertex 14.8044 24.8 33.5459
      vertex 13.1525 22.8 34.6734
      vertex 14.805 24.8 33.5467
    endloop
  endfacet
  facet normal -0.564062 0.70668 0.427127
    outer loop
      vertex 13.1525 22.8 34.6734
      vertex 14.8044 24.8 33.5459
      vertex 13.0321 22.8 34.5144
    endloop
  endfacet
  facet normal -0.154832 0.718583 0.677986
    outer loop
      vertex 12.0417 22.8 33.8748
      vertex 11.8902 22.8017 33.8384
      vertex 11.9134 22.8 33.8455
    endloop
  endfacet
  facet normal -0.155638 0.713693 0.682948
    outer loop
      vertex 11.8902 22.8017 33.8384
      vertex 11.8473 22.8 33.8304
      vertex 11.8767 22.8 33.8371
    endloop
  endfacet
  facet normal -0.157792 0.706648 0.689747
    outer loop
      vertex 12.1956 24.8 31.861
      vertex 11.8902 22.8017 33.8384
      vertex 12.0417 22.8 33.8748
    endloop
  endfacet
  facet normal -0.156668 0.706689 0.689961
    outer loop
      vertex 12.1956 24.8 31.861
      vertex 11.8473 22.8 33.8304
      vertex 11.8902 22.8017 33.8384
    endloop
  endfacet
  facet normal -0.138694 0.707012 0.693468
    outer loop
      vertex 11.8473 22.8 33.8304
      vertex 12.1956 24.8 31.861
      vertex 12.1946 24.8 31.8608
    endloop
  endfacet
  facet normal -0.699648 0.706657 0.10549
    outer loop
      vertex 15.4801 24.8 35.4017
      vertex 15.4208 24.8 35.0084
      vertex 13.4901 22.8 35.6009
    endloop
  endfacet
  facet normal -0.66499 0.706647 0.241742
    outer loop
      vertex 15.1862 24.8 34.2472
      vertex 13.3509 22.8 35.0449
      vertex 13.4111 22.8 35.2105
    endloop
  endfacet
  facet normal -0.622347 0.751018 0.220579
    outer loop
      vertex 13.3478 22.8006 35.0346
      vertex 13.343 22.8 35.0231
      vertex 13.3458 22.8 35.031
    endloop
  endfacet
  facet normal -0.665145 0.706634 0.241352
    outer loop
      vertex 13.3509 22.8 35.0449
      vertex 15.1862 24.8 34.2472
      vertex 13.3478 22.8006 35.0346
    endloop
  endfacet
  facet normal -0.665346 0.706618 0.240843
    outer loop
      vertex 15.1862 24.8 34.2472
      vertex 13.343 22.8 35.0231
      vertex 13.3478 22.8006 35.0346
    endloop
  endfacet
  facet normal -0.671832 0.706039 0.223944
    outer loop
      vertex 13.343 22.8 35.0231
      vertex 15.1862 24.8 34.2472
      vertex 15.1859 24.8 34.2463
    endloop
  endfacet
  facet normal -0.673321 0.704462 0.22444
    outer loop
      vertex 15.4204 24.8 35.0065
      vertex 13.4603 22.8 35.4037
      vertex 15.4207 24.8 35.0074
    endloop
  endfacet
  facet normal -0.685665 0.706664 0.17461
    outer loop
      vertex 13.4603 22.8 35.4037
      vertex 15.4204 24.8 35.0065
      vertex 13.4111 22.8 35.2105
    endloop
  endfacet
  facet normal -0.699597 0.706674 0.105714
    outer loop
      vertex 15.4208 24.8 35.0084
      vertex 13.4621 22.8 35.4156
      vertex 13.4901 22.8 35.6009
    endloop
  endfacet
  facet normal -0.751258 0.647426 0.128264
    outer loop
      vertex 13.4616 22.8003 35.4098
      vertex 13.4603 22.8 35.4037
      vertex 13.461 22.8 35.4078
    endloop
  endfacet
  facet normal -0.701135 0.706402 0.0969807
    outer loop
      vertex 13.4621 22.8 35.4156
      vertex 15.4208 24.8 35.0084
      vertex 13.4616 22.8003 35.4098
    endloop
  endfacet
  facet normal -0.698109 0.706856 0.114014
    outer loop
      vertex 15.4208 24.8 35.0084
      vertex 13.4603 22.8 35.4037
      vertex 13.4616 22.8003 35.4098
    endloop
  endfacet
  facet normal -0.70534 0.705351 0.070534
    outer loop
      vertex 13.4603 22.8 35.4037
      vertex 15.4208 24.8 35.0084
      vertex 15.4207 24.8 35.0074
    endloop
  endfacet
  facet normal -0.468211 0.706665 -0.530474
    outer loop
      vertex 37.0929 24.8 14.3635
      vertex 35.6966 22.8002 12.9319
      vertex 36.7947 24.8 14.6267
    endloop
  endfacet
  facet normal -0.671832 0.706039 -0.223944
    outer loop
      vertex 37.9862 24.8 13.0528
      vertex 36.143 22.8 12.2769
      vertex 37.9859 24.8 13.0537
    endloop
  endfacet
  facet normal -0.665346 0.706618 -0.240843
    outer loop
      vertex 36.1478 22.8006 12.2654
      vertex 36.143 22.8 12.2769
      vertex 37.9862 24.8 13.0528
    endloop
  endfacet
  facet normal -0.622347 0.751018 -0.220579
    outer loop
      vertex 36.143 22.8 12.2769
      vertex 36.1478 22.8006 12.2654
      vertex 36.1458 22.8 12.269
    endloop
  endfacet
  facet normal -0.665145 0.706634 -0.241352
    outer loop
      vertex 37.9862 24.8 13.0528
      vertex 36.1509 22.8 12.2551
      vertex 36.1478 22.8006 12.2654
    endloop
  endfacet
  facet normal -0.66499 0.706647 -0.241742
    outer loop
      vertex 36.1509 22.8 12.2551
      vertex 37.9862 24.8 13.0528
      vertex 36.2111 22.8 12.0895
    endloop
  endfacet
  facet normal -0.706668 0.706668 0.0352178
    outer loop
      vertex 38.3 24.8 11.5
      vertex 38.2802 24.8 11.1027
      vertex 36.3 22.8 11.5
    endloop
  endfacet
  facet normal -0.703607 0.707097 0.0703607
    outer loop
      vertex 36.2901 22.8 11.3009
      vertex 38.2802 24.8 11.1027
      vertex 38.2801 24.8 11.1017
    endloop
  endfacet
  facet normal -0.706678 0.706662 0.0351387
    outer loop
      vertex 38.2802 24.8 11.1027
      vertex 36.2901 22.8 11.3009
      vertex 36.3 22.8 11.5
    endloop
  endfacet
  facet normal 0.494041 0.706674 -0.506494
    outer loop
      vertex 31.6525 24.8 14.4984
      vertex 32.8339 22.8 12.8603
      vertex 31.3678 24.8 14.2207
    endloop
  endfacet
  facet normal -0.637487 0.706653 -0.307004
    outer loop
      vertex 37.8133 24.8 13.4121
      vertex 37.9859 24.8 13.0537
      vertex 36.143 22.8 12.2769
    endloop
  endfacet
  facet normal 0.693534 0.706658 -0.140165
    outer loop
      vertex 30.4235 24.8 12.4861
      vertex 32.3223 22.8 11.7981
      vertex 30.3447 24.8 12.0962
    endloop
  endfacet
  facet normal 0.494077 0.706674 0.506458
    outer loop
      vertex 32.8339 22.8 10.1397
      vertex 31.6525 24.8 8.50157
      vertex 31.3678 24.8 8.77931
    endloop
  endfacet
  facet normal -0.518644 0.706658 -0.481293
    outer loop
      vertex 37.0936 24.8 14.3627
      vertex 37.3642 24.8 14.0711
      vertex 35.8321 22.8 12.7856
    endloop
  endfacet
  facet normal -0.157423 0.706663 -0.689815
    outer loop
      vertex 35.3834 24.8 15.3505
      vertex 34.8678 23.1391 13.7667
      vertex 34.9956 24.8 15.439
    endloop
  endfacet
  facet normal -0.156931 0.70664 -0.689951
    outer loop
      vertex 34.8678 23.1391 13.7667
      vertex 35.3834 24.8 15.3505
      vertex 34.9223 23.0976 13.7118
    endloop
  endfacet
  facet normal 0 0.701694 -0.712478
    outer loop
      vertex 34.1045 23.4522 14.1416
      vertex 33.8026 24.8 15.469
      vertex 33.8036 24.8 15.469
    endloop
  endfacet
  facet normal 0.0523916 0.706663 -0.705608
    outer loop
      vertex 33.8026 24.8 15.469
      vertex 34.1045 23.4522 14.1416
      vertex 33.9842 23.3401 14.0204
    endloop
  endfacet
  facet normal -0.518719 0.706655 0.481216
    outer loop
      vertex 37.0936 24.8 8.63726
      vertex 35.7256 22.8 10.0996
      vertex 35.8321 22.8 10.2144
    endloop
  endfacet
  facet normal -0.523685 0.69991 0.485675
    outer loop
      vertex 35.7142 22.8011 10.0858
      vertex 35.6965 22.8 10.0683
      vertex 35.708 22.8 10.0807
    endloop
  endfacet
  facet normal -0.516736 0.706752 0.483204
    outer loop
      vertex 35.7256 22.8 10.0996
      vertex 37.0936 24.8 8.63726
      vertex 35.7142 22.8011 10.0858
    endloop
  endfacet
  facet normal -0.519198 0.706646 0.480714
    outer loop
      vertex 37.0936 24.8 8.63726
      vertex 35.6965 22.8 10.0683
      vertex 35.7142 22.8011 10.0858
    endloop
  endfacet
  facet normal -0.510523 0.706904 0.489543
    outer loop
      vertex 35.6965 22.8 10.0683
      vertex 37.0936 24.8 8.63726
      vertex 37.0929 24.8 8.63653
    endloop
  endfacet
  facet normal -0.518631 0.706664 0.481298
    outer loop
      vertex 37.3642 24.8 8.92885
      vertex 37.0936 24.8 8.63726
      vertex 35.8321 22.8 10.2144
    endloop
  endfacet
  facet normal 0.122921 0.706662 -0.696792
    outer loop
      vertex 33.8436 23.225 13.8789
      vertex 33.4099 24.8 15.3997
      vertex 33.8016 24.8 15.4688
    endloop
  endfacet
  facet normal 0.122637 0.706647 -0.696857
    outer loop
      vertex 33.4099 24.8 15.3997
      vertex 33.8436 23.225 13.8789
      vertex 33.7732 23.1673 13.808
    endloop
  endfacet
  facet normal -0.0703711 0.706992 -0.703711
    outer loop
      vertex 34.5999 24.8 15.4887
      vertex 34.4978 23.4467 14.1393
      vertex 34.5989 24.8 15.4888
    endloop
  endfacet
  facet normal -0.0881827 0.706663 -0.702033
    outer loop
      vertex 34.4978 23.4467 14.1393
      vertex 34.5999 24.8 15.4887
      vertex 34.6348 23.3267 14.0013
    endloop
  endfacet
  facet normal -0.343504 0.706896 -0.618307
    outer loop
      vertex 36.1257 24.8 15.059
      vertex 35.2597 22.9036 13.372
      vertex 36.1248 24.8 15.0595
    endloop
  endfacet
  facet normal -0.354072 0.706648 -0.612602
    outer loop
      vertex 35.2597 22.9036 13.372
      vertex 36.1257 24.8 15.059
      vertex 35.4036 22.85 13.227
    endloop
  endfacet
  facet normal 0.441073 0.706662 -0.553248
    outer loop
      vertex 32.9738 22.8043 13.0028
      vertex 31.654 24.8 14.4997
      vertex 33.1125 22.8271 13.1425
    endloop
  endfacet
  facet normal 0.460208 0.707062 -0.53691
    outer loop
      vertex 31.654 24.8 14.4997
      vertex 32.9738 22.8043 13.0028
      vertex 31.6533 24.8 14.4991
    endloop
  endfacet
  facet normal -0.673321 0.704462 -0.22444
    outer loop
      vertex 36.2603 22.8 11.8963
      vertex 38.2204 24.8 12.2935
      vertex 38.2207 24.8 12.2926
    endloop
  endfacet
  facet normal -0.685665 0.706664 -0.17461
    outer loop
      vertex 38.2204 24.8 12.2935
      vertex 36.2603 22.8 11.8963
      vertex 36.2111 22.8 12.0895
    endloop
  endfacet
  facet normal -0.532986 0.705997 -0.466363
    outer loop
      vertex 37.0936 24.8 14.3627
      vertex 35.6966 22.8002 12.9319
      vertex 37.0929 24.8 14.3635
    endloop
  endfacet
  facet normal -0.51939 0.706632 -0.480525
    outer loop
      vertex 37.0936 24.8 14.3627
      vertex 35.7142 22.8011 12.9142
      vertex 35.6966 22.8002 12.9319
    endloop
  endfacet
  facet normal -0.51674 0.706747 -0.483207
    outer loop
      vertex 37.0936 24.8 14.3627
      vertex 35.7256 22.8 12.9004
      vertex 35.7142 22.8011 12.9142
    endloop
  endfacet
  facet normal -0.518723 0.70665 -0.481219
    outer loop
      vertex 35.7256 22.8 12.9004
      vertex 37.0936 24.8 14.3627
      vertex 35.8321 22.8 12.7856
    endloop
  endfacet
  facet normal -0.353774 0.706672 -0.612746
    outer loop
      vertex 36.4702 24.8 14.8601
      vertex 35.4036 22.85 13.227
      vertex 36.1257 24.8 15.059
    endloop
  endfacet
  facet normal -0.350064 0.706546 -0.615019
    outer loop
      vertex 35.4036 22.85 13.227
      vertex 36.4702 24.8 14.8601
      vertex 35.4108 22.8473 13.2198
    endloop
  endfacet
  facet normal -0.703607 0.707097 -0.0703607
    outer loop
      vertex 36.2901 22.8 11.6991
      vertex 38.28 24.8 11.8993
      vertex 38.2801 24.8 11.8983
    endloop
  endfacet
  facet normal -0.698941 0.705997 -0.114234
    outer loop
      vertex 38.28 24.8 11.8993
      vertex 36.2616 22.8003 11.8902
      vertex 36.2603 22.8 11.8963
    endloop
  endfacet
  facet normal -0.751258 0.647426 -0.128264
    outer loop
      vertex 36.2603 22.8 11.8963
      vertex 36.2616 22.8003 11.8902
      vertex 36.261 22.8 11.8922
    endloop
  endfacet
  facet normal -0.700272 0.707262 -0.0969508
    outer loop
      vertex 38.28 24.8 11.8993
      vertex 36.2621 22.8 11.8844
      vertex 36.2616 22.8003 11.8902
    endloop
  endfacet
  facet normal -0.699611 0.70666 -0.105716
    outer loop
      vertex 38.28 24.8 11.8993
      vertex 36.2901 22.8 11.6991
      vertex 36.2621 22.8 11.8844
    endloop
  endfacet
  facet normal -0.563941 0.706663 -0.427314
    outer loop
      vertex 37.3642 24.8 14.0711
      vertex 37.6044 24.8 13.7541
      vertex 35.8321 22.8 12.7856
    endloop
  endfacet
  facet normal -0.56399 0.706666 0.427244
    outer loop
      vertex 37.6044 24.8 9.24593
      vertex 37.3642 24.8 8.92885
      vertex 35.8321 22.8 10.2144
    endloop
  endfacet
  facet normal 0.0528776 0.706666 0.705568
    outer loop
      vertex 34.2501 22.8 9.50062
      vertex 34.2003 24.8 7.50124
      vertex 33.8036 24.8 7.53097
    endloop
  endfacet
  facet normal 0.541997 0.706656 -0.454836
    outer loop
      vertex 31.3672 24.8 14.2199
      vertex 32.7057 22.8 12.7076
      vertex 31.1115 24.8 13.9152
    endloop
  endfacet
  facet normal -0.565966 0.706757 -0.424474
    outer loop
      vertex 35.9525 22.8 12.6266
      vertex 37.6044 24.8 13.7541
      vertex 37.605 24.8 13.7533
    endloop
  endfacet
  facet normal -0.564062 0.70668 -0.427127
    outer loop
      vertex 37.6044 24.8 13.7541
      vertex 35.9525 22.8 12.6266
      vertex 35.8321 22.8 12.7856
    endloop
  endfacet
  facet normal 0.693534 0.706658 0.140165
    outer loop
      vertex 32.3223 22.8 11.2019
      vertex 30.4235 24.8 10.5139
      vertex 30.3447 24.8 10.9038
    endloop
  endfacet
  facet normal -0.699628 0.706678 -0.105487
    outer loop
      vertex 38.2207 24.8 12.2926
      vertex 38.28 24.8 11.8993
      vertex 36.2603 22.8 11.8963
    endloop
  endfacet
  facet normal -0.706668 0.706668 -0.0352178
    outer loop
      vertex 38.2802 24.8 11.8973
      vertex 38.3 24.8 11.5
      vertex 36.3 22.8 11.5
    endloop
  endfacet
  facet normal 0.676085 0.706655 -0.208681
    outer loop
      vertex 32.3618 22.8 11.9935
      vertex 30.424 24.8 12.488
      vertex 32.4206 22.8 12.184
    endloop
  endfacet
  facet normal 0.677596 0.706783 -0.203279
    outer loop
      vertex 30.424 24.8 12.488
      vertex 32.3618 22.8 11.9935
      vertex 30.4237 24.8 12.487
    endloop
  endfacet
  facet normal -0.618126 0.707102 -0.343404
    outer loop
      vertex 36.0564 22.8 12.4565
      vertex 37.8124 24.8 13.4139
      vertex 37.8129 24.8 13.413
    endloop
  endfacet
  facet normal -0.603859 0.706695 -0.368695
    outer loop
      vertex 37.8124 24.8 13.4139
      vertex 35.9629 22.8008 12.6111
      vertex 35.9525 22.8 12.6266
    endloop
  endfacet
  facet normal -0.634872 0.666022 -0.391603
    outer loop
      vertex 35.9525 22.8 12.6266
      vertex 35.9629 22.8008 12.6111
      vertex 35.9591 22.8 12.6159
    endloop
  endfacet
  facet normal -0.604617 0.706809 -0.367233
    outer loop
      vertex 37.8124 24.8 13.4139
      vertex 35.9698 22.8 12.5982
      vertex 35.9629 22.8008 12.6111
    endloop
  endfacet
  facet normal -0.603714 0.706681 -0.36896
    outer loop
      vertex 37.8124 24.8 13.4139
      vertex 36.0564 22.8 12.4565
      vertex 35.9698 22.8 12.5982
    endloop
  endfacet
  facet normal 0.542003 0.706659 0.454826
    outer loop
      vertex 32.7057 22.8 10.2924
      vertex 31.3672 24.8 8.78007
      vertex 31.1115 24.8 9.08478
    endloop
  endfacet
  facet normal -0.157251 0.707451 0.689046
    outer loop
      vertex 34.8417 22.8 9.57475
      vertex 34.6902 22.8017 9.53843
      vertex 34.7134 22.8 9.54547
    endloop
  endfacet
  facet normal -0.157576 0.705752 0.690712
    outer loop
      vertex 34.6902 22.8017 9.53843
      vertex 34.6473 22.8 9.53038
      vertex 34.6768 22.8 9.53711
    endloop
  endfacet
  facet normal -0.157442 0.706668 0.689807
    outer loop
      vertex 34.9956 24.8 7.56099
      vertex 34.6902 22.8017 9.53843
      vertex 34.8417 22.8 9.57475
    endloop
  endfacet
  facet normal -0.157442 0.706668 0.689806
    outer loop
      vertex 34.9956 24.8 7.56099
      vertex 34.6473 22.8 9.53038
      vertex 34.6902 22.8017 9.53843
    endloop
  endfacet
  facet normal -0.151997 0.706794 0.690898
    outer loop
      vertex 34.6473 22.8 9.53038
      vertex 34.9956 24.8 7.56099
      vertex 34.9946 24.8 7.56077
    endloop
  endfacet
  facet normal 0.676131 0.706671 -0.208478
    outer loop
      vertex 30.5412 24.8 12.8681
      vertex 32.4206 22.8 12.184
      vertex 30.424 24.8 12.488
    endloop
  endfacet
  facet normal 0.32267 0.706667 -0.629687
    outer loop
      vertex 33.4194 22.9411 13.4516
      vertex 32.3009 24.8 14.9646
      vertex 32.6549 24.8 15.146
    endloop
  endfacet
  facet normal 0.32439 0.706831 -0.628618
    outer loop
      vertex 32.3009 24.8 14.9646
      vertex 33.4194 22.9411 13.4516
      vertex 33.3996 22.9324 13.4316
    endloop
  endfacet
  facet normal 0.191584 0.706654 -0.681128
    outer loop
      vertex 33.7732 23.1673 13.808
      vertex 33.027 24.8 15.292
      vertex 33.4099 24.8 15.3997
    endloop
  endfacet
  facet normal 0.192801 0.70678 -0.680654
    outer loop
      vertex 33.027 24.8 15.292
      vertex 33.7732 23.1673 13.808
      vertex 33.7187 23.1292 13.753
    endloop
  endfacet
  facet normal 0.704033 0.706665 -0.0704389
    outer loop
      vertex 30.3446 24.8 12.0952
      vertex 32.3025 22.8 11.5997
      vertex 30.305 24.8 11.6994
    endloop
  endfacet
  facet normal 0.441243 0.706664 -0.55311
    outer loop
      vertex 33.1163 22.8277 13.1464
      vertex 31.654 24.8 14.4997
      vertex 31.965 24.8 14.7478
    endloop
  endfacet
  facet normal 0.448752 0.707405 -0.546077
    outer loop
      vertex 31.654 24.8 14.4997
      vertex 33.1163 22.8277 13.1464
      vertex 33.1125 22.8271 13.1425
    endloop
  endfacet
  facet normal -0.225384 0.706667 0.670689
    outer loop
      vertex 35.7604 24.8 7.77619
      vertex 35.3834 24.8 7.6495
      vertex 34.8417 22.8 9.57475
    endloop
  endfacet
  facet normal 0.651934 0.706663 -0.274972
    outer loop
      vertex 32.4522 22.8025 12.2654
      vertex 30.5416 24.8 12.869
      vertex 32.4981 22.8 12.3678
    endloop
  endfacet
  facet normal 0.655289 0.702928 -0.276567
    outer loop
      vertex 32.4522 22.8025 12.2654
      vertex 32.4981 22.8 12.3678
      vertex 32.4648 22.8 12.2889
    endloop
  endfacet
  facet normal 0.651993 0.706671 -0.274812
    outer loop
      vertex 32.4206 22.8 12.184
      vertex 30.5416 24.8 12.869
      vertex 32.4522 22.8025 12.2654
    endloop
  endfacet
  facet normal 0.656382 0.701984 -0.276372
    outer loop
      vertex 32.4206 22.8 12.184
      vertex 32.4522 22.8025 12.2654
      vertex 32.4454 22.8 12.2429
    endloop
  endfacet
  facet normal 0.646929 0.706267 -0.287524
    outer loop
      vertex 30.5416 24.8 12.869
      vertex 32.4206 22.8 12.184
      vertex 30.5412 24.8 12.8681
    endloop
  endfacet
  facet normal 0.191629 0.706669 0.6811
    outer loop
      vertex 33.855 22.8 9.55014
      vertex 33.4099 24.8 7.60029
      vertex 33.027 24.8 7.70802
    endloop
  endfacet
  facet normal -0.685687 0.706673 -0.17449
    outer loop
      vertex 38.1223 24.8 12.679
      vertex 38.2204 24.8 12.2935
      vertex 36.2111 22.8 12.0895
    endloop
  endfacet
  facet normal -0.706678 0.706662 -0.0351387
    outer loop
      vertex 36.2901 22.8 11.6991
      vertex 38.2802 24.8 11.8973
      vertex 36.3 22.8 11.5
    endloop
  endfacet
  facet normal -0.703607 0.707097 -0.0703607
    outer loop
      vertex 38.2802 24.8 11.8973
      vertex 36.2901 22.8 11.6991
      vertex 38.2801 24.8 11.8983
    endloop
  endfacet
  facet normal 0.704064 0.706652 0.0702645
    outer loop
      vertex 32.3223 22.8 11.2019
      vertex 30.3446 24.8 10.9048
      vertex 32.3025 22.8 11.4003
    endloop
  endfacet
  facet normal 0.704047 0.706655 0.0704047
    outer loop
      vertex 30.3446 24.8 10.9048
      vertex 32.3223 22.8 11.2019
      vertex 30.3447 24.8 10.9038
    endloop
  endfacet
  facet normal 0.584556 0.706659 -0.398658
    outer loop
      vertex 31.1115 24.8 13.9152
      vertex 32.7057 22.8 12.7076
      vertex 30.8874 24.8 13.5866
    endloop
  endfacet
  facet normal -0.468227 0.706663 0.530463
    outer loop
      vertex 36.7947 24.8 8.37333
      vertex 35.547 22.8 9.93634
      vertex 35.6965 22.8 10.0683
    endloop
  endfacet
  facet normal -0.485914 0.705896 0.515363
    outer loop
      vertex 35.547 22.8 9.93634
      vertex 36.7947 24.8 8.37333
      vertex 36.794 24.8 8.37267
    endloop
  endfacet
  facet normal -0.0177928 0.706666 -0.707323
    outer loop
      vertex 34.3823 23.5602 14.2556
      vertex 34.5989 24.8 15.4888
      vertex 34.4978 23.4467 14.1393
    endloop
  endfacet
  facet normal 0 0.705217 -0.708991
    outer loop
      vertex 34.5989 24.8 15.4888
      vertex 34.3823 23.5602 14.2556
      vertex 34.5979 24.8 15.4888
    endloop
  endfacet
  facet normal 0.342845 0.708251 -0.617121
    outer loop
      vertex 33.3996 22.9324 13.4316
      vertex 32.3 24.8 14.9641
      vertex 32.3009 24.8 14.9646
    endloop
  endfacet
  facet normal 0.322207 0.706635 -0.629959
    outer loop
      vertex 32.3 24.8 14.9641
      vertex 33.3996 22.9324 13.4316
      vertex 33.2637 22.8725 13.2949
    endloop
  endfacet
  facet normal 0.383828 0.706666 0.59439
    outer loop
      vertex 33.1325 22.8 9.87612
      vertex 32.2992 24.8 8.03644
      vertex 31.965 24.8 8.25225
    endloop
  endfacet
  facet normal -0.664843 0.706673 -0.242068
    outer loop
      vertex 37.9862 24.8 13.0528
      vertex 38.1223 24.8 12.679
      vertex 36.2111 22.8 12.0895
    endloop
  endfacet
  facet normal 0.379785 0.713678 0.58858
    outer loop
      vertex 33.1889 22.8022 9.83706
      vertex 33.1325 22.8 9.87612
      vertex 33.1736 22.8 9.8496
    endloop
  endfacet
  facet normal 0.384261 0.705691 0.595267
    outer loop
      vertex 33.3 22.8 9.76795
      vertex 33.1889 22.8022 9.83706
      vertex 33.2128 22.8 9.82424
    endloop
  endfacet
  facet normal 0.384013 0.70665 0.594289
    outer loop
      vertex 33.1889 22.8022 9.83706
      vertex 32.2992 24.8 8.03644
      vertex 33.1325 22.8 9.87612
    endloop
  endfacet
  facet normal 0.383761 0.706667 0.594432
    outer loop
      vertex 33.3 22.8 9.76795
      vertex 32.2992 24.8 8.03644
      vertex 33.1889 22.8022 9.83706
    endloop
  endfacet
  facet normal 0.396094 0.706235 0.586806
    outer loop
      vertex 32.2992 24.8 8.03644
      vertex 33.3 22.8 9.76795
      vertex 32.3 24.8 8.0359
    endloop
  endfacet
  facet normal -0.0880441 0.706674 -0.70204
    outer loop
      vertex 34.9946 24.8 15.4392
      vertex 34.6348 23.3267 14.0013
      vertex 34.5999 24.8 15.4887
    endloop
  endfacet
  facet normal -0.0878301 0.70666 -0.70208
    outer loop
      vertex 34.6348 23.3267 14.0013
      vertex 34.9946 24.8 15.4392
      vertex 34.725 23.2476 13.9104
    endloop
  endfacet
  facet normal 0.621477 0.706651 0.338245
    outer loop
      vertex 32.5934 22.8 10.4571
      vertex 30.8864 24.8 9.41513
      vertex 32.4981 22.8 10.6322
    endloop
  endfacet
  facet normal 0.644677 0.704654 0.296403
    outer loop
      vertex 30.8864 24.8 9.41513
      vertex 32.5934 22.8 10.4571
      vertex 30.8868 24.8 9.41426
    endloop
  endfacet
  facet normal 0.383808 0.70668 -0.594387
    outer loop
      vertex 33.1204 22.829 13.1505
      vertex 31.965 24.8 14.7478
      vertex 32.2992 24.8 14.9636
    endloop
  endfacet
  facet normal 0.375827 0.706392 -0.599804
    outer loop
      vertex 31.965 24.8 14.7478
      vertex 33.1204 22.829 13.1505
      vertex 33.1163 22.8277 13.1464
    endloop
  endfacet
  facet normal -0.291054 0.706668 0.644909
    outer loop
      vertex 36.1248 24.8 7.94051
      vertex 35.7623 24.8 7.77691
      vertex 35.2124 22.8 9.72026
    endloop
  endfacet
  facet normal -0.412949 0.706668 0.574537
    outer loop
      vertex 36.7932 24.8 8.37209
      vertex 35.427 22.8 9.85009
      vertex 35.547 22.8 9.93634
    endloop
  endfacet
  facet normal -0.41646 0.700424 0.579627
    outer loop
      vertex 35.4111 22.8013 9.83706
      vertex 35.3851 22.8 9.81995
      vertex 35.4024 22.8 9.83238
    endloop
  endfacet
  facet normal -0.415265 0.706737 0.57278
    outer loop
      vertex 36.7932 24.8 8.37209
      vertex 35.547 22.8 9.93634
      vertex 36.794 24.8 8.37267
    endloop
  endfacet
  facet normal -0.413011 0.706673 0.574486
    outer loop
      vertex 35.427 22.8 9.85009
      vertex 36.7932 24.8 8.37209
      vertex 35.4111 22.8013 9.83706
    endloop
  endfacet
  facet normal -0.413257 0.706695 0.574283
    outer loop
      vertex 35.4111 22.8013 9.83706
      vertex 36.7932 24.8 8.37209
      vertex 35.3851 22.8 9.81995
    endloop
  endfacet
  facet normal 0.541887 0.706671 0.454944
    outer loop
      vertex 32.8339 22.8 10.1397
      vertex 31.3672 24.8 8.78007
      vertex 32.7057 22.8 10.2924
    endloop
  endfacet
  facet normal 0.555874 0.705986 0.438848
    outer loop
      vertex 31.3672 24.8 8.78007
      vertex 32.8339 22.8 10.1397
      vertex 31.3678 24.8 8.77931
    endloop
  endfacet
  facet normal 0.494179 0.706925 0.506008
    outer loop
      vertex 32.8858 22.8023 10.0858
      vertex 32.8339 22.8 10.1397
      vertex 32.8724 22.8 10.1021
    endloop
  endfacet
  facet normal 0.495707 0.704364 0.508081
    outer loop
      vertex 32.9766 22.8 10.0004
      vertex 32.8858 22.8023 10.0858
      vertex 32.9068 22.8 10.0685
    endloop
  endfacet
  facet normal 0.494388 0.706643 0.506197
    outer loop
      vertex 32.8858 22.8023 10.0858
      vertex 31.6525 24.8 8.50157
      vertex 32.8339 22.8 10.1397
    endloop
  endfacet
  facet normal 0.494171 0.70666 0.506387
    outer loop
      vertex 32.9766 22.8 10.0004
      vertex 31.6525 24.8 8.50157
      vertex 32.8858 22.8023 10.0858
    endloop
  endfacet
  facet normal 0.465643 0.707091 0.532164
    outer loop
      vertex 31.6525 24.8 8.50157
      vertex 32.9766 22.8 10.0004
      vertex 31.6533 24.8 8.50087
    endloop
  endfacet
  facet normal -0.0176476 0.706667 0.707326
    outer loop
      vertex 34.2501 22.8 9.50062
      vertex 34.5979 24.8 7.51116
      vertex 34.2003 24.8 7.50124
    endloop
  endfacet
  facet normal -0.0173659 0.706627 -0.707373
    outer loop
      vertex 34.31 23.6313 14.3284
      vertex 34.5979 24.8 15.4888
      vertex 34.3823 23.5602 14.2556
    endloop
  endfacet
  facet normal -0.017667 0.706682 -0.707311
    outer loop
      vertex 34.2003 24.8 15.4988
      vertex 34.31 23.6313 14.3284
      vertex 34.29 23.6308 14.3284
    endloop
  endfacet
  facet normal -0.0184386 0.706642 -0.707331
    outer loop
      vertex 34.2003 24.8 15.4988
      vertex 34.29 23.6308 14.3284
      vertex 34.2309 23.5698 14.269
    endloop
  endfacet
  facet normal -0.0177896 0.706674 -0.707315
    outer loop
      vertex 34.31 23.6313 14.3284
      vertex 34.2003 24.8 15.4988
      vertex 34.5979 24.8 15.4888
    endloop
  endfacet
  facet normal -0.603738 0.706676 -0.368931
    outer loop
      vertex 37.605 24.8 13.7533
      vertex 37.8124 24.8 13.4139
      vertex 35.9525 22.8 12.6266
    endloop
  endfacet
  facet normal 0.138856 0.706181 -0.694282
    outer loop
      vertex 33.9842 23.3401 14.0204
      vertex 33.8016 24.8 15.4688
      vertex 33.8026 24.8 15.469
    endloop
  endfacet
  facet normal 0.122761 0.706674 -0.696808
    outer loop
      vertex 33.8016 24.8 15.4688
      vertex 33.9842 23.3401 14.0204
      vertex 33.8436 23.225 13.8789
    endloop
  endfacet
  facet normal -0.413004 0.706662 -0.574506
    outer loop
      vertex 36.7932 24.8 14.6279
      vertex 35.4108 22.8473 13.2198
      vertex 36.4702 24.8 14.8601
    endloop
  endfacet
  facet normal -0.416866 0.707041 -0.571241
    outer loop
      vertex 35.4108 22.8473 13.2198
      vertex 36.7932 24.8 14.6279
      vertex 35.4173 22.8458 13.2132
    endloop
  endfacet
  facet normal -0.138694 0.707012 -0.693468
    outer loop
      vertex 34.9956 24.8 15.439
      vertex 34.725 23.2476 13.9104
      vertex 34.9946 24.8 15.4392
    endloop
  endfacet
  facet normal -0.157254 0.706676 -0.689841
    outer loop
      vertex 34.725 23.2476 13.9104
      vertex 34.9956 24.8 15.439
      vertex 34.8678 23.1391 13.7667
    endloop
  endfacet
  facet normal -0.087975 0.706666 0.702057
    outer loop
      vertex 34.6473 22.8 9.53038
      vertex 34.9946 24.8 7.56077
      vertex 34.5999 24.8 7.51131
    endloop
  endfacet
  facet normal 0.191598 0.706666 0.681112
    outer loop
      vertex 33.027 24.8 7.70802
      vertex 33.663 22.8 9.60415
      vertex 33.855 22.8 9.55014
    endloop
  endfacet
  facet normal 0.203241 0.706915 0.677469
    outer loop
      vertex 33.663 22.8 9.60415
      vertex 33.027 24.8 7.70802
      vertex 33.0261 24.8 7.70829
    endloop
  endfacet
  facet normal 0.374888 0.706875 -0.599822
    outer loop
      vertex 33.2637 22.8725 13.2949
      vertex 32.2992 24.8 14.9636
      vertex 32.3 24.8 14.9641
    endloop
  endfacet
  facet normal 0.384216 0.706645 -0.594164
    outer loop
      vertex 32.2992 24.8 14.9636
      vertex 33.2637 22.8725 13.2949
      vertex 33.1204 22.829 13.1505
    endloop
  endfacet
  facet normal -0.637478 0.706656 0.307017
    outer loop
      vertex 37.9859 24.8 9.94626
      vertex 37.8133 24.8 9.58788
      vertex 36.143 22.8 10.7231
    endloop
  endfacet
  facet normal 0.0530021 0.706657 -0.705568
    outer loop
      vertex 34.2309 23.5698 14.269
      vertex 33.8036 24.8 15.469
      vertex 34.2003 24.8 15.4988
    endloop
  endfacet
  facet normal 0.0535142 0.706728 -0.705459
    outer loop
      vertex 33.8036 24.8 15.469
      vertex 34.2309 23.5698 14.269
      vertex 34.1045 23.4522 14.1416
    endloop
  endfacet
  facet normal -0.412988 0.706669 0.574509
    outer loop
      vertex 36.7932 24.8 8.37209
      vertex 36.4702 24.8 8.1399
      vertex 35.3851 22.8 9.81995
    endloop
  endfacet
  facet normal 0.258512 0.706652 -0.658646
    outer loop
      vertex 33.4425 22.9543 13.4749
      vertex 32.6549 24.8 15.146
      vertex 33.0251 24.8 15.2913
    endloop
  endfacet
  facet normal 0.25991 0.706702 -0.658042
    outer loop
      vertex 32.6549 24.8 15.146
      vertex 33.4425 22.9543 13.4749
      vertex 33.4194 22.9411 13.4516
    endloop
  endfacet
  facet normal -0.460321 0.706888 -0.537042
    outer loop
      vertex 36.7947 24.8 14.6267
      vertex 35.5554 22.8135 13.0742
      vertex 36.794 24.8 14.6273
    endloop
  endfacet
  facet normal -0.468116 0.706674 -0.530546
    outer loop
      vertex 35.5554 22.8135 13.0742
      vertex 36.7947 24.8 14.6267
      vertex 35.6966 22.8002 12.9319
    endloop
  endfacet
  facet normal -0.563471 0.706651 0.427953
    outer loop
      vertex 37.6044 24.8 9.24593
      vertex 35.9525 22.8 10.3734
      vertex 37.605 24.8 9.24672
    endloop
  endfacet
  facet normal -0.564065 0.706677 0.427128
    outer loop
      vertex 35.9525 22.8 10.3734
      vertex 37.6044 24.8 9.24593
      vertex 35.8321 22.8 10.2144
    endloop
  endfacet
  facet normal 0.676085 0.706655 0.208681
    outer loop
      vertex 30.424 24.8 10.512
      vertex 32.3618 22.8 11.0065
      vertex 32.4206 22.8 10.816
    endloop
  endfacet
  facet normal 0.677596 0.706783 0.203279
    outer loop
      vertex 32.3618 22.8 11.0065
      vertex 30.424 24.8 10.512
      vertex 30.4237 24.8 10.513
    endloop
  endfacet
  facet normal 0.690441 0.706931 -0.153431
    outer loop
      vertex 32.3618 22.8 11.9935
      vertex 30.4235 24.8 12.4861
      vertex 30.4237 24.8 12.487
    endloop
  endfacet
  facet normal 0.692469 0.707786 -0.139732
    outer loop
      vertex 32.3384 22.8025 11.8902
      vertex 32.3618 22.8 11.9935
      vertex 32.346 22.8 11.9152
    endloop
  endfacet
  facet normal 0.693568 0.706655 -0.140008
    outer loop
      vertex 32.3618 22.8 11.9935
      vertex 32.3384 22.8025 11.8902
      vertex 30.4235 24.8 12.4861
    endloop
  endfacet
  facet normal 0.694828 0.705297 -0.140608
    outer loop
      vertex 32.3223 22.8 11.7981
      vertex 32.3384 22.8025 11.8902
      vertex 32.336 22.8 11.8658
    endloop
  endfacet
  facet normal 0.693466 0.706676 -0.140407
    outer loop
      vertex 32.3384 22.8025 11.8902
      vertex 32.3223 22.8 11.7981
      vertex 30.4235 24.8 12.4861
    endloop
  endfacet
  facet normal 0.676131 0.706671 0.208478
    outer loop
      vertex 32.4206 22.8 10.816
      vertex 30.5412 24.8 10.1319
      vertex 30.424 24.8 10.512
    endloop
  endfacet
  facet normal -0.664845 0.706673 0.242062
    outer loop
      vertex 38.1223 24.8 10.321
      vertex 37.9862 24.8 9.94719
      vertex 36.2111 22.8 10.9105
    endloop
  endfacet
  facet normal 0.62136 0.70667 -0.338422
    outer loop
      vertex 30.8864 24.8 13.5849
      vertex 32.4981 22.8 12.3678
      vertex 30.6961 24.8 13.2355
    endloop
  endfacet
  facet normal -0.424356 0.706954 -0.565808
    outer loop
      vertex 35.5554 22.8135 13.0742
      vertex 36.7932 24.8 14.6279
      vertex 36.794 24.8 14.6273
    endloop
  endfacet
  facet normal -0.412976 0.706672 -0.574514
    outer loop
      vertex 36.7932 24.8 14.6279
      vertex 35.5554 22.8135 13.0742
      vertex 35.4173 22.8458 13.2132
    endloop
  endfacet
  facet normal -0.6472 0.705969 -0.287644
    outer loop
      vertex 37.8133 24.8 13.4121
      vertex 36.0564 22.8 12.4565
      vertex 37.8129 24.8 13.413
    endloop
  endfacet
  facet normal -0.637315 0.706679 -0.307302
    outer loop
      vertex 36.0564 22.8 12.4565
      vertex 37.8133 24.8 13.4121
      vertex 36.143 22.8 12.2769
    endloop
  endfacet
  facet normal 0.704047 0.706655 -0.0704047
    outer loop
      vertex 32.3223 22.8 11.7981
      vertex 30.3446 24.8 12.0952
      vertex 30.3447 24.8 12.0962
    endloop
  endfacet
  facet normal 0.704064 0.706652 -0.0702645
    outer loop
      vertex 30.3446 24.8 12.0952
      vertex 32.3223 22.8 11.7981
      vertex 32.3025 22.8 11.5997
    endloop
  endfacet
  facet normal 0.656382 0.701984 0.276372
    outer loop
      vertex 32.4522 22.8025 10.7346
      vertex 32.4206 22.8 10.816
      vertex 32.4454 22.8 10.7571
    endloop
  endfacet
  facet normal 0.655289 0.702928 0.276567
    outer loop
      vertex 32.4981 22.8 10.6322
      vertex 32.4522 22.8025 10.7346
      vertex 32.4648 22.8 10.7111
    endloop
  endfacet
  facet normal 0.651993 0.706671 0.274812
    outer loop
      vertex 30.5416 24.8 10.131
      vertex 32.4206 22.8 10.816
      vertex 32.4522 22.8025 10.7346
    endloop
  endfacet
  facet normal 0.651934 0.706663 0.274972
    outer loop
      vertex 30.5416 24.8 10.131
      vertex 32.4522 22.8025 10.7346
      vertex 32.4981 22.8 10.6322
    endloop
  endfacet
  facet normal 0.646929 0.706267 0.287524
    outer loop
      vertex 32.4206 22.8 10.816
      vertex 30.5416 24.8 10.131
      vertex 30.5412 24.8 10.1319
    endloop
  endfacet
  facet normal -0.287327 0.706754 -0.646485
    outer loop
      vertex 35.7623 24.8 15.2231
      vertex 35.0984 22.9854 13.5344
      vertex 35.7614 24.8 15.2235
    endloop
  endfacet
  facet normal -0.291131 0.706658 -0.644886
    outer loop
      vertex 35.0984 22.9854 13.5344
      vertex 35.7623 24.8 15.2231
      vertex 35.2432 22.912 13.3886
    endloop
  endfacet
  facet normal 0.651984 0.706674 0.274825
    outer loop
      vertex 32.4981 22.8 10.6322
      vertex 30.6961 24.8 9.76447
      vertex 30.5416 24.8 10.131
    endloop
  endfacet
  facet normal -0.353723 0.70667 0.612778
    outer loop
      vertex 36.1257 24.8 7.94101
      vertex 35.2124 22.8 9.72026
      vertex 35.3851 22.8 9.81995
    endloop
  endfacet
  facet normal -0.343497 0.706909 0.618295
    outer loop
      vertex 35.2124 22.8 9.72026
      vertex 36.1257 24.8 7.94101
      vertex 36.1248 24.8 7.94051
    endloop
  endfacet
  facet normal 0.253868 0.718382 0.647672
    outer loop
      vertex 33.5346 22.8021 9.65224
      vertex 33.4774 22.8 9.67699
      vertex 33.5185 22.8 9.66088
    endloop
  endfacet
  facet normal 0.25483 0.716753 0.649096
    outer loop
      vertex 33.663 22.8 9.60415
      vertex 33.5346 22.8021 9.65224
      vertex 33.5604 22.8 9.64443
    endloop
  endfacet
  facet normal 0.258979 0.70663 0.658486
    outer loop
      vertex 33.5346 22.8021 9.65224
      vertex 33.0251 24.8 7.70865
      vertex 33.4774 22.8 9.67699
    endloop
  endfacet
  facet normal 0.258269 0.706674 0.658717
    outer loop
      vertex 33.663 22.8 9.60415
      vertex 33.0251 24.8 7.70865
      vertex 33.5346 22.8021 9.65224
    endloop
  endfacet
  facet normal 0.23954 0.707022 0.665388
    outer loop
      vertex 33.0251 24.8 7.70865
      vertex 33.663 22.8 9.60415
      vertex 33.0261 24.8 7.70829
    endloop
  endfacet
  facet normal 0.584836 0.7067 -0.398173
    outer loop
      vertex 32.6371 22.8024 12.6111
      vertex 30.8874 24.8 13.5866
      vertex 32.7057 22.8 12.7076
    endloop
  endfacet
  facet normal 0.588574 0.702013 -0.400947
    outer loop
      vertex 32.6371 22.8024 12.6111
      vertex 32.7057 22.8 12.7076
      vertex 32.6542 22.8 12.632
    endloop
  endfacet
  facet normal 0.5842 0.706646 -0.399201
    outer loop
      vertex 32.5934 22.8 12.5429
      vertex 30.8874 24.8 13.5866
      vertex 32.6371 22.8024 12.6111
    endloop
  endfacet
  facet normal 0.590206 0.699577 -0.402801
    outer loop
      vertex 32.5934 22.8 12.5429
      vertex 32.6371 22.8024 12.6111
      vertex 32.6265 22.8 12.5914
    endloop
  endfacet
  facet normal 0.588581 0.706827 -0.392387
    outer loop
      vertex 30.8874 24.8 13.5866
      vertex 32.5934 22.8 12.5429
      vertex 30.8868 24.8 13.5857
    endloop
  endfacet
  facet normal 0.651977 0.706673 -0.274844
    outer loop
      vertex 30.6961 24.8 13.2355
      vertex 32.4981 22.8 12.3678
      vertex 30.5416 24.8 12.869
    endloop
  endfacet
  facet normal 0.590206 0.699577 0.402801
    outer loop
      vertex 32.6371 22.8024 10.3889
      vertex 32.5934 22.8 10.4571
      vertex 32.6265 22.8 10.4086
    endloop
  endfacet
  facet normal 0.588574 0.702013 0.400947
    outer loop
      vertex 32.7057 22.8 10.2924
      vertex 32.6371 22.8024 10.3889
      vertex 32.6542 22.8 10.368
    endloop
  endfacet
  facet normal 0.584204 0.706642 0.399203
    outer loop
      vertex 30.8874 24.8 9.41344
      vertex 32.5934 22.8 10.4571
      vertex 32.6371 22.8024 10.3889
    endloop
  endfacet
  facet normal 0.584839 0.706696 0.398175
    outer loop
      vertex 30.8874 24.8 9.41344
      vertex 32.6371 22.8024 10.3889
      vertex 32.7057 22.8 10.2924
    endloop
  endfacet
  facet normal 0.571644 0.705881 0.418276
    outer loop
      vertex 32.5934 22.8 10.4571
      vertex 30.8874 24.8 9.41344
      vertex 30.8868 24.8 9.41426
    endloop
  endfacet
  facet normal 0.441053 0.706658 0.553268
    outer loop
      vertex 31.654 24.8 8.50026
      vertex 32.9766 22.8 10.0004
      vertex 33.1325 22.8 9.87612
    endloop
  endfacet
  facet normal 0.464567 0.707087 0.533109
    outer loop
      vertex 32.9766 22.8 10.0004
      vertex 31.654 24.8 8.50026
      vertex 31.6533 24.8 8.50087
    endloop
  endfacet
  facet normal 0.322771 0.706661 0.629642
    outer loop
      vertex 33.4774 22.8 9.67699
      vertex 32.6549 24.8 7.85398
      vertex 32.3009 24.8 8.03545
    endloop
  endfacet
  facet normal 0.465641 0.707095 -0.532161
    outer loop
      vertex 32.9738 22.8043 13.0028
      vertex 31.6525 24.8 14.4984
      vertex 31.6533 24.8 14.4991
    endloop
  endfacet
  facet normal 0.493965 0.706671 -0.506571
    outer loop
      vertex 32.8858 22.8023 12.9142
      vertex 31.6525 24.8 14.4984
      vertex 32.9738 22.8043 13.0028
    endloop
  endfacet
  facet normal 0.494179 0.706925 -0.506008
    outer loop
      vertex 32.8339 22.8 12.8603
      vertex 32.8858 22.8023 12.9142
      vertex 32.8724 22.8 12.8979
    endloop
  endfacet
  facet normal 0.494391 0.70664 -0.5062
    outer loop
      vertex 32.8858 22.8023 12.9142
      vertex 32.8339 22.8 12.8603
      vertex 31.6525 24.8 14.4984
    endloop
  endfacet
  facet normal 0.122886 0.706668 0.696792
    outer loop
      vertex 33.855 22.8 9.55014
      vertex 33.8016 24.8 7.53121
      vertex 33.4099 24.8 7.60029
    endloop
  endfacet
  facet normal 0.223075 0.708785 -0.669225
    outer loop
      vertex 33.7187 23.1292 13.753
      vertex 33.0261 24.8 15.2917
      vertex 33.027 24.8 15.292
    endloop
  endfacet
  facet normal 0.191298 0.706651 -0.681211
    outer loop
      vertex 33.0261 24.8 15.2917
      vertex 33.7187 23.1292 13.753
      vertex 33.5874 23.0374 13.6209
    endloop
  endfacet
  facet normal 0.262824 0.706537 -0.657061
    outer loop
      vertex 33.5874 23.0374 13.6209
      vertex 33.0251 24.8 15.2913
      vertex 33.0261 24.8 15.2917
    endloop
  endfacet
  facet normal 0.258409 0.70666 -0.658678
    outer loop
      vertex 33.0251 24.8 15.2913
      vertex 33.5874 23.0374 13.6209
      vertex 33.4425 22.9543 13.4749
    endloop
  endfacet
  facet normal -0.353764 0.706667 0.612759
    outer loop
      vertex 36.4702 24.8 8.1399
      vertex 36.1257 24.8 7.94101
      vertex 35.3851 22.8 9.81995
    endloop
  endfacet
  facet normal 0.0528821 0.706667 0.705568
    outer loop
      vertex 33.8036 24.8 7.53097
      vertex 34.0513 22.8 9.51552
      vertex 34.2501 22.8 9.50062
    endloop
  endfacet
  facet normal 0.0494137 0.706576 0.70591
    outer loop
      vertex 34.0513 22.8 9.51552
      vertex 33.8036 24.8 7.53097
      vertex 33.8026 24.8 7.53104
    endloop
  endfacet
  facet normal -0.291004 0.706672 0.644928
    outer loop
      vertex 35.7623 24.8 7.77691
      vertex 35.0853 22.8 9.66291
      vertex 35.2124 22.8 9.72026
    endloop
  endfacet
  facet normal -0.286669 0.718209 0.634032
    outer loop
      vertex 35.0654 22.8015 9.65224
      vertex 35.0307 22.8 9.63825
      vertex 35.0541 22.8 9.64883
    endloop
  endfacet
  facet normal -0.292262 0.706617 0.644418
    outer loop
      vertex 35.0853 22.8 9.66291
      vertex 35.7623 24.8 7.77691
      vertex 35.0654 22.8015 9.65224
    endloop
  endfacet
  facet normal -0.290629 0.706678 0.64509
    outer loop
      vertex 35.7623 24.8 7.77691
      vertex 35.0307 22.8 9.63825
      vertex 35.0654 22.8015 9.65224
    endloop
  endfacet
  facet normal -0.29335 0.706603 0.64394
    outer loop
      vertex 35.0307 22.8 9.63825
      vertex 35.7623 24.8 7.77691
      vertex 35.7614 24.8 7.7765
    endloop
  endfacet
  facet normal 0.122203 0.710313 0.693197
    outer loop
      vertex 33.9098 22.802 9.53843
      vertex 33.855 22.8 9.55014
      vertex 33.8938 22.8 9.5433
    endloop
  endfacet
  facet normal 0.122519 0.708634 0.694857
    outer loop
      vertex 34.0513 22.8 9.51552
      vertex 33.9098 22.802 9.53843
      vertex 33.936 22.8 9.53585
    endloop
  endfacet
  facet normal 0.1231 0.706652 0.69677
    outer loop
      vertex 33.9098 22.802 9.53843
      vertex 33.8016 24.8 7.53121
      vertex 33.855 22.8 9.55014
    endloop
  endfacet
  facet normal 0.122807 0.70667 0.696804
    outer loop
      vertex 34.0513 22.8 9.51552
      vertex 33.8016 24.8 7.53121
      vertex 33.9098 22.802 9.53843
    endloop
  endfacet
  facet normal 0.118564 0.706769 0.697438
    outer loop
      vertex 33.8016 24.8 7.53121
      vertex 34.0513 22.8 9.51552
      vertex 33.8026 24.8 7.53104
    endloop
  endfacet
  facet normal 0.567226 0.705176 -0.42542
    outer loop
      vertex 32.8339 22.8 12.8603
      vertex 31.3672 24.8 14.2199
      vertex 31.3678 24.8 14.2207
    endloop
  endfacet
  facet normal 0.54189 0.706668 -0.454946
    outer loop
      vertex 31.3672 24.8 14.2199
      vertex 32.8339 22.8 12.8603
      vertex 32.7057 22.8 12.7076
    endloop
  endfacet
  facet normal 0.584589 0.706659 0.398608
    outer loop
      vertex 32.7057 22.8 10.2924
      vertex 31.1115 24.8 9.08478
      vertex 30.8874 24.8 9.41344
    endloop
  endfacet
  facet normal -0.157439 0.706668 0.689807
    outer loop
      vertex 35.3834 24.8 7.6495
      vertex 34.9956 24.8 7.56099
      vertex 34.8417 22.8 9.57475
    endloop
  endfacet
  facet normal 0.704033 0.706665 0.0704389
    outer loop
      vertex 32.3025 22.8 11.4003
      vertex 30.3446 24.8 10.9048
      vertex 30.305 24.8 11.3006
    endloop
  endfacet
  facet normal 0.441143 0.706668 0.553185
    outer loop
      vertex 33.1325 22.8 9.87612
      vertex 31.965 24.8 8.25225
      vertex 31.654 24.8 8.50026
    endloop
  endfacet
  facet normal -0.225404 0.706653 -0.670697
    outer loop
      vertex 35.7604 24.8 15.2238
      vertex 34.9223 23.0976 13.7118
      vertex 35.3834 24.8 15.3505
    endloop
  endfacet
  facet normal -0.226784 0.70679 -0.670087
    outer loop
      vertex 34.9223 23.0976 13.7118
      vertex 35.7604 24.8 15.2238
      vertex 34.9657 23.07 13.668
    endloop
  endfacet
  facet normal -0.291056 0.706663 -0.644913
    outer loop
      vertex 36.1248 24.8 15.0595
      vertex 35.2432 22.912 13.3886
      vertex 35.7623 24.8 15.2231
    endloop
  endfacet
  facet normal -0.289737 0.706617 -0.645557
    outer loop
      vertex 35.2432 22.912 13.3886
      vertex 36.1248 24.8 15.0595
      vertex 35.2597 22.9036 13.372
    endloop
  endfacet
  facet normal 0.694828 0.705297 0.140608
    outer loop
      vertex 32.3384 22.8025 11.1098
      vertex 32.3223 22.8 11.2019
      vertex 32.336 22.8 11.1342
    endloop
  endfacet
  facet normal 0.692469 0.707786 0.139732
    outer loop
      vertex 32.3618 22.8 11.0065
      vertex 32.3384 22.8025 11.1098
      vertex 32.346 22.8 11.0848
    endloop
  endfacet
  facet normal 0.693466 0.706676 0.140407
    outer loop
      vertex 32.3384 22.8025 11.1098
      vertex 30.4235 24.8 10.5139
      vertex 32.3223 22.8 11.2019
    endloop
  endfacet
  facet normal 0.693568 0.706655 0.140008
    outer loop
      vertex 32.3618 22.8 11.0065
      vertex 30.4235 24.8 10.5139
      vertex 32.3384 22.8025 11.1098
    endloop
  endfacet
  facet normal 0.690441 0.706931 0.153431
    outer loop
      vertex 30.4235 24.8 10.5139
      vertex 32.3618 22.8 11.0065
      vertex 30.4237 24.8 10.513
    endloop
  endfacet
  facet normal 0.707549 0.706664 0
    outer loop
      vertex 30.305 24.8 11.6994
      vertex 32.3 22.8025 11.5
      vertex 30.305 24.8 11.3006
    endloop
  endfacet
  facet normal 0.707548 0.706665 -2.21497e-05
    outer loop
      vertex 32.3025 22.8 11.5997
      vertex 32.3 22.8025 11.5
      vertex 30.305 24.8 11.6994
    endloop
  endfacet
  facet normal 0.707107 0.707107 0
    outer loop
      vertex 32.3 22.8025 11.5
      vertex 32.3025 22.8 11.5997
      vertex 32.3025 22.8 11.5252
    endloop
  endfacet
  facet normal 0.707107 0.707107 -0
    outer loop
      vertex 32.3025 22.8 11.4003
      vertex 32.3 22.8025 11.5
      vertex 32.3025 22.8 11.4748
    endloop
  endfacet
  facet normal 0.707548 0.706665 2.21497e-05
    outer loop
      vertex 32.3 22.8025 11.5
      vertex 32.3025 22.8 11.4003
      vertex 30.305 24.8 11.3006
    endloop
  endfacet
  facet normal 0.621334 0.706671 0.338467
    outer loop
      vertex 32.4981 22.8 10.6322
      vertex 30.8864 24.8 9.41513
      vertex 30.6961 24.8 9.76447
    endloop
  endfacet
  facet normal -0.603749 0.706673 0.368916
    outer loop
      vertex 37.8124 24.8 9.58614
      vertex 37.605 24.8 9.24672
      vertex 35.9525 22.8 10.3734
    endloop
  endfacet
  facet normal -0.20386 0.704753 -0.679532
    outer loop
      vertex 35.7614 24.8 15.2235
      vertex 34.9657 23.07 13.668
      vertex 35.7604 24.8 15.2238
    endloop
  endfacet
  facet normal -0.224912 0.706647 -0.670869
    outer loop
      vertex 34.9657 23.07 13.668
      vertex 35.7614 24.8 15.2235
      vertex 35.0984 22.9854 13.5344
    endloop
  endfacet
  facet normal -0.468212 0.706664 0.530474
    outer loop
      vertex 37.0929 24.8 8.63653
      vertex 36.7947 24.8 8.37333
      vertex 35.6965 22.8 10.0683
    endloop
  endfacet
  facet normal 0.258554 0.706663 0.658617
    outer loop
      vertex 33.4774 22.8 9.67699
      vertex 33.0251 24.8 7.70865
      vertex 32.6549 24.8 7.85398
    endloop
  endfacet
  facet normal -0.209655 0.706154 0.676307
    outer loop
      vertex 35.7604 24.8 7.77619
      vertex 35.0307 22.8 9.63825
      vertex 35.7614 24.8 7.7765
    endloop
  endfacet
  facet normal -0.225343 0.706664 0.670706
    outer loop
      vertex 35.0307 22.8 9.63825
      vertex 35.7604 24.8 7.77619
      vertex 34.8417 22.8 9.57475
    endloop
  endfacet
  facet normal 0.322825 0.706666 0.629609
    outer loop
      vertex 32.3009 24.8 8.03545
      vertex 33.3 22.8 9.76795
      vertex 33.4774 22.8 9.67699
    endloop
  endfacet
  facet normal 0.316512 0.706471 0.633024
    outer loop
      vertex 33.3 22.8 9.76795
      vertex 32.3009 24.8 8.03545
      vertex 32.3 24.8 8.0359
    endloop
  endfacet
  facet normal -0.603717 0.706678 0.368962
    outer loop
      vertex 37.8124 24.8 9.58614
      vertex 35.9698 22.8 10.4018
      vertex 36.0564 22.8 10.5435
    endloop
  endfacet
  facet normal -0.634872 0.666022 0.391603
    outer loop
      vertex 35.9629 22.8008 10.3889
      vertex 35.9525 22.8 10.3734
      vertex 35.9591 22.8 10.3841
    endloop
  endfacet
  facet normal -0.607826 0.706858 0.361801
    outer loop
      vertex 37.8124 24.8 9.58614
      vertex 36.0564 22.8 10.5435
      vertex 37.8129 24.8 9.58698
    endloop
  endfacet
  facet normal -0.60462 0.706805 0.367234
    outer loop
      vertex 35.9698 22.8 10.4018
      vertex 37.8124 24.8 9.58614
      vertex 35.9629 22.8008 10.3889
    endloop
  endfacet
  facet normal -0.603862 0.706692 0.368697
    outer loop
      vertex 35.9629 22.8008 10.3889
      vertex 37.8124 24.8 9.58614
      vertex 35.9525 22.8 10.3734
    endloop
  endfacet
  facet normal -0.664989 0.706647 0.241741
    outer loop
      vertex 37.9862 24.8 9.94719
      vertex 36.1509 22.8 10.7449
      vertex 36.2111 22.8 10.9105
    endloop
  endfacet
  facet normal -0.622347 0.751018 0.220579
    outer loop
      vertex 36.1478 22.8006 10.7346
      vertex 36.143 22.8 10.7231
      vertex 36.1458 22.8 10.731
    endloop
  endfacet
  facet normal -0.665144 0.706634 0.241352
    outer loop
      vertex 36.1509 22.8 10.7449
      vertex 37.9862 24.8 9.94719
      vertex 36.1478 22.8006 10.7346
    endloop
  endfacet
  facet normal -0.665346 0.706619 0.240842
    outer loop
      vertex 37.9862 24.8 9.94719
      vertex 36.143 22.8 10.7231
      vertex 36.1478 22.8006 10.7346
    endloop
  endfacet
  facet normal -0.67424 0.705759 0.217497
    outer loop
      vertex 36.143 22.8 10.7231
      vertex 37.9862 24.8 9.94719
      vertex 37.9859 24.8 9.94626
    endloop
  endfacet
  facet normal -0.0879877 0.706665 0.702056
    outer loop
      vertex 34.5999 24.8 7.51131
      vertex 34.4495 22.8 9.50559
      vertex 34.6473 22.8 9.53038
    endloop
  endfacet
  facet normal -0.0912246 0.706581 0.701728
    outer loop
      vertex 34.4495 22.8 9.50559
      vertex 34.5999 24.8 7.51131
      vertex 34.5989 24.8 7.51118
    endloop
  endfacet
  facet normal -0.673321 0.704462 0.22444
    outer loop
      vertex 38.2204 24.8 10.7065
      vertex 36.2603 22.8 11.1037
      vertex 38.2207 24.8 10.7074
    endloop
  endfacet
  facet normal -0.685665 0.706664 0.17461
    outer loop
      vertex 36.2603 22.8 11.1037
      vertex 38.2204 24.8 10.7065
      vertex 36.2111 22.8 10.9105
    endloop
  endfacet
  facet normal 0.633598 0.705828 -0.316799
    outer loop
      vertex 32.5934 22.8 12.5429
      vertex 30.8864 24.8 13.5849
      vertex 30.8868 24.8 13.5857
    endloop
  endfacet
  facet normal 0.621475 0.706654 -0.338244
    outer loop
      vertex 30.8864 24.8 13.5849
      vertex 32.5934 22.8 12.5429
      vertex 32.4981 22.8 12.3678
    endloop
  endfacet
  facet normal -0.0141499 0.706576 0.707496
    outer loop
      vertex 34.5979 24.8 7.51116
      vertex 34.4495 22.8 9.50559
      vertex 34.5989 24.8 7.51118
    endloop
  endfacet
  facet normal -0.0175978 0.706665 0.707329
    outer loop
      vertex 34.5979 24.8 7.51116
      vertex 34.3253 22.8 9.5025
      vertex 34.4495 22.8 9.50559
    endloop
  endfacet
  facet normal -0.0168338 0.706622 0.707391
    outer loop
      vertex 34.5979 24.8 7.51116
      vertex 34.3 22.8019 9.5
      vertex 34.3253 22.8 9.5025
    endloop
  endfacet
  facet normal -0.0181207 0.706703 0.707279
    outer loop
      vertex 34.2501 22.8 9.50062
      vertex 34.3 22.8019 9.5
      vertex 34.5979 24.8 7.51116
    endloop
  endfacet
  facet normal -0.0178267 0.70087 0.713067
    outer loop
      vertex 34.3 22.8019 9.5
      vertex 34.2501 22.8 9.50062
      vertex 34.2849 22.8 9.50149
    endloop
  endfacet
  facet normal -0.637314 0.70668 0.307302
    outer loop
      vertex 37.8133 24.8 9.58788
      vertex 36.0564 22.8 10.5435
      vertex 36.143 22.8 10.7231
    endloop
  endfacet
  facet normal -0.647199 0.705971 0.287644
    outer loop
      vertex 36.0564 22.8 10.5435
      vertex 37.8133 24.8 9.58788
      vertex 37.8129 24.8 9.58698
    endloop
  endfacet
  facet normal -0.685687 0.706673 0.17449
    outer loop
      vertex 38.2204 24.8 10.7065
      vertex 38.1223 24.8 10.321
      vertex 36.2111 22.8 10.9105
    endloop
  endfacet
  facet normal 0 1 0
    outer loop
      vertex 33.5185 22.8 9.66088
      vertex 33.3 22.8 9.76795
      vertex 33.2128 22.8 9.82424
    endloop
  endfacet
  facet normal 0 1 0
    outer loop
      vertex 33.3 22.8 9.76795
      vertex 33.5185 22.8 9.66088
      vertex 33.4774 22.8 9.67699
    endloop
  endfacet
  facet normal 0 1 0
    outer loop
      vertex 33.1736 22.8 9.8496
      vertex 32.9766 22.8 10.0004
      vertex 32.9068 22.8 10.0685
    endloop
  endfacet
  facet normal 0 1 0
    outer loop
      vertex 32.9766 22.8 10.0004
      vertex 33.1736 22.8 9.8496
      vertex 33.1325 22.8 9.87612
    endloop
  endfacet
  facet normal 0 1 0
    outer loop
      vertex 32.336 22.8 11.8658
      vertex 32.3025 22.8 11.5997
      vertex 32.3223 22.8 11.7981
    endloop
  endfacet
  facet normal -0 1 0
    outer loop
      vertex 32.3025 22.8 11.5997
      vertex 32.336 22.8 11.8658
      vertex 32.3025 22.8 11.5252
    endloop
  endfacet
  facet normal 0 1 0
    outer loop
      vertex 35.547 22.8 9.93634
      vertex 35.708 22.8 10.0807
      vertex 35.6965 22.8 10.0683
    endloop
  endfacet
  facet normal 0 1 0
    outer loop
      vertex 35.708 22.8 10.0807
      vertex 35.547 22.8 9.93634
      vertex 35.427 22.8 9.85009
    endloop
  endfacet
  facet normal 0 1 0
    outer loop
      vertex 35.8321 22.8 10.2144
      vertex 35.9591 22.8 10.3841
      vertex 35.9525 22.8 10.3734
    endloop
  endfacet
  facet normal 0 1 0
    outer loop
      vertex 35.9591 22.8 10.3841
      vertex 35.8321 22.8 10.2144
      vertex 35.7256 22.8 10.0996
    endloop
  endfacet
  facet normal 0 1 0
    outer loop
      vertex 36.261 22.8 11.8922
      vertex 36.2111 22.8 12.0895
      vertex 36.2603 22.8 11.8963
    endloop
  endfacet
  facet normal 0 1 0
    outer loop
      vertex 36.2111 22.8 12.0895
      vertex 36.261 22.8 11.8922
      vertex 36.1509 22.8 12.2551
    endloop
  endfacet
  facet normal 0 1 0
    outer loop
      vertex 35.9591 22.8 12.6159
      vertex 35.8321 22.8 12.7856
      vertex 35.9525 22.8 12.6266
    endloop
  endfacet
  facet normal 0 1 0
    outer loop
      vertex 35.8321 22.8 12.7856
      vertex 35.9591 22.8 12.6159
      vertex 35.7256 22.8 12.9004
    endloop
  endfacet
  facet normal 0 1 0
    outer loop
      vertex 34.4495 22.8 9.50559
      vertex 34.6768 22.8 9.53711
      vertex 34.6473 22.8 9.53038
    endloop
  endfacet
  facet normal 0 1 0
    outer loop
      vertex 34.6768 22.8 9.53711
      vertex 34.4495 22.8 9.50559
      vertex 34.3253 22.8 9.5025
    endloop
  endfacet
  facet normal 0 1 0
    outer loop
      vertex 32.4454 22.8 12.2429
      vertex 32.3618 22.8 11.9935
      vertex 32.4206 22.8 12.184
    endloop
  endfacet
  facet normal -0 1 0
    outer loop
      vertex 32.3618 22.8 11.9935
      vertex 32.4454 22.8 12.2429
      vertex 32.346 22.8 11.9152
    endloop
  endfacet
  facet normal 0 1 0
    outer loop
      vertex 36.1458 22.8 12.269
      vertex 36.0564 22.8 12.4565
      vertex 36.143 22.8 12.2769
    endloop
  endfacet
  facet normal 0 1 0
    outer loop
      vertex 36.0564 22.8 12.4565
      vertex 36.1458 22.8 12.269
      vertex 35.9698 22.8 12.5982
    endloop
  endfacet
  facet normal 0 1 0
    outer loop
      vertex 32.8724 22.8 12.8979
      vertex 32.7057 22.8 12.7076
      vertex 32.8339 22.8 12.8603
    endloop
  endfacet
  facet normal -0 1 0
    outer loop
      vertex 32.7057 22.8 12.7076
      vertex 32.8724 22.8 12.8979
      vertex 32.6542 22.8 12.632
    endloop
  endfacet
  facet normal 0 1 0
    outer loop
      vertex 32.6265 22.8 12.5914
      vertex 32.4981 22.8 12.3678
      vertex 32.5934 22.8 12.5429
    endloop
  endfacet
  facet normal -0 1 0
    outer loop
      vertex 32.4981 22.8 12.3678
      vertex 32.6265 22.8 12.5914
      vertex 32.4648 22.8 12.2889
    endloop
  endfacet
  facet normal 0 1 0
    outer loop
      vertex 32.3025 22.8 11.4748
      vertex 32.3223 22.8 11.2019
      vertex 32.3025 22.8 11.4003
    endloop
  endfacet
  facet normal -0 1 -0
    outer loop
      vertex 32.3223 22.8 11.2019
      vertex 32.3025 22.8 11.4748
      vertex 32.336 22.8 11.1342
    endloop
  endfacet
  facet normal 0 1 0
    outer loop
      vertex 32.4648 22.8 10.7111
      vertex 32.5934 22.8 10.4571
      vertex 32.4981 22.8 10.6322
    endloop
  endfacet
  facet normal -0 1 -0
    outer loop
      vertex 32.5934 22.8 10.4571
      vertex 32.4648 22.8 10.7111
      vertex 32.6265 22.8 10.4086
    endloop
  endfacet
  facet normal 0 1 0
    outer loop
      vertex 32.8724 22.8 10.1021
      vertex 32.7057 22.8 10.2924
      vertex 32.6542 22.8 10.368
    endloop
  endfacet
  facet normal 0 1 0
    outer loop
      vertex 32.7057 22.8 10.2924
      vertex 32.8724 22.8 10.1021
      vertex 32.8339 22.8 10.1397
    endloop
  endfacet
  facet normal 0 1 0
    outer loop
      vertex 33.8938 22.8 9.5433
      vertex 33.663 22.8 9.60415
      vertex 33.5604 22.8 9.64443
    endloop
  endfacet
  facet normal 0 1 0
    outer loop
      vertex 33.663 22.8 9.60415
      vertex 33.8938 22.8 9.5433
      vertex 33.855 22.8 9.55014
    endloop
  endfacet
  facet normal 0 1 0
    outer loop
      vertex 35.2124 22.8 9.72026
      vertex 35.4024 22.8 9.83238
      vertex 35.3851 22.8 9.81995
    endloop
  endfacet
  facet normal 0 1 0
    outer loop
      vertex 35.4024 22.8 9.83238
      vertex 35.2124 22.8 9.72026
      vertex 35.0853 22.8 9.66291
    endloop
  endfacet
  facet normal 0 1 0
    outer loop
      vertex 34.2849 22.8 9.50149
      vertex 34.0513 22.8 9.51552
      vertex 33.936 22.8 9.53585
    endloop
  endfacet
  facet normal 0 1 0
    outer loop
      vertex 34.0513 22.8 9.51552
      vertex 34.2849 22.8 9.50149
      vertex 34.2501 22.8 9.50062
    endloop
  endfacet
  facet normal 0 1 0
    outer loop
      vertex 34.8417 22.8 9.57475
      vertex 35.0541 22.8 9.64883
      vertex 35.0307 22.8 9.63825
    endloop
  endfacet
  facet normal 0 1 0
    outer loop
      vertex 35.0541 22.8 9.64883
      vertex 34.8417 22.8 9.57475
      vertex 34.7134 22.8 9.54547
    endloop
  endfacet
  facet normal 0 1 0
    outer loop
      vertex 36.0564 22.8 10.5435
      vertex 36.1458 22.8 10.731
      vertex 36.143 22.8 10.7231
    endloop
  endfacet
  facet normal 0 1 0
    outer loop
      vertex 36.1458 22.8 10.731
      vertex 36.0564 22.8 10.5435
      vertex 35.9698 22.8 10.4018
    endloop
  endfacet
  facet normal 0 1 0
    outer loop
      vertex 32.346 22.8 11.0848
      vertex 32.4206 22.8 10.816
      vertex 32.3618 22.8 11.0065
    endloop
  endfacet
  facet normal -0 1 -0
    outer loop
      vertex 32.4206 22.8 10.816
      vertex 32.346 22.8 11.0848
      vertex 32.4454 22.8 10.7571
    endloop
  endfacet
  facet normal 0 1 0
    outer loop
      vertex 36.2111 22.8 10.9105
      vertex 36.261 22.8 11.1078
      vertex 36.2603 22.8 11.1037
    endloop
  endfacet
  facet normal 0 1 0
    outer loop
      vertex 36.261 22.8 11.1078
      vertex 36.2111 22.8 10.9105
      vertex 36.1509 22.8 10.7449
    endloop
  endfacet
  facet normal 0 1 0
    outer loop
      vertex 36.3 22.8 11.5
      vertex 36.2901 22.8 11.3009
      vertex 36.2621 22.8 11.1156
    endloop
  endfacet
  facet normal 0 1 0
    outer loop
      vertex 36.2901 22.8 11.6991
      vertex 36.3 22.8 11.5
      vertex 36.2621 22.8 11.8844
    endloop
  endfacet
  facet normal -0.699628 0.706678 0.105487
    outer loop
      vertex 38.28 24.8 11.1007
      vertex 38.2207 24.8 10.7074
      vertex 36.2603 22.8 11.1037
    endloop
  endfacet
  facet normal -0.699611 0.70666 0.105716
    outer loop
      vertex 38.28 24.8 11.1007
      vertex 36.2621 22.8 11.1156
      vertex 36.2901 22.8 11.3009
    endloop
  endfacet
  facet normal -0.751258 0.647426 0.128264
    outer loop
      vertex 36.2616 22.8003 11.1098
      vertex 36.2603 22.8 11.1037
      vertex 36.261 22.8 11.1078
    endloop
  endfacet
  facet normal -0.703607 0.707097 0.0703607
    outer loop
      vertex 38.28 24.8 11.1007
      vertex 36.2901 22.8 11.3009
      vertex 38.2801 24.8 11.1017
    endloop
  endfacet
  facet normal -0.700272 0.707262 0.0969508
    outer loop
      vertex 36.2621 22.8 11.1156
      vertex 38.28 24.8 11.1007
      vertex 36.2616 22.8003 11.1098
    endloop
  endfacet
  facet normal -0.698941 0.705997 0.114234
    outer loop
      vertex 36.2616 22.8003 11.1098
      vertex 38.28 24.8 11.1007
      vertex 36.2603 22.8 11.1037
    endloop
  endfacet
  facet normal 0.706836 -0.392382 -0.588574
    outer loop
      vertex 22.8592 35.3737 13.2571
      vertex 24.8 36.3866 14.9126
      vertex 24.8 36.3857 14.9132
    endloop
  endfacet
  facet normal 0.706676 -0.398483 -0.584654
    outer loop
      vertex 24.8 36.3866 14.9126
      vertex 22.8592 35.3737 13.2571
      vertex 22.8207 35.5167 13.1131
    endloop
  endfacet
  facet normal 0.706666 -0.702048 0.088045
    outer loop
      vertex 24.8 38.2392 10.8054
      vertex 24.8 38.2887 11.2001
      vertex 22.8 36.2696 11.1527
    endloop
  endfacet
  facet normal 0.706658 -0.670692 0.225402
    outer loop
      vertex 24.8 38.0238 10.0396
      vertex 24.8 38.1505 10.4166
      vertex 22.8 36.2253 10.9583
    endloop
  endfacet
  facet normal 0.706667 -0.0352711 0.706667
    outer loop
      vertex 24.8 34.3 7.5
      vertex 24.8 34.6973 7.51983
      vertex 22.8 34.3 9.5
    endloop
  endfacet
  facet normal 0.706669 -0.0353331 0.706662
    outer loop
      vertex 22.8 34.4991 9.50994
      vertex 24.8 34.6973 7.51983
      vertex 24.8 34.6983 7.51988
    endloop
  endfacet
  facet normal 0.706667 -0.03528 0.706666
    outer loop
      vertex 24.8 34.6973 7.51983
      vertex 22.8 34.4991 9.50994
      vertex 22.8 34.3 9.5
    endloop
  endfacet
  facet normal 0.706678 0.702038 0.088021
    outer loop
      vertex 24.8 30.3606 10.8064
      vertex 22.8 32.3304 11.1527
      vertex 22.8 32.3056 11.3505
    endloop
  endfacet
  facet normal 0.707012 0.693468 0.138694
    outer loop
      vertex 22.8 32.3304 11.1527
      vertex 24.8 30.3606 10.8064
      vertex 24.8 30.3608 10.8054
    endloop
  endfacet
  facet normal 0.707053 -0.536916 -0.460214
    outer loop
      vertex 22.8 35.7996 12.8234
      vertex 24.8 37.2997 14.146
      vertex 24.8 37.2991 14.1467
    endloop
  endfacet
  facet normal 0.706654 -0.553237 -0.441099
    outer loop
      vertex 24.8 37.2997 14.146
      vertex 22.8 35.7996 12.8234
      vertex 22.8 35.9239 12.6675
    endloop
  endfacet
  facet normal 0.706662 -0.629691 -0.322672
    outer loop
      vertex 24.8 37.946 13.1451
      vertex 24.8 37.7646 13.4991
      vertex 22.8 36.123 12.3226
    endloop
  endfacet
  facet normal 0.706675 0.670676 0.225397
    outer loop
      vertex 24.8 30.4495 10.4166
      vertex 24.8 30.5762 10.0396
      vertex 22.8 32.3748 10.9583
    endloop
  endfacet
  facet normal 0.706883 -0.599815 -0.374885
    outer loop
      vertex 24.8 37.7636 13.5008
      vertex 22.8 36.0321 12.5
      vertex 24.8 37.7641 13.5
    endloop
  endfacet
  facet normal 0.706655 -0.59422 -0.384111
    outer loop
      vertex 22.8022 35.9629 12.6111
      vertex 22.8 36.0321 12.5
      vertex 24.8 37.7636 13.5008
    endloop
  endfacet
  facet normal 0.694943 -0.604096 -0.39003
    outer loop
      vertex 22.8 36.0321 12.5
      vertex 22.8022 35.9629 12.6111
      vertex 22.8 35.9758 12.5872
    endloop
  endfacet
  facet normal 0.706692 -0.594538 -0.383551
    outer loop
      vertex 22.8 35.9239 12.6675
      vertex 22.8022 35.9629 12.6111
      vertex 24.8 37.7636 13.5008
    endloop
  endfacet
  facet normal 0.709443 -0.592316 -0.381907
    outer loop
      vertex 22.8022 35.9629 12.6111
      vertex 22.8 35.9239 12.6675
      vertex 22.8 35.9504 12.6264
    endloop
  endfacet
  facet normal 0.706662 0.306971 0.637493
    outer loop
      vertex 24.8 32.3879 7.98668
      vertex 24.8 32.7463 7.8141
      vertex 22.8 33.5231 9.65705
    endloop
  endfacet
  facet normal 0.706659 0.530396 0.468309
    outer loop
      vertex 22.8 32.7363 10.253
      vertex 24.8 31.1733 9.0053
      vertex 22.8 32.8683 10.1035
    endloop
  endfacet
  facet normal 0.707084 0.549267 0.445351
    outer loop
      vertex 24.8 31.1733 9.0053
      vertex 22.8 32.7363 10.253
      vertex 24.8 31.1727 9.00604
    endloop
  endfacet
  facet normal 0.706661 -0.454833 -0.541994
    outer loop
      vertex 24.8 36.7152 14.6885
      vertex 22.8196 35.5224 13.1074
      vertex 24.8 37.0199 14.4328
    endloop
  endfacet
  facet normal 0.706426 -0.461204 -0.536893
    outer loop
      vertex 22.8196 35.5224 13.1074
      vertex 24.8 36.7152 14.6885
      vertex 22.8199 35.5196 13.1102
    endloop
  endfacet
  facet normal 0.706669 0.427203 0.564018
    outer loop
      vertex 24.8 31.7288 8.43582
      vertex 24.8 32.0459 8.19564
      vertex 22.8 33.0144 9.96791
    endloop
  endfacet
  facet normal 0.706667 0.702069 0.0878698
    outer loop
      vertex 24.8 30.3112 11.2011
      vertex 24.8 30.3606 10.8064
      vertex 22.8 32.3056 11.3505
    endloop
  endfacet
  facet normal 0.705178 -0.425418 -0.567225
    outer loop
      vertex 24.8 37.0199 14.4328
      vertex 22.8017 35.6615 12.9673
      vertex 24.8 37.0207 14.4322
    endloop
  endfacet
  facet normal 0.706667 -0.454894 -0.541935
    outer loop
      vertex 22.8017 35.6615 12.9673
      vertex 24.8 37.0199 14.4328
      vertex 22.8196 35.5224 13.1074
    endloop
  endfacet
  facet normal 0.706121 -0.704578 -0.0704578
    outer loop
      vertex 24.8 38.2987 11.6007
      vertex 22.8 36.2994 11.5499
      vertex 24.8 38.2988 11.5997
    endloop
  endfacet
  facet normal 0.706665 -0.705569 -0.0528822
    outer loop
      vertex 22.8 36.2994 11.5499
      vertex 24.8 38.2987 11.6007
      vertex 22.8 36.2845 11.7487
    endloop
  endfacet
  facet normal 0.70761 -0.153284 -0.689777
    outer loop
      vertex 23.2326 34.7469 13.8884
      vertex 24.8 35.287 15.3763
      vertex 24.8 35.2861 15.3765
    endloop
  endfacet
  facet normal 0.706635 -0.13989 -0.693612
    outer loop
      vertex 24.8 35.287 15.3763
      vertex 23.2326 34.7469 13.8884
      vertex 23.1312 34.8753 13.7592
    endloop
  endfacet
  facet normal 0.706676 0.689803 0.15742
    outer loop
      vertex 24.8 30.361 10.8044
      vertex 24.8 30.4495 10.4166
      vertex 22.8 32.3748 10.9583
    endloop
  endfacet
  facet normal 0.706669 -0.530388 0.468303
    outer loop
      vertex 22.8 35.7317 10.1035
      vertex 24.8 37.1641 8.7078
      vertex 22.8 35.8637 10.253
    endloop
  endfacet
  facet normal 0.705404 -0.553484 0.442787
    outer loop
      vertex 24.8 37.1641 8.7078
      vertex 22.8 35.7317 10.1035
      vertex 24.8 37.1635 8.70705
    endloop
  endfacet
  facet normal 0.706669 -0.427203 0.564018
    outer loop
      vertex 24.8 36.5541 8.19564
      vertex 24.8 36.8712 8.43582
      vertex 22.8 35.5856 9.96791
    endloop
  endfacet
  facet normal 0.706245 -0.566374 0.42478
    outer loop
      vertex 22.8 35.98 10.4149
      vertex 24.8 37.6595 9.32901
      vertex 24.8 37.6601 9.32981
    endloop
  endfacet
  facet normal 0.692618 -0.586262 0.420211
    outer loop
      vertex 22.8013 35.9629 10.3889
      vertex 22.8 35.98 10.4149
      vertex 22.8 35.9676 10.3976
    endloop
  endfacet
  facet normal 0.706667 -0.574415 0.413122
    outer loop
      vertex 22.8 35.98 10.4149
      vertex 22.8013 35.9629 10.3889
      vertex 24.8 37.6595 9.32901
    endloop
  endfacet
  facet normal 0.706698 -0.574958 0.412311
    outer loop
      vertex 22.8 35.9499 10.373
      vertex 24.8 37.6595 9.32901
      vertex 22.8013 35.9629 10.3889
    endloop
  endfacet
  facet normal 0.706677 -0.574644 0.412786
    outer loop
      vertex 24.8 37.6595 9.32901
      vertex 22.8 35.9499 10.373
      vertex 22.8 35.8637 10.253
    endloop
  endfacet
  facet normal 0.706506 -0.343693 -0.618648
    outer loop
      vertex 22.9215 35.2205 13.4114
      vertex 24.8 36.0364 15.1034
      vertex 24.8 36.0355 15.1039
    endloop
  endfacet
  facet normal 0.706663 -0.338474 -0.621339
    outer loop
      vertex 24.8 36.0364 15.1034
      vertex 22.9215 35.2205 13.4114
      vertex 22.8629 35.3647 13.2662
    endloop
  endfacet
  facet normal 0.706673 0.530507 0.468162
    outer loop
      vertex 24.8 31.1733 9.0053
      vertex 24.8 31.4365 8.70705
      vertex 22.8 32.8683 10.1035
    endloop
  endfacet
  facet normal 0.704364 0.508081 -0.495707
    outer loop
      vertex 22.8023 32.8858 12.9142
      vertex 22.8 32.8004 12.8234
      vertex 22.8 32.8685 12.8932
    endloop
  endfacet
  facet normal 0.706866 0.50017 -0.50017
    outer loop
      vertex 24.8 31.5786 14.4315
      vertex 22.8017 32.9385 12.9673
      vertex 24.8 31.5793 14.4322
    endloop
  endfacet
  facet normal 0.706687 0.506161 -0.494363
    outer loop
      vertex 22.8017 32.9385 12.9673
      vertex 24.8 31.5786 14.4315
      vertex 22.8023 32.8858 12.9142
    endloop
  endfacet
  facet normal 0.706675 0.506375 -0.494161
    outer loop
      vertex 22.8023 32.8858 12.9142
      vertex 24.8 31.5786 14.4315
      vertex 22.8 32.8004 12.8234
    endloop
  endfacet
  facet normal 0.706659 0.574484 0.413039
    outer loop
      vertex 24.8 30.9399 9.32981
      vertex 24.8 31.1721 9.00685
      vertex 22.8 32.6199 10.4149
    endloop
  endfacet
  facet normal 0.706665 0.174592 0.685669
    outer loop
      vertex 24.8 33.121 7.67771
      vertex 24.8 33.5065 7.57955
      vertex 22.8 33.7105 9.58885
    endloop
  endfacet
  facet normal 0.706774 0.203281 -0.677604
    outer loop
      vertex 24.8 33.312 15.376
      vertex 23.1312 33.7248 13.7592
      vertex 24.8 33.313 15.3763
    endloop
  endfacet
  facet normal 0.706643 0.208822 -0.676054
    outer loop
      vertex 23.1312 33.7248 13.7592
      vertex 24.8 33.312 15.376
      vertex 23.0347 33.5803 13.6137
    endloop
  endfacet
  facet normal 0.70666 0.658638 -0.258509
    outer loop
      vertex 24.8 30.654 13.1451
      vertex 24.8 30.5087 12.7749
      vertex 22.8 32.477 12.3226
    endloop
  endfacet
  facet normal 0.70667 -0.594395 -0.383813
    outer loop
      vertex 24.8 37.7636 13.5008
      vertex 24.8 37.5478 13.835
      vertex 22.8 35.9239 12.6675
    endloop
  endfacet
  facet normal 0.70761 0.153284 -0.689777
    outer loop
      vertex 24.8 33.313 15.3763
      vertex 23.2326 33.8531 13.8884
      vertex 24.8 33.3139 15.3765
    endloop
  endfacet
  facet normal 0.706641 0.139971 -0.693589
    outer loop
      vertex 23.2326 33.8531 13.8884
      vertex 24.8 33.313 15.3763
      vertex 23.1312 33.7248 13.7592
    endloop
  endfacet
  facet normal 0.706616 0.575019 0.412367
    outer loop
      vertex 24.8 31.1721 9.00685
      vertex 22.8 32.6501 10.373
      vertex 22.8013 32.6371 10.3889
    endloop
  endfacet
  facet normal 0.70317 0.576323 0.416418
    outer loop
      vertex 22.8 32.6199 10.4149
      vertex 22.8013 32.6371 10.3889
      vertex 22.8 32.6324 10.3976
    endloop
  endfacet
  facet normal 0.706651 0.574665 0.412801
    outer loop
      vertex 22.8 32.6501 10.373
      vertex 24.8 31.1721 9.00685
      vertex 22.8 32.7363 10.253
    endloop
  endfacet
  facet normal 0.706804 0.573219 0.414546
    outer loop
      vertex 24.8 31.1721 9.00685
      vertex 22.8013 32.6371 10.3889
      vertex 22.8 32.6199 10.4149
    endloop
  endfacet
  facet normal 0.706871 0.56839 0.42103
    outer loop
      vertex 22.8 32.7363 10.253
      vertex 24.8 31.1721 9.00685
      vertex 24.8 31.1727 9.00604
    endloop
  endfacet
  facet normal 0.706667 0.481337 0.51859
    outer loop
      vertex 24.8 31.4373 8.70638
      vertex 24.8 31.7288 8.43582
      vertex 22.8 33.0144 9.96791
    endloop
  endfacet
  facet normal 0.706661 0.398656 -0.584553
    outer loop
      vertex 24.8 31.8848 14.6885
      vertex 22.8207 33.0833 13.1131
      vertex 24.8 32.2134 14.9126
    endloop
  endfacet
  facet normal 0.706159 0.385687 -0.593789
    outer loop
      vertex 22.8207 33.0833 13.1131
      vertex 24.8 31.8848 14.6885
      vertex 22.8199 33.0803 13.1102
    endloop
  endfacet
  facet normal 0.706669 -0.553106 -0.44124
    outer loop
      vertex 24.8 37.5478 13.835
      vertex 24.8 37.2997 14.146
      vertex 22.8 35.9239 12.6675
    endloop
  endfacet
  facet normal 0.706665 0.707329 0.0176121
    outer loop
      vertex 24.8 30.3013 11.5987
      vertex 24.8 30.3112 11.2011
      vertex 22.8 32.3056 11.3505
    endloop
  endfacet
  facet normal 0.706665 0.241992 0.664879
    outer loop
      vertex 24.8 32.7472 7.81376
      vertex 24.8 33.121 7.67771
      vertex 22.8 33.7105 9.58885
    endloop
  endfacet
  facet normal 0.706668 0.105453 0.699642
    outer loop
      vertex 24.8 33.5084 7.57916
      vertex 24.8 33.9017 7.51988
      vertex 22.8 34.1009 9.50994
    endloop
  endfacet
  facet normal 0.706673 0.338359 -0.621391
    outer loop
      vertex 24.8 32.2143 14.9132
      vertex 22.8629 33.2353 13.2662
      vertex 24.8 32.5636 15.1034
    endloop
  endfacet
  facet normal 0.706661 0.337994 -0.621603
    outer loop
      vertex 22.8629 33.2353 13.2662
      vertex 24.8 32.2143 14.9132
      vertex 22.8592 33.2263 13.2571
    endloop
  endfacet
  facet normal 0.706667 0.03528 0.706666
    outer loop
      vertex 22.8 34.1009 9.50994
      vertex 24.8 33.9027 7.51983
      vertex 22.8 34.3 9.5
    endloop
  endfacet
  facet normal 0.706669 0.0353331 0.706662
    outer loop
      vertex 24.8 33.9027 7.51983
      vertex 22.8 34.1009 9.50994
      vertex 24.8 33.9017 7.51988
    endloop
  endfacet
  facet normal 0.706667 0.0352711 0.706667
    outer loop
      vertex 24.8 33.9027 7.51983
      vertex 24.8 34.3 7.5
      vertex 22.8 34.3 9.5
    endloop
  endfacet
  facet normal 0.706653 -0.68113 -0.191584
    outer loop
      vertex 24.8 38.1994 12.391
      vertex 24.8 38.0917 12.7739
      vertex 22.8 36.1959 12.137
    endloop
  endfacet
  facet normal 0.705314 -0.455158 0.543473
    outer loop
      vertex 22.8 35.7317 10.1035
      vertex 24.8 37.1627 8.70638
      vertex 24.8 37.1635 8.70705
    endloop
  endfacet
  facet normal 0.69991 -0.485675 0.523685
    outer loop
      vertex 22.8011 35.7142 10.0858
      vertex 22.8 35.7317 10.1035
      vertex 22.8 35.7193 10.092
    endloop
  endfacet
  facet normal 0.706644 -0.480715 0.519199
    outer loop
      vertex 22.8 35.7317 10.1035
      vertex 22.8011 35.7142 10.0858
      vertex 24.8 37.1627 8.70638
    endloop
  endfacet
  facet normal 0.706749 -0.483205 0.516738
    outer loop
      vertex 22.8 35.7004 10.0744
      vertex 24.8 37.1627 8.70638
      vertex 22.8011 35.7142 10.0858
    endloop
  endfacet
  facet normal 0.706652 -0.481194 0.518744
    outer loop
      vertex 24.8 37.1627 8.70638
      vertex 22.8 35.7004 10.0744
      vertex 22.8 35.5856 9.96791
    endloop
  endfacet
  facet normal 0.706678 0.427105 0.564081
    outer loop
      vertex 24.8 32.0459 8.19564
      vertex 22.8 33.1734 9.84752
      vertex 22.8 33.0144 9.96791
    endloop
  endfacet
  facet normal 0.706754 0.424476 0.565968
    outer loop
      vertex 22.8 33.1734 9.84752
      vertex 24.8 32.0459 8.19564
      vertex 24.8 32.0467 8.19504
    endloop
  endfacet
  facet normal 0.706642 0.0704412 -0.704056
    outer loop
      vertex 24.8 33.7048 15.4554
      vertex 23.506 34.1651 14.2027
      vertex 24.8 34.1006 15.495
    endloop
  endfacet
  facet normal 0.706705 0.0709226 -0.703944
    outer loop
      vertex 23.506 34.1651 14.2027
      vertex 24.8 33.7048 15.4554
      vertex 23.4029 34.051 14.0877
    endloop
  endfacet
  facet normal 0.706664 0.17461 0.685665
    outer loop
      vertex 24.8 33.5065 7.57955
      vertex 22.8 33.9037 9.53965
      vertex 22.8 33.7105 9.58885
    endloop
  endfacet
  facet normal 0.706445 0.182365 0.68387
    outer loop
      vertex 22.8 33.9037 9.53965
      vertex 24.8 33.5065 7.57955
      vertex 24.8 33.5074 7.57931
    endloop
  endfacet
  facet normal 0.706667 0.454894 -0.541935
    outer loop
      vertex 24.8 31.5801 14.4328
      vertex 22.8017 32.9385 12.9673
      vertex 22.8196 33.0776 13.1074
    endloop
  endfacet
  facet normal 0.705178 0.425418 -0.567225
    outer loop
      vertex 22.8017 32.9385 12.9673
      vertex 24.8 31.5801 14.4328
      vertex 24.8 31.5793 14.4322
    endloop
  endfacet
  facet normal 0.706613 0.36767 0.60458
    outer loop
      vertex 24.8 32.0476 8.19453
      vertex 22.8 33.2018 9.83015
      vertex 22.8008 33.1889 9.83706
    endloop
  endfacet
  facet normal 0.702953 0.372568 0.605847
    outer loop
      vertex 22.8 33.1734 9.84752
      vertex 22.8008 33.1889 9.83706
      vertex 22.8 33.1841 9.84094
    endloop
  endfacet
  facet normal 0.706664 0.368938 0.603747
    outer loop
      vertex 22.8 33.2018 9.83015
      vertex 24.8 32.0476 8.19453
      vertex 22.8 33.3435 9.74356
    endloop
  endfacet
  facet normal 0.706707 0.370342 0.602837
    outer loop
      vertex 22.8 33.1734 9.84752
      vertex 24.8 32.0476 8.19453
      vertex 22.8008 33.1889 9.83706
    endloop
  endfacet
  facet normal 0.705897 0.349208 0.61625
    outer loop
      vertex 24.8 32.0476 8.19453
      vertex 22.8 33.1734 9.84752
      vertex 24.8 32.0467 8.19504
    endloop
  endfacet
  facet normal 0.705897 -0.349208 0.61625
    outer loop
      vertex 22.8 35.4266 9.84752
      vertex 24.8 36.5524 8.19453
      vertex 24.8 36.5533 8.19504
    endloop
  endfacet
  facet normal 0.702953 -0.372568 0.605847
    outer loop
      vertex 22.8008 35.4111 9.83706
      vertex 22.8 35.4266 9.84752
      vertex 22.8 35.4159 9.84094
    endloop
  endfacet
  facet normal 0.706707 -0.370342 0.602837
    outer loop
      vertex 22.8 35.4266 9.84752
      vertex 22.8008 35.4111 9.83706
      vertex 24.8 36.5524 8.19453
    endloop
  endfacet
  facet normal 0.706613 -0.36767 0.60458
    outer loop
      vertex 22.8 35.3982 9.83015
      vertex 24.8 36.5524 8.19453
      vertex 22.8008 35.4111 9.83706
    endloop
  endfacet
  facet normal 0.706664 -0.368938 0.603747
    outer loop
      vertex 24.8 36.5524 8.19453
      vertex 22.8 35.3982 9.83015
      vertex 22.8 35.2565 9.74356
    endloop
  endfacet
  facet normal 0.706667 -0.707322 0.0177898
    outer loop
      vertex 24.8 38.2888 11.2021
      vertex 24.8 38.2988 11.5997
      vertex 22.8 36.2994 11.5499
    endloop
  endfacet
  facet normal 0.70667 -0.696785 -0.12292
    outer loop
      vertex 24.8 38.269 11.9974
      vertex 24.8 38.1999 12.3891
      vertex 22.8 36.2845 11.7487
    endloop
  endfacet
  facet normal 0.706668 0.307048 0.637449
    outer loop
      vertex 22.8 33.3435 9.74356
      vertex 24.8 32.3879 7.98668
      vertex 22.8 33.5231 9.65705
    endloop
  endfacet
  facet normal 0.706611 0.305048 0.638472
    outer loop
      vertex 24.8 32.3879 7.98668
      vertex 22.8 33.3435 9.74356
      vertex 24.8 32.387 7.98711
    endloop
  endfacet
  facet normal 0.706667 0.368962 0.60373
    outer loop
      vertex 24.8 32.0476 8.19453
      vertex 24.8 32.387 7.98711
      vertex 22.8 33.3435 9.74356
    endloop
  endfacet
  facet normal 0.707622 -0.286974 -0.645691
    outer loop
      vertex 22.9942 35.086 13.5469
      vertex 24.8 36.0355 15.1039
      vertex 24.8 36.0346 15.1043
    endloop
  endfacet
  facet normal 0.706669 -0.274855 -0.651977
    outer loop
      vertex 24.8 36.0355 15.1039
      vertex 22.9942 35.086 13.5469
      vertex 22.9215 35.2205 13.4114
    endloop
  endfacet
  facet normal 0.706666 0.0704036 -0.704036
    outer loop
      vertex 24.8 33.7038 15.4553
      vertex 23.4029 34.051 14.0877
      vertex 24.8 33.7048 15.4554
    endloop
  endfacet
  facet normal 0.706647 0.0701561 -0.704079
    outer loop
      vertex 23.4029 34.051 14.0877
      vertex 24.8 33.7038 15.4553
      vertex 23.2922 33.9286 13.9644
    endloop
  endfacet
  facet normal 0.706582 0.644094 0.293062
    outer loop
      vertex 24.8 30.5769 10.0377
      vertex 22.8 32.4629 10.7147
      vertex 22.8015 32.4522 10.7346
    endloop
  endfacet
  facet normal 0.712721 0.639972 0.287167
    outer loop
      vertex 22.8 32.4383 10.7693
      vertex 22.8015 32.4522 10.7346
      vertex 22.8 32.4488 10.7459
    endloop
  endfacet
  facet normal 0.706663 0.644841 0.291219
    outer loop
      vertex 22.8 32.4629 10.7147
      vertex 24.8 30.5769 10.0377
      vertex 22.8 32.5203 10.5876
    endloop
  endfacet
  facet normal 0.706725 0.645683 0.289195
    outer loop
      vertex 22.8 32.4383 10.7693
      vertex 24.8 30.5769 10.0377
      vertex 22.8015 32.4522 10.7346
    endloop
  endfacet
  facet normal 0.706771 0.646469 0.28732
    outer loop
      vertex 24.8 30.5769 10.0377
      vertex 22.8 32.4383 10.7693
      vertex 24.8 30.5765 10.0386
    endloop
  endfacet
  facet normal 0.706749 0.483205 0.516738
    outer loop
      vertex 24.8 31.4373 8.70638
      vertex 22.8 32.8996 10.0744
      vertex 22.8011 32.8858 10.0858
    endloop
  endfacet
  facet normal 0.69991 0.485675 0.523685
    outer loop
      vertex 22.8 32.8683 10.1035
      vertex 22.8011 32.8858 10.0858
      vertex 22.8 32.8807 10.092
    endloop
  endfacet
  facet normal 0.706652 0.481194 0.518744
    outer loop
      vertex 22.8 32.8996 10.0744
      vertex 24.8 31.4373 8.70638
      vertex 22.8 33.0144 9.96791
    endloop
  endfacet
  facet normal 0.706644 0.480715 0.519199
    outer loop
      vertex 22.8 32.8683 10.1035
      vertex 24.8 31.4373 8.70638
      vertex 22.8011 32.8858 10.0858
    endloop
  endfacet
  facet normal 0.705314 0.455158 0.543473
    outer loop
      vertex 24.8 31.4373 8.70638
      vertex 22.8 32.8683 10.1035
      vertex 24.8 31.4365 8.70705
    endloop
  endfacet
  facet normal 0.706674 -0.61276 0.353747
    outer loop
      vertex 22.8 35.98 10.4149
      vertex 24.8 37.6606 9.33067
      vertex 22.8 36.0797 10.5876
    endloop
  endfacet
  facet normal 0.706726 -0.611628 0.355598
    outer loop
      vertex 24.8 37.6606 9.33067
      vertex 22.8 35.98 10.4149
      vertex 24.8 37.6601 9.32981
    endloop
  endfacet
  facet normal 0.706673 0.274844 -0.651977
    outer loop
      vertex 24.8 32.5654 15.1043
      vertex 23.0104 33.544 13.5771
      vertex 24.8 32.9319 15.2588
    endloop
  endfacet
  facet normal 0.706665 0.274766 -0.652018
    outer loop
      vertex 23.0104 33.544 13.5771
      vertex 24.8 32.5654 15.1043
      vertex 22.9942 33.514 13.5469
    endloop
  endfacet
  facet normal 0.706678 0.644912 0.291023
    outer loop
      vertex 24.8 30.5769 10.0377
      vertex 24.8 30.7405 9.67516
      vertex 22.8 32.5203 10.5876
    endloop
  endfacet
  facet normal 0.706669 0.208479 -0.676133
    outer loop
      vertex 24.8 32.9319 15.2588
      vertex 23.0347 33.5803 13.6137
      vertex 24.8 33.312 15.376
    endloop
  endfacet
  facet normal 0.706675 0.208611 -0.676086
    outer loop
      vertex 23.0347 33.5803 13.6137
      vertex 24.8 32.9319 15.2588
      vertex 23.0104 33.544 13.5771
    endloop
  endfacet
  facet normal 0.706768 -0.203283 -0.67761
    outer loop
      vertex 23.1312 34.8753 13.7592
      vertex 24.8 35.288 15.376
      vertex 24.8 35.287 15.3763
    endloop
  endfacet
  facet normal 0.706634 -0.208945 -0.676026
    outer loop
      vertex 24.8 35.288 15.376
      vertex 23.1312 34.8753 13.7592
      vertex 23.0347 35.0197 13.6137
    endloop
  endfacet
  facet normal 0.706647 0.241349 0.665132
    outer loop
      vertex 24.8 32.7472 7.81376
      vertex 22.8 33.5449 9.64914
      vertex 22.8006 33.5346 9.65224
    endloop
  endfacet
  facet normal 0.703639 0.242624 0.667851
    outer loop
      vertex 22.8 33.5231 9.65705
      vertex 22.8006 33.5346 9.65224
      vertex 22.8 33.531 9.65418
    endloop
  endfacet
  facet normal 0.70667 0.242053 0.664852
    outer loop
      vertex 22.8 33.5449 9.64914
      vertex 24.8 32.7472 7.81376
      vertex 22.8 33.7105 9.58885
    endloop
  endfacet
  facet normal 0.706647 0.241333 0.665138
    outer loop
      vertex 22.8 33.5231 9.65705
      vertex 24.8 32.7472 7.81376
      vertex 22.8006 33.5346 9.65224
    endloop
  endfacet
  facet normal 0.70685 0.249983 0.661719
    outer loop
      vertex 24.8 32.7472 7.81376
      vertex 22.8 33.5231 9.65705
      vertex 24.8 32.7463 7.8141
    endloop
  endfacet
  facet normal 0.707053 0.536916 -0.460214
    outer loop
      vertex 24.8 31.3003 14.146
      vertex 22.8 32.8004 12.8234
      vertex 24.8 31.3009 14.1467
    endloop
  endfacet
  facet normal 0.706654 0.553237 -0.441099
    outer loop
      vertex 22.8 32.8004 12.8234
      vertex 24.8 31.3003 14.146
      vertex 22.8 32.6761 12.6675
    endloop
  endfacet
  facet normal 0.706679 -0.670585 0.225657
    outer loop
      vertex 22.8 36.1617 10.7693
      vertex 24.8 38.0238 10.0396
      vertex 22.8 36.2253 10.9583
    endloop
  endfacet
  facet normal 0.70591 -0.67843 0.203529
    outer loop
      vertex 24.8 38.0238 10.0396
      vertex 22.8 36.1617 10.7693
      vertex 24.8 38.0235 10.0386
    endloop
  endfacet
  facet normal 0.706658 -0.140165 -0.693534
    outer loop
      vertex 23.2922 34.6714 13.9644
      vertex 24.8 35.2861 15.3765
      vertex 24.8 34.8962 15.4553
    endloop
  endfacet
  facet normal 0.706667 -0.140253 -0.693506
    outer loop
      vertex 24.8 35.2861 15.3765
      vertex 23.2922 34.6714 13.9644
      vertex 23.2326 34.7469 13.8884
    endloop
  endfacet
  facet normal 0.718583 0.677986 0.154832
    outer loop
      vertex 22.8017 32.3384 11.1098
      vertex 22.8 32.3748 10.9583
      vertex 22.8 32.3455 11.0866
    endloop
  endfacet
  facet normal 0.713693 0.682948 0.155638
    outer loop
      vertex 22.8 32.3304 11.1527
      vertex 22.8017 32.3384 11.1098
      vertex 22.8 32.3371 11.1233
    endloop
  endfacet
  facet normal 0.706648 0.689747 0.157792
    outer loop
      vertex 22.8017 32.3384 11.1098
      vertex 24.8 30.361 10.8044
      vertex 22.8 32.3748 10.9583
    endloop
  endfacet
  facet normal 0.706689 0.689961 0.156668
    outer loop
      vertex 22.8 32.3304 11.1527
      vertex 24.8 30.361 10.8044
      vertex 22.8017 32.3384 11.1098
    endloop
  endfacet
  facet normal 0.707012 0.693468 0.138694
    outer loop
      vertex 24.8 30.361 10.8044
      vertex 22.8 32.3304 11.1527
      vertex 24.8 30.3608 10.8054
    endloop
  endfacet
  facet normal 0.706653 0.506596 -0.493966
    outer loop
      vertex 24.8 31.5786 14.4315
      vertex 24.8 31.3009 14.1467
      vertex 22.8 32.8004 12.8234
    endloop
  endfacet
  facet normal 0.705995 0.470501 -0.52934
    outer loop
      vertex 24.8 31.8848 14.6885
      vertex 22.8196 33.0776 13.1074
      vertex 22.8199 33.0803 13.1102
    endloop
  endfacet
  facet normal 0.706661 0.454833 -0.541994
    outer loop
      vertex 22.8196 33.0776 13.1074
      vertex 24.8 31.8848 14.6885
      vertex 24.8 31.5801 14.4328
    endloop
  endfacet
  facet normal 0.706685 0.612904 0.353476
    outer loop
      vertex 22.8 32.5203 10.5876
      vertex 24.8 30.741 9.6743
      vertex 22.8 32.6199 10.4149
    endloop
  endfacet
  facet normal 0.706622 0.611718 0.35565
    outer loop
      vertex 24.8 30.741 9.6743
      vertex 22.8 32.5203 10.5876
      vertex 24.8 30.7405 9.67516
    endloop
  endfacet
  facet normal 0.706659 0.612753 0.353789
    outer loop
      vertex 24.8 30.741 9.6743
      vertex 24.8 30.9399 9.32981
      vertex 22.8 32.6199 10.4149
    endloop
  endfacet
  facet normal 0.706658 0.140165 -0.693534
    outer loop
      vertex 24.8 33.3139 15.3765
      vertex 23.2922 33.9286 13.9644
      vertex 24.8 33.7038 15.4553
    endloop
  endfacet
  facet normal 0.706667 0.140253 -0.693506
    outer loop
      vertex 23.2922 33.9286 13.9644
      vertex 24.8 33.3139 15.3765
      vertex 23.2326 33.8531 13.8884
    endloop
  endfacet
  facet normal 0.706836 0.392382 -0.588574
    outer loop
      vertex 24.8 32.2134 14.9126
      vertex 22.8592 33.2263 13.2571
      vertex 24.8 32.2143 14.9132
    endloop
  endfacet
  facet normal 0.706676 0.398483 -0.584654
    outer loop
      vertex 22.8592 33.2263 13.2571
      vertex 24.8 32.2134 14.9126
      vertex 22.8207 33.0833 13.1131
    endloop
  endfacet
  facet normal 0.706659 0.594352 -0.3839
    outer loop
      vertex 24.8 31.0517 13.8341
      vertex 24.8 30.8359 13.5
      vertex 22.8 32.5679 12.5
    endloop
  endfacet
  facet normal 0.706642 -0.0704412 -0.704056
    outer loop
      vertex 23.506 34.4349 14.2027
      vertex 24.8 34.8952 15.4554
      vertex 24.8 34.4994 15.495
    endloop
  endfacet
  facet normal 0.706705 -0.0709226 -0.703944
    outer loop
      vertex 24.8 34.8952 15.4554
      vertex 23.506 34.4349 14.2027
      vertex 23.4029 34.549 14.0877
    endloop
  endfacet
  facet normal 0.707051 -0.618171 -0.343429
    outer loop
      vertex 22.8 36.0321 12.5
      vertex 24.8 37.7646 13.4991
      vertex 24.8 37.7641 13.5
    endloop
  endfacet
  facet normal 0.706661 -0.629699 -0.322659
    outer loop
      vertex 24.8 37.7646 13.4991
      vertex 22.8 36.0321 12.5
      vertex 22.8 36.123 12.3226
    endloop
  endfacet
  facet normal 0.704355 0.706325 0.0706325
    outer loop
      vertex 24.8 30.3013 11.5987
      vertex 22.8 32.3006 11.5499
      vertex 24.8 30.3012 11.5997
    endloop
  endfacet
  facet normal 0.706639 0.707335 0.018401
    outer loop
      vertex 22.8019 32.3 11.5
      vertex 22.8 32.3006 11.5499
      vertex 24.8 30.3013 11.5987
    endloop
  endfacet
  facet normal 0.705217 0.708754 0.0183299
    outer loop
      vertex 22.8 32.3006 11.5499
      vertex 22.8019 32.3 11.5
      vertex 22.8 32.3015 11.5151
    endloop
  endfacet
  facet normal 0.7067 0.707315 0.0167542
    outer loop
      vertex 24.8 30.3013 11.5987
      vertex 22.8 32.3025 11.4746
      vertex 22.8019 32.3 11.5
    endloop
  endfacet
  facet normal 0.70666 0.707332 0.0176691
    outer loop
      vertex 22.8 32.3025 11.4746
      vertex 24.8 30.3013 11.5987
      vertex 22.8 32.3056 11.3505
    endloop
  endfacet
  facet normal 0.706673 -0.274844 -0.651977
    outer loop
      vertex 23.0104 35.056 13.5771
      vertex 24.8 36.0346 15.1043
      vertex 24.8 35.6681 15.2588
    endloop
  endfacet
  facet normal 0.706665 -0.274766 -0.652018
    outer loop
      vertex 24.8 36.0346 15.1043
      vertex 23.0104 35.056 13.5771
      vertex 22.9942 35.086 13.5469
    endloop
  endfacet
  facet normal 0.70666 -0.658638 -0.258509
    outer loop
      vertex 24.8 38.0913 12.7749
      vertex 24.8 37.946 13.1451
      vertex 22.8 36.123 12.3226
    endloop
  endfacet
  facet normal 0.706673 -0.338359 -0.621391
    outer loop
      vertex 22.8629 35.3647 13.2662
      vertex 24.8 36.3857 14.9132
      vertex 24.8 36.0364 15.1034
    endloop
  endfacet
  facet normal 0.706661 -0.337994 -0.621603
    outer loop
      vertex 24.8 36.3857 14.9132
      vertex 22.8629 35.3647 13.2662
      vertex 22.8592 35.3737 13.2571
    endloop
  endfacet
  facet normal 0.706672 0.629689 -0.322654
    outer loop
      vertex 24.8 30.6544 13.146
      vertex 22.8 32.477 12.3226
      vertex 22.8 32.5679 12.5
    endloop
  endfacet
  facet normal 0.707094 0.646174 -0.287188
    outer loop
      vertex 22.8 32.477 12.3226
      vertex 24.8 30.6544 13.146
      vertex 24.8 30.654 13.1451
    endloop
  endfacet
  facet normal 0.706663 0.105312 0.699669
    outer loop
      vertex 24.8 33.5084 7.57916
      vertex 22.8 33.9156 9.53786
      vertex 22.8003 33.9098 9.53843
    endloop
  endfacet
  facet normal 0.700191 0.10675 0.70593
    outer loop
      vertex 22.8 33.9037 9.53965
      vertex 22.8003 33.9098 9.53843
      vertex 22.8 33.9078 9.53903
    endloop
  endfacet
  facet normal 0.706666 0.105419 0.69965
    outer loop
      vertex 22.8 33.9156 9.53786
      vertex 24.8 33.5084 7.57916
      vertex 22.8 34.1009 9.50994
    endloop
  endfacet
  facet normal 0.706659 0.105185 0.699692
    outer loop
      vertex 22.8 33.9037 9.53965
      vertex 24.8 33.5084 7.57916
      vertex 22.8003 33.9098 9.53843
    endloop
  endfacet
  facet normal 0.706654 0.10496 0.699731
    outer loop
      vertex 24.8 33.5084 7.57916
      vertex 22.8 33.9037 9.53965
      vertex 24.8 33.5074 7.57931
    endloop
  endfacet
  facet normal 0.707093 0.670834 -0.223611
    outer loop
      vertex 24.8 30.508 12.773
      vertex 22.8 32.4041 12.137
      vertex 24.8 30.5083 12.7739
    endloop
  endfacet
  facet normal 0.70666 0.681127 -0.191567
    outer loop
      vertex 22.8 32.4041 12.137
      vertex 24.8 30.508 12.773
      vertex 22.8 32.3501 11.945
    endloop
  endfacet
  facet normal 0.706661 -0.398656 -0.584553
    outer loop
      vertex 22.8207 35.5167 13.1131
      vertex 24.8 36.7152 14.6885
      vertex 24.8 36.3866 14.9126
    endloop
  endfacet
  facet normal 0.70648 -0.393419 -0.58831
    outer loop
      vertex 24.8 36.7152 14.6885
      vertex 22.8207 35.5167 13.1131
      vertex 22.8199 35.5196 13.1102
    endloop
  endfacet
  facet normal 0.706677 -0.612738 0.35378
    outer loop
      vertex 24.8 37.6606 9.33067
      vertex 24.8 37.8595 9.67516
      vertex 22.8 36.0797 10.5876
    endloop
  endfacet
  facet normal 0.706671 0.6707 0.225341
    outer loop
      vertex 24.8 30.5762 10.0396
      vertex 22.8 32.4383 10.7693
      vertex 22.8 32.3748 10.9583
    endloop
  endfacet
  facet normal 0.70591 0.67843 0.203529
    outer loop
      vertex 22.8 32.4383 10.7693
      vertex 24.8 30.5762 10.0396
      vertex 24.8 30.5765 10.0386
    endloop
  endfacet
  facet normal 0.707087 -0.532167 -0.465646
    outer loop
      vertex 24.8 37.2984 14.1475
      vertex 22.8 35.7996 12.8234
      vertex 24.8 37.2991 14.1467
    endloop
  endfacet
  facet normal 0.706656 -0.506389 -0.494174
    outer loop
      vertex 22.8023 35.7142 12.9142
      vertex 22.8 35.7996 12.8234
      vertex 24.8 37.2984 14.1475
    endloop
  endfacet
  facet normal 0.704364 -0.508081 -0.495707
    outer loop
      vertex 22.8 35.7996 12.8234
      vertex 22.8023 35.7142 12.9142
      vertex 22.8 35.7315 12.8932
    endloop
  endfacet
  facet normal 0.706641 -0.506215 -0.494373
    outer loop
      vertex 22.8023 35.7142 12.9142
      vertex 24.8 37.2984 14.1475
      vertex 22.8017 35.6617 12.9671
    endloop
  endfacet
  facet normal 0.706659 0.629622 -0.322814
    outer loop
      vertex 24.8 30.8359 13.5
      vertex 24.8 30.6544 13.146
      vertex 22.8 32.5679 12.5
    endloop
  endfacet
  facet normal 0.706678 -0.427105 0.564081
    outer loop
      vertex 22.8 35.4266 9.84752
      vertex 24.8 36.5541 8.19564
      vertex 22.8 35.5856 9.96791
    endloop
  endfacet
  facet normal 0.706754 -0.424476 0.565968
    outer loop
      vertex 24.8 36.5541 8.19564
      vertex 22.8 35.4266 9.84752
      vertex 24.8 36.5533 8.19504
    endloop
  endfacet
  facet normal 0.706652 0 -0.707561
    outer loop
      vertex 24.8 34.1006 15.495
      vertex 23.6319 34.29 14.3284
      vertex 24.8 34.4994 15.495
    endloop
  endfacet
  facet normal 0.706637 -0.000186626 -0.707576
    outer loop
      vertex 23.6319 34.29 14.3284
      vertex 24.8 34.1006 15.495
      vertex 23.506 34.1651 14.2027
    endloop
  endfacet
  facet normal 0.706652 0 -0.707561
    outer loop
      vertex 23.6319 34.31 14.3284
      vertex 24.8 34.4994 15.495
      vertex 23.6319 34.29 14.3284
    endloop
  endfacet
  facet normal 0.706637 0.000186626 -0.707576
    outer loop
      vertex 24.8 34.4994 15.495
      vertex 23.6319 34.31 14.3284
      vertex 23.506 34.4349 14.2027
    endloop
  endfacet
  facet normal 0.706771 -0.646469 0.28732
    outer loop
      vertex 22.8 36.1617 10.7693
      vertex 24.8 38.0231 10.0377
      vertex 24.8 38.0235 10.0386
    endloop
  endfacet
  facet normal 0.712721 -0.639972 0.287167
    outer loop
      vertex 22.8015 36.1478 10.7346
      vertex 22.8 36.1617 10.7693
      vertex 22.8 36.1512 10.7459
    endloop
  endfacet
  facet normal 0.706725 -0.645683 0.289195
    outer loop
      vertex 22.8 36.1617 10.7693
      vertex 22.8015 36.1478 10.7346
      vertex 24.8 38.0231 10.0377
    endloop
  endfacet
  facet normal 0.706582 -0.644094 0.293062
    outer loop
      vertex 22.8 36.1371 10.7147
      vertex 24.8 38.0231 10.0377
      vertex 22.8015 36.1478 10.7346
    endloop
  endfacet
  facet normal 0.706663 -0.644841 0.291219
    outer loop
      vertex 24.8 38.0231 10.0377
      vertex 22.8 36.1371 10.7147
      vertex 22.8 36.0797 10.5876
    endloop
  endfacet
  facet normal 0.706664 -0.17461 0.685665
    outer loop
      vertex 22.8 34.6963 9.53965
      vertex 24.8 35.0935 7.57955
      vertex 22.8 34.8895 9.58885
    endloop
  endfacet
  facet normal 0.706445 -0.182365 0.68387
    outer loop
      vertex 24.8 35.0935 7.57955
      vertex 22.8 34.6963 9.53965
      vertex 24.8 35.0926 7.57931
    endloop
  endfacet
  facet normal 0.706656 -0.574492 0.413033
    outer loop
      vertex 24.8 37.4273 9.00604
      vertex 24.8 37.6595 9.32901
      vertex 22.8 35.8637 10.253
    endloop
  endfacet
  facet normal 0.707622 0.286974 -0.645691
    outer loop
      vertex 24.8 32.5645 15.1039
      vertex 22.9942 33.514 13.5469
      vertex 24.8 32.5654 15.1043
    endloop
  endfacet
  facet normal 0.706669 0.274855 -0.651977
    outer loop
      vertex 22.9942 33.514 13.5469
      vertex 24.8 32.5645 15.1039
      vertex 22.9215 33.3795 13.4114
    endloop
  endfacet
  facet normal 0.706506 0.343693 -0.618648
    outer loop
      vertex 24.8 32.5636 15.1034
      vertex 22.9215 33.3795 13.4114
      vertex 24.8 32.5645 15.1039
    endloop
  endfacet
  facet normal 0.706663 0.338474 -0.621339
    outer loop
      vertex 22.9215 33.3795 13.4114
      vertex 24.8 32.5636 15.1034
      vertex 22.8629 33.2353 13.2662
    endloop
  endfacet
  facet normal 0.706667 -0.368962 0.60373
    outer loop
      vertex 24.8 36.213 7.98711
      vertex 24.8 36.5524 8.19453
      vertex 22.8 35.2565 9.74356
    endloop
  endfacet
  facet normal 0.706531 -0.657067 -0.262827
    outer loop
      vertex 24.8 38.0913 12.7749
      vertex 22.8 36.1959 12.137
      vertex 24.8 38.0917 12.7739
    endloop
  endfacet
  facet normal 0.706657 -0.658716 -0.25832
    outer loop
      vertex 22.8021 36.1478 12.2654
      vertex 22.8 36.1959 12.137
      vertex 24.8 38.0913 12.7749
    endloop
  endfacet
  facet normal 0.718978 -0.646918 -0.254101
    outer loop
      vertex 22.8 36.1959 12.137
      vertex 22.8021 36.1478 12.2654
      vertex 22.8 36.1556 12.2396
    endloop
  endfacet
  facet normal 0.706584 -0.658334 -0.259491
    outer loop
      vertex 22.8 36.123 12.3226
      vertex 22.8021 36.1478 12.2654
      vertex 24.8 38.0913 12.7749
    endloop
  endfacet
  facet normal 0.72775 -0.638594 -0.250155
    outer loop
      vertex 22.8021 36.1478 12.2654
      vertex 22.8 36.123 12.3226
      vertex 22.8 36.1391 12.2815
    endloop
  endfacet
  facet normal 0.706661 0.681121 -0.191582
    outer loop
      vertex 24.8 30.508 12.773
      vertex 24.8 30.4003 12.3901
      vertex 22.8 32.3501 11.945
    endloop
  endfacet
  facet normal 0.70697 -0.693509 -0.138702
    outer loop
      vertex 22.8 36.2499 11.945
      vertex 24.8 38.1999 12.3891
      vertex 24.8 38.1997 12.3901
    endloop
  endfacet
  facet normal 0.706652 -0.696844 -0.122688
    outer loop
      vertex 24.8 38.1999 12.3891
      vertex 22.8 36.2642 11.864
      vertex 22.8 36.2845 11.7487
    endloop
  endfacet
  facet normal 0.70667 -0.696754 -0.123088
    outer loop
      vertex 24.8 38.1999 12.3891
      vertex 22.802 36.2616 11.8902
      vertex 22.8 36.2642 11.864
    endloop
  endfacet
  facet normal 0.706666 -0.696779 -0.122974
    outer loop
      vertex 24.8 38.1999 12.3891
      vertex 22.8 36.2499 11.945
      vertex 22.802 36.2616 11.8902
    endloop
  endfacet
  facet normal 0.71404 -0.689541 -0.12116
    outer loop
      vertex 22.802 36.2616 11.8902
      vertex 22.8 36.2499 11.945
      vertex 22.8 36.2567 11.9063
    endloop
  endfacet
  facet normal 0.705421 -0.672416 -0.224139
    outer loop
      vertex 24.8 38.1994 12.391
      vertex 22.8 36.2499 11.945
      vertex 24.8 38.1997 12.3901
    endloop
  endfacet
  facet normal 0.706654 -0.681133 -0.191569
    outer loop
      vertex 22.8 36.2499 11.945
      vertex 24.8 38.1994 12.391
      vertex 22.8 36.1959 12.137
    endloop
  endfacet
  facet normal 0.705217 -0.708754 0.0183299
    outer loop
      vertex 22.8019 36.3 11.5
      vertex 22.8 36.2994 11.5499
      vertex 22.8 36.2985 11.5151
    endloop
  endfacet
  facet normal 0.70049 -0.71344 0.0178216
    outer loop
      vertex 22.8 36.2944 11.3505
      vertex 22.8019 36.3 11.5
      vertex 22.8 36.2975 11.4746
    endloop
  endfacet
  facet normal 0.706713 -0.707261 0.0184048
    outer loop
      vertex 22.8019 36.3 11.5
      vertex 24.8 38.2888 11.2021
      vertex 22.8 36.2994 11.5499
    endloop
  endfacet
  facet normal 0.706658 -0.707339 0.0175147
    outer loop
      vertex 22.8 36.2944 11.3505
      vertex 24.8 38.2888 11.2021
      vertex 22.8019 36.3 11.5
    endloop
  endfacet
  facet normal 0.706115 -0.708097 0
    outer loop
      vertex 24.8 38.2888 11.2021
      vertex 22.8 36.2944 11.3505
      vertex 24.8 38.2888 11.2011
    endloop
  endfacet
  facet normal 0.706667 -0.481337 0.51859
    outer loop
      vertex 24.8 36.8712 8.43582
      vertex 24.8 37.1627 8.70638
      vertex 22.8 35.5856 9.96791
    endloop
  endfacet
  facet normal 0.706669 -0.208479 -0.676133
    outer loop
      vertex 23.0347 35.0197 13.6137
      vertex 24.8 35.6681 15.2588
      vertex 24.8 35.288 15.376
    endloop
  endfacet
  facet normal 0.706675 -0.208611 -0.676086
    outer loop
      vertex 24.8 35.6681 15.2588
      vertex 23.0347 35.0197 13.6137
      vertex 23.0104 35.056 13.5771
    endloop
  endfacet
  facet normal 0.72775 0.638594 -0.250155
    outer loop
      vertex 22.8 32.477 12.3226
      vertex 22.8021 32.4522 12.2654
      vertex 22.8 32.4609 12.2815
    endloop
  endfacet
  facet normal 0.718978 0.646918 -0.254101
    outer loop
      vertex 22.8021 32.4522 12.2654
      vertex 22.8 32.4041 12.137
      vertex 22.8 32.4444 12.2396
    endloop
  endfacet
  facet normal 0.706584 0.658334 -0.259491
    outer loop
      vertex 24.8 30.5087 12.7749
      vertex 22.8021 32.4522 12.2654
      vertex 22.8 32.477 12.3226
    endloop
  endfacet
  facet normal 0.706657 0.658716 -0.25832
    outer loop
      vertex 24.8 30.5087 12.7749
      vertex 22.8 32.4041 12.137
      vertex 22.8021 32.4522 12.2654
    endloop
  endfacet
  facet normal 0.706531 0.657067 -0.262827
    outer loop
      vertex 22.8 32.4041 12.137
      vertex 24.8 30.5087 12.7749
      vertex 24.8 30.5083 12.7739
    endloop
  endfacet
  facet normal 0.70666 0.696794 -0.122922
    outer loop
      vertex 24.8 30.4003 12.3901
      vertex 24.8 30.3312 11.9984
      vertex 22.8 32.3501 11.945
    endloop
  endfacet
  facet normal 0.704351 0.709852 -0
    outer loop
      vertex 24.8 30.331 11.9964
      vertex 22.8 32.3155 11.7487
      vertex 24.8 30.331 11.9974
    endloop
  endfacet
  facet normal 0.706658 0.705576 -0.0528827
    outer loop
      vertex 22.8 32.3155 11.7487
      vertex 24.8 30.331 11.9964
      vertex 22.8 32.3006 11.5499
    endloop
  endfacet
  facet normal 0.706678 -0.644912 0.291023
    outer loop
      vertex 24.8 37.8595 9.67516
      vertex 24.8 38.0231 10.0377
      vertex 22.8 36.0797 10.5876
    endloop
  endfacet
  facet normal 0.71404 0.689541 -0.12116
    outer loop
      vertex 22.8 32.3501 11.945
      vertex 22.802 32.3384 11.8902
      vertex 22.8 32.3433 11.9063
    endloop
  endfacet
  facet normal 0.703965 0.699476 -0.123151
    outer loop
      vertex 22.802 32.3384 11.8902
      vertex 22.8 32.3155 11.7487
      vertex 22.8 32.3358 11.864
    endloop
  endfacet
  facet normal 0.706656 0.696788 -0.122976
    outer loop
      vertex 24.8 30.3312 11.9984
      vertex 22.802 32.3384 11.8902
      vertex 22.8 32.3501 11.945
    endloop
  endfacet
  facet normal 0.70667 0.696813 -0.122759
    outer loop
      vertex 24.8 30.3312 11.9984
      vertex 22.8 32.3155 11.7487
      vertex 22.802 32.3384 11.8902
    endloop
  endfacet
  facet normal 0.706174 0.694288 -0.138858
    outer loop
      vertex 22.8 32.3155 11.7487
      vertex 24.8 30.3312 11.9984
      vertex 24.8 30.331 11.9974
    endloop
  endfacet
  facet normal 0.706667 0.705559 -0.0530014
    outer loop
      vertex 24.8 30.331 11.9964
      vertex 24.8 30.3012 11.5997
      vertex 22.8 32.3006 11.5499
    endloop
  endfacet
  facet normal 0.706673 -0.506494 -0.494041
    outer loop
      vertex 24.8 37.0207 14.4322
      vertex 22.8017 35.6617 12.9671
      vertex 24.8 37.2984 14.1475
    endloop
  endfacet
  facet normal 0.706866 -0.50017 -0.50017
    outer loop
      vertex 22.8017 35.6617 12.9671
      vertex 24.8 37.0207 14.4322
      vertex 22.8017 35.6615 12.9673
    endloop
  endfacet
  facet normal 0.709443 0.592316 -0.381907
    outer loop
      vertex 22.8 32.6761 12.6675
      vertex 22.8022 32.6371 12.6111
      vertex 22.8 32.6496 12.6264
    endloop
  endfacet
  facet normal 0.694943 0.604096 -0.39003
    outer loop
      vertex 22.8022 32.6371 12.6111
      vertex 22.8 32.5679 12.5
      vertex 22.8 32.6242 12.5872
    endloop
  endfacet
  facet normal 0.704714 0.620207 -0.34456
    outer loop
      vertex 24.8 31.0517 13.8341
      vertex 22.8 32.6761 12.6675
      vertex 24.8 31.0522 13.835
    endloop
  endfacet
  facet normal 0.70665 0.594571 -0.383575
    outer loop
      vertex 22.8 32.6761 12.6675
      vertex 24.8 31.0517 13.8341
      vertex 22.8022 32.6371 12.6111
    endloop
  endfacet
  facet normal 0.706677 0.594201 -0.384099
    outer loop
      vertex 22.8022 32.6371 12.6111
      vertex 24.8 31.0517 13.8341
      vertex 22.8 32.5679 12.5
    endloop
  endfacet
  facet normal 0.706669 0.553106 -0.44124
    outer loop
      vertex 24.8 31.3003 14.146
      vertex 24.8 31.0522 13.835
      vertex 22.8 32.6761 12.6675
    endloop
  endfacet
  facet normal 0.706659 -0.68982 0.157424
    outer loop
      vertex 24.8 38.1505 10.4166
      vertex 24.8 38.239 10.8044
      vertex 22.8 36.2253 10.9583
    endloop
  endfacet
  facet normal 0.706665 -0.241992 0.664879
    outer loop
      vertex 24.8 35.479 7.67771
      vertex 24.8 35.8528 7.81376
      vertex 22.8 34.8895 9.58885
    endloop
  endfacet
  facet normal 0.70667 -0.705569 -0.0528243
    outer loop
      vertex 24.8 38.2987 11.6007
      vertex 24.8 38.269 11.9974
      vertex 22.8 36.2845 11.7487
    endloop
  endfacet
  facet normal 0.707012 -0.693468 0.138694
    outer loop
      vertex 22.8 36.2696 11.1527
      vertex 24.8 38.239 10.8044
      vertex 24.8 38.2392 10.8054
    endloop
  endfacet
  facet normal 0.713693 -0.682948 0.155638
    outer loop
      vertex 22.8017 36.2616 11.1098
      vertex 22.8 36.2696 11.1527
      vertex 22.8 36.2629 11.1233
    endloop
  endfacet
  facet normal 0.706689 -0.689961 0.156668
    outer loop
      vertex 22.8 36.2696 11.1527
      vertex 22.8017 36.2616 11.1098
      vertex 24.8 38.239 10.8044
    endloop
  endfacet
  facet normal 0.706595 -0.689471 0.159226
    outer loop
      vertex 22.8 36.2545 11.0866
      vertex 24.8 38.239 10.8044
      vertex 22.8017 36.2616 11.1098
    endloop
  endfacet
  facet normal 0.70669 -0.689882 0.157011
    outer loop
      vertex 24.8 38.239 10.8044
      vertex 22.8 36.2545 11.0866
      vertex 22.8 36.2253 10.9583
    endloop
  endfacet
  facet normal 0.706666 -0.0704036 -0.704036
    outer loop
      vertex 23.4029 34.549 14.0877
      vertex 24.8 34.8962 15.4553
      vertex 24.8 34.8952 15.4554
    endloop
  endfacet
  facet normal 0.706647 -0.0701561 -0.704079
    outer loop
      vertex 24.8 34.8962 15.4553
      vertex 23.4029 34.549 14.0877
      vertex 23.2922 34.6714 13.9644
    endloop
  endfacet
  facet normal 0.706656 -0.530512 0.468182
    outer loop
      vertex 24.8 37.1641 8.7078
      vertex 24.8 37.4273 9.00604
      vertex 22.8 35.8637 10.253
    endloop
  endfacet
  facet normal 0.706667 -0.306969 0.637489
    outer loop
      vertex 24.8 35.8546 7.81453
      vertex 24.8 36.213 7.98711
      vertex 22.8 35.2565 9.74356
    endloop
  endfacet
  facet normal 0.70666 -0.307051 0.637457
    outer loop
      vertex 22.8 35.0769 9.65705
      vertex 24.8 35.8546 7.81453
      vertex 22.8 35.2565 9.74356
    endloop
  endfacet
  facet normal 0.706714 -0.305003 0.638379
    outer loop
      vertex 24.8 35.8546 7.81453
      vertex 22.8 35.0769 9.65705
      vertex 24.8 35.8537 7.8141
    endloop
  endfacet
  facet normal 0.706665 -0.174592 0.685669
    outer loop
      vertex 24.8 35.0935 7.57955
      vertex 24.8 35.479 7.67771
      vertex 22.8 34.8895 9.58885
    endloop
  endfacet
  facet normal 0.706995 -0.703709 0.0703709
    outer loop
      vertex 22.8 36.2944 11.3505
      vertex 24.8 38.2887 11.2001
      vertex 24.8 38.2888 11.2011
    endloop
  endfacet
  facet normal 0.706668 -0.702049 0.0880223
    outer loop
      vertex 24.8 38.2887 11.2001
      vertex 22.8 36.2944 11.3505
      vertex 22.8 36.2696 11.1527
    endloop
  endfacet
  facet normal 1 0 -0
    outer loop
      vertex 22.8 34.4991 9.50994
      vertex 22.8 34.6844 9.53786
      vertex 22.8 34.3 9.5
    endloop
  endfacet
  facet normal 1 0 0
    outer loop
      vertex 22.8 32.3371 11.1233
      vertex 22.8 32.3056 11.3505
      vertex 22.8 32.3304 11.1527
    endloop
  endfacet
  facet normal 1 -0 -0
    outer loop
      vertex 22.8 32.3056 11.3505
      vertex 22.8 32.3371 11.1233
      vertex 22.8 32.3025 11.4746
    endloop
  endfacet
  facet normal 1 0 0
    outer loop
      vertex 22.8 32.8807 10.092
      vertex 22.8 32.7363 10.253
      vertex 22.8 32.8683 10.1035
    endloop
  endfacet
  facet normal 1 -0 -0
    outer loop
      vertex 22.8 32.7363 10.253
      vertex 22.8 32.8807 10.092
      vertex 22.8 32.6501 10.373
    endloop
  endfacet
  facet normal 1 0 0
    outer loop
      vertex 22.8 33.1841 9.84094
      vertex 22.8 33.0144 9.96791
      vertex 22.8 33.1734 9.84752
    endloop
  endfacet
  facet normal 1 -0 -0
    outer loop
      vertex 22.8 33.0144 9.96791
      vertex 22.8 33.1841 9.84094
      vertex 22.8 32.8996 10.0744
    endloop
  endfacet
  facet normal 1 -0 -0
    outer loop
      vertex 22.8 34.1009 9.50994
      vertex 22.8 34.3 9.5
      vertex 22.8 33.9156 9.53786
    endloop
  endfacet
  facet normal 1 0 0
    outer loop
      vertex 22.8 35.9676 10.3976
      vertex 22.8 36.0797 10.5876
      vertex 22.8 36.1371 10.7147
    endloop
  endfacet
  facet normal 1 0 0
    outer loop
      vertex 22.8 36.0797 10.5876
      vertex 22.8 35.9676 10.3976
      vertex 22.8 35.98 10.4149
    endloop
  endfacet
  facet normal 1 0 0
    outer loop
      vertex 22.8 35.7193 10.092
      vertex 22.8 35.8637 10.253
      vertex 22.8 35.9499 10.373
    endloop
  endfacet
  facet normal 1 0 0
    outer loop
      vertex 22.8 35.8637 10.253
      vertex 22.8 35.7193 10.092
      vertex 22.8 35.7317 10.1035
    endloop
  endfacet
  facet normal 1 0 0
    outer loop
      vertex 22.8 33.9078 9.53903
      vertex 22.8 33.7105 9.58885
      vertex 22.8 33.9037 9.53965
    endloop
  endfacet
  facet normal 1 -0 -0
    outer loop
      vertex 22.8 33.7105 9.58885
      vertex 22.8 33.9078 9.53903
      vertex 22.8 33.5449 9.64914
    endloop
  endfacet
  facet normal 1 0 0
    outer loop
      vertex 22.8 33.531 9.65418
      vertex 22.8 33.3435 9.74356
      vertex 22.8 33.5231 9.65705
    endloop
  endfacet
  facet normal 1 -0 -0
    outer loop
      vertex 22.8 33.3435 9.74356
      vertex 22.8 33.531 9.65418
      vertex 22.8 33.2018 9.83015
    endloop
  endfacet
  facet normal 1 0 0
    outer loop
      vertex 22.8 35.4159 9.84094
      vertex 22.8 35.5856 9.96791
      vertex 22.8 35.7004 10.0744
    endloop
  endfacet
  facet normal 1 0 0
    outer loop
      vertex 22.8 35.5856 9.96791
      vertex 22.8 35.4159 9.84094
      vertex 22.8 35.4266 9.84752
    endloop
  endfacet
  facet normal 1 0 0
    outer loop
      vertex 22.8 36.2629 11.1233
      vertex 22.8 36.2944 11.3505
      vertex 22.8 36.2975 11.4746
    endloop
  endfacet
  facet normal 1 0 0
    outer loop
      vertex 22.8 36.2944 11.3505
      vertex 22.8 36.2629 11.1233
      vertex 22.8 36.2696 11.1527
    endloop
  endfacet
  facet normal 1 0 0
    outer loop
      vertex 22.8 32.6324 10.3976
      vertex 22.8 32.5203 10.5876
      vertex 22.8 32.6199 10.4149
    endloop
  endfacet
  facet normal 1 -0 -0
    outer loop
      vertex 22.8 32.5203 10.5876
      vertex 22.8 32.6324 10.3976
      vertex 22.8 32.4629 10.7147
    endloop
  endfacet
  facet normal 1 0 0
    outer loop
      vertex 22.8 35.7996 12.8234
      vertex 22.8 35.9504 12.6264
      vertex 22.8 35.9239 12.6675
    endloop
  endfacet
  facet normal 1 0 0
    outer loop
      vertex 22.8 35.9504 12.6264
      vertex 22.8 35.7996 12.8234
      vertex 22.8 35.7315 12.8932
    endloop
  endfacet
  facet normal 1 0 0
    outer loop
      vertex 22.8 32.6496 12.6264
      vertex 22.8 32.8004 12.8234
      vertex 22.8 32.6761 12.6675
    endloop
  endfacet
  facet normal 1 -0 0
    outer loop
      vertex 22.8 32.8004 12.8234
      vertex 22.8 32.6496 12.6264
      vertex 22.8 32.8685 12.8932
    endloop
  endfacet
  facet normal 1 0 0
    outer loop
      vertex 22.8 36.1512 10.7459
      vertex 22.8 36.2253 10.9583
      vertex 22.8 36.2545 11.0866
    endloop
  endfacet
  facet normal 1 0 0
    outer loop
      vertex 22.8 36.2253 10.9583
      vertex 22.8 36.1512 10.7459
      vertex 22.8 36.1617 10.7693
    endloop
  endfacet
  facet normal 1 0 0
    outer loop
      vertex 22.8 32.4488 10.7459
      vertex 22.8 32.3748 10.9583
      vertex 22.8 32.4383 10.7693
    endloop
  endfacet
  facet normal 1 -0 -0
    outer loop
      vertex 22.8 32.3748 10.9583
      vertex 22.8 32.4488 10.7459
      vertex 22.8 32.3455 11.0866
    endloop
  endfacet
  facet normal 1 0 0
    outer loop
      vertex 22.8 36.0321 12.5
      vertex 22.8 36.1391 12.2815
      vertex 22.8 36.123 12.3226
    endloop
  endfacet
  facet normal 1 0 0
    outer loop
      vertex 22.8 36.1391 12.2815
      vertex 22.8 36.0321 12.5
      vertex 22.8 35.9758 12.5872
    endloop
  endfacet
  facet normal 1 0 0
    outer loop
      vertex 22.8 36.1959 12.137
      vertex 22.8 36.2567 11.9063
      vertex 22.8 36.2499 11.945
    endloop
  endfacet
  facet normal 1 0 0
    outer loop
      vertex 22.8 36.2567 11.9063
      vertex 22.8 36.1959 12.137
      vertex 22.8 36.1556 12.2396
    endloop
  endfacet
  facet normal 1 0 0
    outer loop
      vertex 22.8 35.069 9.65418
      vertex 22.8 35.2565 9.74356
      vertex 22.8 35.3982 9.83015
    endloop
  endfacet
  facet normal 1 0 0
    outer loop
      vertex 22.8 35.2565 9.74356
      vertex 22.8 35.069 9.65418
      vertex 22.8 35.0769 9.65705
    endloop
  endfacet
  facet normal 1 0 0
    outer loop
      vertex 22.8 32.4609 12.2815
      vertex 22.8 32.5679 12.5
      vertex 22.8 32.477 12.3226
    endloop
  endfacet
  facet normal 1 -0 0
    outer loop
      vertex 22.8 32.5679 12.5
      vertex 22.8 32.4609 12.2815
      vertex 22.8 32.6242 12.5872
    endloop
  endfacet
  facet normal 1 0 0
    outer loop
      vertex 22.8 32.3433 11.9063
      vertex 22.8 32.4041 12.137
      vertex 22.8 32.3501 11.945
    endloop
  endfacet
  facet normal 1 -0 0
    outer loop
      vertex 22.8 32.4041 12.137
      vertex 22.8 32.3433 11.9063
      vertex 22.8 32.4444 12.2396
    endloop
  endfacet
  facet normal 1 0 0
    outer loop
      vertex 22.8 34.6922 9.53903
      vertex 22.8 34.8895 9.58885
      vertex 22.8 35.0551 9.64914
    endloop
  endfacet
  facet normal 1 0 0
    outer loop
      vertex 22.8 34.8895 9.58885
      vertex 22.8 34.6922 9.53903
      vertex 22.8 34.6963 9.53965
    endloop
  endfacet
  facet normal 1 0 0
    outer loop
      vertex 22.8 36.2845 11.7487
      vertex 22.8 36.2985 11.5151
      vertex 22.8 36.2994 11.5499
    endloop
  endfacet
  facet normal 1 0 0
    outer loop
      vertex 22.8 36.2985 11.5151
      vertex 22.8 36.2845 11.7487
      vertex 22.8 36.2642 11.864
    endloop
  endfacet
  facet normal 1 -0 0
    outer loop
      vertex 22.8 32.3155 11.7487
      vertex 22.8 32.3015 11.5151
      vertex 22.8 32.3358 11.864
    endloop
  endfacet
  facet normal 1 0 -0
    outer loop
      vertex 22.8 32.3015 11.5151
      vertex 22.8 32.3155 11.7487
      vertex 22.8 32.3006 11.5499
    endloop
  endfacet
  facet normal 0.70685 -0.249983 0.661719
    outer loop
      vertex 22.8 35.0769 9.65705
      vertex 24.8 35.8528 7.81376
      vertex 24.8 35.8537 7.8141
    endloop
  endfacet
  facet normal 0.703639 -0.242624 0.667851
    outer loop
      vertex 22.8006 35.0654 9.65224
      vertex 22.8 35.0769 9.65705
      vertex 22.8 35.069 9.65418
    endloop
  endfacet
  facet normal 0.706647 -0.241333 0.665138
    outer loop
      vertex 22.8 35.0769 9.65705
      vertex 22.8006 35.0654 9.65224
      vertex 24.8 35.8528 7.81376
    endloop
  endfacet
  facet normal 0.706647 -0.241349 0.665132
    outer loop
      vertex 22.8 35.0551 9.64914
      vertex 24.8 35.8528 7.81376
      vertex 22.8006 35.0654 9.65224
    endloop
  endfacet
  facet normal 0.70667 -0.242053 0.664852
    outer loop
      vertex 24.8 35.8528 7.81376
      vertex 22.8 35.0551 9.64914
      vertex 22.8 34.8895 9.58885
    endloop
  endfacet
  facet normal 0.706667 -0.105471 0.699641
    outer loop
      vertex 24.8 34.6993 7.52002
      vertex 24.8 35.0926 7.57931
      vertex 22.8 34.6963 9.53965
    endloop
  endfacet
  facet normal 0.706688 -0.105178 0.699664
    outer loop
      vertex 22.8003 34.6902 9.53843
      vertex 24.8 34.6993 7.52002
      vertex 22.8 34.6963 9.53965
    endloop
  endfacet
  facet normal 0.700191 -0.10675 0.70593
    outer loop
      vertex 22.8003 34.6902 9.53843
      vertex 22.8 34.6963 9.53965
      vertex 22.8 34.6922 9.53903
    endloop
  endfacet
  facet normal 0.706679 -0.105311 0.699653
    outer loop
      vertex 22.8 34.6844 9.53786
      vertex 24.8 34.6993 7.52002
      vertex 22.8003 34.6902 9.53843
    endloop
  endfacet
  facet normal 0.706671 -0.105419 0.699645
    outer loop
      vertex 22.8 34.4991 9.50994
      vertex 24.8 34.6993 7.52002
      vertex 22.8 34.6844 9.53786
    endloop
  endfacet
  facet normal 0.706834 -0.0980766 0.700547
    outer loop
      vertex 24.8 34.6993 7.52002
      vertex 22.8 34.4991 9.50994
      vertex 24.8 34.6983 7.51988
    endloop
  endfacet
  facet normal 0 0.995186 -0.0979993
    outer loop
      vertex 22.8 9.53585 36.164
      vertex 21.8 9.53843 36.1902
      vertex 22.802 9.53843 36.1902
    endloop
  endfacet
  facet normal -2.92366e-06 0.995186 -0.0980068
    outer loop
      vertex 21.8 9.5 35.8
      vertex 22.8 9.53585 36.164
      vertex 22.8 9.50149 35.8151
    endloop
  endfacet
  facet normal 0 0.995167 -0.0981986
    outer loop
      vertex 21.8 9.5 35.8
      vertex 22.8 9.50149 35.8151
      vertex 22.8019 9.5 35.8
    endloop
  endfacet
  facet normal -3.82567e-07 0.995185 -0.0980137
    outer loop
      vertex 22.8 9.53585 36.164
      vertex 21.8 9.5 35.8
      vertex 21.8 9.53843 36.1902
    endloop
  endfacet
  facet normal 0 -0.957211 -0.28939
    outer loop
      vertex 21.8 13.3478 36.5654
      vertex 22.8 13.3556 36.5396
      vertex 22.8021 13.3478 36.5654
    endloop
  endfacet
  facet normal -2.25608e-05 -0.956969 -0.290191
    outer loop
      vertex 21.8 13.3478 36.5654
      vertex 22.8 13.4567 36.2062
      vertex 22.8 13.3556 36.5396
    endloop
  endfacet
  facet normal -4.5093e-05 -0.956951 -0.290248
    outer loop
      vertex 21.8 13.4616 36.1902
      vertex 22.8 13.4567 36.2062
      vertex 21.8 13.3478 36.5654
    endloop
  endfacet
  facet normal 0 -0.956166 -0.292826
    outer loop
      vertex 22.8 13.4567 36.2062
      vertex 21.8 13.4616 36.1902
      vertex 22.802 13.4616 36.1902
    endloop
  endfacet
  facet normal 0 0.773697 0.633556
    outer loop
      vertex 22.8 9.85008 34.673
      vertex 21.8 9.83706 34.6889
      vertex 22.8013 9.83706 34.6889
    endloop
  endfacet
  facet normal 2.26618e-05 0.772998 0.634409
    outer loop
      vertex 22.8 10.0807 34.392
      vertex 21.8 9.83706 34.6889
      vertex 22.8 9.85008 34.673
    endloop
  endfacet
  facet normal -0 0.77229 0.635271
    outer loop
      vertex 21.8 10.0858 34.3858
      vertex 22.8 10.0807 34.392
      vertex 22.8011 10.0858 34.3858
    endloop
  endfacet
  facet normal 9.23748e-06 0.77302 0.634381
    outer loop
      vertex 22.8 10.0807 34.392
      vertex 21.8 10.0858 34.3858
      vertex 21.8 9.83706 34.6889
    endloop
  endfacet
  facet normal 0 0.771824 -0.635836
    outer loop
      vertex 22.8 10.0685 37.1932
      vertex 21.8 10.0858 37.2142
      vertex 22.8023 10.0858 37.2142
    endloop
  endfacet
  facet normal 5.43019e-05 0.773092 -0.634294
    outer loop
      vertex 22.8 9.8496 36.9264
      vertex 21.8 10.0858 37.2142
      vertex 22.8 10.0685 37.1932
    endloop
  endfacet
  facet normal 0 0.773416 -0.633898
    outer loop
      vertex 21.8 9.83706 36.9111
      vertex 22.8 9.8496 36.9264
      vertex 22.8022 9.83706 36.9111
    endloop
  endfacet
  facet normal 1.23642e-05 0.77302 -0.634381
    outer loop
      vertex 22.8 9.8496 36.9264
      vertex 21.8 9.83706 36.9111
      vertex 21.8 10.0858 37.2142
    endloop
  endfacet
  facet normal 0 0.881309 0.472541
    outer loop
      vertex 22.8 9.66291 35.0147
      vertex 21.8 9.65224 35.0346
      vertex 22.8015 9.65224 35.0346
    endloop
  endfacet
  facet normal 2.68089e-05 0.881948 0.471346
    outer loop
      vertex 21.8 9.83706 34.6889
      vertex 22.8 9.66291 35.0147
      vertex 22.8 9.83238 34.6976
    endloop
  endfacet
  facet normal -0 0.880666 0.473738
    outer loop
      vertex 21.8 9.83706 34.6889
      vertex 22.8 9.83238 34.6976
      vertex 22.8013 9.83706 34.6889
    endloop
  endfacet
  facet normal -2.72982e-05 0.881879 0.471475
    outer loop
      vertex 22.8 9.66291 35.0147
      vertex 21.8 9.83706 34.6889
      vertex 21.8 9.65224 35.0346
    endloop
  endfacet
  facet normal 6.48676e-06 0.290322 0.956929
    outer loop
      vertex 22.8 11.1078 33.839
      vertex 21.8 11.1098 33.8384
      vertex 22.8 10.7449 33.9491
    endloop
  endfacet
  facet normal -0 0.287348 0.957826
    outer loop
      vertex 21.8 11.1098 33.8384
      vertex 22.8 11.1078 33.839
      vertex 22.8003 11.1098 33.8384
    endloop
  endfacet
  facet normal -2.30056e-05 0.290248 0.956951
    outer loop
      vertex 21.8 10.7346 33.9522
      vertex 22.8 10.7449 33.9491
      vertex 21.8 11.1098 33.8384
    endloop
  endfacet
  facet normal 0 0.288201 0.95757
    outer loop
      vertex 22.8 10.7449 33.9491
      vertex 21.8 10.7346 33.9522
      vertex 22.8006 10.7346 33.9522
    endloop
  endfacet
  facet normal -2.38375e-05 -0.290322 0.956929
    outer loop
      vertex 22.8 12.2551 33.9491
      vertex 21.8 12.2654 33.9522
      vertex 22.8 11.8922 33.839
    endloop
  endfacet
  facet normal 0 -0.288201 0.95757
    outer loop
      vertex 21.8 12.2654 33.9522
      vertex 22.8 12.2551 33.9491
      vertex 22.8006 12.2654 33.9522
    endloop
  endfacet
  facet normal 6.32527e-06 -0.290248 0.956951
    outer loop
      vertex 21.8 11.8902 33.8384
      vertex 22.8 11.8922 33.839
      vertex 21.8 12.2654 33.9522
    endloop
  endfacet
  facet normal 0 -0.287348 0.957826
    outer loop
      vertex 22.8 11.8922 33.839
      vertex 21.8 11.8902 33.8384
      vertex 22.8003 11.8902 33.8384
    endloop
  endfacet
  facet normal 0 -0.879998 -0.474978
    outer loop
      vertex 21.8 13.1629 36.9111
      vertex 22.8 13.1758 36.8872
      vertex 22.8022 13.1629 36.9111
    endloop
  endfacet
  facet normal 0.000117317 -0.882041 -0.471172
    outer loop
      vertex 21.8 13.1629 36.9111
      vertex 22.8 13.3391 36.5815
      vertex 22.8 13.1758 36.8872
    endloop
  endfacet
  facet normal -7.8308e-05 -0.881795 -0.471634
    outer loop
      vertex 21.8 13.3478 36.5654
      vertex 22.8 13.3391 36.5815
      vertex 21.8 13.1629 36.9111
    endloop
  endfacet
  facet normal 0 -0.879768 -0.475403
    outer loop
      vertex 22.8 13.3391 36.5815
      vertex 21.8 13.3478 36.5654
      vertex 22.8021 13.3478 36.5654
    endloop
  endfacet
  facet normal 0 -0.956223 0.292637
    outer loop
      vertex 21.8 13.4616 35.4098
      vertex 22.8 13.4545 35.3866
      vertex 22.8017 13.4616 35.4098
    endloop
  endfacet
  facet normal -6.06001e-05 -0.956951 0.290248
    outer loop
      vertex 21.8 13.3478 35.0346
      vertex 22.8 13.4545 35.3866
      vertex 21.8 13.4616 35.4098
    endloop
  endfacet
  facet normal -2.5027e-05 -0.95698 0.290156
    outer loop
      vertex 22.8 13.4545 35.3866
      vertex 21.8 13.3478 35.0346
      vertex 22.8 13.3512 35.0459
    endloop
  endfacet
  facet normal 0 -0.957593 0.288125
    outer loop
      vertex 22.8 13.3512 35.0459
      vertex 21.8 13.3478 35.0346
      vertex 22.8015 13.3478 35.0346
    endloop
  endfacet
  facet normal 0 0 -1
    outer loop
      vertex 21.8 11.49 38.6284
      vertex 23.6319 11.51 38.6284
      vertex 23.6319 11.49 38.6284
    endloop
  endfacet
  facet normal -0 0 -1
    outer loop
      vertex 23.6319 11.51 38.6284
      vertex 21.8 11.49 38.6284
      vertex 21.8 11.51 38.6284
    endloop
  endfacet
  facet normal 9.45486e-05 -0.471269 0.881989
    outer loop
      vertex 22.8 12.5982 34.1301
      vertex 21.8 12.6111 34.1371
      vertex 22.8 12.269 33.9542
    endloop
  endfacet
  facet normal 0 -0.476941 0.878935
    outer loop
      vertex 21.8 12.6111 34.1371
      vertex 22.8 12.5982 34.1301
      vertex 22.8008 12.6111 34.1371
    endloop
  endfacet
  facet normal -6.57073e-05 -0.471634 0.881795
    outer loop
      vertex 21.8 12.2654 33.9522
      vertex 22.8 12.269 33.9542
      vertex 21.8 12.6111 34.1371
    endloop
  endfacet
  facet normal 0 -0.485643 0.874157
    outer loop
      vertex 22.8 12.269 33.9542
      vertex 21.8 12.2654 33.9522
      vertex 22.8006 12.2654 33.9522
    endloop
  endfacet
  facet normal 0 -0.995112 -0.0987516
    outer loop
      vertex 21.8 13.4616 36.1902
      vertex 22.8 13.4642 36.164
      vertex 22.802 13.4616 36.1902
    endloop
  endfacet
  facet normal 2.15259e-05 -0.995193 -0.097938
    outer loop
      vertex 21.8 13.5 35.8
      vertex 22.8 13.4642 36.164
      vertex 21.8 13.4616 36.1902
    endloop
  endfacet
  facet normal -1.546e-05 -0.995202 -0.0978373
    outer loop
      vertex 22.8 13.4642 36.164
      vertex 21.8 13.5 35.8
      vertex 22.8 13.4985 35.8151
    endloop
  endfacet
  facet normal 0 -0.995102 -0.0988512
    outer loop
      vertex 22.8 13.4985 35.8151
      vertex 21.8 13.5 35.8
      vertex 22.8019 13.5 35.8
    endloop
  endfacet
  facet normal 0 -0.771824 -0.635836
    outer loop
      vertex 21.8 12.9142 37.2142
      vertex 22.8 12.9315 37.1932
      vertex 22.8023 12.9142 37.2142
    endloop
  endfacet
  facet normal 5.43019e-05 -0.773092 -0.634294
    outer loop
      vertex 21.8 12.9142 37.2142
      vertex 22.8 13.1504 36.9264
      vertex 22.8 12.9315 37.1932
    endloop
  endfacet
  facet normal 4.17269e-05 -0.77307 -0.634321
    outer loop
      vertex 21.8 13.1629 36.9111
      vertex 22.8 13.1504 36.9264
      vertex 21.8 12.9142 37.2142
    endloop
  endfacet
  facet normal 0 -0.774408 -0.632686
    outer loop
      vertex 22.8 13.1504 36.9264
      vertex 21.8 13.1629 36.9111
      vertex 22.8022 13.1629 36.9111
    endloop
  endfacet
  facet normal 0.000107865 0.634421 0.772988
    outer loop
      vertex 22.8 10.3841 34.1409
      vertex 21.8 10.3889 34.1371
      vertex 22.8 10.0996 34.3744
    endloop
  endfacet
  facet normal -0 0.620703 0.784046
    outer loop
      vertex 21.8 10.3889 34.1371
      vertex 22.8 10.3841 34.1409
      vertex 22.8008 10.3889 34.1371
    endloop
  endfacet
  facet normal 5.93767e-05 0.634321 0.77307
    outer loop
      vertex 21.8 10.0858 34.3858
      vertex 22.8 10.0996 34.3744
      vertex 21.8 10.3889 34.1371
    endloop
  endfacet
  facet normal 0 0.636881 0.770962
    outer loop
      vertex 22.8 10.0996 34.3744
      vertex 21.8 10.0858 34.3858
      vertex 22.8011 10.0858 34.3858
    endloop
  endfacet
  facet normal -6.74084e-05 0.471269 0.881989
    outer loop
      vertex 22.8 10.731 33.9542
      vertex 21.8 10.7346 33.9522
      vertex 22.8 10.4018 34.1301
    endloop
  endfacet
  facet normal -0 0.485643 0.874157
    outer loop
      vertex 21.8 10.7346 33.9522
      vertex 22.8 10.731 33.9542
      vertex 22.8006 10.7346 33.9522
    endloop
  endfacet
  facet normal 8.84855e-05 0.471634 0.881795
    outer loop
      vertex 21.8 10.3889 34.1371
      vertex 22.8 10.4018 34.1301
      vertex 21.8 10.7346 33.9522
    endloop
  endfacet
  facet normal 0 0.476941 0.878935
    outer loop
      vertex 22.8 10.4018 34.1301
      vertex 21.8 10.3889 34.1371
      vertex 22.8008 10.3889 34.1371
    endloop
  endfacet
  facet normal 0 0.881228 -0.472692
    outer loop
      vertex 22.8 9.82424 36.8872
      vertex 21.8 9.83706 36.9111
      vertex 22.8022 9.83706 36.9111
    endloop
  endfacet
  facet normal 4.26126e-05 0.881969 -0.471307
    outer loop
      vertex 22.8 9.66088 36.5815
      vertex 21.8 9.83706 36.9111
      vertex 22.8 9.82424 36.8872
    endloop
  endfacet
  facet normal 0 0.881138 -0.472859
    outer loop
      vertex 21.8 9.65224 36.5654
      vertex 22.8 9.66088 36.5815
      vertex 22.8021 9.65224 36.5654
    endloop
  endfacet
  facet normal -2.86885e-05 0.881879 -0.471475
    outer loop
      vertex 22.8 9.66088 36.5815
      vertex 21.8 9.65224 36.5654
      vertex 21.8 9.83706 36.9111
    endloop
  endfacet
  facet normal 0 0.957109 -0.289729
    outer loop
      vertex 22.8 9.64443 36.5396
      vertex 21.8 9.65224 36.5654
      vertex 22.8021 9.65224 36.5654
    endloop
  endfacet
  facet normal -1.52124e-05 0.956945 -0.290269
    outer loop
      vertex 22.8 9.5433 36.2062
      vertex 21.8 9.65224 36.5654
      vertex 22.8 9.64443 36.5396
    endloop
  endfacet
  facet normal 0 0.956667 -0.291185
    outer loop
      vertex 21.8 9.53843 36.1902
      vertex 22.8 9.5433 36.2062
      vertex 22.802 9.53843 36.1902
    endloop
  endfacet
  facet normal -1.59763e-05 0.956944 -0.290271
    outer loop
      vertex 22.8 9.5433 36.2062
      vertex 21.8 9.53843 36.1902
      vertex 21.8 9.65224 36.5654
    endloop
  endfacet
  facet normal 0 -0.70936 -0.704846
    outer loop
      vertex 21.8 11.51 38.6284
      vertex 23.506 11.6349 38.5027
      vertex 23.6319 11.51 38.6284
    endloop
  endfacet
  facet normal 8.54626e-05 -0.70994 -0.704262
    outer loop
      vertex 21.8 11.51 38.6284
      vertex 23.3843 11.7695 38.367
      vertex 23.506 11.6349 38.5027
    endloop
  endfacet
  facet normal -4.54718e-05 -0.709543 -0.704662
    outer loop
      vertex 21.8 11.51 38.6284
      vertex 23.2922 11.8714 38.2644
      vertex 23.3843 11.7695 38.367
    endloop
  endfacet
  facet normal -8.19214e-05 -0.709469 -0.704737
    outer loop
      vertex 21.8 11.51 38.6284
      vertex 23.2326 11.9469 38.1884
      vertex 23.2922 11.8714 38.2644
    endloop
  endfacet
  facet normal -1.39625e-05 -0.709579 -0.704626
    outer loop
      vertex 21.8 11.51 38.6284
      vertex 23.1312 12.0752 38.0592
      vertex 23.2326 11.9469 38.1884
    endloop
  endfacet
  facet normal -3.65311e-05 -0.709553 -0.704652
    outer loop
      vertex 21.8 11.51 38.6284
      vertex 23.0347 12.2197 37.9137
      vertex 23.1312 12.0752 38.0592
    endloop
  endfacet
  facet normal 0.000356437 -0.709892 -0.70431
    outer loop
      vertex 21.8 11.51 38.6284
      vertex 23.0104 12.256 37.8771
      vertex 23.0347 12.2197 37.9137
    endloop
  endfacet
  facet normal -0.000142699 -0.70949 -0.704715
    outer loop
      vertex 21.8 11.51 38.6284
      vertex 22.9942 12.286 37.8469
      vertex 23.0104 12.256 37.8771
    endloop
  endfacet
  facet normal 0.000117671 -0.709689 -0.704515
    outer loop
      vertex 21.8 11.51 38.6284
      vertex 22.9215 12.4205 37.7114
      vertex 22.9942 12.286 37.8469
    endloop
  endfacet
  facet normal -0.0005409 -0.709286 -0.70492
    outer loop
      vertex 21.8 11.51 38.6284
      vertex 22.9146 12.4375 37.6943
      vertex 22.9215 12.4205 37.7114
    endloop
  endfacet
  facet normal 9.90966e-05 -0.709668 -0.704536
    outer loop
      vertex 21.8 11.51 38.6284
      vertex 22.8592 12.5737 37.5571
      vertex 22.9146 12.4375 37.6943
    endloop
  endfacet
  facet normal -1.65427e-05 -0.709611 -0.704593
    outer loop
      vertex 21.8 12.9142 37.2142
      vertex 22.8592 12.5737 37.5571
      vertex 21.8 11.51 38.6284
    endloop
  endfacet
  facet normal 0.00175202 -0.706873 -0.707338
    outer loop
      vertex 22.8592 12.5737 37.5571
      vertex 21.8 12.9142 37.2142
      vertex 22.857 12.582 37.5488
    endloop
  endfacet
  facet normal 0.000166651 -0.709384 -0.704822
    outer loop
      vertex 22.857 12.582 37.5488
      vertex 21.8 12.9142 37.2142
      vertex 22.8199 12.7197 37.4102
    endloop
  endfacet
  facet normal -0.00396464 -0.720051 -0.69391
    outer loop
      vertex 22.8199 12.7197 37.4102
      vertex 21.8 12.9142 37.2142
      vertex 22.8196 12.7224 37.4074
    endloop
  endfacet
  facet normal 1.49678e-05 -0.709634 -0.704571
    outer loop
      vertex 22.8196 12.7224 37.4074
      vertex 21.8 12.9142 37.2142
      vertex 22.8017 12.8615 37.2673
    endloop
  endfacet
  facet normal 0 -0.709775 -0.704428
    outer loop
      vertex 22.8017 12.8615 37.2673
      vertex 21.8 12.9142 37.2142
      vertex 22.8023 12.9142 37.2142
    endloop
  endfacet
  facet normal 0 -0.0844431 0.996428
    outer loop
      vertex 21.8 11.8902 33.8384
      vertex 22.8 11.8843 33.8379
      vertex 22.8003 11.8902 33.8384
    endloop
  endfacet
  facet normal -8.14679e-05 -0.0981447 0.995172
    outer loop
      vertex 21.8 11.8902 33.8384
      vertex 22.8 11.5 33.8
      vertex 22.8 11.8843 33.8379
    endloop
  endfacet
  facet normal 0 -0.097938 0.995193
    outer loop
      vertex 22.8 11.5 33.8
      vertex 21.8 11.8902 33.8384
      vertex 21.8 11.5 33.8
    endloop
  endfacet
  facet normal 0 0.70936 -0.704846
    outer loop
      vertex 23.506 11.3651 38.5027
      vertex 21.8 11.49 38.6284
      vertex 23.6319 11.49 38.6284
    endloop
  endfacet
  facet normal 8.54626e-05 0.70994 -0.704262
    outer loop
      vertex 23.3843 11.2305 38.367
      vertex 21.8 11.49 38.6284
      vertex 23.506 11.3651 38.5027
    endloop
  endfacet
  facet normal -4.54718e-05 0.709543 -0.704662
    outer loop
      vertex 23.2922 11.1286 38.2644
      vertex 21.8 11.49 38.6284
      vertex 23.3843 11.2305 38.367
    endloop
  endfacet
  facet normal -8.19214e-05 0.709469 -0.704737
    outer loop
      vertex 23.2326 11.0531 38.1884
      vertex 21.8 11.49 38.6284
      vertex 23.2922 11.1286 38.2644
    endloop
  endfacet
  facet normal -0.000149834 0.709358 -0.704848
    outer loop
      vertex 23.1312 10.9247 38.0592
      vertex 21.8 11.49 38.6284
      vertex 23.2326 11.0531 38.1884
    endloop
  endfacet
  facet normal 0.000167486 0.709729 -0.704475
    outer loop
      vertex 23.0347 10.7803 37.9137
      vertex 21.8 11.49 38.6284
      vertex 23.1312 10.9247 38.0592
    endloop
  endfacet
  facet normal 0.000356437 0.709892 -0.70431
    outer loop
      vertex 23.0104 10.744 37.8771
      vertex 21.8 11.49 38.6284
      vertex 23.0347 10.7803 37.9137
    endloop
  endfacet
  facet normal -0.000142699 0.70949 -0.704715
    outer loop
      vertex 22.9942 10.714 37.8469
      vertex 21.8 11.49 38.6284
      vertex 23.0104 10.744 37.8771
    endloop
  endfacet
  facet normal 0.000117671 0.709689 -0.704515
    outer loop
      vertex 22.9215 10.5795 37.7114
      vertex 21.8 11.49 38.6284
      vertex 22.9942 10.714 37.8469
    endloop
  endfacet
  facet normal -0.0005409 0.709286 -0.70492
    outer loop
      vertex 22.9146 10.5625 37.6943
      vertex 21.8 11.49 38.6284
      vertex 22.9215 10.5795 37.7114
    endloop
  endfacet
  facet normal 9.90966e-05 0.709668 -0.704536
    outer loop
      vertex 22.8592 10.4263 37.5571
      vertex 21.8 11.49 38.6284
      vertex 22.9146 10.5625 37.6943
    endloop
  endfacet
  facet normal 0.00175202 0.706873 -0.707338
    outer loop
      vertex 21.8 10.0858 37.2142
      vertex 22.8592 10.4263 37.5571
      vertex 22.857 10.418 37.5488
    endloop
  endfacet
  facet normal 0.000166651 0.709384 -0.704822
    outer loop
      vertex 21.8 10.0858 37.2142
      vertex 22.857 10.418 37.5488
      vertex 22.8199 10.2803 37.4102
    endloop
  endfacet
  facet normal -0.00396464 0.720051 -0.69391
    outer loop
      vertex 21.8 10.0858 37.2142
      vertex 22.8199 10.2803 37.4102
      vertex 22.8196 10.2776 37.4074
    endloop
  endfacet
  facet normal 1.49678e-05 0.709634 -0.704571
    outer loop
      vertex 21.8 10.0858 37.2142
      vertex 22.8196 10.2776 37.4074
      vertex 22.8017 10.1385 37.2673
    endloop
  endfacet
  facet normal 0 0.709775 -0.704428
    outer loop
      vertex 21.8 10.0858 37.2142
      vertex 22.8017 10.1385 37.2673
      vertex 22.8023 10.0858 37.2142
    endloop
  endfacet
  facet normal -1.65427e-05 0.709611 -0.704593
    outer loop
      vertex 22.8592 10.4263 37.5571
      vertex 21.8 10.0858 37.2142
      vertex 21.8 11.49 38.6284
    endloop
  endfacet
  facet normal 0 0.995153 0.0983353
    outer loop
      vertex 22.8 9.5025 35.7747
      vertex 21.8 9.5 35.8
      vertex 22.8019 9.5 35.8
    endloop
  endfacet
  facet normal -9.59218e-06 0.995185 0.0980175
    outer loop
      vertex 21.8 9.53843 35.4098
      vertex 22.8 9.5025 35.7747
      vertex 22.8 9.53711 35.4233
    endloop
  endfacet
  facet normal -0 0.995254 0.0973137
    outer loop
      vertex 21.8 9.53843 35.4098
      vertex 22.8 9.53711 35.4233
      vertex 22.8017 9.53843 35.4098
    endloop
  endfacet
  facet normal -8.215e-06 0.995185 0.0980137
    outer loop
      vertex 22.8 9.5025 35.7747
      vertex 21.8 9.53843 35.4098
      vertex 21.8 9.5 35.8
    endloop
  endfacet
  facet normal 0 -0.995191 0.0979519
    outer loop
      vertex 21.8 13.5 35.8
      vertex 22.8 13.4975 35.7746
      vertex 22.8019 13.5 35.8
    endloop
  endfacet
  facet normal -3.57065e-07 -0.995193 0.097938
    outer loop
      vertex 21.8 13.4616 35.4098
      vertex 22.8 13.4975 35.7746
      vertex 21.8 13.5 35.8
    endloop
  endfacet
  facet normal -2.94901e-05 -0.995185 0.0980171
    outer loop
      vertex 22.8 13.4975 35.7746
      vertex 21.8 13.4616 35.4098
      vertex 22.8 13.4629 35.4233
    endloop
  endfacet
  facet normal 0 -0.995396 0.0958529
    outer loop
      vertex 22.8 13.4629 35.4233
      vertex 21.8 13.4616 35.4098
      vertex 22.8017 13.4616 35.4098
    endloop
  endfacet
  facet normal 0 -0.880755 0.473572
    outer loop
      vertex 21.8 13.3478 35.0346
      vertex 22.8 13.3371 35.0147
      vertex 22.8015 13.3478 35.0346
    endloop
  endfacet
  facet normal -4.96886e-05 -0.881795 0.471634
    outer loop
      vertex 21.8 13.1629 34.6889
      vertex 22.8 13.3371 35.0147
      vertex 21.8 13.3478 35.0346
    endloop
  endfacet
  facet normal 4.37202e-05 -0.881914 0.471411
    outer loop
      vertex 22.8 13.3371 35.0147
      vertex 21.8 13.1629 34.6889
      vertex 22.8 13.1676 34.6976
    endloop
  endfacet
  facet normal 0 -0.879821 0.475306
    outer loop
      vertex 22.8 13.1676 34.6976
      vertex 21.8 13.1629 34.6889
      vertex 22.8013 13.1629 34.6889
    endloop
  endfacet
  facet normal 5.70571e-05 -0.634421 0.772988
    outer loop
      vertex 22.8 12.9004 34.3744
      vertex 21.8 12.9142 34.3858
      vertex 22.8 12.6159 34.1409
    endloop
  endfacet
  facet normal 0 -0.636881 0.770962
    outer loop
      vertex 21.8 12.9142 34.3858
      vertex 22.8 12.9004 34.3744
      vertex 22.8011 12.9142 34.3858
    endloop
  endfacet
  facet normal 0.000107072 -0.634321 0.77307
    outer loop
      vertex 21.8 12.6111 34.1371
      vertex 22.8 12.6159 34.1409
      vertex 21.8 12.9142 34.3858
    endloop
  endfacet
  facet normal 0 -0.620703 0.784046
    outer loop
      vertex 22.8 12.6159 34.1409
      vertex 21.8 12.6111 34.1371
      vertex 22.8008 12.6111 34.1371
    endloop
  endfacet
  facet normal 0 -0.774174 0.632973
    outer loop
      vertex 21.8 13.1629 34.6889
      vertex 22.8 13.1499 34.673
      vertex 22.8013 13.1629 34.6889
    endloop
  endfacet
  facet normal 3.72482e-05 -0.773025 0.634376
    outer loop
      vertex 21.8 13.1629 34.6889
      vertex 22.8 12.9193 34.392
      vertex 22.8 13.1499 34.673
    endloop
  endfacet
  facet normal 9.87061e-06 -0.77307 0.634321
    outer loop
      vertex 21.8 12.9142 34.3858
      vertex 22.8 12.9193 34.392
      vertex 21.8 13.1629 34.6889
    endloop
  endfacet
  facet normal 0 -0.77229 0.635271
    outer loop
      vertex 22.8 12.9193 34.392
      vertex 21.8 12.9142 34.3858
      vertex 22.8011 12.9142 34.3858
    endloop
  endfacet
  facet normal 0 0.0981447 0.995172
    outer loop
      vertex 22.8 11.5 33.8
      vertex 21.8 11.5 33.8
      vertex 22.8 11.1157 33.8379
    endloop
  endfacet
  facet normal -8.02377e-05 0.097938 0.995193
    outer loop
      vertex 21.8 11.1098 33.8384
      vertex 22.8 11.1157 33.8379
      vertex 21.8 11.5 33.8
    endloop
  endfacet
  facet normal 0 0.0844431 0.996428
    outer loop
      vertex 22.8 11.1157 33.8379
      vertex 21.8 11.1098 33.8384
      vertex 22.8003 11.1098 33.8384
    endloop
  endfacet
  facet normal 0 0.956913 0.290374
    outer loop
      vertex 22.8 9.54547 35.3866
      vertex 21.8 9.53843 35.4098
      vertex 22.8017 9.53843 35.4098
    endloop
  endfacet
  facet normal -1.73607e-05 0.956933 0.29031
    outer loop
      vertex 21.8 9.65224 35.0346
      vertex 22.8 9.54547 35.3866
      vertex 22.8 9.64883 35.0459
    endloop
  endfacet
  facet normal -0 0.957359 0.288902
    outer loop
      vertex 21.8 9.65224 35.0346
      vertex 22.8 9.64883 35.0459
      vertex 22.8015 9.65224 35.0346
    endloop
  endfacet
  facet normal -2.5913e-06 0.956944 0.290271
    outer loop
      vertex 22.8 9.54547 35.3866
      vertex 21.8 9.65224 35.0346
      vertex 21.8 9.53843 35.4098
    endloop
  endfacet
  facet normal 0.995186 -2.73486e-06 -0.0979993
    outer loop
      vertex 9.53603 22.8 36.1658
      vertex 9.53843 21.8 36.1902
      vertex 9.50249 22.8 35.8252
    endloop
  endfacet
  facet normal 0.995197 0 -0.0978883
    outer loop
      vertex 9.53843 21.8 36.1902
      vertex 9.53603 22.8 36.1658
      vertex 9.53843 22.8025 36.1902
    endloop
  endfacet
  facet normal 0.995185 -8.06452e-06 -0.0980137
    outer loop
      vertex 9.5 21.8 35.8
      vertex 9.50249 22.8 35.8252
      vertex 9.53843 21.8 36.1902
    endloop
  endfacet
  facet normal 0.995154 0 -0.0983307
    outer loop
      vertex 9.50249 22.8 35.8252
      vertex 9.5 21.8 35.8
      vertex 9.5 22.8025 35.8
    endloop
  endfacet
  facet normal 0.475403 0 0.879768
    outer loop
      vertex 10.7185 22.8 33.9609
      vertex 10.7346 21.8 33.9522
      vertex 10.7346 22.8021 33.9522
    endloop
  endfacet
  facet normal 0.471172 -8.78867e-05 0.882041
    outer loop
      vertex 10.4128 22.8 34.1242
      vertex 10.7346 21.8 33.9522
      vertex 10.7185 22.8 33.9609
    endloop
  endfacet
  facet normal 0.474978 -0 0.879998
    outer loop
      vertex 10.3889 21.8 34.1371
      vertex 10.4128 22.8 34.1242
      vertex 10.3889 22.8022 34.1371
    endloop
  endfacet
  facet normal 0.471634 0.000103101 0.881795
    outer loop
      vertex 10.4128 22.8 34.1242
      vertex 10.3889 21.8 34.1371
      vertex 10.7346 21.8 33.9522
    endloop
  endfacet
  facet normal 0.773065 -8.37899e-06 0.634326
    outer loop
      vertex 9.85422 22.8 34.668
      vertex 9.83706 21.8 34.6889
      vertex 10.0724 22.8 34.4021
    endloop
  endfacet
  facet normal 0.772869 -0 0.634566
    outer loop
      vertex 9.83706 21.8 34.6889
      vertex 9.85422 22.8 34.668
      vertex 9.83706 22.8024 34.6889
    endloop
  endfacet
  facet normal 0.77302 1.80516e-05 0.634381
    outer loop
      vertex 10.0858 21.8 34.3858
      vertex 10.0724 22.8 34.4021
      vertex 9.83706 21.8 34.6889
    endloop
  endfacet
  facet normal 0.772477 0 0.635043
    outer loop
      vertex 10.0724 22.8 34.4021
      vertex 10.0858 21.8 34.3858
      vertex 10.0858 22.8023 34.3858
    endloop
  endfacet
  facet normal 0.632686 0 0.774408
    outer loop
      vertex 10.3736 22.8 34.1496
      vertex 10.3889 21.8 34.1371
      vertex 10.3889 22.8022 34.1371
    endloop
  endfacet
  facet normal 0.634294 4.10596e-05 0.773092
    outer loop
      vertex 10.1068 22.8 34.3685
      vertex 10.3889 21.8 34.1371
      vertex 10.3736 22.8 34.1496
    endloop
  endfacet
  facet normal 0.635836 -0 0.771824
    outer loop
      vertex 10.0858 21.8 34.3858
      vertex 10.1068 22.8 34.3685
      vertex 10.0858 22.8023 34.3858
    endloop
  endfacet
  facet normal 0.634321 5.33829e-05 0.77307
    outer loop
      vertex 10.1068 22.8 34.3685
      vertex 10.0858 21.8 34.3858
      vertex 10.3889 21.8 34.1371
    endloop
  endfacet
  facet normal -0.881989 -6.74084e-05 -0.471269
    outer loop
      vertex 13.3458 22.8 36.569
      vertex 13.3478 21.8 36.5654
      vertex 13.1699 22.8 36.8982
    endloop
  endfacet
  facet normal -0.874157 0 -0.485643
    outer loop
      vertex 13.3478 21.8 36.5654
      vertex 13.3458 22.8 36.569
      vertex 13.3478 22.8006 36.5654
    endloop
  endfacet
  facet normal -0.881795 8.84855e-05 -0.471634
    outer loop
      vertex 13.1629 21.8 36.9111
      vertex 13.1699 22.8 36.8982
      vertex 13.3478 21.8 36.5654
    endloop
  endfacet
  facet normal -0.878935 0 -0.476941
    outer loop
      vertex 13.1699 22.8 36.8982
      vertex 13.1629 21.8 36.9111
      vertex 13.1629 22.8008 36.9111
    endloop
  endfacet
  facet normal 0.881884 2.97363e-06 0.471466
    outer loop
      vertex 9.6648 22.8 35.0111
      vertex 9.65224 21.8 35.0346
      vertex 9.82652 22.8 34.7086
    endloop
  endfacet
  facet normal 0.881937 -0 0.471367
    outer loop
      vertex 9.65224 21.8 35.0346
      vertex 9.6648 22.8 35.0111
      vertex 9.65224 22.8024 35.0346
    endloop
  endfacet
  facet normal 0.881879 6.94891e-06 0.471475
    outer loop
      vertex 9.83706 21.8 34.6889
      vertex 9.82652 22.8 34.7086
      vertex 9.65224 21.8 35.0346
    endloop
  endfacet
  facet normal 0.881733 0 0.471749
    outer loop
      vertex 9.82652 22.8 34.7086
      vertex 9.83706 21.8 34.6889
      vertex 9.83706 22.8024 34.6889
    endloop
  endfacet
  facet normal 0.291162 0 0.956674
    outer loop
      vertex 11.0937 22.8 33.8433
      vertex 11.1098 21.8 33.8384
      vertex 11.1098 22.802 33.8384
    endloop
  endfacet
  facet normal 0.29027 -1.56763e-05 0.956945
    outer loop
      vertex 10.7604 22.8 33.9444
      vertex 11.1098 21.8 33.8384
      vertex 11.0937 22.8 33.8433
    endloop
  endfacet
  facet normal 0.28939 -0 0.957211
    outer loop
      vertex 10.7346 21.8 33.9522
      vertex 10.7604 22.8 33.9444
      vertex 10.7346 22.8021 33.9522
    endloop
  endfacet
  facet normal 0.290248 -2.41788e-05 0.956951
    outer loop
      vertex 10.7604 22.8 33.9444
      vertex 10.7346 21.8 33.9522
      vertex 11.1098 21.8 33.8384
    endloop
  endfacet
  facet normal 0.709265 -0.000148693 -0.704942
    outer loop
      vertex 11.49 21.8 38.6284
      vertex 11.1003 23.2715 38.236
      vertex 11.1842 23.3401 38.3204
    endloop
  endfacet
  facet normal 0.708895 0 -0.705314
    outer loop
      vertex 11.49 21.8 38.6284
      vertex 11.4309 23.5698 38.569
      vertex 11.49 23.6308 38.6284
    endloop
  endfacet
  facet normal 0.70975 5.74225e-05 -0.704454
    outer loop
      vertex 11.49 21.8 38.6284
      vertex 11.2992 23.4472 38.4363
      vertex 11.4309 23.5698 38.569
    endloop
  endfacet
  facet normal 0.709823 7.45789e-05 -0.70438
    outer loop
      vertex 11.49 21.8 38.6284
      vertex 11.1842 23.3401 38.3204
      vertex 11.2992 23.4472 38.4363
    endloop
  endfacet
  facet normal 0.709588 2.34012e-05 -0.704617
    outer loop
      vertex 11.1003 23.2715 38.236
      vertex 11.49 21.8 38.6284
      vertex 10.9732 23.1673 38.108
    endloop
  endfacet
  facet normal 0.709743 0.000141722 -0.704461
    outer loop
      vertex 11.49 21.8 38.6284
      vertex 10.8292 23.0666 37.9629
      vertex 10.9732 23.1673 38.108
    endloop
  endfacet
  facet normal 0.70901 -0.000627695 -0.705198
    outer loop
      vertex 11.49 21.8 38.6284
      vertex 10.7874 23.0374 37.9209
      vertex 10.8292 23.0666 37.9629
    endloop
  endfacet
  facet normal 0.709723 0.000186283 -0.704481
    outer loop
      vertex 11.49 21.8 38.6284
      vertex 10.6425 22.9543 37.7749
      vertex 10.7874 23.0374 37.9209
    endloop
  endfacet
  facet normal 0.709985 0.000574888 -0.704216
    outer loop
      vertex 11.49 21.8 38.6284
      vertex 10.6194 22.9411 37.7516
      vertex 10.6425 22.9543 37.7749
    endloop
  endfacet
  facet normal 0.71039 0.00119821 -0.703807
    outer loop
      vertex 11.49 21.8 38.6284
      vertex 10.5996 22.9324 37.7316
      vertex 10.6194 22.9411 37.7516
    endloop
  endfacet
  facet normal 0.709296 -0.00053555 -0.70491
    outer loop
      vertex 11.49 21.8 38.6284
      vertex 10.4637 22.8725 37.5949
      vertex 10.5996 22.9324 37.7316
    endloop
  endfacet
  facet normal 0.709611 7.14697e-05 -0.704593
    outer loop
      vertex 10.0858 21.8 37.2142
      vertex 10.4637 22.8725 37.5949
      vertex 11.49 21.8 38.6284
    endloop
  endfacet
  facet normal 0.709816 -7.41592e-05 -0.704387
    outer loop
      vertex 10.4637 22.8725 37.5949
      vertex 10.0858 21.8 37.2142
      vertex 10.3204 22.829 37.4505
    endloop
  endfacet
  facet normal 0.706907 0.00125959 -0.707306
    outer loop
      vertex 10.3204 22.829 37.4505
      vertex 10.0858 21.8 37.2142
      vertex 10.3163 22.8277 37.4464
    endloop
  endfacet
  facet normal 0.716462 -0.00307237 -0.697619
    outer loop
      vertex 10.3163 22.8277 37.4464
      vertex 10.0858 21.8 37.2142
      vertex 10.3125 22.8271 37.4425
    endloop
  endfacet
  facet normal 0.709644 -2.45305e-05 -0.70456
    outer loop
      vertex 10.3125 22.8271 37.4425
      vertex 10.0858 21.8 37.2142
      vertex 10.1738 22.8043 37.3028
    endloop
  endfacet
  facet normal 0.709505 0 -0.7047
    outer loop
      vertex 10.1738 22.8043 37.3028
      vertex 10.0858 21.8 37.2142
      vertex 10.0858 22.8023 37.2142
    endloop
  endfacet
  facet normal -0.956929 6.48676e-06 -0.290322
    outer loop
      vertex 13.461 22.8 36.1922
      vertex 13.4616 21.8 36.1902
      vertex 13.3509 22.8 36.5551
    endloop
  endfacet
  facet normal -0.957826 0 -0.287348
    outer loop
      vertex 13.4616 21.8 36.1902
      vertex 13.461 22.8 36.1922
      vertex 13.4616 22.8003 36.1902
    endloop
  endfacet
  facet normal -0.956951 -2.30056e-05 -0.290248
    outer loop
      vertex 13.3478 21.8 36.5654
      vertex 13.3509 22.8 36.5551
      vertex 13.4616 21.8 36.1902
    endloop
  endfacet
  facet normal -0.95757 0 -0.288201
    outer loop
      vertex 13.3509 22.8 36.5551
      vertex 13.3478 21.8 36.5654
      vertex 13.3478 22.8006 36.5654
    endloop
  endfacet
  facet normal 0.956954 -3.95276e-06 -0.290239
    outer loop
      vertex 9.64542 22.8 36.5429
      vertex 9.65224 21.8 36.5654
      vertex 9.546 22.8 36.2151
    endloop
  endfacet
  facet normal 0.957003 0 -0.290078
    outer loop
      vertex 9.65224 21.8 36.5654
      vertex 9.64542 22.8 36.5429
      vertex 9.65224 22.8025 36.5654
    endloop
  endfacet
  facet normal 0.956944 -1.63104e-05 -0.290271
    outer loop
      vertex 9.53843 21.8 36.1902
      vertex 9.546 22.8 36.2151
      vertex 9.65224 21.8 36.5654
    endloop
  endfacet
  facet normal 0.956762 0 -0.290871
    outer loop
      vertex 9.546 22.8 36.2151
      vertex 9.53843 21.8 36.1902
      vertex 9.53843 22.8025 36.1902
    endloop
  endfacet
  facet normal -0.0958529 0 0.995396
    outer loop
      vertex 11.8767 22.8 33.8371
      vertex 11.8902 21.8 33.8384
      vertex 11.8902 22.8017 33.8384
    endloop
  endfacet
  facet normal -0.0980171 -2.94901e-05 0.995185
    outer loop
      vertex 11.5254 22.8 33.8025
      vertex 11.8902 21.8 33.8384
      vertex 11.8767 22.8 33.8371
    endloop
  endfacet
  facet normal -0.0979519 0 0.995191
    outer loop
      vertex 11.5 21.8 33.8
      vertex 11.5254 22.8 33.8025
      vertex 11.5 22.8019 33.8
    endloop
  endfacet
  facet normal -0.097938 -3.57065e-07 0.995193
    outer loop
      vertex 11.5254 22.8 33.8025
      vertex 11.5 21.8 33.8
      vertex 11.8902 21.8 33.8384
    endloop
  endfacet
  facet normal 0 0 -1
    outer loop
      vertex 11.49 23.6308 38.6284
      vertex 11.51 21.8 38.6284
      vertex 11.49 21.8 38.6284
    endloop
  endfacet
  facet normal 0 0 -1
    outer loop
      vertex 11.51 21.8 38.6284
      vertex 11.49 23.6308 38.6284
      vertex 11.51 23.6313 38.6284
    endloop
  endfacet
  facet normal -0.772988 0.000107865 -0.634421
    outer loop
      vertex 13.1591 22.8 36.9159
      vertex 13.1629 21.8 36.9111
      vertex 12.9256 22.8 37.2004
    endloop
  endfacet
  facet normal -0.784046 0 -0.620703
    outer loop
      vertex 13.1629 21.8 36.9111
      vertex 13.1591 22.8 36.9159
      vertex 13.1629 22.8008 36.9111
    endloop
  endfacet
  facet normal -0.77307 5.93767e-05 -0.634321
    outer loop
      vertex 12.9142 21.8 37.2142
      vertex 12.9256 22.8 37.2004
      vertex 13.1629 21.8 36.9111
    endloop
  endfacet
  facet normal -0.770962 0 -0.636881
    outer loop
      vertex 12.9256 22.8 37.2004
      vertex 12.9142 21.8 37.2142
      vertex 12.9142 22.8011 37.2142
    endloop
  endfacet
  facet normal -0.475306 0 0.879821
    outer loop
      vertex 12.6024 22.8 34.1324
      vertex 12.6111 21.8 34.1371
      vertex 12.6111 22.8013 34.1371
    endloop
  endfacet
  facet normal -0.471411 4.37202e-05 0.881914
    outer loop
      vertex 12.2853 22.8 33.9629
      vertex 12.6111 21.8 34.1371
      vertex 12.6024 22.8 34.1324
    endloop
  endfacet
  facet normal -0.473572 0 0.880755
    outer loop
      vertex 12.2654 21.8 33.9522
      vertex 12.2853 22.8 33.9629
      vertex 12.2654 22.8015 33.9522
    endloop
  endfacet
  facet normal -0.471634 -4.96886e-05 0.881795
    outer loop
      vertex 12.2853 22.8 33.9629
      vertex 12.2654 21.8 33.9522
      vertex 12.6111 21.8 34.1371
    endloop
  endfacet
  facet normal -0.995175 -0 -0.0981195
    outer loop
      vertex 13.5 22.8 35.8
      vertex 13.5 21.8 35.8
      vertex 13.4621 22.8 36.1844
    endloop
  endfacet
  facet normal -0.995193 -7.04439e-05 -0.097938
    outer loop
      vertex 13.4616 21.8 36.1902
      vertex 13.4621 22.8 36.1844
      vertex 13.5 21.8 35.8
    endloop
  endfacet
  facet normal -0.996305 0 -0.0858883
    outer loop
      vertex 13.4621 22.8 36.1844
      vertex 13.4616 21.8 36.1902
      vertex 13.4616 22.8003 36.1902
    endloop
  endfacet
  facet normal -0.772988 5.70571e-05 0.634421
    outer loop
      vertex 12.9256 22.8 34.3996
      vertex 12.9142 21.8 34.3858
      vertex 13.1591 22.8 34.6841
    endloop
  endfacet
  facet normal -0.770962 0 0.636881
    outer loop
      vertex 12.9142 21.8 34.3858
      vertex 12.9256 22.8 34.3996
      vertex 12.9142 22.8011 34.3858
    endloop
  endfacet
  facet normal -0.77307 0.000107072 0.634321
    outer loop
      vertex 13.1629 21.8 34.6889
      vertex 13.1591 22.8 34.6841
      vertex 12.9142 21.8 34.3858
    endloop
  endfacet
  facet normal -0.784046 0 0.620703
    outer loop
      vertex 13.1591 22.8 34.6841
      vertex 13.1629 21.8 34.6889
      vertex 13.1629 22.8008 34.6889
    endloop
  endfacet
  facet normal 0.773065 1.95549e-05 -0.634326
    outer loop
      vertex 10.0724 22.8 37.1979
      vertex 10.0858 21.8 37.2142
      vertex 9.85422 22.8 36.932
    endloop
  endfacet
  facet normal 0.772477 0 -0.635043
    outer loop
      vertex 10.0858 21.8 37.2142
      vertex 10.0724 22.8 37.1979
      vertex 10.0858 22.8023 37.2142
    endloop
  endfacet
  facet normal 0.77302 -6.45246e-06 -0.634381
    outer loop
      vertex 9.83706 21.8 36.9111
      vertex 9.85422 22.8 36.932
      vertex 10.0858 21.8 37.2142
    endloop
  endfacet
  facet normal 0.772869 0 -0.634566
    outer loop
      vertex 9.85422 22.8 36.932
      vertex 9.83706 21.8 36.9111
      vertex 9.83706 22.8024 36.9111
    endloop
  endfacet
  facet normal 0.881897 7.76361e-06 -0.471443
    outer loop
      vertex 9.82652 22.8 36.8914
      vertex 9.83706 21.8 36.9111
      vertex 9.66481 22.8 36.5889
    endloop
  endfacet
  facet normal 0.881733 0 -0.471749
    outer loop
      vertex 9.83706 21.8 36.9111
      vertex 9.82652 22.8 36.8914
      vertex 9.83706 22.8024 36.9111
    endloop
  endfacet
  facet normal 0.881879 -5.55862e-06 -0.471475
    outer loop
      vertex 9.65224 21.8 36.5654
      vertex 9.66481 22.8 36.5889
      vertex 9.83706 21.8 36.9111
    endloop
  endfacet
  facet normal 0.881781 0 -0.471659
    outer loop
      vertex 9.66481 22.8 36.5889
      vertex 9.65224 21.8 36.5654
      vertex 9.65224 22.8025 36.5654
    endloop
  endfacet
  facet normal -0.709107 -0 -0.705101
    outer loop
      vertex 12.9142 22.8011 37.2142
      vertex 12.9142 21.8 37.2142
      vertex 12.8966 22.8002 37.2319
    endloop
  endfacet
  facet normal -0.709797 8.57875e-05 -0.704406
    outer loop
      vertex 11.51 21.8 38.6284
      vertex 11.8348 23.3267 38.3013
      vertex 11.925 23.2476 38.2104
    endloop
  endfacet
  facet normal -0.709526 -0.000105575 -0.704679
    outer loop
      vertex 11.51 21.8 38.6284
      vertex 12.1657 23.07 37.968
      vertex 12.2984 22.9854 37.8344
    endloop
  endfacet
  facet normal -0.70702 0.000864416 -0.707193
    outer loop
      vertex 12.9142 21.8 37.2142
      vertex 12.7534 22.8139 37.3762
      vertex 12.7554 22.8135 37.3742
    endloop
  endfacet
  facet normal -0.70963 -1.85258e-05 -0.704574
    outer loop
      vertex 12.9142 21.8 37.2142
      vertex 12.7572 22.8133 37.3723
      vertex 12.8966 22.8002 37.2319
    endloop
  endfacet
  facet normal -0.726219 -0.00526165 -0.687443
    outer loop
      vertex 12.9142 21.8 37.2142
      vertex 12.7554 22.8135 37.3742
      vertex 12.7572 22.8133 37.3723
    endloop
  endfacet
  facet normal -0.709567 5.22361e-05 -0.704638
    outer loop
      vertex 12.7534 22.8139 37.3762
      vertex 12.9142 21.8 37.2142
      vertex 12.6108 22.8473 37.5198
    endloop
  endfacet
  facet normal -0.709684 -1.58991e-05 -0.70452
    outer loop
      vertex 12.9142 21.8 37.2142
      vertex 12.4742 22.8982 37.6574
      vertex 12.6108 22.8473 37.5198
    endloop
  endfacet
  facet normal -0.709611 4.26934e-05 -0.704593
    outer loop
      vertex 11.51 21.8 38.6284
      vertex 12.4742 22.8982 37.6574
      vertex 12.9142 21.8 37.2142
    endloop
  endfacet
  facet normal -0.709546 -7.26983e-05 -0.704659
    outer loop
      vertex 12.4742 22.8982 37.6574
      vertex 11.51 21.8 38.6284
      vertex 12.4597 22.9036 37.672
    endloop
  endfacet
  facet normal -0.709346 -0.00041936 -0.70486
    outer loop
      vertex 12.4597 22.9036 37.672
      vertex 11.51 21.8 38.6284
      vertex 12.4432 22.912 37.6886
    endloop
  endfacet
  facet normal -0.709553 -6.90178e-05 -0.704652
    outer loop
      vertex 12.4432 22.912 37.6886
      vertex 11.51 21.8 38.6284
      vertex 12.2984 22.9854 37.8344
    endloop
  endfacet
  facet normal -0.710166 0.000560609 -0.704034
    outer loop
      vertex 12.1657 23.07 37.968
      vertex 11.51 21.8 38.6284
      vertex 12.1223 23.0976 38.0118
    endloop
  endfacet
  facet normal -0.709658 7.74688e-05 -0.704546
    outer loop
      vertex 12.1223 23.0976 38.0118
      vertex 11.51 21.8 38.6284
      vertex 12.0678 23.1391 38.0667
    endloop
  endfacet
  facet normal -0.709383 -0.000153707 -0.704824
    outer loop
      vertex 12.0678 23.1391 38.0667
      vertex 11.51 21.8 38.6284
      vertex 11.925 23.2476 38.2104
    endloop
  endfacet
  facet normal -0.709661 2.75418e-05 -0.704543
    outer loop
      vertex 11.8348 23.3267 38.3013
      vertex 11.51 21.8 38.6284
      vertex 11.6978 23.4467 38.4393
    endloop
  endfacet
  facet normal -0.709543 2.99843e-07 -0.704662
    outer loop
      vertex 11.6978 23.4467 38.4393
      vertex 11.51 21.8 38.6284
      vertex 11.5823 23.5602 38.5556
    endloop
  endfacet
  facet normal -0.709539 0 -0.704666
    outer loop
      vertex 11.5823 23.5602 38.5556
      vertex 11.51 21.8 38.6284
      vertex 11.51 23.6313 38.6284
    endloop
  endfacet
  facet normal -0.288125 0 0.957593
    outer loop
      vertex 12.2541 22.8 33.9488
      vertex 12.2654 21.8 33.9522
      vertex 12.2654 22.8015 33.9522
    endloop
  endfacet
  facet normal -0.290156 -2.5027e-05 0.95698
    outer loop
      vertex 11.9134 22.8 33.8455
      vertex 12.2654 21.8 33.9522
      vertex 12.2541 22.8 33.9488
    endloop
  endfacet
  facet normal -0.292637 0 0.956223
    outer loop
      vertex 11.8902 21.8 33.8384
      vertex 11.9134 22.8 33.8455
      vertex 11.8902 22.8017 33.8384
    endloop
  endfacet
  facet normal -0.290248 -6.06001e-05 0.956951
    outer loop
      vertex 11.9134 22.8 33.8455
      vertex 11.8902 21.8 33.8384
      vertex 12.2654 21.8 33.9522
    endloop
  endfacet
  facet normal 0.995186 -8.4325e-06 0.0979993
    outer loop
      vertex 9.50249 22.8 35.7748
      vertex 9.5 21.8 35.8
      vertex 9.53603 22.8 35.4342
    endloop
  endfacet
  facet normal 0.995154 -0 0.0983307
    outer loop
      vertex 9.5 21.8 35.8
      vertex 9.50249 22.8 35.7748
      vertex 9.5 22.8025 35.8
    endloop
  endfacet
  facet normal 0.995185 -3.09114e-06 0.0980137
    outer loop
      vertex 9.53843 21.8 35.4098
      vertex 9.53603 22.8 35.4342
      vertex 9.5 21.8 35.8
    endloop
  endfacet
  facet normal 0.995197 0 0.0978883
    outer loop
      vertex 9.53603 22.8 35.4342
      vertex 9.53843 21.8 35.4098
      vertex 9.53843 22.8025 35.4098
    endloop
  endfacet
  facet normal -0.996305 0 0.0858883
    outer loop
      vertex 13.4616 21.8 35.4098
      vertex 13.4621 22.8 35.4156
      vertex 13.4616 22.8003 35.4098
    endloop
  endfacet
  facet normal -0.995175 -7.15055e-05 0.0981195
    outer loop
      vertex 13.4616 21.8 35.4098
      vertex 13.5 22.8 35.8
      vertex 13.4621 22.8 35.4156
    endloop
  endfacet
  facet normal -0.995193 0 0.097938
    outer loop
      vertex 13.5 22.8 35.8
      vertex 13.4616 21.8 35.4098
      vertex 13.5 21.8 35.8
    endloop
  endfacet
  facet normal -0.881989 9.45486e-05 0.471269
    outer loop
      vertex 13.1699 22.8 34.7018
      vertex 13.1629 21.8 34.6889
      vertex 13.3458 22.8 35.031
    endloop
  endfacet
  facet normal -0.878935 0 0.476941
    outer loop
      vertex 13.1629 21.8 34.6889
      vertex 13.1699 22.8 34.7018
      vertex 13.1629 22.8008 34.6889
    endloop
  endfacet
  facet normal -0.881795 -6.57073e-05 0.471634
    outer loop
      vertex 13.3478 21.8 35.0346
      vertex 13.3458 22.8 35.031
      vertex 13.1629 21.8 34.6889
    endloop
  endfacet
  facet normal -0.874157 0 0.485643
    outer loop
      vertex 13.3458 22.8 35.031
      vertex 13.3478 21.8 35.0346
      vertex 13.3478 22.8006 35.0346
    endloop
  endfacet
  facet normal -0.956929 -2.38375e-05 0.290322
    outer loop
      vertex 13.3509 22.8 35.0449
      vertex 13.3478 21.8 35.0346
      vertex 13.461 22.8 35.4078
    endloop
  endfacet
  facet normal -0.95757 0 0.288201
    outer loop
      vertex 13.3478 21.8 35.0346
      vertex 13.3509 22.8 35.0449
      vertex 13.3478 22.8006 35.0346
    endloop
  endfacet
  facet normal -0.956951 6.32527e-06 0.290248
    outer loop
      vertex 13.4616 21.8 35.4098
      vertex 13.461 22.8 35.4078
      vertex 13.3478 21.8 35.0346
    endloop
  endfacet
  facet normal -0.957826 0 0.287348
    outer loop
      vertex 13.461 22.8 35.4078
      vertex 13.4616 21.8 35.4098
      vertex 13.4616 22.8003 35.4098
    endloop
  endfacet
  facet normal -0.635271 0 0.77229
    outer loop
      vertex 12.908 22.8 34.3807
      vertex 12.9142 21.8 34.3858
      vertex 12.9142 22.8011 34.3858
    endloop
  endfacet
  facet normal -0.634376 9.29831e-06 0.773025
    outer loop
      vertex 12.627 22.8 34.1501
      vertex 12.9142 21.8 34.3858
      vertex 12.908 22.8 34.3807
    endloop
  endfacet
  facet normal -0.632973 0 0.774174
    outer loop
      vertex 12.6111 21.8 34.1371
      vertex 12.627 22.8 34.1501
      vertex 12.6111 22.8013 34.1371
    endloop
  endfacet
  facet normal -0.634321 3.57841e-05 0.77307
    outer loop
      vertex 12.627 22.8 34.1501
      vertex 12.6111 21.8 34.1371
      vertex 12.9142 21.8 34.3858
    endloop
  endfacet
  facet normal 0.0988512 0 0.995102
    outer loop
      vertex 11.4849 22.8 33.8015
      vertex 11.5 21.8 33.8
      vertex 11.5 22.8019 33.8
    endloop
  endfacet
  facet normal 0.0978373 -1.546e-05 0.995202
    outer loop
      vertex 11.136 22.8 33.8358
      vertex 11.5 21.8 33.8
      vertex 11.4849 22.8 33.8015
    endloop
  endfacet
  facet normal 0.0987516 -0 0.995112
    outer loop
      vertex 11.1098 21.8 33.8384
      vertex 11.136 22.8 33.8358
      vertex 11.1098 22.802 33.8384
    endloop
  endfacet
  facet normal 0.097938 2.15259e-05 0.995193
    outer loop
      vertex 11.136 22.8 33.8358
      vertex 11.1098 21.8 33.8384
      vertex 11.5 21.8 33.8
    endloop
  endfacet
  facet normal 0.956954 -1.7189e-05 0.290239
    outer loop
      vertex 9.546 22.8 35.3849
      vertex 9.53843 21.8 35.4098
      vertex 9.64542 22.8 35.0571
    endloop
  endfacet
  facet normal 0.956762 -0 0.290871
    outer loop
      vertex 9.53843 21.8 35.4098
      vertex 9.546 22.8 35.3849
      vertex 9.53843 22.8025 35.4098
    endloop
  endfacet
  facet normal 0.956944 -4.74646e-06 0.290271
    outer loop
      vertex 9.65224 21.8 35.0346
      vertex 9.64542 22.8 35.0571
      vertex 9.53843 21.8 35.4098
    endloop
  endfacet
  facet normal 0.957003 0 0.290078
    outer loop
      vertex 9.64542 22.8 35.0571
      vertex 9.65224 21.8 35.0346
      vertex 9.65224 22.8024 35.0346
    endloop
  endfacet
  facet normal 0.995198 1.16876e-07 -0.0978835
    outer loop
      vertex 32.336 22.8 11.8658
      vertex 32.3384 21.8 11.8902
      vertex 32.3025 22.8 11.5252
    endloop
  endfacet
  facet normal 0.995197 0 -0.0978883
    outer loop
      vertex 32.3384 21.8 11.8902
      vertex 32.336 22.8 11.8658
      vertex 32.3384 22.8025 11.8902
    endloop
  endfacet
  facet normal 0.995193 -1.99447e-05 -0.097938
    outer loop
      vertex 32.3 21.8 11.5
      vertex 32.3025 22.8 11.5252
      vertex 32.3384 21.8 11.8902
    endloop
  endfacet
  facet normal 0.995115 0 -0.0987217
    outer loop
      vertex 32.3025 22.8 11.5252
      vertex 32.3 21.8 11.5
      vertex 32.3 22.8025 11.5
    endloop
  endfacet
  facet normal 0.881909 -3.36729e-05 0.47142
    outer loop
      vertex 32.4648 22.8 10.7111
      vertex 32.4522 21.8 10.7346
      vertex 32.6265 22.8 10.4086
    endloop
  endfacet
  facet normal 0.881313 -0 0.472534
    outer loop
      vertex 32.4522 21.8 10.7346
      vertex 32.4648 22.8 10.7111
      vertex 32.4522 22.8025 10.7346
    endloop
  endfacet
  facet normal 0.881795 5.58359e-05 0.471634
    outer loop
      vertex 32.6371 21.8 10.3889
      vertex 32.6265 22.8 10.4086
      vertex 32.4522 21.8 10.7346
    endloop
  endfacet
  facet normal 0.880615 0 0.473833
    outer loop
      vertex 32.6265 22.8 10.4086
      vertex 32.6371 21.8 10.3889
      vertex 32.6371 22.8024 10.3889
    endloop
  endfacet
  facet normal -0.098033 0 0.995183
    outer loop
      vertex 34.6768 22.8 9.53711
      vertex 34.6902 21.8 9.53843
      vertex 34.6902 22.8017 9.53843
    endloop
  endfacet
  facet normal -0.0979899 5.83239e-07 0.995187
    outer loop
      vertex 34.3253 22.8 9.5025
      vertex 34.6902 21.8 9.53843
      vertex 34.6768 22.8 9.53711
    endloop
  endfacet
  facet normal -0.0983353 0 0.995153
    outer loop
      vertex 34.3 21.8 9.5
      vertex 34.3253 22.8 9.5025
      vertex 34.3 22.8019 9.5
    endloop
  endfacet
  facet normal -0.0980137 -8.215e-06 0.995185
    outer loop
      vertex 34.3253 22.8 9.5025
      vertex 34.3 21.8 9.5
      vertex 34.6902 21.8 9.53843
    endloop
  endfacet
  facet normal 0.773037 1.86064e-05 -0.634361
    outer loop
      vertex 32.8724 22.8 12.8979
      vertex 32.8858 21.8 12.9142
      vertex 32.6542 22.8 12.632
    endloop
  endfacet
  facet normal 0.772477 0 -0.635043
    outer loop
      vertex 32.8858 21.8 12.9142
      vertex 32.8724 22.8 12.8979
      vertex 32.8858 22.8023 12.9142
    endloop
  endfacet
  facet normal 0.77307 3.77991e-05 -0.634321
    outer loop
      vertex 32.6371 21.8 12.6111
      vertex 32.6542 22.8 12.632
      vertex 32.8858 21.8 12.9142
    endloop
  endfacet
  facet normal 0.773957 0 -0.633238
    outer loop
      vertex 32.6542 22.8 12.632
      vertex 32.6371 21.8 12.6111
      vertex 32.6371 22.8024 12.6111
    endloop
  endfacet
  facet normal -0.473738 0 0.880666
    outer loop
      vertex 35.4024 22.8 9.83238
      vertex 35.4111 21.8 9.83706
      vertex 35.4111 22.8013 9.83706
    endloop
  endfacet
  facet normal -0.471346 2.68089e-05 0.881948
    outer loop
      vertex 35.0853 22.8 9.66291
      vertex 35.4111 21.8 9.83706
      vertex 35.4024 22.8 9.83238
    endloop
  endfacet
  facet normal -0.472541 0 0.881309
    outer loop
      vertex 35.0654 21.8 9.65224
      vertex 35.0853 22.8 9.66291
      vertex 35.0654 22.8015 9.65224
    endloop
  endfacet
  facet normal -0.471475 -2.72982e-05 0.881879
    outer loop
      vertex 35.0853 22.8 9.66291
      vertex 35.0654 21.8 9.65224
      vertex 35.4111 21.8 9.83706
    endloop
  endfacet
  facet normal -0.996305 0 0.0858883
    outer loop
      vertex 36.2616 21.8 11.1098
      vertex 36.2621 22.8 11.1156
      vertex 36.2616 22.8003 11.1098
    endloop
  endfacet
  facet normal -0.995175 -7.15055e-05 0.0981195
    outer loop
      vertex 36.2616 21.8 11.1098
      vertex 36.3 22.8 11.5
      vertex 36.2621 22.8 11.1156
    endloop
  endfacet
  facet normal -0.995193 0 0.097938
    outer loop
      vertex 36.3 22.8 11.5
      vertex 36.2616 21.8 11.1098
      vertex 36.3 21.8 11.5
    endloop
  endfacet
  facet normal -0.956929 -2.38375e-05 0.290322
    outer loop
      vertex 36.1509 22.8 10.7449
      vertex 36.1478 21.8 10.7346
      vertex 36.261 22.8 11.1078
    endloop
  endfacet
  facet normal -0.95757 0 0.288201
    outer loop
      vertex 36.1478 21.8 10.7346
      vertex 36.1509 22.8 10.7449
      vertex 36.1478 22.8006 10.7346
    endloop
  endfacet
  facet normal -0.956951 6.32527e-06 0.290248
    outer loop
      vertex 36.2616 21.8 11.1098
      vertex 36.261 22.8 11.1078
      vertex 36.1478 21.8 10.7346
    endloop
  endfacet
  facet normal -0.957826 0 0.287348
    outer loop
      vertex 36.261 22.8 11.1078
      vertex 36.2616 21.8 11.1098
      vertex 36.2616 22.8003 11.1098
    endloop
  endfacet
  facet normal -0.709107 -0 -0.705101
    outer loop
      vertex 35.7142 22.8011 12.9142
      vertex 35.7142 21.8 12.9142
      vertex 35.6966 22.8002 12.9319
    endloop
  endfacet
  facet normal -0.709797 8.57875e-05 -0.704406
    outer loop
      vertex 34.31 21.8 14.3284
      vertex 34.6348 23.3267 14.0013
      vertex 34.725 23.2476 13.9104
    endloop
  endfacet
  facet normal -0.709526 -0.000105575 -0.704679
    outer loop
      vertex 34.31 21.8 14.3284
      vertex 34.9657 23.07 13.668
      vertex 35.0984 22.9854 13.5344
    endloop
  endfacet
  facet normal -0.709346 -0.00041936 -0.70486
    outer loop
      vertex 34.31 21.8 14.3284
      vertex 35.2432 22.912 13.3886
      vertex 35.2597 22.9036 13.372
    endloop
  endfacet
  facet normal -0.706793 0.00166714 -0.707418
    outer loop
      vertex 35.7142 21.8 12.9142
      vertex 35.4036 22.85 13.227
      vertex 35.4108 22.8473 13.2198
    endloop
  endfacet
  facet normal -0.709846 -2.61772e-05 -0.704357
    outer loop
      vertex 35.6966 22.8002 12.9319
      vertex 35.7142 21.8 12.9142
      vertex 35.5554 22.8135 13.0742
    endloop
  endfacet
  facet normal -0.709386 0.000119182 -0.70482
    outer loop
      vertex 35.7142 21.8 12.9142
      vertex 35.4173 22.8458 13.2132
      vertex 35.5554 22.8135 13.0742
    endloop
  endfacet
  facet normal -0.712684 -0.00177128 -0.701483
    outer loop
      vertex 35.7142 21.8 12.9142
      vertex 35.4108 22.8473 13.2198
      vertex 35.4173 22.8458 13.2132
    endloop
  endfacet
  facet normal -0.709818 -0.000131397 -0.704385
    outer loop
      vertex 35.4036 22.85 13.227
      vertex 35.7142 21.8 12.9142
      vertex 35.2597 22.9036 13.372
    endloop
  endfacet
  facet normal -0.709611 4.04021e-05 -0.704593
    outer loop
      vertex 34.31 21.8 14.3284
      vertex 35.2597 22.9036 13.372
      vertex 35.7142 21.8 12.9142
    endloop
  endfacet
  facet normal -0.709553 -6.90178e-05 -0.704652
    outer loop
      vertex 35.2432 22.912 13.3886
      vertex 34.31 21.8 14.3284
      vertex 35.0984 22.9854 13.5344
    endloop
  endfacet
  facet normal -0.710166 0.000560609 -0.704034
    outer loop
      vertex 34.9657 23.07 13.668
      vertex 34.31 21.8 14.3284
      vertex 34.9223 23.0976 13.7118
    endloop
  endfacet
  facet normal -0.709658 7.74688e-05 -0.704546
    outer loop
      vertex 34.9223 23.0976 13.7118
      vertex 34.31 21.8 14.3284
      vertex 34.8678 23.1391 13.7667
    endloop
  endfacet
  facet normal -0.709383 -0.000153707 -0.704824
    outer loop
      vertex 34.8678 23.1391 13.7667
      vertex 34.31 21.8 14.3284
      vertex 34.725 23.2476 13.9104
    endloop
  endfacet
  facet normal -0.709661 2.75418e-05 -0.704543
    outer loop
      vertex 34.6348 23.3267 14.0013
      vertex 34.31 21.8 14.3284
      vertex 34.4978 23.4467 14.1393
    endloop
  endfacet
  facet normal -0.709543 2.99843e-07 -0.704662
    outer loop
      vertex 34.4978 23.4467 14.1393
      vertex 34.31 21.8 14.3284
      vertex 34.3823 23.5602 14.2556
    endloop
  endfacet
  facet normal -0.709539 0 -0.704666
    outer loop
      vertex 34.3823 23.5602 14.2556
      vertex 34.31 21.8 14.3284
      vertex 34.31 23.6313 14.3284
    endloop
  endfacet
  facet normal 0 0 -1
    outer loop
      vertex 34.29 23.6308 14.3284
      vertex 34.31 21.8 14.3284
      vertex 34.29 21.8 14.3284
    endloop
  endfacet
  facet normal 0 0 -1
    outer loop
      vertex 34.31 21.8 14.3284
      vertex 34.29 23.6308 14.3284
      vertex 34.31 23.6313 14.3284
    endloop
  endfacet
  facet normal 0.472859 0 0.881138
    outer loop
      vertex 33.5185 22.8 9.66088
      vertex 33.5346 21.8 9.65224
      vertex 33.5346 22.8021 9.65224
    endloop
  endfacet
  facet normal 0.471307 -3.21744e-05 0.881969
    outer loop
      vertex 33.2128 22.8 9.82424
      vertex 33.5346 21.8 9.65224
      vertex 33.5185 22.8 9.66088
    endloop
  endfacet
  facet normal 0.472692 -0 0.881228
    outer loop
      vertex 33.1889 21.8 9.83706
      vertex 33.2128 22.8 9.82424
      vertex 33.1889 22.8022 9.83706
    endloop
  endfacet
  facet normal 0.471475 3.74384e-05 0.881879
    outer loop
      vertex 33.2128 22.8 9.82424
      vertex 33.1889 21.8 9.83706
      vertex 33.5346 21.8 9.65224
    endloop
  endfacet
  facet normal 0.0981986 0 0.995167
    outer loop
      vertex 34.2849 22.8 9.50149
      vertex 34.3 21.8 9.5
      vertex 34.3 22.8019 9.5
    endloop
  endfacet
  facet normal 0.0980068 -2.92366e-06 0.995186
    outer loop
      vertex 33.936 22.8 9.53585
      vertex 34.3 21.8 9.5
      vertex 34.2849 22.8 9.50149
    endloop
  endfacet
  facet normal 0.0979993 -0 0.995186
    outer loop
      vertex 33.9098 21.8 9.53843
      vertex 33.936 22.8 9.53585
      vertex 33.9098 22.802 9.53843
    endloop
  endfacet
  facet normal 0.0980137 -3.82567e-07 0.995185
    outer loop
      vertex 33.936 22.8 9.53585
      vertex 33.9098 21.8 9.53843
      vertex 34.3 21.8 9.5
    endloop
  endfacet
  facet normal 0.709398 -9.5473e-05 -0.704808
    outer loop
      vertex 34.29 21.8 14.3284
      vertex 33.8436 23.225 13.8789
      vertex 33.9842 23.3401 14.0204
    endloop
  endfacet
  facet normal 0.708895 0 -0.705314
    outer loop
      vertex 34.29 21.8 14.3284
      vertex 34.2309 23.5698 14.269
      vertex 34.29 23.6308 14.3284
    endloop
  endfacet
  facet normal 0.709857 6.46774e-05 -0.704345
    outer loop
      vertex 34.29 21.8 14.3284
      vertex 34.1045 23.4522 14.1416
      vertex 34.2309 23.5698 14.269
    endloop
  endfacet
  facet normal 0.709721 3.38838e-05 -0.704482
    outer loop
      vertex 34.29 21.8 14.3284
      vertex 33.9842 23.3401 14.0204
      vertex 34.1045 23.4522 14.1416
    endloop
  endfacet
  facet normal 0.709593 2.77201e-05 -0.704612
    outer loop
      vertex 33.8436 23.225 13.8789
      vertex 34.29 21.8 14.3284
      vertex 33.7732 23.1673 13.808
    endloop
  endfacet
  facet normal 0.710167 0.000464832 -0.704033
    outer loop
      vertex 34.29 21.8 14.3284
      vertex 33.7187 23.1292 13.753
      vertex 33.7732 23.1673 13.808
    endloop
  endfacet
  facet normal 0.709339 -0.000252451 -0.704868
    outer loop
      vertex 34.29 21.8 14.3284
      vertex 33.5874 23.0374 13.6209
      vertex 33.7187 23.1292 13.753
    endloop
  endfacet
  facet normal 0.709723 0.000186283 -0.704481
    outer loop
      vertex 34.29 21.8 14.3284
      vertex 33.4425 22.9543 13.4749
      vertex 33.5874 23.0374 13.6209
    endloop
  endfacet
  facet normal 0.709985 0.000574888 -0.704216
    outer loop
      vertex 34.29 21.8 14.3284
      vertex 33.4194 22.9411 13.4516
      vertex 33.4425 22.9543 13.4749
    endloop
  endfacet
  facet normal 0.71039 0.00119821 -0.703807
    outer loop
      vertex 34.29 21.8 14.3284
      vertex 33.3996 22.9324 13.4316
      vertex 33.4194 22.9411 13.4516
    endloop
  endfacet
  facet normal 0.709296 -0.00053555 -0.70491
    outer loop
      vertex 34.29 21.8 14.3284
      vertex 33.2637 22.8725 13.2949
      vertex 33.3996 22.9324 13.4316
    endloop
  endfacet
  facet normal 0.709611 7.14697e-05 -0.704593
    outer loop
      vertex 32.8858 21.8 12.9142
      vertex 33.2637 22.8725 13.2949
      vertex 34.29 21.8 14.3284
    endloop
  endfacet
  facet normal 0.709816 -7.41592e-05 -0.704387
    outer loop
      vertex 33.2637 22.8725 13.2949
      vertex 32.8858 21.8 12.9142
      vertex 33.1204 22.829 13.1505
    endloop
  endfacet
  facet normal 0.706907 0.00125959 -0.707306
    outer loop
      vertex 33.1204 22.829 13.1505
      vertex 32.8858 21.8 12.9142
      vertex 33.1163 22.8277 13.1464
    endloop
  endfacet
  facet normal 0.716462 -0.00307237 -0.697619
    outer loop
      vertex 33.1163 22.8277 13.1464
      vertex 32.8858 21.8 12.9142
      vertex 33.1125 22.8271 13.1425
    endloop
  endfacet
  facet normal 0.709644 -2.45305e-05 -0.70456
    outer loop
      vertex 33.1125 22.8271 13.1425
      vertex 32.8858 21.8 12.9142
      vertex 32.9738 22.8043 13.0028
    endloop
  endfacet
  facet normal 0.709505 0 -0.7047
    outer loop
      vertex 32.9738 22.8043 13.0028
      vertex 32.8858 21.8 12.9142
      vertex 32.8858 22.8023 12.9142
    endloop
  endfacet
  facet normal 0.956946 -2.37703e-05 -0.290267
    outer loop
      vertex 32.4454 22.8 12.2429
      vertex 32.4522 21.8 12.2654
      vertex 32.346 22.8 11.9152
    endloop
  endfacet
  facet normal 0.957239 0 -0.289299
    outer loop
      vertex 32.4522 21.8 12.2654
      vertex 32.4454 22.8 12.2429
      vertex 32.4522 22.8025 12.2654
    endloop
  endfacet
  facet normal 0.956951 -1.66293e-05 -0.290248
    outer loop
      vertex 32.3384 21.8 11.8902
      vertex 32.346 22.8 11.9152
      vertex 32.4522 21.8 12.2654
    endloop
  endfacet
  facet normal 0.956767 0 -0.290857
    outer loop
      vertex 32.346 22.8 11.9152
      vertex 32.3384 21.8 11.8902
      vertex 32.3384 22.8025 11.8902
    endloop
  endfacet
  facet normal -0.881878 2.89316e-06 0.471478
    outer loop
      vertex 35.9698 22.8 10.4018
      vertex 35.9629 21.8 10.3889
      vertex 36.1458 22.8 10.731
    endloop
  endfacet
  facet normal -0.881785 0 0.471652
    outer loop
      vertex 35.9629 21.8 10.3889
      vertex 35.9698 22.8 10.4018
      vertex 35.9629 22.8008 10.3889
    endloop
  endfacet
  facet normal -0.881795 -6.57073e-05 0.471634
    outer loop
      vertex 36.1478 21.8 10.7346
      vertex 36.1458 22.8 10.731
      vertex 35.9629 21.8 10.3889
    endloop
  endfacet
  facet normal -0.874157 0 0.485643
    outer loop
      vertex 36.1458 22.8 10.731
      vertex 36.1478 21.8 10.7346
      vertex 36.1478 22.8006 10.7346
    endloop
  endfacet
  facet normal -0.956929 6.48676e-06 -0.290322
    outer loop
      vertex 36.261 22.8 11.8922
      vertex 36.2616 21.8 11.8902
      vertex 36.1509 22.8 12.2551
    endloop
  endfacet
  facet normal -0.957826 0 -0.287348
    outer loop
      vertex 36.2616 21.8 11.8902
      vertex 36.261 22.8 11.8922
      vertex 36.2616 22.8003 11.8902
    endloop
  endfacet
  facet normal -0.956951 -2.30056e-05 -0.290248
    outer loop
      vertex 36.1478 21.8 12.2654
      vertex 36.1509 22.8 12.2551
      vertex 36.2616 21.8 11.8902
    endloop
  endfacet
  facet normal -0.95757 0 -0.288201
    outer loop
      vertex 36.1509 22.8 12.2551
      vertex 36.1478 21.8 12.2654
      vertex 36.1478 22.8006 12.2654
    endloop
  endfacet
  facet normal -0.995175 -0 -0.0981195
    outer loop
      vertex 36.3 22.8 11.5
      vertex 36.3 21.8 11.5
      vertex 36.2621 22.8 11.8844
    endloop
  endfacet
  facet normal -0.995193 -7.04439e-05 -0.097938
    outer loop
      vertex 36.2616 21.8 11.8902
      vertex 36.2621 22.8 11.8844
      vertex 36.3 21.8 11.5
    endloop
  endfacet
  facet normal -0.996305 0 -0.0858883
    outer loop
      vertex 36.2621 22.8 11.8844
      vertex 36.2616 21.8 11.8902
      vertex 36.2616 22.8003 11.8902
    endloop
  endfacet
  facet normal -0.635271 0 0.77229
    outer loop
      vertex 35.708 22.8 10.0807
      vertex 35.7142 21.8 10.0858
      vertex 35.7142 22.8011 10.0858
    endloop
  endfacet
  facet normal -0.634392 9.12759e-06 0.773011
    outer loop
      vertex 35.427 22.8 9.85009
      vertex 35.7142 21.8 10.0858
      vertex 35.708 22.8 10.0807
    endloop
  endfacet
  facet normal -0.633847 0 0.773459
    outer loop
      vertex 35.4111 21.8 9.83706
      vertex 35.427 22.8 9.85009
      vertex 35.4111 22.8013 9.83706
    endloop
  endfacet
  facet normal -0.634381 1.42133e-05 0.77302
    outer loop
      vertex 35.427 22.8 9.85009
      vertex 35.4111 21.8 9.83706
      vertex 35.7142 21.8 10.0858
    endloop
  endfacet
  facet normal 0.881909 6.12526e-05 -0.47142
    outer loop
      vertex 32.6265 22.8 12.5914
      vertex 32.6371 21.8 12.6111
      vertex 32.4648 22.8 12.2889
    endloop
  endfacet
  facet normal 0.880615 0 -0.473833
    outer loop
      vertex 32.6371 21.8 12.6111
      vertex 32.6265 22.8 12.5914
      vertex 32.6371 22.8024 12.6111
    endloop
  endfacet
  facet normal 0.881795 -2.72165e-05 -0.471634
    outer loop
      vertex 32.4522 21.8 12.2654
      vertex 32.4648 22.8 12.2889
      vertex 32.6371 21.8 12.6111
    endloop
  endfacet
  facet normal 0.881313 0 -0.472534
    outer loop
      vertex 32.4648 22.8 12.2889
      vertex 32.4522 21.8 12.2654
      vertex 32.4522 22.8025 12.2654
    endloop
  endfacet
  facet normal 0.633898 0 0.773416
    outer loop
      vertex 33.1736 22.8 9.8496
      vertex 33.1889 21.8 9.83706
      vertex 33.1889 22.8022 9.83706
    endloop
  endfacet
  facet normal 0.634294 1.0136e-05 0.773092
    outer loop
      vertex 32.9068 22.8 10.0685
      vertex 33.1889 21.8 9.83706
      vertex 33.1736 22.8 9.8496
    endloop
  endfacet
  facet normal 0.635836 -0 0.771824
    outer loop
      vertex 32.8858 21.8 10.0858
      vertex 32.9068 22.8 10.0685
      vertex 32.8858 22.8023 10.0858
    endloop
  endfacet
  facet normal 0.634381 5.12371e-05 0.77302
    outer loop
      vertex 32.9068 22.8 10.0685
      vertex 32.8858 21.8 10.0858
      vertex 33.1889 21.8 9.83706
    endloop
  endfacet
  facet normal -0.772988 0.000107865 -0.634421
    outer loop
      vertex 35.9591 22.8 12.6159
      vertex 35.9629 21.8 12.6111
      vertex 35.7256 22.8 12.9004
    endloop
  endfacet
  facet normal -0.784046 0 -0.620703
    outer loop
      vertex 35.9629 21.8 12.6111
      vertex 35.9591 22.8 12.6159
      vertex 35.9629 22.8008 12.6111
    endloop
  endfacet
  facet normal -0.77307 5.93767e-05 -0.634321
    outer loop
      vertex 35.7142 21.8 12.9142
      vertex 35.7256 22.8 12.9004
      vertex 35.9629 21.8 12.6111
    endloop
  endfacet
  facet normal -0.770962 0 -0.636881
    outer loop
      vertex 35.7256 22.8 12.9004
      vertex 35.7142 21.8 12.9142
      vertex 35.7142 22.8011 12.9142
    endloop
  endfacet
  facet normal -0.881878 -6.64355e-05 -0.471478
    outer loop
      vertex 36.1458 22.8 12.269
      vertex 36.1478 21.8 12.2654
      vertex 35.9698 22.8 12.5982
    endloop
  endfacet
  facet normal -0.874157 0 -0.485643
    outer loop
      vertex 36.1478 21.8 12.2654
      vertex 36.1458 22.8 12.269
      vertex 36.1478 22.8006 12.2654
    endloop
  endfacet
  facet normal -0.881795 3.0609e-07 -0.471634
    outer loop
      vertex 35.9629 21.8 12.6111
      vertex 35.9698 22.8 12.5982
      vertex 36.1478 21.8 12.2654
    endloop
  endfacet
  facet normal -0.881785 0 -0.471652
    outer loop
      vertex 35.9698 22.8 12.5982
      vertex 35.9629 21.8 12.6111
      vertex 35.9629 22.8008 12.6111
    endloop
  endfacet
  facet normal -0.772988 5.70571e-05 0.634421
    outer loop
      vertex 35.7256 22.8 10.0996
      vertex 35.7142 21.8 10.0858
      vertex 35.9591 22.8 10.3841
    endloop
  endfacet
  facet normal -0.770962 0 0.636881
    outer loop
      vertex 35.7142 21.8 10.0858
      vertex 35.7256 22.8 10.0996
      vertex 35.7142 22.8011 10.0858
    endloop
  endfacet
  facet normal -0.77307 0.000107072 0.634321
    outer loop
      vertex 35.9629 21.8 10.3889
      vertex 35.9591 22.8 10.3841
      vertex 35.7142 21.8 10.0858
    endloop
  endfacet
  facet normal -0.784046 0 0.620703
    outer loop
      vertex 35.9591 22.8 10.3841
      vertex 35.9629 21.8 10.3889
      vertex 35.9629 22.8008 10.3889
    endloop
  endfacet
  facet normal 0.995198 -2.13298e-05 0.0978835
    outer loop
      vertex 32.3025 22.8 11.4748
      vertex 32.3 21.8 11.5
      vertex 32.336 22.8 11.1342
    endloop
  endfacet
  facet normal 0.995115 -0 0.0987217
    outer loop
      vertex 32.3 21.8 11.5
      vertex 32.3025 22.8 11.4748
      vertex 32.3 22.8025 11.5
    endloop
  endfacet
  facet normal 0.995193 -1.22422e-06 0.097938
    outer loop
      vertex 32.3384 21.8 11.1098
      vertex 32.336 22.8 11.1342
      vertex 32.3 21.8 11.5
    endloop
  endfacet
  facet normal 0.995197 0 0.0978883
    outer loop
      vertex 32.336 22.8 11.1342
      vertex 32.3384 21.8 11.1098
      vertex 32.3384 22.8025 11.1098
    endloop
  endfacet
  facet normal 0.773037 3.92188e-05 0.634361
    outer loop
      vertex 32.6542 22.8 10.368
      vertex 32.6371 21.8 10.3889
      vertex 32.8724 22.8 10.1021
    endloop
  endfacet
  facet normal 0.773957 -0 0.633238
    outer loop
      vertex 32.6371 21.8 10.3889
      vertex 32.6542 22.8 10.368
      vertex 32.6371 22.8024 10.3889
    endloop
  endfacet
  facet normal 0.77307 1.97157e-05 0.634321
    outer loop
      vertex 32.8858 21.8 10.0858
      vertex 32.8724 22.8 10.1021
      vertex 32.6371 21.8 10.3889
    endloop
  endfacet
  facet normal 0.772477 0 0.635043
    outer loop
      vertex 32.8724 22.8 10.1021
      vertex 32.8858 21.8 10.0858
      vertex 32.8858 22.8023 10.0858
    endloop
  endfacet
  facet normal 0.291185 0 0.956667
    outer loop
      vertex 33.8938 22.8 9.5433
      vertex 33.9098 21.8 9.53843
      vertex 33.9098 22.802 9.53843
    endloop
  endfacet
  facet normal 0.290269 -1.60103e-05 0.956945
    outer loop
      vertex 33.5604 22.8 9.64443
      vertex 33.9098 21.8 9.53843
      vertex 33.8938 22.8 9.5433
    endloop
  endfacet
  facet normal 0.289729 -0 0.957109
    outer loop
      vertex 33.5346 21.8 9.65224
      vertex 33.5604 22.8 9.64443
      vertex 33.5346 22.8021 9.65224
    endloop
  endfacet
  facet normal 0.290271 -1.52672e-05 0.956944
    outer loop
      vertex 33.5604 22.8 9.64443
      vertex 33.5346 21.8 9.65224
      vertex 33.9098 21.8 9.53843
    endloop
  endfacet
  facet normal -0.288902 0 0.957359
    outer loop
      vertex 35.0541 22.8 9.64883
      vertex 35.0654 21.8 9.65224
      vertex 35.0654 22.8015 9.65224
    endloop
  endfacet
  facet normal -0.29031 -1.73607e-05 0.956933
    outer loop
      vertex 34.7134 22.8 9.54547
      vertex 35.0654 21.8 9.65224
      vertex 35.0541 22.8 9.64883
    endloop
  endfacet
  facet normal -0.290374 0 0.956913
    outer loop
      vertex 34.6902 21.8 9.53843
      vertex 34.7134 22.8 9.54547
      vertex 34.6902 22.8017 9.53843
    endloop
  endfacet
  facet normal -0.290271 -2.5913e-06 0.956944
    outer loop
      vertex 34.7134 22.8 9.54547
      vertex 34.6902 21.8 9.53843
      vertex 35.0654 21.8 9.65224
    endloop
  endfacet
  facet normal 0.956946 -1.61194e-05 0.290267
    outer loop
      vertex 32.346 22.8 11.0848
      vertex 32.3384 21.8 11.1098
      vertex 32.4454 22.8 10.7571
    endloop
  endfacet
  facet normal 0.956767 -0 0.290857
    outer loop
      vertex 32.3384 21.8 11.1098
      vertex 32.346 22.8 11.0848
      vertex 32.3384 22.8025 11.1098
    endloop
  endfacet
  facet normal 0.956951 -2.33117e-05 0.290248
    outer loop
      vertex 32.4522 21.8 10.7346
      vertex 32.4454 22.8 10.7571
      vertex 32.3384 21.8 11.1098
    endloop
  endfacet
  facet normal 0.957239 0 0.289299
    outer loop
      vertex 32.4454 22.8 10.7571
      vertex 32.4522 21.8 10.7346
      vertex 32.4522 22.8025 10.7346
    endloop
  endfacet
  facet normal 0 -0.956223 0.292637
    outer loop
      vertex 21.8 36.2616 11.1098
      vertex 22.8 36.2545 11.0866
      vertex 22.8017 36.2616 11.1098
    endloop
  endfacet
  facet normal -6.06001e-05 -0.956951 0.290248
    outer loop
      vertex 21.8 36.1478 10.7346
      vertex 22.8 36.2545 11.0866
      vertex 21.8 36.2616 11.1098
    endloop
  endfacet
  facet normal -2.5027e-05 -0.95698 0.290156
    outer loop
      vertex 22.8 36.2545 11.0866
      vertex 21.8 36.1478 10.7346
      vertex 22.8 36.1512 10.7459
    endloop
  endfacet
  facet normal 0 -0.957593 0.288125
    outer loop
      vertex 22.8 36.1512 10.7459
      vertex 21.8 36.1478 10.7346
      vertex 22.8015 36.1478 10.7346
    endloop
  endfacet
  facet normal 0 0.995112 -0.0987516
    outer loop
      vertex 22.8 32.3358 11.864
      vertex 21.8 32.3384 11.8902
      vertex 22.802 32.3384 11.8902
    endloop
  endfacet
  facet normal -1.546e-05 0.995202 -0.0978373
    outer loop
      vertex 21.8 32.3 11.5
      vertex 22.8 32.3358 11.864
      vertex 22.8 32.3015 11.5151
    endloop
  endfacet
  facet normal 0 0.995102 -0.0988512
    outer loop
      vertex 21.8 32.3 11.5
      vertex 22.8 32.3015 11.5151
      vertex 22.8019 32.3 11.5
    endloop
  endfacet
  facet normal 2.15259e-05 0.995193 -0.097938
    outer loop
      vertex 22.8 32.3358 11.864
      vertex 21.8 32.3 11.5
      vertex 21.8 32.3384 11.8902
    endloop
  endfacet
  facet normal 0 0.880755 0.473572
    outer loop
      vertex 22.8 32.4629 10.7147
      vertex 21.8 32.4522 10.7346
      vertex 22.8015 32.4522 10.7346
    endloop
  endfacet
  facet normal 4.37202e-05 0.881914 0.471411
    outer loop
      vertex 21.8 32.6371 10.3889
      vertex 22.8 32.4629 10.7147
      vertex 22.8 32.6324 10.3976
    endloop
  endfacet
  facet normal -0 0.879821 0.475306
    outer loop
      vertex 21.8 32.6371 10.3889
      vertex 22.8 32.6324 10.3976
      vertex 22.8013 32.6371 10.3889
    endloop
  endfacet
  facet normal -4.96886e-05 0.881795 0.471634
    outer loop
      vertex 22.8 32.4629 10.7147
      vertex 21.8 32.6371 10.3889
      vertex 21.8 32.4522 10.7346
    endloop
  endfacet
  facet normal 0 -0.0978047 0.995206
    outer loop
      vertex 21.8 34.6902 9.53843
      vertex 22.8 34.6844 9.53786
      vertex 22.8003 34.6902 9.53843
    endloop
  endfacet
  facet normal -1.24269e-06 -0.0980169 0.995185
    outer loop
      vertex 21.8 34.6902 9.53843
      vertex 22.8 34.3 9.5
      vertex 22.8 34.6844 9.53786
    endloop
  endfacet
  facet normal 0 -0.0980137 0.995185
    outer loop
      vertex 22.8 34.3 9.5
      vertex 21.8 34.6902 9.53843
      vertex 21.8 34.3 9.5
    endloop
  endfacet
  facet normal 0 0.771824 -0.635836
    outer loop
      vertex 22.8 32.8685 12.8932
      vertex 21.8 32.8858 12.9142
      vertex 22.8023 32.8858 12.9142
    endloop
  endfacet
  facet normal 5.43019e-05 0.773092 -0.634294
    outer loop
      vertex 22.8 32.6496 12.6264
      vertex 21.8 32.8858 12.9142
      vertex 22.8 32.8685 12.8932
    endloop
  endfacet
  facet normal 0 0.774408 -0.632686
    outer loop
      vertex 21.8 32.6371 12.6111
      vertex 22.8 32.6496 12.6264
      vertex 22.8022 32.6371 12.6111
    endloop
  endfacet
  facet normal 4.17269e-05 0.77307 -0.634321
    outer loop
      vertex 22.8 32.6496 12.6264
      vertex 21.8 32.6371 12.6111
      vertex 21.8 32.8858 12.9142
    endloop
  endfacet
  facet normal 0 -0.771824 -0.635836
    outer loop
      vertex 21.8 35.7142 12.9142
      vertex 22.8 35.7315 12.8932
      vertex 22.8023 35.7142 12.9142
    endloop
  endfacet
  facet normal 5.43019e-05 -0.773092 -0.634294
    outer loop
      vertex 21.8 35.7142 12.9142
      vertex 22.8 35.9504 12.6264
      vertex 22.8 35.7315 12.8932
    endloop
  endfacet
  facet normal 4.17269e-05 -0.77307 -0.634321
    outer loop
      vertex 21.8 35.9629 12.6111
      vertex 22.8 35.9504 12.6264
      vertex 21.8 35.7142 12.9142
    endloop
  endfacet
  facet normal 0 -0.774408 -0.632686
    outer loop
      vertex 22.8 35.9504 12.6264
      vertex 21.8 35.9629 12.6111
      vertex 22.8022 35.9629 12.6111
    endloop
  endfacet
  facet normal 0 -0.995191 0.0979519
    outer loop
      vertex 21.8 36.3 11.5
      vertex 22.8 36.2975 11.4746
      vertex 22.8019 36.3 11.5
    endloop
  endfacet
  facet normal -3.57065e-07 -0.995193 0.097938
    outer loop
      vertex 21.8 36.2616 11.1098
      vertex 22.8 36.2975 11.4746
      vertex 21.8 36.3 11.5
    endloop
  endfacet
  facet normal -2.94901e-05 -0.995185 0.0980171
    outer loop
      vertex 22.8 36.2975 11.4746
      vertex 21.8 36.2616 11.1098
      vertex 22.8 36.2629 11.1233
    endloop
  endfacet
  facet normal 0 -0.995396 0.0958529
    outer loop
      vertex 22.8 36.2629 11.1233
      vertex 21.8 36.2616 11.1098
      vertex 22.8017 36.2616 11.1098
    endloop
  endfacet
  facet normal 0 0.0980169 0.995185
    outer loop
      vertex 22.8 34.3 9.5
      vertex 21.8 34.3 9.5
      vertex 22.8 33.9156 9.53786
    endloop
  endfacet
  facet normal -1.22422e-06 0.0980137 0.995185
    outer loop
      vertex 21.8 33.9098 9.53843
      vertex 22.8 33.9156 9.53786
      vertex 21.8 34.3 9.5
    endloop
  endfacet
  facet normal 0 0.0978047 0.995206
    outer loop
      vertex 22.8 33.9156 9.53786
      vertex 21.8 33.9098 9.53843
      vertex 22.8003 33.9098 9.53843
    endloop
  endfacet
  facet normal 0 -0.70936 -0.704846
    outer loop
      vertex 21.8 34.31 14.3284
      vertex 23.506 34.4349 14.2027
      vertex 23.6319 34.31 14.3284
    endloop
  endfacet
  facet normal 7.17145e-05 -0.709847 -0.704356
    outer loop
      vertex 21.8 34.31 14.3284
      vertex 23.4029 34.549 14.0877
      vertex 23.506 34.4349 14.2027
    endloop
  endfacet
  facet normal 2.22129e-05 -0.709682 -0.704522
    outer loop
      vertex 21.8 34.31 14.3284
      vertex 23.2922 34.6714 13.9644
      vertex 23.4029 34.549 14.0877
    endloop
  endfacet
  facet normal -8.19214e-05 -0.709469 -0.704737
    outer loop
      vertex 21.8 34.31 14.3284
      vertex 23.2326 34.7469 13.8884
      vertex 23.2922 34.6714 13.9644
    endloop
  endfacet
  facet normal -0.000149834 -0.709358 -0.704848
    outer loop
      vertex 21.8 34.31 14.3284
      vertex 23.1312 34.8753 13.7592
      vertex 23.2326 34.7469 13.8884
    endloop
  endfacet
  facet normal 0.000167486 -0.709729 -0.704475
    outer loop
      vertex 21.8 34.31 14.3284
      vertex 23.0347 35.0197 13.6137
      vertex 23.1312 34.8753 13.7592
    endloop
  endfacet
  facet normal 0.000356437 -0.709892 -0.70431
    outer loop
      vertex 21.8 34.31 14.3284
      vertex 23.0104 35.056 13.5771
      vertex 23.0347 35.0197 13.6137
    endloop
  endfacet
  facet normal -0.000142699 -0.70949 -0.704715
    outer loop
      vertex 21.8 34.31 14.3284
      vertex 22.9942 35.086 13.5469
      vertex 23.0104 35.056 13.5771
    endloop
  endfacet
  facet normal 0.000117671 -0.709689 -0.704515
    outer loop
      vertex 21.8 34.31 14.3284
      vertex 22.9215 35.2205 13.4114
      vertex 22.9942 35.086 13.5469
    endloop
  endfacet
  facet normal -8.78035e-05 -0.709564 -0.704641
    outer loop
      vertex 21.8 34.31 14.3284
      vertex 22.8629 35.3647 13.2662
      vertex 22.9215 35.2205 13.4114
    endloop
  endfacet
  facet normal 7.31727e-06 -0.709611 -0.704593
    outer loop
      vertex 21.8 35.7142 12.9142
      vertex 22.8629 35.3647 13.2662
      vertex 21.8 34.31 14.3284
    endloop
  endfacet
  facet normal -0.00105791 -0.711217 -0.702972
    outer loop
      vertex 22.8629 35.3647 13.2662
      vertex 21.8 35.7142 12.9142
      vertex 22.8592 35.3737 13.2571
    endloop
  endfacet
  facet normal 1.37509e-05 -0.709564 -0.704641
    outer loop
      vertex 22.8592 35.3737 13.2571
      vertex 21.8 35.7142 12.9142
      vertex 22.8207 35.5167 13.1131
    endloop
  endfacet
  facet normal 0.00102477 -0.706965 -0.707248
    outer loop
      vertex 22.8207 35.5167 13.1131
      vertex 21.8 35.7142 12.9142
      vertex 22.8199 35.5196 13.1102
    endloop
  endfacet
  facet normal 0.000990965 -0.707053 -0.70716
    outer loop
      vertex 22.8199 35.5196 13.1102
      vertex 21.8 35.7142 12.9142
      vertex 22.8196 35.5224 13.1074
    endloop
  endfacet
  facet normal 1.49678e-05 -0.709634 -0.704571
    outer loop
      vertex 22.8196 35.5224 13.1074
      vertex 21.8 35.7142 12.9142
      vertex 22.8017 35.6615 12.9673
    endloop
  endfacet
  facet normal 0.000282363 -0.707107 -0.707107
    outer loop
      vertex 22.8017 35.6615 12.9673
      vertex 21.8 35.7142 12.9142
      vertex 22.8017 35.6617 12.9671
    endloop
  endfacet
  facet normal 0 -0.709785 -0.704418
    outer loop
      vertex 22.8017 35.6617 12.9671
      vertex 21.8 35.7142 12.9142
      vertex 22.8023 35.7142 12.9142
    endloop
  endfacet
  facet normal 0 0 -1
    outer loop
      vertex 21.8 34.29 14.3284
      vertex 23.6319 34.31 14.3284
      vertex 23.6319 34.29 14.3284
    endloop
  endfacet
  facet normal -0 0 -1
    outer loop
      vertex 23.6319 34.31 14.3284
      vertex 21.8 34.29 14.3284
      vertex 21.8 34.31 14.3284
    endloop
  endfacet
  facet normal -1.38127e-05 0.471415 0.881911
    outer loop
      vertex 22.8 33.531 9.65418
      vertex 21.8 33.5346 9.65224
      vertex 22.8 33.2018 9.83015
    endloop
  endfacet
  facet normal -0 0.474391 0.880314
    outer loop
      vertex 21.8 33.5346 9.65224
      vertex 22.8 33.531 9.65418
      vertex 22.8006 33.5346 9.65224
    endloop
  endfacet
  facet normal 1.17575e-05 0.471475 0.881879
    outer loop
      vertex 21.8 33.1889 9.83706
      vertex 22.8 33.2018 9.83015
      vertex 21.8 33.5346 9.65224
    endloop
  endfacet
  facet normal 0 0.472183 0.8815
    outer loop
      vertex 22.8 33.2018 9.83015
      vertex 21.8 33.1889 9.83706
      vertex 22.8008 33.1889 9.83706
    endloop
  endfacet
  facet normal 0 -0.880755 0.473572
    outer loop
      vertex 21.8 36.1478 10.7346
      vertex 22.8 36.1371 10.7147
      vertex 22.8015 36.1478 10.7346
    endloop
  endfacet
  facet normal -4.96886e-05 -0.881795 0.471634
    outer loop
      vertex 21.8 35.9629 10.3889
      vertex 22.8 36.1371 10.7147
      vertex 21.8 36.1478 10.7346
    endloop
  endfacet
  facet normal 4.37202e-05 -0.881914 0.471411
    outer loop
      vertex 22.8 36.1371 10.7147
      vertex 21.8 35.9629 10.3889
      vertex 22.8 35.9676 10.3976
    endloop
  endfacet
  facet normal 0 -0.879821 0.475306
    outer loop
      vertex 22.8 35.9676 10.3976
      vertex 21.8 35.9629 10.3889
      vertex 22.8013 35.9629 10.3889
    endloop
  endfacet
  facet normal 0 0.70936 -0.704846
    outer loop
      vertex 23.506 34.1651 14.2027
      vertex 21.8 34.29 14.3284
      vertex 23.6319 34.29 14.3284
    endloop
  endfacet
  facet normal 7.17145e-05 0.709847 -0.704356
    outer loop
      vertex 23.4029 34.051 14.0877
      vertex 21.8 34.29 14.3284
      vertex 23.506 34.1651 14.2027
    endloop
  endfacet
  facet normal 2.22129e-05 0.709682 -0.704522
    outer loop
      vertex 23.2922 33.9286 13.9644
      vertex 21.8 34.29 14.3284
      vertex 23.4029 34.051 14.0877
    endloop
  endfacet
  facet normal -8.19214e-05 0.709469 -0.704737
    outer loop
      vertex 23.2326 33.8531 13.8884
      vertex 21.8 34.29 14.3284
      vertex 23.2922 33.9286 13.9644
    endloop
  endfacet
  facet normal -1.39625e-05 0.709579 -0.704626
    outer loop
      vertex 23.1312 33.7248 13.7592
      vertex 21.8 34.29 14.3284
      vertex 23.2326 33.8531 13.8884
    endloop
  endfacet
  facet normal -3.65311e-05 0.709553 -0.704652
    outer loop
      vertex 23.0347 33.5803 13.6137
      vertex 21.8 34.29 14.3284
      vertex 23.1312 33.7248 13.7592
    endloop
  endfacet
  facet normal 0.000356437 0.709892 -0.70431
    outer loop
      vertex 23.0104 33.544 13.5771
      vertex 21.8 34.29 14.3284
      vertex 23.0347 33.5803 13.6137
    endloop
  endfacet
  facet normal -0.000142699 0.70949 -0.704715
    outer loop
      vertex 22.9942 33.514 13.5469
      vertex 21.8 34.29 14.3284
      vertex 23.0104 33.544 13.5771
    endloop
  endfacet
  facet normal 0.000117671 0.709689 -0.704515
    outer loop
      vertex 22.9215 33.3795 13.4114
      vertex 21.8 34.29 14.3284
      vertex 22.9942 33.514 13.5469
    endloop
  endfacet
  facet normal -8.78035e-05 0.709564 -0.704641
    outer loop
      vertex 22.8629 33.2353 13.2662
      vertex 21.8 34.29 14.3284
      vertex 22.9215 33.3795 13.4114
    endloop
  endfacet
  facet normal -0.00105791 0.711217 -0.702972
    outer loop
      vertex 21.8 32.8858 12.9142
      vertex 22.8629 33.2353 13.2662
      vertex 22.8592 33.2263 13.2571
    endloop
  endfacet
  facet normal 1.37509e-05 0.709564 -0.704641
    outer loop
      vertex 21.8 32.8858 12.9142
      vertex 22.8592 33.2263 13.2571
      vertex 22.8207 33.0833 13.1131
    endloop
  endfacet
  facet normal 0.00593588 0.694191 -0.719766
    outer loop
      vertex 21.8 32.8858 12.9142
      vertex 22.8207 33.0833 13.1131
      vertex 22.8199 33.0803 13.1102
    endloop
  endfacet
  facet normal -0.00396464 0.720051 -0.69391
    outer loop
      vertex 21.8 32.8858 12.9142
      vertex 22.8199 33.0803 13.1102
      vertex 22.8196 33.0776 13.1074
    endloop
  endfacet
  facet normal 1.49678e-05 0.709634 -0.704571
    outer loop
      vertex 21.8 32.8858 12.9142
      vertex 22.8196 33.0776 13.1074
      vertex 22.8017 32.9385 12.9673
    endloop
  endfacet
  facet normal 0 0.709775 -0.704428
    outer loop
      vertex 21.8 32.8858 12.9142
      vertex 22.8017 32.9385 12.9673
      vertex 22.8023 32.8858 12.9142
    endloop
  endfacet
  facet normal 7.31727e-06 0.709611 -0.704593
    outer loop
      vertex 22.8629 33.2353 13.2662
      vertex 21.8 32.8858 12.9142
      vertex 21.8 34.29 14.3284
    endloop
  endfacet
  facet normal 0 -0.957211 -0.28939
    outer loop
      vertex 21.8 36.1478 12.2654
      vertex 22.8 36.1556 12.2396
      vertex 22.8021 36.1478 12.2654
    endloop
  endfacet
  facet normal -2.48065e-05 -0.956945 -0.29027
    outer loop
      vertex 21.8 36.1478 12.2654
      vertex 22.8 36.2567 11.9063
      vertex 22.8 36.1556 12.2396
    endloop
  endfacet
  facet normal -1.60682e-05 -0.956951 -0.290248
    outer loop
      vertex 21.8 36.2616 11.8902
      vertex 22.8 36.2567 11.9063
      vertex 21.8 36.1478 12.2654
    endloop
  endfacet
  facet normal 0 -0.956674 -0.291162
    outer loop
      vertex 22.8 36.2567 11.9063
      vertex 21.8 36.2616 11.8902
      vertex 22.802 36.2616 11.8902
    endloop
  endfacet
  facet normal 0 -0.995112 -0.0987516
    outer loop
      vertex 21.8 36.2616 11.8902
      vertex 22.8 36.2642 11.864
      vertex 22.802 36.2616 11.8902
    endloop
  endfacet
  facet normal 2.15259e-05 -0.995193 -0.097938
    outer loop
      vertex 21.8 36.3 11.5
      vertex 22.8 36.2642 11.864
      vertex 21.8 36.2616 11.8902
    endloop
  endfacet
  facet normal -1.546e-05 -0.995202 -0.0978373
    outer loop
      vertex 22.8 36.2642 11.864
      vertex 21.8 36.3 11.5
      vertex 22.8 36.2985 11.5151
    endloop
  endfacet
  facet normal 0 -0.995102 -0.0988512
    outer loop
      vertex 22.8 36.2985 11.5151
      vertex 21.8 36.3 11.5
      vertex 22.8019 36.3 11.5
    endloop
  endfacet
  facet normal 5.85609e-05 -0.634356 0.773041
    outer loop
      vertex 22.8 35.7004 10.0744
      vertex 21.8 35.7142 10.0858
      vertex 22.8 35.4159 9.84094
    endloop
  endfacet
  facet normal 0 -0.636881 0.770962
    outer loop
      vertex 21.8 35.7142 10.0858
      vertex 22.8 35.7004 10.0744
      vertex 22.8011 35.7142 10.0858
    endloop
  endfacet
  facet normal 4.5713e-05 -0.634381 0.77302
    outer loop
      vertex 21.8 35.4111 9.83706
      vertex 22.8 35.4159 9.84094
      vertex 21.8 35.7142 10.0858
    endloop
  endfacet
  facet normal 0 -0.628639 0.777697
    outer loop
      vertex 22.8 35.4159 9.84094
      vertex 21.8 35.4111 9.83706
      vertex 22.8008 35.4111 9.83706
    endloop
  endfacet
  facet normal 0 0.879998 -0.474978
    outer loop
      vertex 22.8 32.6242 12.5872
      vertex 21.8 32.6371 12.6111
      vertex 22.8022 32.6371 12.6111
    endloop
  endfacet
  facet normal 0.000117317 0.882041 -0.471172
    outer loop
      vertex 22.8 32.4609 12.2815
      vertex 21.8 32.6371 12.6111
      vertex 22.8 32.6242 12.5872
    endloop
  endfacet
  facet normal 0 0.879768 -0.475403
    outer loop
      vertex 21.8 32.4522 12.2654
      vertex 22.8 32.4609 12.2815
      vertex 22.8021 32.4522 12.2654
    endloop
  endfacet
  facet normal -7.8308e-05 0.881795 -0.471634
    outer loop
      vertex 22.8 32.4609 12.2815
      vertex 21.8 32.4522 12.2654
      vertex 21.8 32.6371 12.6111
    endloop
  endfacet
  facet normal 0 0.957211 -0.28939
    outer loop
      vertex 22.8 32.4444 12.2396
      vertex 21.8 32.4522 12.2654
      vertex 22.8021 32.4522 12.2654
    endloop
  endfacet
  facet normal -2.48065e-05 0.956945 -0.29027
    outer loop
      vertex 22.8 32.3433 11.9063
      vertex 21.8 32.4522 12.2654
      vertex 22.8 32.4444 12.2396
    endloop
  endfacet
  facet normal 0 0.956674 -0.291162
    outer loop
      vertex 21.8 32.3384 11.8902
      vertex 22.8 32.3433 11.9063
      vertex 22.802 32.3384 11.8902
    endloop
  endfacet
  facet normal -1.60682e-05 0.956951 -0.290248
    outer loop
      vertex 22.8 32.3433 11.9063
      vertex 21.8 32.3384 11.8902
      vertex 21.8 32.4522 12.2654
    endloop
  endfacet
  facet normal 4.55075e-05 0.634356 0.773041
    outer loop
      vertex 22.8 33.1841 9.84094
      vertex 21.8 33.1889 9.83706
      vertex 22.8 32.8996 10.0744
    endloop
  endfacet
  facet normal -0 0.628639 0.777697
    outer loop
      vertex 21.8 33.1889 9.83706
      vertex 22.8 33.1841 9.84094
      vertex 22.8008 33.1889 9.83706
    endloop
  endfacet
  facet normal 5.7965e-05 0.634381 0.77302
    outer loop
      vertex 21.8 32.8858 10.0858
      vertex 22.8 32.8996 10.0744
      vertex 21.8 33.1889 9.83706
    endloop
  endfacet
  facet normal 0 0.636881 0.770962
    outer loop
      vertex 22.8 32.8996 10.0744
      vertex 21.8 32.8858 10.0858
      vertex 22.8011 32.8858 10.0858
    endloop
  endfacet
  facet normal 0 -0.879998 -0.474978
    outer loop
      vertex 21.8 35.9629 12.6111
      vertex 22.8 35.9758 12.5872
      vertex 22.8022 35.9629 12.6111
    endloop
  endfacet
  facet normal 0.000117317 -0.882041 -0.471172
    outer loop
      vertex 21.8 35.9629 12.6111
      vertex 22.8 36.1391 12.2815
      vertex 22.8 35.9758 12.5872
    endloop
  endfacet
  facet normal -7.8308e-05 -0.881795 -0.471634
    outer loop
      vertex 21.8 36.1478 12.2654
      vertex 22.8 36.1391 12.2815
      vertex 21.8 35.9629 12.6111
    endloop
  endfacet
  facet normal 0 -0.879768 -0.475403
    outer loop
      vertex 22.8 36.1391 12.2815
      vertex 21.8 36.1478 12.2654
      vertex 22.8021 36.1478 12.2654
    endloop
  endfacet
  facet normal 0 -0.774174 0.632973
    outer loop
      vertex 21.8 35.9629 10.3889
      vertex 22.8 35.9499 10.373
      vertex 22.8013 35.9629 10.3889
    endloop
  endfacet
  facet normal 3.72482e-05 -0.773025 0.634376
    outer loop
      vertex 21.8 35.9629 10.3889
      vertex 22.8 35.7193 10.092
      vertex 22.8 35.9499 10.373
    endloop
  endfacet
  facet normal 9.87061e-06 -0.77307 0.634321
    outer loop
      vertex 21.8 35.7142 10.0858
      vertex 22.8 35.7193 10.092
      vertex 21.8 35.9629 10.3889
    endloop
  endfacet
  facet normal 0 -0.77229 0.635271
    outer loop
      vertex 22.8 35.7193 10.092
      vertex 21.8 35.7142 10.0858
      vertex 22.8011 35.7142 10.0858
    endloop
  endfacet
  facet normal 0 0.995191 0.0979519
    outer loop
      vertex 22.8 32.3025 11.4746
      vertex 21.8 32.3 11.5
      vertex 22.8019 32.3 11.5
    endloop
  endfacet
  facet normal -2.94901e-05 0.995185 0.0980171
    outer loop
      vertex 21.8 32.3384 11.1098
      vertex 22.8 32.3025 11.4746
      vertex 22.8 32.3371 11.1233
    endloop
  endfacet
  facet normal -0 0.995396 0.0958529
    outer loop
      vertex 21.8 32.3384 11.1098
      vertex 22.8 32.3371 11.1233
      vertex 22.8017 32.3384 11.1098
    endloop
  endfacet
  facet normal -3.57065e-07 0.995193 0.097938
    outer loop
      vertex 22.8 32.3025 11.4746
      vertex 21.8 32.3384 11.1098
      vertex 21.8 32.3 11.5
    endloop
  endfacet
  facet normal 6.53945e-06 0.290346 0.956922
    outer loop
      vertex 22.8 33.9078 9.53903
      vertex 21.8 33.9098 9.53843
      vertex 22.8 33.5449 9.64914
    endloop
  endfacet
  facet normal -0 0.287348 0.957826
    outer loop
      vertex 21.8 33.9098 9.53843
      vertex 22.8 33.9078 9.53903
      vertex 22.8003 33.9098 9.53843
    endloop
  endfacet
  facet normal -2.32681e-05 0.290271 0.956944
    outer loop
      vertex 21.8 33.5346 9.65224
      vertex 22.8 33.5449 9.64914
      vertex 21.8 33.9098 9.53843
    endloop
  endfacet
  facet normal 0 0.288201 0.95757
    outer loop
      vertex 22.8 33.5449 9.64914
      vertex 21.8 33.5346 9.65224
      vertex 22.8006 33.5346 9.65224
    endloop
  endfacet
  facet normal 1.27491e-05 -0.471415 0.881911
    outer loop
      vertex 22.8 35.3982 9.83015
      vertex 21.8 35.4111 9.83706
      vertex 22.8 35.069 9.65418
    endloop
  endfacet
  facet normal 0 -0.472183 0.8815
    outer loop
      vertex 21.8 35.4111 9.83706
      vertex 22.8 35.3982 9.83015
      vertex 22.8008 35.4111 9.83706
    endloop
  endfacet
  facet normal -1.35356e-05 -0.471475 0.881879
    outer loop
      vertex 21.8 35.0654 9.65224
      vertex 22.8 35.069 9.65418
      vertex 21.8 35.4111 9.83706
    endloop
  endfacet
  facet normal 0 -0.474391 0.880314
    outer loop
      vertex 22.8 35.069 9.65418
      vertex 21.8 35.0654 9.65224
      vertex 22.8006 35.0654 9.65224
    endloop
  endfacet
  facet normal -2.41089e-05 -0.290346 0.956922
    outer loop
      vertex 22.8 35.0551 9.64914
      vertex 21.8 35.0654 9.65224
      vertex 22.8 34.6922 9.53903
    endloop
  endfacet
  facet normal 0 -0.288201 0.95757
    outer loop
      vertex 21.8 35.0654 9.65224
      vertex 22.8 35.0551 9.64914
      vertex 22.8006 35.0654 9.65224
    endloop
  endfacet
  facet normal 6.37623e-06 -0.290271 0.956944
    outer loop
      vertex 21.8 34.6902 9.53843
      vertex 22.8 34.6922 9.53903
      vertex 21.8 35.0654 9.65224
    endloop
  endfacet
  facet normal 0 -0.287348 0.957826
    outer loop
      vertex 22.8 34.6922 9.53903
      vertex 21.8 34.6902 9.53843
      vertex 22.8003 34.6902 9.53843
    endloop
  endfacet
  facet normal 0 0.774174 0.632973
    outer loop
      vertex 22.8 32.6501 10.373
      vertex 21.8 32.6371 10.3889
      vertex 22.8013 32.6371 10.3889
    endloop
  endfacet
  facet normal 3.72482e-05 0.773025 0.634376
    outer loop
      vertex 22.8 32.8807 10.092
      vertex 21.8 32.6371 10.3889
      vertex 22.8 32.6501 10.373
    endloop
  endfacet
  facet normal -0 0.77229 0.635271
    outer loop
      vertex 21.8 32.8858 10.0858
      vertex 22.8 32.8807 10.092
      vertex 22.8011 32.8858 10.0858
    endloop
  endfacet
  facet normal 9.87061e-06 0.77307 0.634321
    outer loop
      vertex 22.8 32.8807 10.092
      vertex 21.8 32.8858 10.0858
      vertex 21.8 32.6371 10.3889
    endloop
  endfacet
  facet normal 0 0.956223 0.292637
    outer loop
      vertex 22.8 32.3455 11.0866
      vertex 21.8 32.3384 11.1098
      vertex 22.8017 32.3384 11.1098
    endloop
  endfacet
  facet normal -2.5027e-05 0.95698 0.290156
    outer loop
      vertex 21.8 32.4522 10.7346
      vertex 22.8 32.3455 11.0866
      vertex 22.8 32.4488 10.7459
    endloop
  endfacet
  facet normal -0 0.957593 0.288125
    outer loop
      vertex 21.8 32.4522 10.7346
      vertex 22.8 32.4488 10.7459
      vertex 22.8015 32.4522 10.7346
    endloop
  endfacet
  facet normal -6.06001e-05 0.956951 0.290248
    outer loop
      vertex 22.8 32.3455 11.0866
      vertex 21.8 32.4522 10.7346
      vertex 21.8 32.3384 11.1098
    endloop
  endfacet
  facet normal -1 0 0
    outer loop
      vertex 21.8 21.8 21.8
      vertex 21.8 13.5 35.8
      vertex 21.8 21.8 46.8
    endloop
  endfacet
  facet normal -1 0 0
    outer loop
      vertex 21.8 21.8 21.8
      vertex 21.8 13.4616 35.4098
      vertex 21.8 13.5 35.8
    endloop
  endfacet
  facet normal -1 0 0
    outer loop
      vertex 21.8 21.8 21.8
      vertex 21.8 13.3478 35.0346
      vertex 21.8 13.4616 35.4098
    endloop
  endfacet
  facet normal -1 0 0
    outer loop
      vertex 21.8 21.8 21.8
      vertex 21.8 13.1629 34.6889
      vertex 21.8 13.3478 35.0346
    endloop
  endfacet
  facet normal -1 0 0
    outer loop
      vertex 21.8 21.8 21.8
      vertex 21.8 12.9142 34.3858
      vertex 21.8 13.1629 34.6889
    endloop
  endfacet
  facet normal -1 0 0
    outer loop
      vertex 21.8 21.8 21.8
      vertex 21.8 12.6111 34.1371
      vertex 21.8 12.9142 34.3858
    endloop
  endfacet
  facet normal -1 0 0
    outer loop
      vertex 21.8 21.8 21.8
      vertex 21.8 12.2654 33.9522
      vertex 21.8 12.6111 34.1371
    endloop
  endfacet
  facet normal -1 0 0
    outer loop
      vertex 21.8 21.8 21.8
      vertex 21.8 11.8902 33.8384
      vertex 21.8 12.2654 33.9522
    endloop
  endfacet
  facet normal -1 0 0
    outer loop
      vertex 21.8 21.8 21.8
      vertex 21.8 11.5 33.8
      vertex 21.8 11.8902 33.8384
    endloop
  endfacet
  facet normal -1 0 0
    outer loop
      vertex 21.8 1.2 21.8
      vertex 21.8 11.5 33.8
      vertex 21.8 21.8 21.8
    endloop
  endfacet
  facet normal -1 -0 0
    outer loop
      vertex 21.8 11.5 33.8
      vertex 21.8 1.2 21.8
      vertex 21.8 11.1098 33.8384
    endloop
  endfacet
  facet normal -1 -0 0
    outer loop
      vertex 21.8 11.1098 33.8384
      vertex 21.8 1.2 21.8
      vertex 21.8 10.7346 33.9522
    endloop
  endfacet
  facet normal -1 -0 0
    outer loop
      vertex 21.8 10.7346 33.9522
      vertex 21.8 1.2 21.8
      vertex 21.8 10.3889 34.1371
    endloop
  endfacet
  facet normal -1 -0 0
    outer loop
      vertex 21.8 9.53843 35.4098
      vertex 21.8 1.2 21.8
      vertex 21.8 9.5 35.8
    endloop
  endfacet
  facet normal -1 -0 0
    outer loop
      vertex 21.8 9.65224 35.0346
      vertex 21.8 1.2 21.8
      vertex 21.8 9.53843 35.4098
    endloop
  endfacet
  facet normal -1 -0 0
    outer loop
      vertex 21.8 9.83706 34.6889
      vertex 21.8 1.2 21.8
      vertex 21.8 9.65224 35.0346
    endloop
  endfacet
  facet normal -1 -0 0
    outer loop
      vertex 21.8 10.0858 34.3858
      vertex 21.8 1.2 21.8
      vertex 21.8 9.83706 34.6889
    endloop
  endfacet
  facet normal -1 -0 0
    outer loop
      vertex 21.8 10.3889 34.1371
      vertex 21.8 1.2 21.8
      vertex 21.8 10.0858 34.3858
    endloop
  endfacet
  facet normal -1 0 0
    outer loop
      vertex 21.8 13.4616 36.1902
      vertex 21.8 21.8 46.8
      vertex 21.8 13.5 35.8
    endloop
  endfacet
  facet normal -1 0 0
    outer loop
      vertex 21.8 13.3478 36.5654
      vertex 21.8 21.8 46.8
      vertex 21.8 13.4616 36.1902
    endloop
  endfacet
  facet normal -1 0 0
    outer loop
      vertex 21.8 13.1629 36.9111
      vertex 21.8 21.8 46.8
      vertex 21.8 13.3478 36.5654
    endloop
  endfacet
  facet normal -1 0 0
    outer loop
      vertex 21.8 12.9142 37.2142
      vertex 21.8 21.8 46.8
      vertex 21.8 13.1629 36.9111
    endloop
  endfacet
  facet normal -1 0 0
    outer loop
      vertex 21.8 11.51 38.6284
      vertex 21.8 21.8 46.8
      vertex 21.8 12.9142 37.2142
    endloop
  endfacet
  facet normal -1 0 0
    outer loop
      vertex 21.8 11.49 38.6284
      vertex 21.8 21.8 46.8
      vertex 21.8 11.51 38.6284
    endloop
  endfacet
  facet normal -1 0 0
    outer loop
      vertex 21.8 1.2 46.8
      vertex 21.8 9.5 35.8
      vertex 21.8 1.2 21.8
    endloop
  endfacet
  facet normal -1 0 0
    outer loop
      vertex 21.8 9.5 35.8
      vertex 21.8 1.2 46.8
      vertex 21.8 9.53843 36.1902
    endloop
  endfacet
  facet normal -1 0 0
    outer loop
      vertex 21.8 9.53843 36.1902
      vertex 21.8 1.2 46.8
      vertex 21.8 9.65224 36.5654
    endloop
  endfacet
  facet normal -1 0 0
    outer loop
      vertex 21.8 11.49 38.6284
      vertex 21.8 1.2 46.8
      vertex 21.8 21.8 46.8
    endloop
  endfacet
  facet normal -1 0 0
    outer loop
      vertex 21.8 10.0858 37.2142
      vertex 21.8 1.2 46.8
      vertex 21.8 11.49 38.6284
    endloop
  endfacet
  facet normal -1 0 0
    outer loop
      vertex 21.8 9.83706 36.9111
      vertex 21.8 1.2 46.8
      vertex 21.8 10.0858 37.2142
    endloop
  endfacet
  facet normal -1 0 0
    outer loop
      vertex 21.8 9.65224 36.5654
      vertex 21.8 1.2 46.8
      vertex 21.8 9.83706 36.9111
    endloop
  endfacet
  facet normal -1 0 0
    outer loop
      vertex 21.8 1.2 0
      vertex 21.8 21.8 1.2
      vertex 21.8 21.8 0
    endloop
  endfacet
  facet normal -1 -0 0
    outer loop
      vertex 21.8 21.8 1.2
      vertex 21.8 1.2 0
      vertex 21.8 1.2 1.2
    endloop
  endfacet
  facet normal 1 -0 0
    outer loop
      vertex 1.2 1.2 46.8
      vertex 1.2 21.8 21.8
      vertex 1.2 21.8 46.8
    endloop
  endfacet
  facet normal 1 0 0
    outer loop
      vertex 1.2 1.2 0
      vertex 1.2 21.8 21.8
      vertex 1.2 1.2 46.8
    endloop
  endfacet
  facet normal 1 0 0
    outer loop
      vertex 1.2 21.8 21.8
      vertex 1.2 1.2 0
      vertex 1.2 21.8 1.2
    endloop
  endfacet
  facet normal 1 0 0
    outer loop
      vertex 1.2 21.8 1.2
      vertex 1.2 1.2 0
      vertex 1.2 21.8 0
    endloop
  endfacet
  facet normal 1 -0 0
    outer loop
      vertex 1.2 21.8 21.8
      vertex 1.2 46.8 1.2
      vertex 1.2 46.8 21.8
    endloop
  endfacet
  facet normal 1 0 0
    outer loop
      vertex 1.2 46.8 1.2
      vertex 1.2 21.8 21.8
      vertex 1.2 21.8 1.2
    endloop
  endfacet
  facet normal 0 -1 0
    outer loop
      vertex 1.2 21.8 46.8
      vertex 11.49 21.8 38.6284
      vertex 21.8 21.8 46.8
    endloop
  endfacet
  facet normal 0 -1 0
    outer loop
      vertex 1.2 21.8 46.8
      vertex 10.0858 21.8 37.2142
      vertex 11.49 21.8 38.6284
    endloop
  endfacet
  facet normal 0 -1 0
    outer loop
      vertex 1.2 21.8 46.8
      vertex 9.83706 21.8 36.9111
      vertex 10.0858 21.8 37.2142
    endloop
  endfacet
  facet normal 0 -1 0
    outer loop
      vertex 1.2 21.8 46.8
      vertex 9.65224 21.8 36.5654
      vertex 9.83706 21.8 36.9111
    endloop
  endfacet
  facet normal 0 -1 0
    outer loop
      vertex 1.2 21.8 46.8
      vertex 9.53843 21.8 36.1902
      vertex 9.65224 21.8 36.5654
    endloop
  endfacet
  facet normal 0 -1 0
    outer loop
      vertex 1.2 21.8 46.8
      vertex 9.5 21.8 35.8
      vertex 9.53843 21.8 36.1902
    endloop
  endfacet
  facet normal 0 -1 0
    outer loop
      vertex 1.2 21.8 46.8
      vertex 9.53843 21.8 35.4098
      vertex 9.5 21.8 35.8
    endloop
  endfacet
  facet normal 0 -1 0
    outer loop
      vertex 1.2 21.8 21.8
      vertex 9.53843 21.8 35.4098
      vertex 1.2 21.8 46.8
    endloop
  endfacet
  facet normal 0 -1 -0
    outer loop
      vertex 9.53843 21.8 35.4098
      vertex 1.2 21.8 21.8
      vertex 9.65224 21.8 35.0346
    endloop
  endfacet
  facet normal 0 -1 -0
    outer loop
      vertex 11.1098 21.8 33.8384
      vertex 1.2 21.8 21.8
      vertex 11.5 21.8 33.8
    endloop
  endfacet
  facet normal 0 -1 -0
    outer loop
      vertex 10.7346 21.8 33.9522
      vertex 1.2 21.8 21.8
      vertex 11.1098 21.8 33.8384
    endloop
  endfacet
  facet normal 0 -1 -0
    outer loop
      vertex 10.3889 21.8 34.1371
      vertex 1.2 21.8 21.8
      vertex 10.7346 21.8 33.9522
    endloop
  endfacet
  facet normal 0 -1 -0
    outer loop
      vertex 10.0858 21.8 34.3858
      vertex 1.2 21.8 21.8
      vertex 10.3889 21.8 34.1371
    endloop
  endfacet
  facet normal 0 -1 -0
    outer loop
      vertex 9.83706 21.8 34.6889
      vertex 1.2 21.8 21.8
      vertex 10.0858 21.8 34.3858
    endloop
  endfacet
  facet normal 0 -1 -0
    outer loop
      vertex 9.65224 21.8 35.0346
      vertex 1.2 21.8 21.8
      vertex 9.83706 21.8 34.6889
    endloop
  endfacet
  facet normal 0 -1 0
    outer loop
      vertex 11.51 21.8 38.6284
      vertex 21.8 21.8 46.8
      vertex 11.49 21.8 38.6284
    endloop
  endfacet
  facet normal 0 -1 0
    outer loop
      vertex 12.9142 21.8 37.2142
      vertex 21.8 21.8 46.8
      vertex 11.51 21.8 38.6284
    endloop
  endfacet
  facet normal 0 -1 0
    outer loop
      vertex 13.1629 21.8 36.9111
      vertex 21.8 21.8 46.8
      vertex 12.9142 21.8 37.2142
    endloop
  endfacet
  facet normal 0 -1 0
    outer loop
      vertex 13.3478 21.8 36.5654
      vertex 21.8 21.8 46.8
      vertex 13.1629 21.8 36.9111
    endloop
  endfacet
  facet normal 0 -1 0
    outer loop
      vertex 13.4616 21.8 36.1902
      vertex 21.8 21.8 46.8
      vertex 13.3478 21.8 36.5654
    endloop
  endfacet
  facet normal 0 -1 0
    outer loop
      vertex 13.5 21.8 35.8
      vertex 21.8 21.8 46.8
      vertex 13.4616 21.8 36.1902
    endloop
  endfacet
  facet normal 0 -1 0
    outer loop
      vertex 13.4616 21.8 35.4098
      vertex 21.8 21.8 46.8
      vertex 13.5 21.8 35.8
    endloop
  endfacet
  facet normal 0 -1 0
    outer loop
      vertex 21.8 21.8 21.8
      vertex 13.4616 21.8 35.4098
      vertex 13.3478 21.8 35.0346
    endloop
  endfacet
  facet normal 0 -1 0
    outer loop
      vertex 21.8 21.8 21.8
      vertex 13.3478 21.8 35.0346
      vertex 13.1629 21.8 34.6889
    endloop
  endfacet
  facet normal 0 -1 0
    outer loop
      vertex 21.8 21.8 21.8
      vertex 11.5 21.8 33.8
      vertex 1.2 21.8 21.8
    endloop
  endfacet
  facet normal 0 -1 0
    outer loop
      vertex 11.5 21.8 33.8
      vertex 21.8 21.8 21.8
      vertex 11.8902 21.8 33.8384
    endloop
  endfacet
  facet normal 0 -1 0
    outer loop
      vertex 11.8902 21.8 33.8384
      vertex 21.8 21.8 21.8
      vertex 12.2654 21.8 33.9522
    endloop
  endfacet
  facet normal 0 -1 0
    outer loop
      vertex 12.2654 21.8 33.9522
      vertex 21.8 21.8 21.8
      vertex 12.6111 21.8 34.1371
    endloop
  endfacet
  facet normal 0 -1 0
    outer loop
      vertex 13.4616 21.8 35.4098
      vertex 21.8 21.8 21.8
      vertex 21.8 21.8 46.8
    endloop
  endfacet
  facet normal 0 -1 0
    outer loop
      vertex 12.9142 21.8 34.3858
      vertex 21.8 21.8 21.8
      vertex 13.1629 21.8 34.6889
    endloop
  endfacet
  facet normal 0 -1 0
    outer loop
      vertex 12.6111 21.8 34.1371
      vertex 21.8 21.8 21.8
      vertex 12.9142 21.8 34.3858
    endloop
  endfacet
  facet normal 0 -1 0
    outer loop
      vertex 1.2 21.8 0
      vertex 21.8 21.8 1.2
      vertex 1.2 21.8 1.2
    endloop
  endfacet
  facet normal 0 -1 -0
    outer loop
      vertex 21.8 21.8 1.2
      vertex 1.2 21.8 0
      vertex 21.8 21.8 0
    endloop
  endfacet
  facet normal 0 -1 0
    outer loop
      vertex 21.8 21.8 21.8
      vertex 34.29 21.8 14.3284
      vertex 46.8 21.8 21.8
    endloop
  endfacet
  facet normal 0 -1 0
    outer loop
      vertex 21.8 21.8 21.8
      vertex 32.8858 21.8 12.9142
      vertex 34.29 21.8 14.3284
    endloop
  endfacet
  facet normal 0 -1 0
    outer loop
      vertex 21.8 21.8 21.8
      vertex 32.6371 21.8 12.6111
      vertex 32.8858 21.8 12.9142
    endloop
  endfacet
  facet normal 0 -1 0
    outer loop
      vertex 21.8 21.8 21.8
      vertex 32.4522 21.8 12.2654
      vertex 32.6371 21.8 12.6111
    endloop
  endfacet
  facet normal 0 -1 0
    outer loop
      vertex 21.8 21.8 21.8
      vertex 32.3384 21.8 11.8902
      vertex 32.4522 21.8 12.2654
    endloop
  endfacet
  facet normal 0 -1 0
    outer loop
      vertex 21.8 21.8 21.8
      vertex 32.3 21.8 11.5
      vertex 32.3384 21.8 11.8902
    endloop
  endfacet
  facet normal 0 -1 0
    outer loop
      vertex 21.8 21.8 1.2
      vertex 32.3 21.8 11.5
      vertex 21.8 21.8 21.8
    endloop
  endfacet
  facet normal 0 -1 -0
    outer loop
      vertex 32.3 21.8 11.5
      vertex 21.8 21.8 1.2
      vertex 32.3384 21.8 11.1098
    endloop
  endfacet
  facet normal 0 -1 -0
    outer loop
      vertex 32.3384 21.8 11.1098
      vertex 21.8 21.8 1.2
      vertex 32.4522 21.8 10.7346
    endloop
  endfacet
  facet normal 0 -1 -0
    outer loop
      vertex 32.4522 21.8 10.7346
      vertex 21.8 21.8 1.2
      vertex 32.6371 21.8 10.3889
    endloop
  endfacet
  facet normal 0 -1 -0
    outer loop
      vertex 33.9098 21.8 9.53843
      vertex 21.8 21.8 1.2
      vertex 34.3 21.8 9.5
    endloop
  endfacet
  facet normal 0 -1 -0
    outer loop
      vertex 33.5346 21.8 9.65224
      vertex 21.8 21.8 1.2
      vertex 33.9098 21.8 9.53843
    endloop
  endfacet
  facet normal 0 -1 -0
    outer loop
      vertex 33.1889 21.8 9.83706
      vertex 21.8 21.8 1.2
      vertex 33.5346 21.8 9.65224
    endloop
  endfacet
  facet normal 0 -1 -0
    outer loop
      vertex 32.8858 21.8 10.0858
      vertex 21.8 21.8 1.2
      vertex 33.1889 21.8 9.83706
    endloop
  endfacet
  facet normal 0 -1 -0
    outer loop
      vertex 32.6371 21.8 10.3889
      vertex 21.8 21.8 1.2
      vertex 32.8858 21.8 10.0858
    endloop
  endfacet
  facet normal 0 -1 0
    outer loop
      vertex 34.31 21.8 14.3284
      vertex 46.8 21.8 21.8
      vertex 34.29 21.8 14.3284
    endloop
  endfacet
  facet normal 0 -1 0
    outer loop
      vertex 35.7142 21.8 12.9142
      vertex 46.8 21.8 21.8
      vertex 34.31 21.8 14.3284
    endloop
  endfacet
  facet normal 0 -1 0
    outer loop
      vertex 35.9629 21.8 12.6111
      vertex 46.8 21.8 21.8
      vertex 35.7142 21.8 12.9142
    endloop
  endfacet
  facet normal 0 -1 0
    outer loop
      vertex 36.1478 21.8 12.2654
      vertex 46.8 21.8 21.8
      vertex 35.9629 21.8 12.6111
    endloop
  endfacet
  facet normal 0 -1 0
    outer loop
      vertex 36.2616 21.8 11.8902
      vertex 46.8 21.8 21.8
      vertex 36.1478 21.8 12.2654
    endloop
  endfacet
  facet normal 0 -1 0
    outer loop
      vertex 36.3 21.8 11.5
      vertex 46.8 21.8 21.8
      vertex 36.2616 21.8 11.8902
    endloop
  endfacet
  facet normal 0 -1 0
    outer loop
      vertex 46.8 21.8 1.2
      vertex 36.3 21.8 11.5
      vertex 36.2616 21.8 11.1098
    endloop
  endfacet
  facet normal 0 -1 0
    outer loop
      vertex 46.8 21.8 1.2
      vertex 36.2616 21.8 11.1098
      vertex 36.1478 21.8 10.7346
    endloop
  endfacet
  facet normal 0 -1 0
    outer loop
      vertex 46.8 21.8 1.2
      vertex 36.1478 21.8 10.7346
      vertex 35.9629 21.8 10.3889
    endloop
  endfacet
  facet normal 0 -1 0
    outer loop
      vertex 46.8 21.8 1.2
      vertex 35.9629 21.8 10.3889
      vertex 35.7142 21.8 10.0858
    endloop
  endfacet
  facet normal 0 -1 0
    outer loop
      vertex 46.8 21.8 1.2
      vertex 34.3 21.8 9.5
      vertex 21.8 21.8 1.2
    endloop
  endfacet
  facet normal 0 -1 0
    outer loop
      vertex 34.3 21.8 9.5
      vertex 46.8 21.8 1.2
      vertex 34.6902 21.8 9.53843
    endloop
  endfacet
  facet normal 0 -1 0
    outer loop
      vertex 34.6902 21.8 9.53843
      vertex 46.8 21.8 1.2
      vertex 35.0654 21.8 9.65224
    endloop
  endfacet
  facet normal 0 -1 0
    outer loop
      vertex 36.3 21.8 11.5
      vertex 46.8 21.8 1.2
      vertex 46.8 21.8 21.8
    endloop
  endfacet
  facet normal 0 -1 0
    outer loop
      vertex 35.4111 21.8 9.83706
      vertex 46.8 21.8 1.2
      vertex 35.7142 21.8 10.0858
    endloop
  endfacet
  facet normal 0 -1 0
    outer loop
      vertex 35.0654 21.8 9.65224
      vertex 46.8 21.8 1.2
      vertex 35.4111 21.8 9.83706
    endloop
  endfacet
  facet normal 0 1 0
    outer loop
      vertex 46.8 1.2 21.8
      vertex 46.8 1.2 1.2
      vertex 21.8 1.2 21.8
    endloop
  endfacet
  facet normal 0 1 -0
    outer loop
      vertex 21.8 1.2 21.8
      vertex 1.2 1.2 46.8
      vertex 21.8 1.2 46.8
    endloop
  endfacet
  facet normal 0 1 0
    outer loop
      vertex 21.8 1.2 1.2
      vertex 21.8 1.2 21.8
      vertex 46.8 1.2 1.2
    endloop
  endfacet
  facet normal 0 1 0
    outer loop
      vertex 1.2 1.2 0
      vertex 21.8 1.2 21.8
      vertex 21.8 1.2 1.2
    endloop
  endfacet
  facet normal 0 1 0
    outer loop
      vertex 1.2 1.2 0
      vertex 21.8 1.2 1.2
      vertex 21.8 1.2 0
    endloop
  endfacet
  facet normal 0 1 0
    outer loop
      vertex 21.8 1.2 21.8
      vertex 1.2 1.2 0
      vertex 1.2 1.2 46.8
    endloop
  endfacet
  facet normal 0 0 -1
    outer loop
      vertex 21.8 1.2 21.8
      vertex 46.8 21.8 21.8
      vertex 46.8 1.2 21.8
    endloop
  endfacet
  facet normal -0 0 -1
    outer loop
      vertex 46.8 21.8 21.8
      vertex 21.8 1.2 21.8
      vertex 21.8 21.8 21.8
    endloop
  endfacet
  facet normal -0 0 1
    outer loop
      vertex 21.8 21.8 1.2
      vertex 46.8 1.2 1.2
      vertex 46.8 21.8 1.2
    endloop
  endfacet
  facet normal 0 0 1
    outer loop
      vertex 46.8 1.2 1.2
      vertex 21.8 21.8 1.2
      vertex 21.8 1.2 1.2
    endloop
  endfacet
  facet normal -1 0 0
    outer loop
      vertex 21.8 46.8 1.2
      vertex 21.8 36.3 11.5
      vertex 21.8 46.8 21.8
    endloop
  endfacet
  facet normal -1 0 0
    outer loop
      vertex 21.8 46.8 1.2
      vertex 21.8 36.2616 11.1098
      vertex 21.8 36.3 11.5
    endloop
  endfacet
  facet normal -1 0 0
    outer loop
      vertex 21.8 46.8 1.2
      vertex 21.8 36.1478 10.7346
      vertex 21.8 36.2616 11.1098
    endloop
  endfacet
  facet normal -1 0 0
    outer loop
      vertex 21.8 46.8 1.2
      vertex 21.8 35.9629 10.3889
      vertex 21.8 36.1478 10.7346
    endloop
  endfacet
  facet normal -1 0 0
    outer loop
      vertex 21.8 46.8 1.2
      vertex 21.8 35.7142 10.0858
      vertex 21.8 35.9629 10.3889
    endloop
  endfacet
  facet normal -1 0 0
    outer loop
      vertex 21.8 46.8 1.2
      vertex 21.8 35.4111 9.83706
      vertex 21.8 35.7142 10.0858
    endloop
  endfacet
  facet normal -1 0 0
    outer loop
      vertex 21.8 46.8 1.2
      vertex 21.8 35.0654 9.65224
      vertex 21.8 35.4111 9.83706
    endloop
  endfacet
  facet normal -1 0 0
    outer loop
      vertex 21.8 46.8 1.2
      vertex 21.8 34.6902 9.53843
      vertex 21.8 35.0654 9.65224
    endloop
  endfacet
  facet normal -1 0 0
    outer loop
      vertex 21.8 46.8 1.2
      vertex 21.8 34.3 9.5
      vertex 21.8 34.6902 9.53843
    endloop
  endfacet
  facet normal -1 0 0
    outer loop
      vertex 21.8 21.8 1.2
      vertex 21.8 34.3 9.5
      vertex 21.8 46.8 1.2
    endloop
  endfacet
  facet normal -1 -0 0
    outer loop
      vertex 21.8 34.3 9.5
      vertex 21.8 21.8 1.2
      vertex 21.8 33.9098 9.53843
    endloop
  endfacet
  facet normal -1 -0 0
    outer loop
      vertex 21.8 33.9098 9.53843
      vertex 21.8 21.8 1.2
      vertex 21.8 33.5346 9.65224
    endloop
  endfacet
  facet normal -1 -0 0
    outer loop
      vertex 21.8 32.3384 11.1098
      vertex 21.8 21.8 1.2
      vertex 21.8 32.3 11.5
    endloop
  endfacet
  facet normal -1 -0 0
    outer loop
      vertex 21.8 32.4522 10.7346
      vertex 21.8 21.8 1.2
      vertex 21.8 32.3384 11.1098
    endloop
  endfacet
  facet normal -1 -0 0
    outer loop
      vertex 21.8 32.6371 10.3889
      vertex 21.8 21.8 1.2
      vertex 21.8 32.4522 10.7346
    endloop
  endfacet
  facet normal -1 -0 0
    outer loop
      vertex 21.8 32.8858 10.0858
      vertex 21.8 21.8 1.2
      vertex 21.8 32.6371 10.3889
    endloop
  endfacet
  facet normal -1 -0 0
    outer loop
      vertex 21.8 33.1889 9.83706
      vertex 21.8 21.8 1.2
      vertex 21.8 32.8858 10.0858
    endloop
  endfacet
  facet normal -1 -0 0
    outer loop
      vertex 21.8 33.5346 9.65224
      vertex 21.8 21.8 1.2
      vertex 21.8 33.1889 9.83706
    endloop
  endfacet
  facet normal -1 0 0
    outer loop
      vertex 21.8 36.2616 11.8902
      vertex 21.8 46.8 21.8
      vertex 21.8 36.3 11.5
    endloop
  endfacet
  facet normal -1 0 0
    outer loop
      vertex 21.8 36.1478 12.2654
      vertex 21.8 46.8 21.8
      vertex 21.8 36.2616 11.8902
    endloop
  endfacet
  facet normal -1 0 0
    outer loop
      vertex 21.8 35.9629 12.6111
      vertex 21.8 46.8 21.8
      vertex 21.8 36.1478 12.2654
    endloop
  endfacet
  facet normal -1 0 0
    outer loop
      vertex 21.8 35.7142 12.9142
      vertex 21.8 46.8 21.8
      vertex 21.8 35.9629 12.6111
    endloop
  endfacet
  facet normal -1 0 0
    outer loop
      vertex 21.8 34.31 14.3284
      vertex 21.8 46.8 21.8
      vertex 21.8 35.7142 12.9142
    endloop
  endfacet
  facet normal -1 0 0
    outer loop
      vertex 21.8 34.29 14.3284
      vertex 21.8 46.8 21.8
      vertex 21.8 34.31 14.3284
    endloop
  endfacet
  facet normal -1 0 0
    outer loop
      vertex 21.8 21.8 21.8
      vertex 21.8 32.3 11.5
      vertex 21.8 21.8 1.2
    endloop
  endfacet
  facet normal -1 0 0
    outer loop
      vertex 21.8 32.3 11.5
      vertex 21.8 21.8 21.8
      vertex 21.8 32.3384 11.8902
    endloop
  endfacet
  facet normal -1 0 0
    outer loop
      vertex 21.8 32.3384 11.8902
      vertex 21.8 21.8 21.8
      vertex 21.8 32.4522 12.2654
    endloop
  endfacet
  facet normal -1 0 0
    outer loop
      vertex 21.8 32.4522 12.2654
      vertex 21.8 21.8 21.8
      vertex 21.8 32.6371 12.6111
    endloop
  endfacet
  facet normal -1 0 0
    outer loop
      vertex 21.8 34.29 14.3284
      vertex 21.8 21.8 21.8
      vertex 21.8 46.8 21.8
    endloop
  endfacet
  facet normal -1 0 0
    outer loop
      vertex 21.8 32.8858 12.9142
      vertex 21.8 21.8 21.8
      vertex 21.8 34.29 14.3284
    endloop
  endfacet
  facet normal -1 0 0
    outer loop
      vertex 21.8 32.6371 12.6111
      vertex 21.8 21.8 21.8
      vertex 21.8 32.8858 12.9142
    endloop
  endfacet
  facet normal 0 0 -1
    outer loop
      vertex 1.2 21.8 21.8
      vertex 21.8 46.8 21.8
      vertex 21.8 21.8 21.8
    endloop
  endfacet
  facet normal -0 0 -1
    outer loop
      vertex 21.8 46.8 21.8
      vertex 1.2 21.8 21.8
      vertex 1.2 46.8 21.8
    endloop
  endfacet
  facet normal -0 0 1
    outer loop
      vertex 1.2 46.8 1.2
      vertex 21.8 21.8 1.2
      vertex 21.8 46.8 1.2
    endloop
  endfacet
  facet normal 0 0 1
    outer loop
      vertex 21.8 21.8 1.2
      vertex 1.2 46.8 1.2
      vertex 1.2 21.8 1.2
    endloop
  endfacet
endsolid OpenSCAD_Model
