solid OpenSCAD_Model
  facet normal -0.754705 -0.656064 0
    outer loop
      vertex -48.3044 -43.4935 0
      vertex -49.7929 -41.7812 2
      vertex -49.7929 -41.7812 0
    endloop
  endfacet
  facet normal -0.754705 -0.656064 0
    outer loop
      vertex -49.7929 -41.7812 2
      vertex -48.3044 -43.4935 0
      vertex -48.3044 -43.4935 2
    endloop
  endfacet
  facet normal -0.857178 -0.515021 0
    outer loop
      vertex -55.1231 -34.4448 0
      vertex -56.2916 -32.5 2
      vertex -56.2916 -32.5 0
    endloop
  endfacet
  facet normal -0.857178 -0.515021 0
    outer loop
      vertex -56.2916 -32.5 2
      vertex -55.1231 -34.4448 0
      vertex -55.1231 -34.4448 2
    endloop
  endfacet
  facet normal -0.156428 0.987689 0
    outer loop
      vertex -9.04625 64.3674 0
      vertex -11.2871 64.0125 2
      vertex -9.04625 64.3674 2
    endloop
  endfacet
  facet normal -0.156428 0.987689 0
    outer loop
      vertex -11.2871 64.0125 2
      vertex -9.04625 64.3674 0
      vertex -11.2871 64.0125 0
    endloop
  endfacet
  facet normal 0.798644 -0.601804 0
    outer loop
      vertex 51.2207 -40.018 2
      vertex 52.5861 -38.206 0
      vertex 52.5861 -38.206 2
    endloop
  endfacet
  facet normal 0.798644 -0.601804 0
    outer loop
      vertex 52.5861 -38.206 0
      vertex 51.2207 -40.018 2
      vertex 51.2207 -40.018 0
    endloop
  endfacet
  facet normal -0.258815 0.965927 0
    outer loop
      vertex -15.7249 63.0692 0
      vertex -17.9164 62.482 2
      vertex -15.7249 63.0692 2
    endloop
  endfacet
  facet normal -0.258815 0.965927 0
    outer loop
      vertex -17.9164 62.482 2
      vertex -15.7249 63.0692 0
      vertex -17.9164 62.482 0
    endloop
  endfacet
  facet normal -0.224969 0.974366 0
    outer loop
      vertex -13.5143 63.5796 0
      vertex -15.7249 63.0692 2
      vertex -13.5143 63.5796 2
    endloop
  endfacet
  facet normal -0.224969 0.974366 0
    outer loop
      vertex -15.7249 63.0692 2
      vertex -13.5143 63.5796 0
      vertex -15.7249 63.0692 0
    endloop
  endfacet
  facet normal -0.798644 0.601804 0
    outer loop
      vertex -52.5861 38.206 0
      vertex -51.2207 40.018 2
      vertex -51.2207 40.018 0
    endloop
  endfacet
  facet normal -0.798644 0.601804 0
    outer loop
      vertex -51.2207 40.018 2
      vertex -52.5861 38.206 0
      vertex -52.5861 38.206 2
    endloop
  endfacet
  facet normal 0.891017 -0.453971 0
    outer loop
      vertex 57.3916 -30.5157 2
      vertex 58.4216 -28.4941 0
      vertex 58.4216 -28.4941 2
    endloop
  endfacet
  facet normal 0.891017 -0.453971 0
    outer loop
      vertex 58.4216 -28.4941 0
      vertex 57.3916 -30.5157 2
      vertex 57.3916 -30.5157 0
    endloop
  endfacet
  facet normal 0.681993 0.731359 -0
    outer loop
      vertex 45.1528 46.7571 0
      vertex 43.4935 48.3044 2
      vertex 45.1528 46.7571 2
    endloop
  endfacet
  facet normal 0.681993 0.731359 0
    outer loop
      vertex 43.4935 48.3044 2
      vertex 45.1528 46.7571 0
      vertex 43.4935 48.3044 0
    endloop
  endfacet
  facet normal 0.0871819 -0.996192 0
    outer loop
      vertex 4.53417 -64.8417 0
      vertex 6.79435 -64.6439 2
      vertex 4.53417 -64.8417 2
    endloop
  endfacet
  facet normal 0.0871819 -0.996192 0
    outer loop
      vertex 6.79435 -64.6439 2
      vertex 4.53417 -64.8417 0
      vertex 6.79435 -64.6439 0
    endloop
  endfacet
  facet normal -0.325587 -0.945512 0
    outer loop
      vertex -22.2313 -61.08 0
      vertex -20.0861 -61.8187 2
      vertex -22.2313 -61.08 2
    endloop
  endfacet
  facet normal -0.325587 -0.945512 -0
    outer loop
      vertex -20.0861 -61.8187 2
      vertex -22.2313 -61.08 0
      vertex -20.0861 -61.8187 0
    endloop
  endfacet
  facet normal -0.629317 0.777148 0
    outer loop
      vertex -40.018 51.2207 0
      vertex -41.7812 49.7929 2
      vertex -40.018 51.2207 2
    endloop
  endfacet
  facet normal -0.629317 0.777148 0
    outer loop
      vertex -41.7812 49.7929 2
      vertex -40.018 51.2207 0
      vertex -41.7812 49.7929 0
    endloop
  endfacet
  facet normal -0.422647 0.906295 0
    outer loop
      vertex -26.4379 59.3805 0
      vertex -28.4941 58.4216 2
      vertex -26.4379 59.3805 2
    endloop
  endfacet
  facet normal -0.422647 0.906295 0
    outer loop
      vertex -28.4941 58.4216 2
      vertex -26.4379 59.3805 0
      vertex -28.4941 58.4216 0
    endloop
  endfacet
  facet normal -0.12187 0.992546 0
    outer loop
      vertex -6.79435 64.6439 0
      vertex -9.04625 64.3674 2
      vertex -6.79435 64.6439 2
    endloop
  endfacet
  facet normal -0.12187 0.992546 0
    outer loop
      vertex -9.04625 64.3674 2
      vertex -6.79435 64.6439 0
      vertex -9.04625 64.3674 0
    endloop
  endfacet
  facet normal -0.390688 0.920523 0
    outer loop
      vertex -24.3494 60.2669 0
      vertex -26.4379 59.3805 2
      vertex -24.3494 60.2669 2
    endloop
  endfacet
  facet normal -0.390688 0.920523 0
    outer loop
      vertex -26.4379 59.3805 2
      vertex -24.3494 60.2669 0
      vertex -26.4379 59.3805 0
    endloop
  endfacet
  facet normal -0.933575 0.358382 0
    outer loop
      vertex -61.08 22.2313 0
      vertex -60.2669 24.3494 2
      vertex -60.2669 24.3494 0
    endloop
  endfacet
  facet normal -0.933575 0.358382 0
    outer loop
      vertex -60.2669 24.3494 2
      vertex -61.08 22.2313 0
      vertex -61.08 22.2313 2
    endloop
  endfacet
  facet normal 0.453971 0.891017 -0
    outer loop
      vertex 30.5157 57.3916 0
      vertex 28.4941 58.4216 2
      vertex 30.5157 57.3916 2
    endloop
  endfacet
  facet normal 0.453971 0.891017 0
    outer loop
      vertex 28.4941 58.4216 2
      vertex 30.5157 57.3916 0
      vertex 28.4941 58.4216 0
    endloop
  endfacet
  facet normal -0.933575 -0.358382 0
    outer loop
      vertex -60.2669 -24.3494 0
      vertex -61.08 -22.2313 2
      vertex -61.08 -22.2313 0
    endloop
  endfacet
  facet normal -0.933575 -0.358382 0
    outer loop
      vertex -61.08 -22.2313 2
      vertex -60.2669 -24.3494 0
      vertex -60.2669 -24.3494 2
    endloop
  endfacet
  facet normal -0.95631 0.292354 0
    outer loop
      vertex -62.482 17.9164 0
      vertex -61.8187 20.0861 2
      vertex -61.8187 20.0861 0
    endloop
  endfacet
  facet normal -0.95631 0.292354 0
    outer loop
      vertex -61.8187 20.0861 2
      vertex -62.482 17.9164 0
      vertex -62.482 17.9164 2
    endloop
  endfacet
  facet normal -0.906295 0.422647 0
    outer loop
      vertex -59.3805 26.4379 0
      vertex -58.4216 28.4941 2
      vertex -58.4216 28.4941 0
    endloop
  endfacet
  facet normal -0.906295 0.422647 0
    outer loop
      vertex -58.4216 28.4941 2
      vertex -59.3805 26.4379 0
      vertex -59.3805 26.4379 2
    endloop
  endfacet
  facet normal -0.292354 -0.95631 0
    outer loop
      vertex -20.0861 -61.8187 0
      vertex -17.9164 -62.482 2
      vertex -20.0861 -61.8187 2
    endloop
  endfacet
  facet normal -0.292354 -0.95631 -0
    outer loop
      vertex -17.9164 -62.482 2
      vertex -20.0861 -61.8187 0
      vertex -17.9164 -62.482 0
    endloop
  endfacet
  facet normal 0.601804 0.798644 -0
    outer loop
      vertex 40.018 51.2207 0
      vertex 38.206 52.5861 2
      vertex 40.018 51.2207 2
    endloop
  endfacet
  facet normal 0.601804 0.798644 0
    outer loop
      vertex 38.206 52.5861 2
      vertex 40.018 51.2207 0
      vertex 38.206 52.5861 0
    endloop
  endfacet
  facet normal 0.777148 0.629317 0
    outer loop
      vertex 51.2207 40.018 2
      vertex 49.7929 41.7812 0
      vertex 49.7929 41.7812 2
    endloop
  endfacet
  facet normal 0.777148 0.629317 0
    outer loop
      vertex 49.7929 41.7812 0
      vertex 51.2207 40.018 2
      vertex 51.2207 40.018 0
    endloop
  endfacet
  facet normal 0.838656 0.544661 0
    outer loop
      vertex 55.1231 34.4448 2
      vertex 53.8874 36.3475 0
      vertex 53.8874 36.3475 2
    endloop
  endfacet
  facet normal 0.838656 0.544661 0
    outer loop
      vertex 53.8874 36.3475 0
      vertex 55.1231 34.4448 2
      vertex 55.1231 34.4448 0
    endloop
  endfacet
  facet normal 0.945512 -0.325587 0
    outer loop
      vertex 61.08 -22.2313 2
      vertex 61.8187 -20.0861 0
      vertex 61.8187 -20.0861 2
    endloop
  endfacet
  facet normal 0.945512 -0.325587 0
    outer loop
      vertex 61.8187 -20.0861 0
      vertex 61.08 -22.2313 2
      vertex 61.08 -22.2313 0
    endloop
  endfacet
  facet normal 0.707107 0.707107 0
    outer loop
      vertex 46.7571 45.1528 2
      vertex 45.1528 46.7571 0
      vertex 45.1528 46.7571 2
    endloop
  endfacet
  facet normal 0.707107 0.707107 0
    outer loop
      vertex 45.1528 46.7571 0
      vertex 46.7571 45.1528 2
      vertex 46.7571 45.1528 0
    endloop
  endfacet
  facet normal -0.798644 -0.601804 0
    outer loop
      vertex -51.2207 -40.018 0
      vertex -52.5861 -38.206 2
      vertex -52.5861 -38.206 0
    endloop
  endfacet
  facet normal -0.798644 -0.601804 0
    outer loop
      vertex -52.5861 -38.206 2
      vertex -51.2207 -40.018 0
      vertex -51.2207 -40.018 2
    endloop
  endfacet
  facet normal 0.224969 -0.974366 0
    outer loop
      vertex 13.5143 -63.5796 0
      vertex 15.7249 -63.0692 2
      vertex 13.5143 -63.5796 2
    endloop
  endfacet
  facet normal 0.224969 -0.974366 0
    outer loop
      vertex 15.7249 -63.0692 2
      vertex 13.5143 -63.5796 0
      vertex 15.7249 -63.0692 0
    endloop
  endfacet
  facet normal -0.358382 0.933575 0
    outer loop
      vertex -22.2313 61.08 0
      vertex -24.3494 60.2669 2
      vertex -22.2313 61.08 2
    endloop
  endfacet
  facet normal -0.358382 0.933575 0
    outer loop
      vertex -24.3494 60.2669 2
      vertex -22.2313 61.08 0
      vertex -24.3494 60.2669 0
    endloop
  endfacet
  facet normal -0.325587 0.945512 0
    outer loop
      vertex -20.0861 61.8187 0
      vertex -22.2313 61.08 2
      vertex -20.0861 61.8187 2
    endloop
  endfacet
  facet normal -0.325587 0.945512 0
    outer loop
      vertex -22.2313 61.08 2
      vertex -20.0861 61.8187 0
      vertex -22.2313 61.08 0
    endloop
  endfacet
  facet normal -0.422647 -0.906295 0
    outer loop
      vertex -28.4941 -58.4216 0
      vertex -26.4379 -59.3805 2
      vertex -28.4941 -58.4216 2
    endloop
  endfacet
  facet normal -0.422647 -0.906295 -0
    outer loop
      vertex -26.4379 -59.3805 2
      vertex -28.4941 -58.4216 0
      vertex -26.4379 -59.3805 0
    endloop
  endfacet
  facet normal 0 0 -1
    outer loop
      vertex 55 -5 0
      vertex 64.0125 -11.2871 0
      vertex 63.5796 -13.5143 0
    endloop
  endfacet
  facet normal 0 0 -1
    outer loop
      vertex 55 -5 0
      vertex 63.5796 -13.5143 0
      vertex 63.0692 -15.7249 0
    endloop
  endfacet
  facet normal 0 0 -1
    outer loop
      vertex 55 -5 0
      vertex 63.0692 -15.7249 0
      vertex 62.482 -17.9164 0
    endloop
  endfacet
  facet normal 0 0 -1
    outer loop
      vertex 55 -5 0
      vertex 62.482 -17.9164 0
      vertex 61.8187 -20.0861 0
    endloop
  endfacet
  facet normal 0 0 -1
    outer loop
      vertex 55 -5 0
      vertex 61.8187 -20.0861 0
      vertex 61.08 -22.2313 0
    endloop
  endfacet
  facet normal 0 0 -1
    outer loop
      vertex 55 -5 0
      vertex 61.08 -22.2313 0
      vertex 60.2669 -24.3494 0
    endloop
  endfacet
  facet normal 0 0 -1
    outer loop
      vertex 55 -5 0
      vertex 60.2669 -24.3494 0
      vertex 59.3805 -26.4379 0
    endloop
  endfacet
  facet normal 0 0 -1
    outer loop
      vertex 55 -5 0
      vertex 59.3805 -26.4379 0
      vertex 58.4216 -28.4941 0
    endloop
  endfacet
  facet normal 0 0 -1
    outer loop
      vertex 55 -5 0
      vertex 58.4216 -28.4941 0
      vertex 57.3916 -30.5157 0
    endloop
  endfacet
  facet normal 0 0 -1
    outer loop
      vertex 55 -5 0
      vertex 57.3916 -30.5157 0
      vertex 56.2916 -32.5 0
    endloop
  endfacet
  facet normal 0 0 -1
    outer loop
      vertex 12.9904 -7.5 0
      vertex 56.2916 -32.5 0
      vertex 55.1231 -34.4448 0
    endloop
  endfacet
  facet normal 0 0 -1
    outer loop
      vertex 64.0125 -11.2871 0
      vertex 55 -5 0
      vertex 64.2124 -10.025 0
    endloop
  endfacet
  facet normal 0 0 -1
    outer loop
      vertex 12.7207 -7.94879 0
      vertex 55.1231 -34.4448 0
      vertex 53.8874 -36.3475 0
    endloop
  endfacet
  facet normal 0 0 -1
    outer loop
      vertex 12.4356 -8.38789 0
      vertex 53.8874 -36.3475 0
      vertex 52.5861 -38.206 0
    endloop
  endfacet
  facet normal 0 0 -1
    outer loop
      vertex 12.1353 -8.81678 0
      vertex 52.5861 -38.206 0
      vertex 51.2207 -40.018 0
    endloop
  endfacet
  facet normal 0 0 -1
    outer loop
      vertex 11.8202 -9.23492 0
      vertex 51.2207 -40.018 0
      vertex 49.7929 -41.7812 0
    endloop
  endfacet
  facet normal 0 0 -1
    outer loop
      vertex 11.4907 -9.64181 0
      vertex 49.7929 -41.7812 0
      vertex 48.3044 -43.4935 0
    endloop
  endfacet
  facet normal 0 0 -1
    outer loop
      vertex 11.1472 -10.037 0
      vertex 48.3044 -43.4935 0
      vertex 46.7571 -45.1528 0
    endloop
  endfacet
  facet normal 0 0 -1
    outer loop
      vertex 10.7901 -10.4199 0
      vertex 46.7571 -45.1528 0
      vertex 45.1528 -46.7571 0
    endloop
  endfacet
  facet normal 0 0 -1
    outer loop
      vertex 10.4199 -10.7901 0
      vertex 45.1528 -46.7571 0
      vertex 43.4935 -48.3044 0
    endloop
  endfacet
  facet normal 0 0 -1
    outer loop
      vertex 10.037 -11.1472 0
      vertex 43.4935 -48.3044 0
      vertex 41.7812 -49.7929 0
    endloop
  endfacet
  facet normal 0 0 -1
    outer loop
      vertex 9.64181 -11.4907 0
      vertex 41.7812 -49.7929 0
      vertex 40.018 -51.2207 0
    endloop
  endfacet
  facet normal 0 0 -1
    outer loop
      vertex 9.23492 -11.8202 0
      vertex 40.018 -51.2207 0
      vertex 38.206 -52.5861 0
    endloop
  endfacet
  facet normal 0 0 -1
    outer loop
      vertex 8.81678 -12.1353 0
      vertex 38.206 -52.5861 0
      vertex 36.3475 -53.8874 0
    endloop
  endfacet
  facet normal 0 0 -1
    outer loop
      vertex 8.38789 -12.4356 0
      vertex 36.3475 -53.8874 0
      vertex 34.4448 -55.1231 0
    endloop
  endfacet
  facet normal 0 0 -1
    outer loop
      vertex 7.94879 -12.7207 0
      vertex 34.4448 -55.1231 0
      vertex 32.5 -56.2916 0
    endloop
  endfacet
  facet normal 0 0 -1
    outer loop
      vertex 7.5 -12.9904 0
      vertex 32.5 -56.2916 0
      vertex 30.5157 -57.3916 0
    endloop
  endfacet
  facet normal 0 0 -1
    outer loop
      vertex 7.04207 -13.2442 0
      vertex 30.5157 -57.3916 0
      vertex 28.4941 -58.4216 0
    endloop
  endfacet
  facet normal 0 0 -1
    outer loop
      vertex 6.57557 -13.4819 0
      vertex 28.4941 -58.4216 0
      vertex 26.4379 -59.3805 0
    endloop
  endfacet
  facet normal 0 0 -1
    outer loop
      vertex 6.10105 -13.7032 0
      vertex 26.4379 -59.3805 0
      vertex 24.3494 -60.2669 0
    endloop
  endfacet
  facet normal 0 0 -1
    outer loop
      vertex 5.6191 -13.9078 0
      vertex 24.3494 -60.2669 0
      vertex 22.2313 -61.08 0
    endloop
  endfacet
  facet normal 0 0 -1
    outer loop
      vertex 5.1303 -14.0954 0
      vertex 22.2313 -61.08 0
      vertex 20.0861 -61.8187 0
    endloop
  endfacet
  facet normal 0 0 -1
    outer loop
      vertex 4.63525 -14.2658 0
      vertex 20.0861 -61.8187 0
      vertex 17.9164 -62.482 0
    endloop
  endfacet
  facet normal 0 0 -1
    outer loop
      vertex 4.13456 -14.4189 0
      vertex 17.9164 -62.482 0
      vertex 15.7249 -63.0692 0
    endloop
  endfacet
  facet normal 0 0 -1
    outer loop
      vertex 46.7571 -45.1528 0
      vertex 10.7901 -10.4199 0
      vertex 11.1472 -10.037 0
    endloop
  endfacet
  facet normal -0 0 -1
    outer loop
      vertex 55 -5 0
      vertex 14.0954 -5.1303 0
      vertex 14.1403 -5 0
    endloop
  endfacet
  facet normal 0 0 -1
    outer loop
      vertex 55 -5 0
      vertex 13.9078 -5.6191 0
      vertex 14.0954 -5.1303 0
    endloop
  endfacet
  facet normal 0 0 -1
    outer loop
      vertex 55 -5 0
      vertex 13.7032 -6.10105 0
      vertex 13.9078 -5.6191 0
    endloop
  endfacet
  facet normal 0 0 -1
    outer loop
      vertex 3.62883 -14.5544 0
      vertex 15.7249 -63.0692 0
      vertex 13.5143 -63.5796 0
    endloop
  endfacet
  facet normal 0 0 -1
    outer loop
      vertex 55 -5 0
      vertex 13.4819 -6.57557 0
      vertex 13.7032 -6.10105 0
    endloop
  endfacet
  facet normal 0 0 -1
    outer loop
      vertex 55 -5 0
      vertex 13.2442 -7.04207 0
      vertex 13.4819 -6.57557 0
    endloop
  endfacet
  facet normal 0 0 -1
    outer loop
      vertex 55 -5 0
      vertex 12.9904 -7.5 0
      vertex 13.2442 -7.04207 0
    endloop
  endfacet
  facet normal 0 0 -1
    outer loop
      vertex 56.2916 -32.5 0
      vertex 12.9904 -7.5 0
      vertex 55 -5 0
    endloop
  endfacet
  facet normal 0 0 -1
    outer loop
      vertex 55.1231 -34.4448 0
      vertex 12.7207 -7.94879 0
      vertex 12.9904 -7.5 0
    endloop
  endfacet
  facet normal 0 0 -1
    outer loop
      vertex 53.8874 -36.3475 0
      vertex 12.4356 -8.38789 0
      vertex 12.7207 -7.94879 0
    endloop
  endfacet
  facet normal 0 0 -1
    outer loop
      vertex 52.5861 -38.206 0
      vertex 12.1353 -8.81678 0
      vertex 12.4356 -8.38789 0
    endloop
  endfacet
  facet normal 0 0 -1
    outer loop
      vertex 51.2207 -40.018 0
      vertex 11.8202 -9.23492 0
      vertex 12.1353 -8.81678 0
    endloop
  endfacet
  facet normal 0 0 -1
    outer loop
      vertex 3.11868 -14.6722 0
      vertex 13.5143 -63.5796 0
      vertex 11.2871 -64.0125 0
    endloop
  endfacet
  facet normal 0 0 -1
    outer loop
      vertex 49.7929 -41.7812 0
      vertex 11.4907 -9.64181 0
      vertex 11.8202 -9.23492 0
    endloop
  endfacet
  facet normal 0 0 -1
    outer loop
      vertex 48.3044 -43.4935 0
      vertex 11.1472 -10.037 0
      vertex 11.4907 -9.64181 0
    endloop
  endfacet
  facet normal 0 0 -1
    outer loop
      vertex 45.1528 -46.7571 0
      vertex 10.4199 -10.7901 0
      vertex 10.7901 -10.4199 0
    endloop
  endfacet
  facet normal 0 0 -1
    outer loop
      vertex 43.4935 -48.3044 0
      vertex 10.037 -11.1472 0
      vertex 10.4199 -10.7901 0
    endloop
  endfacet
  facet normal 0 0 -1
    outer loop
      vertex 41.7812 -49.7929 0
      vertex 9.64181 -11.4907 0
      vertex 10.037 -11.1472 0
    endloop
  endfacet
  facet normal 0 0 -1
    outer loop
      vertex 40.018 -51.2207 0
      vertex 9.23492 -11.8202 0
      vertex 9.64181 -11.4907 0
    endloop
  endfacet
  facet normal 0 0 -1
    outer loop
      vertex 2.60472 -14.7721 0
      vertex 11.2871 -64.0125 0
      vertex 9.04625 -64.3674 0
    endloop
  endfacet
  facet normal 0 0 -1
    outer loop
      vertex 38.206 -52.5861 0
      vertex 8.81678 -12.1353 0
      vertex 9.23492 -11.8202 0
    endloop
  endfacet
  facet normal 0 0 -1
    outer loop
      vertex 36.3475 -53.8874 0
      vertex 8.38789 -12.4356 0
      vertex 8.81678 -12.1353 0
    endloop
  endfacet
  facet normal 0 0 -1
    outer loop
      vertex 34.4448 -55.1231 0
      vertex 7.94879 -12.7207 0
      vertex 8.38789 -12.4356 0
    endloop
  endfacet
  facet normal 0 0 -1
    outer loop
      vertex 32.5 -56.2916 0
      vertex 7.5 -12.9904 0
      vertex 7.94879 -12.7207 0
    endloop
  endfacet
  facet normal 0 0 -1
    outer loop
      vertex 30.5157 -57.3916 0
      vertex 7.04207 -13.2442 0
      vertex 7.5 -12.9904 0
    endloop
  endfacet
  facet normal 0 0 -1
    outer loop
      vertex 2.0876 -14.854 0
      vertex 9.04625 -64.3674 0
      vertex 6.79435 -64.6439 0
    endloop
  endfacet
  facet normal 0 0 -1
    outer loop
      vertex 28.4941 -58.4216 0
      vertex 6.57557 -13.4819 0
      vertex 7.04207 -13.2442 0
    endloop
  endfacet
  facet normal 0 0 -1
    outer loop
      vertex 26.4379 -59.3805 0
      vertex 6.10105 -13.7032 0
      vertex 6.57557 -13.4819 0
    endloop
  endfacet
  facet normal 0 0 -1
    outer loop
      vertex 24.3494 -60.2669 0
      vertex 5.6191 -13.9078 0
      vertex 6.10105 -13.7032 0
    endloop
  endfacet
  facet normal 0 0 -1
    outer loop
      vertex 22.2313 -61.08 0
      vertex 5.1303 -14.0954 0
      vertex 5.6191 -13.9078 0
    endloop
  endfacet
  facet normal 0 0 -1
    outer loop
      vertex 20.0861 -61.8187 0
      vertex 4.63525 -14.2658 0
      vertex 5.1303 -14.0954 0
    endloop
  endfacet
  facet normal 0 0 -1
    outer loop
      vertex 1.56793 -14.9178 0
      vertex 6.79435 -64.6439 0
      vertex 4.53417 -64.8417 0
    endloop
  endfacet
  facet normal 0 0 -1
    outer loop
      vertex 17.9164 -62.482 0
      vertex 4.13456 -14.4189 0
      vertex 4.63525 -14.2658 0
    endloop
  endfacet
  facet normal 0 0 -1
    outer loop
      vertex 15.7249 -63.0692 0
      vertex 3.62883 -14.5544 0
      vertex 4.13456 -14.4189 0
    endloop
  endfacet
  facet normal 0 0 -1
    outer loop
      vertex 13.5143 -63.5796 0
      vertex 3.11868 -14.6722 0
      vertex 3.62883 -14.5544 0
    endloop
  endfacet
  facet normal 0 0 -1
    outer loop
      vertex 11.2871 -64.0125 0
      vertex 2.60472 -14.7721 0
      vertex 3.11868 -14.6722 0
    endloop
  endfacet
  facet normal 0 0 -1
    outer loop
      vertex 1.04635 -14.9635 0
      vertex 4.53417 -64.8417 0
      vertex 2.26847 -64.9604 0
    endloop
  endfacet
  facet normal 0 0 -1
    outer loop
      vertex 9.04625 -64.3674 0
      vertex 2.0876 -14.854 0
      vertex 2.60472 -14.7721 0
    endloop
  endfacet
  facet normal 0 0 -1
    outer loop
      vertex 6.79435 -64.6439 0
      vertex 1.56793 -14.9178 0
      vertex 2.0876 -14.854 0
    endloop
  endfacet
  facet normal 0 0 -1
    outer loop
      vertex 4.53417 -64.8417 0
      vertex 1.04635 -14.9635 0
      vertex 1.56793 -14.9178 0
    endloop
  endfacet
  facet normal 0 0 -1
    outer loop
      vertex 2.26847 -64.9604 0
      vertex 0.523492 -14.9909 0
      vertex 1.04635 -14.9635 0
    endloop
  endfacet
  facet normal 0 0 -1
    outer loop
      vertex 0 -65 0
      vertex 0.523492 -14.9909 0
      vertex 2.26847 -64.9604 0
    endloop
  endfacet
  facet normal 0 0 -1
    outer loop
      vertex 0 -65 0
      vertex 0 -15 0
      vertex 0.523492 -14.9909 0
    endloop
  endfacet
  facet normal 0 0 -1
    outer loop
      vertex 0 -65 0
      vertex -0.523492 -14.9909 0
      vertex 0 -15 0
    endloop
  endfacet
  facet normal 0 0 -1
    outer loop
      vertex -2.26847 -64.9604 0
      vertex -0.523492 -14.9909 0
      vertex 0 -65 0
    endloop
  endfacet
  facet normal -0 0 -1
    outer loop
      vertex -0.523492 -14.9909 0
      vertex -2.26847 -64.9604 0
      vertex -1.04635 -14.9635 0
    endloop
  endfacet
  facet normal 0 0 -1
    outer loop
      vertex -4.53417 -64.8417 0
      vertex -1.04635 -14.9635 0
      vertex -2.26847 -64.9604 0
    endloop
  endfacet
  facet normal -0 0 -1
    outer loop
      vertex -1.04635 -14.9635 0
      vertex -4.53417 -64.8417 0
      vertex -1.56793 -14.9178 0
    endloop
  endfacet
  facet normal 0 0 -1
    outer loop
      vertex -6.79435 -64.6439 0
      vertex -1.56793 -14.9178 0
      vertex -4.53417 -64.8417 0
    endloop
  endfacet
  facet normal -0 0 -1
    outer loop
      vertex -1.56793 -14.9178 0
      vertex -6.79435 -64.6439 0
      vertex -2.0876 -14.854 0
    endloop
  endfacet
  facet normal 0 0 -1
    outer loop
      vertex -9.04625 -64.3674 0
      vertex -2.0876 -14.854 0
      vertex -6.79435 -64.6439 0
    endloop
  endfacet
  facet normal -0 0 -1
    outer loop
      vertex -2.0876 -14.854 0
      vertex -9.04625 -64.3674 0
      vertex -2.60472 -14.7721 0
    endloop
  endfacet
  facet normal 0 0 -1
    outer loop
      vertex -11.2871 -64.0125 0
      vertex -2.60472 -14.7721 0
      vertex -9.04625 -64.3674 0
    endloop
  endfacet
  facet normal -0 0 -1
    outer loop
      vertex -2.60472 -14.7721 0
      vertex -11.2871 -64.0125 0
      vertex -3.11868 -14.6722 0
    endloop
  endfacet
  facet normal 0 0 -1
    outer loop
      vertex -13.5143 -63.5796 0
      vertex -3.11868 -14.6722 0
      vertex -11.2871 -64.0125 0
    endloop
  endfacet
  facet normal -0 0 -1
    outer loop
      vertex -3.11868 -14.6722 0
      vertex -13.5143 -63.5796 0
      vertex -3.62883 -14.5544 0
    endloop
  endfacet
  facet normal 0 0 -1
    outer loop
      vertex -15.7249 -63.0692 0
      vertex -3.62883 -14.5544 0
      vertex -13.5143 -63.5796 0
    endloop
  endfacet
  facet normal -0 0 -1
    outer loop
      vertex -3.62883 -14.5544 0
      vertex -15.7249 -63.0692 0
      vertex -4.13456 -14.4189 0
    endloop
  endfacet
  facet normal 0 0 -1
    outer loop
      vertex -17.9164 -62.482 0
      vertex -4.13456 -14.4189 0
      vertex -15.7249 -63.0692 0
    endloop
  endfacet
  facet normal -0 0 -1
    outer loop
      vertex -4.13456 -14.4189 0
      vertex -17.9164 -62.482 0
      vertex -4.63525 -14.2658 0
    endloop
  endfacet
  facet normal 0 0 -1
    outer loop
      vertex -20.0861 -61.8187 0
      vertex -4.63525 -14.2658 0
      vertex -17.9164 -62.482 0
    endloop
  endfacet
  facet normal -0 0 -1
    outer loop
      vertex -4.63525 -14.2658 0
      vertex -20.0861 -61.8187 0
      vertex -5.1303 -14.0954 0
    endloop
  endfacet
  facet normal 0 0 -1
    outer loop
      vertex -22.2313 -61.08 0
      vertex -5.1303 -14.0954 0
      vertex -20.0861 -61.8187 0
    endloop
  endfacet
  facet normal -0 0 -1
    outer loop
      vertex -5.1303 -14.0954 0
      vertex -22.2313 -61.08 0
      vertex -5.6191 -13.9078 0
    endloop
  endfacet
  facet normal 0 0 -1
    outer loop
      vertex -24.3494 -60.2669 0
      vertex -5.6191 -13.9078 0
      vertex -22.2313 -61.08 0
    endloop
  endfacet
  facet normal -0 0 -1
    outer loop
      vertex -5.6191 -13.9078 0
      vertex -24.3494 -60.2669 0
      vertex -6.10105 -13.7032 0
    endloop
  endfacet
  facet normal 0 0 -1
    outer loop
      vertex -26.4379 -59.3805 0
      vertex -6.10105 -13.7032 0
      vertex -24.3494 -60.2669 0
    endloop
  endfacet
  facet normal -0 0 -1
    outer loop
      vertex -6.10105 -13.7032 0
      vertex -26.4379 -59.3805 0
      vertex -6.57557 -13.4819 0
    endloop
  endfacet
  facet normal 0 0 -1
    outer loop
      vertex -28.4941 -58.4216 0
      vertex -6.57557 -13.4819 0
      vertex -26.4379 -59.3805 0
    endloop
  endfacet
  facet normal -0 0 -1
    outer loop
      vertex -6.57557 -13.4819 0
      vertex -28.4941 -58.4216 0
      vertex -7.04207 -13.2442 0
    endloop
  endfacet
  facet normal 0 0 -1
    outer loop
      vertex -30.5157 -57.3916 0
      vertex -7.04207 -13.2442 0
      vertex -28.4941 -58.4216 0
    endloop
  endfacet
  facet normal -0 0 -1
    outer loop
      vertex -7.04207 -13.2442 0
      vertex -30.5157 -57.3916 0
      vertex -7.5 -12.9904 0
    endloop
  endfacet
  facet normal 0 0 -1
    outer loop
      vertex -32.5 -56.2916 0
      vertex -7.5 -12.9904 0
      vertex -30.5157 -57.3916 0
    endloop
  endfacet
  facet normal -0 0 -1
    outer loop
      vertex -7.5 -12.9904 0
      vertex -32.5 -56.2916 0
      vertex -7.94879 -12.7207 0
    endloop
  endfacet
  facet normal 0 0 -1
    outer loop
      vertex -34.4448 -55.1231 0
      vertex -7.94879 -12.7207 0
      vertex -32.5 -56.2916 0
    endloop
  endfacet
  facet normal -0 0 -1
    outer loop
      vertex -7.94879 -12.7207 0
      vertex -34.4448 -55.1231 0
      vertex -8.38789 -12.4356 0
    endloop
  endfacet
  facet normal 0 0 -1
    outer loop
      vertex -36.3475 -53.8874 0
      vertex -8.38789 -12.4356 0
      vertex -34.4448 -55.1231 0
    endloop
  endfacet
  facet normal -0 0 -1
    outer loop
      vertex -8.38789 -12.4356 0
      vertex -36.3475 -53.8874 0
      vertex -8.81678 -12.1353 0
    endloop
  endfacet
  facet normal 0 0 -1
    outer loop
      vertex -38.206 -52.5861 0
      vertex -8.81678 -12.1353 0
      vertex -36.3475 -53.8874 0
    endloop
  endfacet
  facet normal -0 0 -1
    outer loop
      vertex -8.81678 -12.1353 0
      vertex -38.206 -52.5861 0
      vertex -9.23492 -11.8202 0
    endloop
  endfacet
  facet normal 0 0 -1
    outer loop
      vertex -40.018 -51.2207 0
      vertex -9.23492 -11.8202 0
      vertex -38.206 -52.5861 0
    endloop
  endfacet
  facet normal -0 0 -1
    outer loop
      vertex -9.23492 -11.8202 0
      vertex -40.018 -51.2207 0
      vertex -9.64181 -11.4907 0
    endloop
  endfacet
  facet normal 0 0 -1
    outer loop
      vertex -41.7812 -49.7929 0
      vertex -9.64181 -11.4907 0
      vertex -40.018 -51.2207 0
    endloop
  endfacet
  facet normal -0 0 -1
    outer loop
      vertex -9.64181 -11.4907 0
      vertex -41.7812 -49.7929 0
      vertex -10.037 -11.1472 0
    endloop
  endfacet
  facet normal 0 0 -1
    outer loop
      vertex -43.4935 -48.3044 0
      vertex -10.037 -11.1472 0
      vertex -41.7812 -49.7929 0
    endloop
  endfacet
  facet normal -0 0 -1
    outer loop
      vertex -10.037 -11.1472 0
      vertex -43.4935 -48.3044 0
      vertex -10.4199 -10.7901 0
    endloop
  endfacet
  facet normal 0 0 -1
    outer loop
      vertex -45.1528 -46.7571 0
      vertex -10.4199 -10.7901 0
      vertex -43.4935 -48.3044 0
    endloop
  endfacet
  facet normal -0 0 -1
    outer loop
      vertex -10.4199 -10.7901 0
      vertex -45.1528 -46.7571 0
      vertex -10.7901 -10.4199 0
    endloop
  endfacet
  facet normal 0 0 -1
    outer loop
      vertex -46.7571 -45.1528 0
      vertex -10.7901 -10.4199 0
      vertex -45.1528 -46.7571 0
    endloop
  endfacet
  facet normal -0 0 -1
    outer loop
      vertex -10.7901 -10.4199 0
      vertex -46.7571 -45.1528 0
      vertex -11.1472 -10.037 0
    endloop
  endfacet
  facet normal 0 0 -1
    outer loop
      vertex -48.3044 -43.4935 0
      vertex -11.1472 -10.037 0
      vertex -46.7571 -45.1528 0
    endloop
  endfacet
  facet normal -0 0 -1
    outer loop
      vertex -11.1472 -10.037 0
      vertex -48.3044 -43.4935 0
      vertex -11.4907 -9.64181 0
    endloop
  endfacet
  facet normal 0 0 -1
    outer loop
      vertex -49.7929 -41.7812 0
      vertex -11.4907 -9.64181 0
      vertex -48.3044 -43.4935 0
    endloop
  endfacet
  facet normal 0 0 -1
    outer loop
      vertex -51.2207 -40.018 0
      vertex -11.8202 -9.23492 0
      vertex -49.7929 -41.7812 0
    endloop
  endfacet
  facet normal -0 0 -1
    outer loop
      vertex -11.4907 -9.64181 0
      vertex -49.7929 -41.7812 0
      vertex -11.8202 -9.23492 0
    endloop
  endfacet
  facet normal 0 0 -1
    outer loop
      vertex 55 5 0
      vertex 64.0125 11.2871 0
      vertex 64.2124 10.025 0
    endloop
  endfacet
  facet normal -0 0 -1
    outer loop
      vertex 64.0125 11.2871 0
      vertex 55 5 0
      vertex 63.5796 13.5143 0
    endloop
  endfacet
  facet normal -0 0 -1
    outer loop
      vertex 63.5796 13.5143 0
      vertex 55 5 0
      vertex 63.0692 15.7249 0
    endloop
  endfacet
  facet normal -0 0 -1
    outer loop
      vertex 63.0692 15.7249 0
      vertex 55 5 0
      vertex 62.482 17.9164 0
    endloop
  endfacet
  facet normal -0 0 -1
    outer loop
      vertex 62.482 17.9164 0
      vertex 55 5 0
      vertex 61.8187 20.0861 0
    endloop
  endfacet
  facet normal -0 0 -1
    outer loop
      vertex 61.8187 20.0861 0
      vertex 55 5 0
      vertex 61.08 22.2313 0
    endloop
  endfacet
  facet normal -0 0 -1
    outer loop
      vertex 61.08 22.2313 0
      vertex 55 5 0
      vertex 60.2669 24.3494 0
    endloop
  endfacet
  facet normal -0 0 -1
    outer loop
      vertex 60.2669 24.3494 0
      vertex 55 5 0
      vertex 59.3805 26.4379 0
    endloop
  endfacet
  facet normal -0 0 -1
    outer loop
      vertex 59.3805 26.4379 0
      vertex 55 5 0
      vertex 58.4216 28.4941 0
    endloop
  endfacet
  facet normal -0 0 -1
    outer loop
      vertex 58.4216 28.4941 0
      vertex 55 5 0
      vertex 57.3916 30.5157 0
    endloop
  endfacet
  facet normal -0 0 -1
    outer loop
      vertex 57.3916 30.5157 0
      vertex 55 5 0
      vertex 56.2916 32.5 0
    endloop
  endfacet
  facet normal 0 0 -1
    outer loop
      vertex 12.9904 7.5 0
      vertex 56.2916 32.5 0
      vertex 55 5 0
    endloop
  endfacet
  facet normal -0 0 -1
    outer loop
      vertex 56.2916 32.5 0
      vertex 12.9904 7.5 0
      vertex 55.1231 34.4448 0
    endloop
  endfacet
  facet normal 0 0 -1
    outer loop
      vertex 12.7207 7.94879 0
      vertex 55.1231 34.4448 0
      vertex 12.9904 7.5 0
    endloop
  endfacet
  facet normal -0 0 -1
    outer loop
      vertex 55.1231 34.4448 0
      vertex 12.7207 7.94879 0
      vertex 53.8874 36.3475 0
    endloop
  endfacet
  facet normal 0 0 -1
    outer loop
      vertex 12.4356 8.38789 0
      vertex 53.8874 36.3475 0
      vertex 12.7207 7.94879 0
    endloop
  endfacet
  facet normal 0 0 -1
    outer loop
      vertex 12.1353 8.81678 0
      vertex 52.5861 38.206 0
      vertex 12.4356 8.38789 0
    endloop
  endfacet
  facet normal -0 0 -1
    outer loop
      vertex 52.5861 38.206 0
      vertex 12.1353 8.81678 0
      vertex 51.2207 40.018 0
    endloop
  endfacet
  facet normal 0 0 -1
    outer loop
      vertex 11.8202 9.23492 0
      vertex 51.2207 40.018 0
      vertex 12.1353 8.81678 0
    endloop
  endfacet
  facet normal -0 0 -1
    outer loop
      vertex 51.2207 40.018 0
      vertex 11.8202 9.23492 0
      vertex 49.7929 41.7812 0
    endloop
  endfacet
  facet normal -0 0 -1
    outer loop
      vertex 49.7929 41.7812 0
      vertex 11.4907 9.64181 0
      vertex 48.3044 43.4935 0
    endloop
  endfacet
  facet normal 0 0 -1
    outer loop
      vertex 11.1472 10.037 0
      vertex 48.3044 43.4935 0
      vertex 11.4907 9.64181 0
    endloop
  endfacet
  facet normal -0 0 -1
    outer loop
      vertex 48.3044 43.4935 0
      vertex 11.1472 10.037 0
      vertex 46.7571 45.1528 0
    endloop
  endfacet
  facet normal -0 0 -1
    outer loop
      vertex 46.7571 45.1528 0
      vertex 10.7901 10.4199 0
      vertex 45.1528 46.7571 0
    endloop
  endfacet
  facet normal 0 0 -1
    outer loop
      vertex 10.4199 10.7901 0
      vertex 45.1528 46.7571 0
      vertex 10.7901 10.4199 0
    endloop
  endfacet
  facet normal -0 0 -1
    outer loop
      vertex 45.1528 46.7571 0
      vertex 10.4199 10.7901 0
      vertex 43.4935 48.3044 0
    endloop
  endfacet
  facet normal -0 0 -1
    outer loop
      vertex 43.4935 48.3044 0
      vertex 10.037 11.1472 0
      vertex 41.7812 49.7929 0
    endloop
  endfacet
  facet normal 0 0 -1
    outer loop
      vertex 9.64181 11.4907 0
      vertex 41.7812 49.7929 0
      vertex 10.037 11.1472 0
    endloop
  endfacet
  facet normal 0 0 -1
    outer loop
      vertex 9.23492 11.8202 0
      vertex 40.018 51.2207 0
      vertex 9.64181 11.4907 0
    endloop
  endfacet
  facet normal -0 0 -1
    outer loop
      vertex 40.018 51.2207 0
      vertex 9.23492 11.8202 0
      vertex 38.206 52.5861 0
    endloop
  endfacet
  facet normal 0 0 -1
    outer loop
      vertex 8.81678 12.1353 0
      vertex 38.206 52.5861 0
      vertex 9.23492 11.8202 0
    endloop
  endfacet
  facet normal 0 0 -1
    outer loop
      vertex 8.38789 12.4356 0
      vertex 36.3475 53.8874 0
      vertex 8.81678 12.1353 0
    endloop
  endfacet
  facet normal -0 0 -1
    outer loop
      vertex 36.3475 53.8874 0
      vertex 8.38789 12.4356 0
      vertex 34.4448 55.1231 0
    endloop
  endfacet
  facet normal -0 0 -1
    outer loop
      vertex 34.4448 55.1231 0
      vertex 7.94879 12.7207 0
      vertex 32.5 56.2916 0
    endloop
  endfacet
  facet normal 0 0 -1
    outer loop
      vertex 14.0954 5.1303 0
      vertex 55 5 0
      vertex 14.1403 5 0
    endloop
  endfacet
  facet normal 0 0 -1
    outer loop
      vertex 13.9078 5.6191 0
      vertex 55 5 0
      vertex 14.0954 5.1303 0
    endloop
  endfacet
  facet normal 0 0 -1
    outer loop
      vertex 13.7032 6.10105 0
      vertex 55 5 0
      vertex 13.9078 5.6191 0
    endloop
  endfacet
  facet normal 0 0 -1
    outer loop
      vertex 13.4819 6.57557 0
      vertex 55 5 0
      vertex 13.7032 6.10105 0
    endloop
  endfacet
  facet normal 0 0 -1
    outer loop
      vertex 13.2442 7.04207 0
      vertex 55 5 0
      vertex 13.4819 6.57557 0
    endloop
  endfacet
  facet normal 0 0 -1
    outer loop
      vertex 12.9904 7.5 0
      vertex 55 5 0
      vertex 13.2442 7.04207 0
    endloop
  endfacet
  facet normal -0 0 -1
    outer loop
      vertex 53.8874 36.3475 0
      vertex 12.4356 8.38789 0
      vertex 52.5861 38.206 0
    endloop
  endfacet
  facet normal 0 0 -1
    outer loop
      vertex 11.4907 9.64181 0
      vertex 49.7929 41.7812 0
      vertex 11.8202 9.23492 0
    endloop
  endfacet
  facet normal 0 0 -1
    outer loop
      vertex 10.7901 10.4199 0
      vertex 46.7571 45.1528 0
      vertex 11.1472 10.037 0
    endloop
  endfacet
  facet normal 0 0 -1
    outer loop
      vertex 10.037 11.1472 0
      vertex 43.4935 48.3044 0
      vertex 10.4199 10.7901 0
    endloop
  endfacet
  facet normal -0 0 -1
    outer loop
      vertex 41.7812 49.7929 0
      vertex 9.64181 11.4907 0
      vertex 40.018 51.2207 0
    endloop
  endfacet
  facet normal -0 0 -1
    outer loop
      vertex 38.206 52.5861 0
      vertex 8.81678 12.1353 0
      vertex 36.3475 53.8874 0
    endloop
  endfacet
  facet normal 0 0 -1
    outer loop
      vertex 7.94879 12.7207 0
      vertex 34.4448 55.1231 0
      vertex 8.38789 12.4356 0
    endloop
  endfacet
  facet normal 0 0 -1
    outer loop
      vertex 7.5 12.9904 0
      vertex 32.5 56.2916 0
      vertex 7.94879 12.7207 0
    endloop
  endfacet
  facet normal -0 0 -1
    outer loop
      vertex 32.5 56.2916 0
      vertex 7.5 12.9904 0
      vertex 30.5157 57.3916 0
    endloop
  endfacet
  facet normal 0 0 -1
    outer loop
      vertex 7.04207 13.2442 0
      vertex 30.5157 57.3916 0
      vertex 7.5 12.9904 0
    endloop
  endfacet
  facet normal -0 0 -1
    outer loop
      vertex 30.5157 57.3916 0
      vertex 7.04207 13.2442 0
      vertex 28.4941 58.4216 0
    endloop
  endfacet
  facet normal 0 0 -1
    outer loop
      vertex 6.57557 13.4819 0
      vertex 28.4941 58.4216 0
      vertex 7.04207 13.2442 0
    endloop
  endfacet
  facet normal -0 0 -1
    outer loop
      vertex 28.4941 58.4216 0
      vertex 6.57557 13.4819 0
      vertex 26.4379 59.3805 0
    endloop
  endfacet
  facet normal 0 0 -1
    outer loop
      vertex 6.10105 13.7032 0
      vertex 26.4379 59.3805 0
      vertex 6.57557 13.4819 0
    endloop
  endfacet
  facet normal -0 0 -1
    outer loop
      vertex 26.4379 59.3805 0
      vertex 6.10105 13.7032 0
      vertex 24.3494 60.2669 0
    endloop
  endfacet
  facet normal 0 0 -1
    outer loop
      vertex 5.6191 13.9078 0
      vertex 24.3494 60.2669 0
      vertex 6.10105 13.7032 0
    endloop
  endfacet
  facet normal -0 0 -1
    outer loop
      vertex 24.3494 60.2669 0
      vertex 5.6191 13.9078 0
      vertex 22.2313 61.08 0
    endloop
  endfacet
  facet normal 0 0 -1
    outer loop
      vertex 5.1303 14.0954 0
      vertex 22.2313 61.08 0
      vertex 5.6191 13.9078 0
    endloop
  endfacet
  facet normal -0 0 -1
    outer loop
      vertex 22.2313 61.08 0
      vertex 5.1303 14.0954 0
      vertex 20.0861 61.8187 0
    endloop
  endfacet
  facet normal 0 0 -1
    outer loop
      vertex 4.63525 14.2658 0
      vertex 20.0861 61.8187 0
      vertex 5.1303 14.0954 0
    endloop
  endfacet
  facet normal -0 0 -1
    outer loop
      vertex 20.0861 61.8187 0
      vertex 4.63525 14.2658 0
      vertex 17.9164 62.482 0
    endloop
  endfacet
  facet normal 0 0 -1
    outer loop
      vertex 4.13456 14.4189 0
      vertex 17.9164 62.482 0
      vertex 4.63525 14.2658 0
    endloop
  endfacet
  facet normal -0 0 -1
    outer loop
      vertex 17.9164 62.482 0
      vertex 4.13456 14.4189 0
      vertex 15.7249 63.0692 0
    endloop
  endfacet
  facet normal 0 0 -1
    outer loop
      vertex 3.62883 14.5544 0
      vertex 15.7249 63.0692 0
      vertex 4.13456 14.4189 0
    endloop
  endfacet
  facet normal -0 0 -1
    outer loop
      vertex 15.7249 63.0692 0
      vertex 3.62883 14.5544 0
      vertex 13.5143 63.5796 0
    endloop
  endfacet
  facet normal 0 0 -1
    outer loop
      vertex 3.11868 14.6722 0
      vertex 13.5143 63.5796 0
      vertex 3.62883 14.5544 0
    endloop
  endfacet
  facet normal -0 0 -1
    outer loop
      vertex 13.5143 63.5796 0
      vertex 3.11868 14.6722 0
      vertex 11.2871 64.0125 0
    endloop
  endfacet
  facet normal 0 0 -1
    outer loop
      vertex 2.60472 14.7721 0
      vertex 11.2871 64.0125 0
      vertex 3.11868 14.6722 0
    endloop
  endfacet
  facet normal -0 0 -1
    outer loop
      vertex 11.2871 64.0125 0
      vertex 2.60472 14.7721 0
      vertex 9.04625 64.3674 0
    endloop
  endfacet
  facet normal 0 0 -1
    outer loop
      vertex 2.0876 14.854 0
      vertex 9.04625 64.3674 0
      vertex 2.60472 14.7721 0
    endloop
  endfacet
  facet normal -0 0 -1
    outer loop
      vertex 9.04625 64.3674 0
      vertex 2.0876 14.854 0
      vertex 6.79435 64.6439 0
    endloop
  endfacet
  facet normal 0 0 -1
    outer loop
      vertex 1.56793 14.9178 0
      vertex 6.79435 64.6439 0
      vertex 2.0876 14.854 0
    endloop
  endfacet
  facet normal -0 0 -1
    outer loop
      vertex 6.79435 64.6439 0
      vertex 1.56793 14.9178 0
      vertex 4.53417 64.8417 0
    endloop
  endfacet
  facet normal 0 0 -1
    outer loop
      vertex 1.04635 14.9635 0
      vertex 4.53417 64.8417 0
      vertex 1.56793 14.9178 0
    endloop
  endfacet
  facet normal -0 0 -1
    outer loop
      vertex 4.53417 64.8417 0
      vertex 1.04635 14.9635 0
      vertex 2.26847 64.9604 0
    endloop
  endfacet
  facet normal 0 0 -1
    outer loop
      vertex 0.523492 14.9909 0
      vertex 2.26847 64.9604 0
      vertex 1.04635 14.9635 0
    endloop
  endfacet
  facet normal 0 0 -1
    outer loop
      vertex 0 15 0
      vertex 2.26847 64.9604 0
      vertex 0.523492 14.9909 0
    endloop
  endfacet
  facet normal 0 0 -1
    outer loop
      vertex 0 15 0
      vertex 0 65 0
      vertex 2.26847 64.9604 0
    endloop
  endfacet
  facet normal 0 0 -1
    outer loop
      vertex -0.523492 14.9909 0
      vertex 0 65 0
      vertex 0 15 0
    endloop
  endfacet
  facet normal 0 0 -1
    outer loop
      vertex -2.26847 64.9604 0
      vertex -0.523492 14.9909 0
      vertex -1.04635 14.9635 0
    endloop
  endfacet
  facet normal 0 0 -1
    outer loop
      vertex -4.53417 64.8417 0
      vertex -1.04635 14.9635 0
      vertex -1.56793 14.9178 0
    endloop
  endfacet
  facet normal 0 0 -1
    outer loop
      vertex -6.79435 64.6439 0
      vertex -1.56793 14.9178 0
      vertex -2.0876 14.854 0
    endloop
  endfacet
  facet normal 0 0 -1
    outer loop
      vertex -0.523492 14.9909 0
      vertex -2.26847 64.9604 0
      vertex 0 65 0
    endloop
  endfacet
  facet normal 0 0 -1
    outer loop
      vertex -9.04625 64.3674 0
      vertex -2.0876 14.854 0
      vertex -2.60472 14.7721 0
    endloop
  endfacet
  facet normal 0 0 -1
    outer loop
      vertex -11.2871 64.0125 0
      vertex -2.60472 14.7721 0
      vertex -3.11868 14.6722 0
    endloop
  endfacet
  facet normal 0 0 -1
    outer loop
      vertex -13.5143 63.5796 0
      vertex -3.11868 14.6722 0
      vertex -3.62883 14.5544 0
    endloop
  endfacet
  facet normal 0 0 -1
    outer loop
      vertex -15.7249 63.0692 0
      vertex -3.62883 14.5544 0
      vertex -4.13456 14.4189 0
    endloop
  endfacet
  facet normal 0 0 -1
    outer loop
      vertex -1.04635 14.9635 0
      vertex -4.53417 64.8417 0
      vertex -2.26847 64.9604 0
    endloop
  endfacet
  facet normal 0 0 -1
    outer loop
      vertex -17.9164 62.482 0
      vertex -4.13456 14.4189 0
      vertex -4.63525 14.2658 0
    endloop
  endfacet
  facet normal 0 0 -1
    outer loop
      vertex -20.0861 61.8187 0
      vertex -4.63525 14.2658 0
      vertex -5.1303 14.0954 0
    endloop
  endfacet
  facet normal 0 0 -1
    outer loop
      vertex -22.2313 61.08 0
      vertex -5.1303 14.0954 0
      vertex -5.6191 13.9078 0
    endloop
  endfacet
  facet normal 0 0 -1
    outer loop
      vertex -24.3494 60.2669 0
      vertex -5.6191 13.9078 0
      vertex -6.10105 13.7032 0
    endloop
  endfacet
  facet normal 0 0 -1
    outer loop
      vertex -26.4379 59.3805 0
      vertex -6.10105 13.7032 0
      vertex -6.57557 13.4819 0
    endloop
  endfacet
  facet normal 0 0 -1
    outer loop
      vertex -1.56793 14.9178 0
      vertex -6.79435 64.6439 0
      vertex -4.53417 64.8417 0
    endloop
  endfacet
  facet normal 0 0 -1
    outer loop
      vertex -28.4941 58.4216 0
      vertex -6.57557 13.4819 0
      vertex -7.04207 13.2442 0
    endloop
  endfacet
  facet normal 0 0 -1
    outer loop
      vertex -30.5157 57.3916 0
      vertex -7.04207 13.2442 0
      vertex -7.5 12.9904 0
    endloop
  endfacet
  facet normal 0 0 -1
    outer loop
      vertex -32.5 56.2916 0
      vertex -7.5 12.9904 0
      vertex -7.94879 12.7207 0
    endloop
  endfacet
  facet normal 0 0 -1
    outer loop
      vertex -34.4448 55.1231 0
      vertex -7.94879 12.7207 0
      vertex -8.38789 12.4356 0
    endloop
  endfacet
  facet normal 0 0 -1
    outer loop
      vertex -36.3475 53.8874 0
      vertex -8.38789 12.4356 0
      vertex -8.81678 12.1353 0
    endloop
  endfacet
  facet normal 0 0 -1
    outer loop
      vertex -2.0876 14.854 0
      vertex -9.04625 64.3674 0
      vertex -6.79435 64.6439 0
    endloop
  endfacet
  facet normal 0 0 -1
    outer loop
      vertex -38.206 52.5861 0
      vertex -8.81678 12.1353 0
      vertex -9.23492 11.8202 0
    endloop
  endfacet
  facet normal 0 0 -1
    outer loop
      vertex -40.018 51.2207 0
      vertex -9.23492 11.8202 0
      vertex -9.64181 11.4907 0
    endloop
  endfacet
  facet normal 0 0 -1
    outer loop
      vertex -41.7812 49.7929 0
      vertex -9.64181 11.4907 0
      vertex -10.037 11.1472 0
    endloop
  endfacet
  facet normal 0 0 -1
    outer loop
      vertex -43.4935 48.3044 0
      vertex -10.037 11.1472 0
      vertex -10.4199 10.7901 0
    endloop
  endfacet
  facet normal 0 0 -1
    outer loop
      vertex -45.1528 46.7571 0
      vertex -10.4199 10.7901 0
      vertex -10.7901 10.4199 0
    endloop
  endfacet
  facet normal 0 0 -1
    outer loop
      vertex -46.7571 45.1528 0
      vertex -10.7901 10.4199 0
      vertex -11.1472 10.037 0
    endloop
  endfacet
  facet normal 0 0 -1
    outer loop
      vertex -2.60472 14.7721 0
      vertex -11.2871 64.0125 0
      vertex -9.04625 64.3674 0
    endloop
  endfacet
  facet normal 0 0 -1
    outer loop
      vertex -48.3044 43.4935 0
      vertex -11.1472 10.037 0
      vertex -11.4907 9.64181 0
    endloop
  endfacet
  facet normal 0 0 -1
    outer loop
      vertex -49.7929 41.7812 0
      vertex -11.4907 9.64181 0
      vertex -11.8202 9.23492 0
    endloop
  endfacet
  facet normal 0 0 -1
    outer loop
      vertex -51.2207 40.018 0
      vertex -11.8202 9.23492 0
      vertex -12.1353 8.81678 0
    endloop
  endfacet
  facet normal 0 0 -1
    outer loop
      vertex -52.5861 38.206 0
      vertex -12.1353 8.81678 0
      vertex -12.4356 8.38789 0
    endloop
  endfacet
  facet normal 0 0 -1
    outer loop
      vertex -53.8874 36.3475 0
      vertex -12.4356 8.38789 0
      vertex -12.7207 7.94879 0
    endloop
  endfacet
  facet normal 0 0 -1
    outer loop
      vertex -55.1231 34.4448 0
      vertex -12.7207 7.94879 0
      vertex -12.9904 7.5 0
    endloop
  endfacet
  facet normal 0 0 -1
    outer loop
      vertex -56.2916 32.5 0
      vertex -12.9904 7.5 0
      vertex -13.2442 7.04207 0
    endloop
  endfacet
  facet normal 0 0 -1
    outer loop
      vertex -57.3916 30.5157 0
      vertex -13.2442 7.04207 0
      vertex -13.4819 6.57557 0
    endloop
  endfacet
  facet normal 0 0 -1
    outer loop
      vertex -3.11868 14.6722 0
      vertex -13.5143 63.5796 0
      vertex -11.2871 64.0125 0
    endloop
  endfacet
  facet normal 0 0 -1
    outer loop
      vertex -58.4216 28.4941 0
      vertex -13.4819 6.57557 0
      vertex -13.7032 6.10105 0
    endloop
  endfacet
  facet normal 0 0 -1
    outer loop
      vertex -59.3805 26.4379 0
      vertex -13.7032 6.10105 0
      vertex -13.9078 5.6191 0
    endloop
  endfacet
  facet normal 0 0 -1
    outer loop
      vertex -60.2669 24.3494 0
      vertex -13.9078 5.6191 0
      vertex -14.0954 5.1303 0
    endloop
  endfacet
  facet normal 0 0 -1
    outer loop
      vertex -61.08 22.2313 0
      vertex -14.0954 5.1303 0
      vertex -14.2658 4.63525 0
    endloop
  endfacet
  facet normal 0 0 -1
    outer loop
      vertex -61.8187 20.0861 0
      vertex -14.2658 4.63525 0
      vertex -14.4189 4.13456 0
    endloop
  endfacet
  facet normal 0 0 -1
    outer loop
      vertex -62.482 17.9164 0
      vertex -14.4189 4.13456 0
      vertex -14.5544 3.62883 0
    endloop
  endfacet
  facet normal 0 0 -1
    outer loop
      vertex -63.0692 15.7249 0
      vertex -14.5544 3.62883 0
      vertex -14.6722 3.11868 0
    endloop
  endfacet
  facet normal 0 0 -1
    outer loop
      vertex -63.5796 13.5143 0
      vertex -14.6722 3.11868 0
      vertex -14.7721 2.60472 0
    endloop
  endfacet
  facet normal 0 0 -1
    outer loop
      vertex -64.0581 10.9995 0
      vertex -14.7721 2.60472 0
      vertex -14.854 2.0876 0
    endloop
  endfacet
  facet normal 0 0 -1
    outer loop
      vertex -64.0581 10.9995 0
      vertex -14.854 2.0876 0
      vertex -14.9178 1.56793 0
    endloop
  endfacet
  facet normal 0 0 -1
    outer loop
      vertex -64.0581 10.9995 0
      vertex -14.9178 1.56793 0
      vertex -14.9635 1.04635 0
    endloop
  endfacet
  facet normal 0 0 -1
    outer loop
      vertex -64.0581 10.9995 0
      vertex -14.9635 1.04635 0
      vertex -14.9909 0.523492 0
    endloop
  endfacet
  facet normal 0 0 -1
    outer loop
      vertex -3.62883 14.5544 0
      vertex -15.7249 63.0692 0
      vertex -13.5143 63.5796 0
    endloop
  endfacet
  facet normal 0 0 -1
    outer loop
      vertex -66 0 0
      vertex -14.9909 0.523492 0
      vertex -15 0 0
    endloop
  endfacet
  facet normal -0 0 -1
    outer loop
      vertex -11.8202 -9.23492 0
      vertex -51.2207 -40.018 0
      vertex -12.1353 -8.81678 0
    endloop
  endfacet
  facet normal 0 0 -1
    outer loop
      vertex -52.5861 -38.206 0
      vertex -12.1353 -8.81678 0
      vertex -51.2207 -40.018 0
    endloop
  endfacet
  facet normal 0 0 -1
    outer loop
      vertex -4.13456 14.4189 0
      vertex -17.9164 62.482 0
      vertex -15.7249 63.0692 0
    endloop
  endfacet
  facet normal -0 0 -1
    outer loop
      vertex -12.1353 -8.81678 0
      vertex -52.5861 -38.206 0
      vertex -12.4356 -8.38789 0
    endloop
  endfacet
  facet normal 0 0 -1
    outer loop
      vertex -4.63525 14.2658 0
      vertex -20.0861 61.8187 0
      vertex -17.9164 62.482 0
    endloop
  endfacet
  facet normal 0 0 -1
    outer loop
      vertex -53.8874 -36.3475 0
      vertex -12.4356 -8.38789 0
      vertex -52.5861 -38.206 0
    endloop
  endfacet
  facet normal 0 0 -1
    outer loop
      vertex -5.1303 14.0954 0
      vertex -22.2313 61.08 0
      vertex -20.0861 61.8187 0
    endloop
  endfacet
  facet normal -0 0 -1
    outer loop
      vertex -12.4356 -8.38789 0
      vertex -53.8874 -36.3475 0
      vertex -12.7207 -7.94879 0
    endloop
  endfacet
  facet normal 0 0 -1
    outer loop
      vertex -5.6191 13.9078 0
      vertex -24.3494 60.2669 0
      vertex -22.2313 61.08 0
    endloop
  endfacet
  facet normal 0 0 -1
    outer loop
      vertex -55.1231 -34.4448 0
      vertex -12.7207 -7.94879 0
      vertex -53.8874 -36.3475 0
    endloop
  endfacet
  facet normal 0 0 -1
    outer loop
      vertex -6.10105 13.7032 0
      vertex -26.4379 59.3805 0
      vertex -24.3494 60.2669 0
    endloop
  endfacet
  facet normal -0 0 -1
    outer loop
      vertex -12.7207 -7.94879 0
      vertex -55.1231 -34.4448 0
      vertex -12.9904 -7.5 0
    endloop
  endfacet
  facet normal 0 0 -1
    outer loop
      vertex -6.57557 13.4819 0
      vertex -28.4941 58.4216 0
      vertex -26.4379 59.3805 0
    endloop
  endfacet
  facet normal 0 0 -1
    outer loop
      vertex -56.2916 -32.5 0
      vertex -12.9904 -7.5 0
      vertex -55.1231 -34.4448 0
    endloop
  endfacet
  facet normal 0 0 -1
    outer loop
      vertex -7.04207 13.2442 0
      vertex -30.5157 57.3916 0
      vertex -28.4941 58.4216 0
    endloop
  endfacet
  facet normal -0 0 -1
    outer loop
      vertex -12.9904 -7.5 0
      vertex -56.2916 -32.5 0
      vertex -13.2442 -7.04207 0
    endloop
  endfacet
  facet normal 0 0 -1
    outer loop
      vertex -7.5 12.9904 0
      vertex -32.5 56.2916 0
      vertex -30.5157 57.3916 0
    endloop
  endfacet
  facet normal 0 0 -1
    outer loop
      vertex -57.3916 -30.5157 0
      vertex -13.2442 -7.04207 0
      vertex -56.2916 -32.5 0
    endloop
  endfacet
  facet normal 0 0 -1
    outer loop
      vertex -7.94879 12.7207 0
      vertex -34.4448 55.1231 0
      vertex -32.5 56.2916 0
    endloop
  endfacet
  facet normal -0 0 -1
    outer loop
      vertex -13.2442 -7.04207 0
      vertex -57.3916 -30.5157 0
      vertex -13.4819 -6.57557 0
    endloop
  endfacet
  facet normal 0 0 -1
    outer loop
      vertex -8.38789 12.4356 0
      vertex -36.3475 53.8874 0
      vertex -34.4448 55.1231 0
    endloop
  endfacet
  facet normal 0 0 -1
    outer loop
      vertex -58.4216 -28.4941 0
      vertex -13.4819 -6.57557 0
      vertex -57.3916 -30.5157 0
    endloop
  endfacet
  facet normal 0 0 -1
    outer loop
      vertex -8.81678 12.1353 0
      vertex -38.206 52.5861 0
      vertex -36.3475 53.8874 0
    endloop
  endfacet
  facet normal -0 0 -1
    outer loop
      vertex -13.4819 -6.57557 0
      vertex -58.4216 -28.4941 0
      vertex -13.7032 -6.10105 0
    endloop
  endfacet
  facet normal 0 0 -1
    outer loop
      vertex -9.23492 11.8202 0
      vertex -40.018 51.2207 0
      vertex -38.206 52.5861 0
    endloop
  endfacet
  facet normal 0 0 -1
    outer loop
      vertex -59.3805 -26.4379 0
      vertex -13.7032 -6.10105 0
      vertex -58.4216 -28.4941 0
    endloop
  endfacet
  facet normal 0 0 -1
    outer loop
      vertex -9.64181 11.4907 0
      vertex -41.7812 49.7929 0
      vertex -40.018 51.2207 0
    endloop
  endfacet
  facet normal -0 0 -1
    outer loop
      vertex -13.7032 -6.10105 0
      vertex -59.3805 -26.4379 0
      vertex -13.9078 -5.6191 0
    endloop
  endfacet
  facet normal 0 0 -1
    outer loop
      vertex -10.037 11.1472 0
      vertex -43.4935 48.3044 0
      vertex -41.7812 49.7929 0
    endloop
  endfacet
  facet normal 0 0 -1
    outer loop
      vertex -60.2669 -24.3494 0
      vertex -13.9078 -5.6191 0
      vertex -59.3805 -26.4379 0
    endloop
  endfacet
  facet normal 0 0 -1
    outer loop
      vertex -10.4199 10.7901 0
      vertex -45.1528 46.7571 0
      vertex -43.4935 48.3044 0
    endloop
  endfacet
  facet normal -0 0 -1
    outer loop
      vertex -13.9078 -5.6191 0
      vertex -60.2669 -24.3494 0
      vertex -14.0954 -5.1303 0
    endloop
  endfacet
  facet normal 0 0 -1
    outer loop
      vertex -10.7901 10.4199 0
      vertex -46.7571 45.1528 0
      vertex -45.1528 46.7571 0
    endloop
  endfacet
  facet normal 0 0 -1
    outer loop
      vertex -61.08 -22.2313 0
      vertex -14.0954 -5.1303 0
      vertex -60.2669 -24.3494 0
    endloop
  endfacet
  facet normal 0 0 -1
    outer loop
      vertex -11.1472 10.037 0
      vertex -48.3044 43.4935 0
      vertex -46.7571 45.1528 0
    endloop
  endfacet
  facet normal -0 0 -1
    outer loop
      vertex -14.0954 -5.1303 0
      vertex -61.08 -22.2313 0
      vertex -14.2658 -4.63525 0
    endloop
  endfacet
  facet normal 0 0 -1
    outer loop
      vertex -11.4907 9.64181 0
      vertex -49.7929 41.7812 0
      vertex -48.3044 43.4935 0
    endloop
  endfacet
  facet normal 0 0 -1
    outer loop
      vertex -61.8187 -20.0861 0
      vertex -14.2658 -4.63525 0
      vertex -61.08 -22.2313 0
    endloop
  endfacet
  facet normal 0 0 -1
    outer loop
      vertex -11.8202 9.23492 0
      vertex -51.2207 40.018 0
      vertex -49.7929 41.7812 0
    endloop
  endfacet
  facet normal -0 0 -1
    outer loop
      vertex -14.2658 -4.63525 0
      vertex -61.8187 -20.0861 0
      vertex -14.4189 -4.13456 0
    endloop
  endfacet
  facet normal 0 0 -1
    outer loop
      vertex -12.1353 8.81678 0
      vertex -52.5861 38.206 0
      vertex -51.2207 40.018 0
    endloop
  endfacet
  facet normal 0 0 -1
    outer loop
      vertex -62.482 -17.9164 0
      vertex -14.4189 -4.13456 0
      vertex -61.8187 -20.0861 0
    endloop
  endfacet
  facet normal 0 0 -1
    outer loop
      vertex -12.4356 8.38789 0
      vertex -53.8874 36.3475 0
      vertex -52.5861 38.206 0
    endloop
  endfacet
  facet normal -0 0 -1
    outer loop
      vertex -14.4189 -4.13456 0
      vertex -62.482 -17.9164 0
      vertex -14.5544 -3.62883 0
    endloop
  endfacet
  facet normal 0 0 -1
    outer loop
      vertex -12.7207 7.94879 0
      vertex -55.1231 34.4448 0
      vertex -53.8874 36.3475 0
    endloop
  endfacet
  facet normal 0 0 -1
    outer loop
      vertex -63.0692 -15.7249 0
      vertex -14.5544 -3.62883 0
      vertex -62.482 -17.9164 0
    endloop
  endfacet
  facet normal 0 0 -1
    outer loop
      vertex -12.9904 7.5 0
      vertex -56.2916 32.5 0
      vertex -55.1231 34.4448 0
    endloop
  endfacet
  facet normal -0 0 -1
    outer loop
      vertex -14.5544 -3.62883 0
      vertex -63.0692 -15.7249 0
      vertex -14.6722 -3.11868 0
    endloop
  endfacet
  facet normal 0 0 -1
    outer loop
      vertex -13.2442 7.04207 0
      vertex -57.3916 30.5157 0
      vertex -56.2916 32.5 0
    endloop
  endfacet
  facet normal 0 0 -1
    outer loop
      vertex -63.5796 -13.5143 0
      vertex -14.6722 -3.11868 0
      vertex -63.0692 -15.7249 0
    endloop
  endfacet
  facet normal 0 0 -1
    outer loop
      vertex -13.4819 6.57557 0
      vertex -58.4216 28.4941 0
      vertex -57.3916 30.5157 0
    endloop
  endfacet
  facet normal -0 0 -1
    outer loop
      vertex -14.6722 -3.11868 0
      vertex -63.5796 -13.5143 0
      vertex -14.7721 -2.60472 0
    endloop
  endfacet
  facet normal 0 0 -1
    outer loop
      vertex -13.7032 6.10105 0
      vertex -59.3805 26.4379 0
      vertex -58.4216 28.4941 0
    endloop
  endfacet
  facet normal 0 0 -1
    outer loop
      vertex -64.0125 -11.2871 0
      vertex -14.7721 -2.60472 0
      vertex -63.5796 -13.5143 0
    endloop
  endfacet
  facet normal 0 0 -1
    outer loop
      vertex -13.9078 5.6191 0
      vertex -60.2669 24.3494 0
      vertex -59.3805 26.4379 0
    endloop
  endfacet
  facet normal 0 0 -1
    outer loop
      vertex -64.0581 -10.9995 0
      vertex -14.7721 -2.60472 0
      vertex -64.0125 -11.2871 0
    endloop
  endfacet
  facet normal 0 0 -1
    outer loop
      vertex -14.0954 5.1303 0
      vertex -61.08 22.2313 0
      vertex -60.2669 24.3494 0
    endloop
  endfacet
  facet normal -0 0 -1
    outer loop
      vertex -14.7721 -2.60472 0
      vertex -64.0581 -10.9995 0
      vertex -14.854 -2.0876 0
    endloop
  endfacet
  facet normal 0 0 -1
    outer loop
      vertex -14.2658 4.63525 0
      vertex -61.8187 20.0861 0
      vertex -61.08 22.2313 0
    endloop
  endfacet
  facet normal -0 0 -1
    outer loop
      vertex -14.854 -2.0876 0
      vertex -64.0581 -10.9995 0
      vertex -14.9178 -1.56793 0
    endloop
  endfacet
  facet normal 0 0 -1
    outer loop
      vertex -14.4189 4.13456 0
      vertex -62.482 17.9164 0
      vertex -61.8187 20.0861 0
    endloop
  endfacet
  facet normal -0 0 -1
    outer loop
      vertex -14.9178 -1.56793 0
      vertex -64.0581 -10.9995 0
      vertex -14.9635 -1.04635 0
    endloop
  endfacet
  facet normal 0 0 -1
    outer loop
      vertex -14.5544 3.62883 0
      vertex -63.0692 15.7249 0
      vertex -62.482 17.9164 0
    endloop
  endfacet
  facet normal -0 0 -1
    outer loop
      vertex -14.9635 -1.04635 0
      vertex -64.0581 -10.9995 0
      vertex -14.9909 -0.523492 0
    endloop
  endfacet
  facet normal 0 0 -1
    outer loop
      vertex -14.6722 3.11868 0
      vertex -63.5796 13.5143 0
      vertex -63.0692 15.7249 0
    endloop
  endfacet
  facet normal 0 0 -1
    outer loop
      vertex -66 0 0
      vertex -14.9909 -0.523492 0
      vertex -64.0581 -10.9995 0
    endloop
  endfacet
  facet normal 0 0 -1
    outer loop
      vertex -14.9909 -0.523492 0
      vertex -66 0 0
      vertex -15 0 0
    endloop
  endfacet
  facet normal 0 0 -1
    outer loop
      vertex -14.7721 2.60472 0
      vertex -64.0581 10.9995 0
      vertex -64.0125 11.2871 0
    endloop
  endfacet
  facet normal 0 0 -1
    outer loop
      vertex -14.7721 2.60472 0
      vertex -64.0125 11.2871 0
      vertex -63.5796 13.5143 0
    endloop
  endfacet
  facet normal -0 0 -1
    outer loop
      vertex -14.9909 0.523492 0
      vertex -66 0 0
      vertex -64.0581 10.9995 0
    endloop
  endfacet
  facet normal 0 0 -1
    outer loop
      vertex -64.0581 -10.9995 0
      vertex -66.0257 -0.391578 0
      vertex -66 0 0
    endloop
  endfacet
  facet normal 0 0 -1
    outer loop
      vertex -64.0581 -10.9995 0
      vertex -66.1022 -0.776457 0
      vertex -66.0257 -0.391578 0
    endloop
  endfacet
  facet normal 0 0 -1
    outer loop
      vertex -64.0581 -10.9995 0
      vertex -66.2284 -1.14805 0
      vertex -66.1022 -0.776457 0
    endloop
  endfacet
  facet normal 0 0 -1
    outer loop
      vertex -64.0581 -10.9995 0
      vertex -66.4019 -1.5 0
      vertex -66.2284 -1.14805 0
    endloop
  endfacet
  facet normal 0 0 -1
    outer loop
      vertex -64.0581 -10.9995 0
      vertex -66.6199 -1.82628 0
      vertex -66.4019 -1.5 0
    endloop
  endfacet
  facet normal 0 0 -1
    outer loop
      vertex -64.0581 -10.9995 0
      vertex -66.8787 -2.12132 0
      vertex -66.6199 -1.82628 0
    endloop
  endfacet
  facet normal 0 0 -1
    outer loop
      vertex -64.0581 -10.9995 0
      vertex -67.1737 -2.38006 0
      vertex -66.8787 -2.12132 0
    endloop
  endfacet
  facet normal 0 0 -1
    outer loop
      vertex -64.0581 -10.9995 0
      vertex -67.5 -2.59808 0
      vertex -67.1737 -2.38006 0
    endloop
  endfacet
  facet normal 0 0 -1
    outer loop
      vertex -64.0581 -10.9995 0
      vertex -67.852 -2.77164 0
      vertex -67.5 -2.59808 0
    endloop
  endfacet
  facet normal 0 0 -1
    outer loop
      vertex -68.9001 -10.9995 0
      vertex -67.852 -2.77164 0
      vertex -64.0581 -10.9995 0
    endloop
  endfacet
  facet normal 0 0 -1
    outer loop
      vertex -67.852 -2.77164 0
      vertex -68.9001 -10.9995 0
      vertex -68.2235 -2.89778 0
    endloop
  endfacet
  facet normal 0 0 -1
    outer loop
      vertex -68.2235 -2.89778 0
      vertex -68.9001 -10.9995 0
      vertex -68.6084 -2.97433 0
    endloop
  endfacet
  facet normal 0 0 -1
    outer loop
      vertex -68.9001 -10.9995 0
      vertex -69 -3 0
      vertex -68.6084 -2.97433 0
    endloop
  endfacet
  facet normal 0 0 -1
    outer loop
      vertex -69.2996 -10.9959 0
      vertex -69 -3 0
      vertex -68.9001 -10.9995 0
    endloop
  endfacet
  facet normal 0 0 -1
    outer loop
      vertex -69.6987 -10.9778 0
      vertex -69 -3 0
      vertex -69.2996 -10.9959 0
    endloop
  endfacet
  facet normal -0 0 -1
    outer loop
      vertex -69 -3 0
      vertex -69.6987 -10.9778 0
      vertex -69.3916 -2.97433 0
    endloop
  endfacet
  facet normal 0 0 -1
    outer loop
      vertex -70.0968 -10.9452 0
      vertex -69.3916 -2.97433 0
      vertex -69.6987 -10.9778 0
    endloop
  endfacet
  facet normal 0 0 -1
    outer loop
      vertex -70.4935 -10.8981 0
      vertex -69.3916 -2.97433 0
      vertex -70.0968 -10.9452 0
    endloop
  endfacet
  facet normal 0 0 -1
    outer loop
      vertex -70.8883 -10.8367 0
      vertex -69.3916 -2.97433 0
      vertex -70.4935 -10.8981 0
    endloop
  endfacet
  facet normal -0 0 -1
    outer loop
      vertex -69.3916 -2.97433 0
      vertex -70.8883 -10.8367 0
      vertex -69.7765 -2.89778 0
    endloop
  endfacet
  facet normal 0 0 -1
    outer loop
      vertex -71.2805 -10.761 0
      vertex -69.7765 -2.89778 0
      vertex -70.8883 -10.8367 0
    endloop
  endfacet
  facet normal 0 0 -1
    outer loop
      vertex -71.6698 -10.6711 0
      vertex -69.7765 -2.89778 0
      vertex -71.2805 -10.761 0
    endloop
  endfacet
  facet normal 0 0 -1
    outer loop
      vertex -72.0555 -10.5671 0
      vertex -69.7765 -2.89778 0
      vertex -71.6698 -10.6711 0
    endloop
  endfacet
  facet normal 0 0 -1
    outer loop
      vertex -72.4372 -10.4492 0
      vertex -69.7765 -2.89778 0
      vertex -72.0555 -10.5671 0
    endloop
  endfacet
  facet normal -0 0 -1
    outer loop
      vertex -69.7765 -2.89778 0
      vertex -72.4372 -10.4492 0
      vertex -70.148 -2.77164 0
    endloop
  endfacet
  facet normal 0 0 -1
    outer loop
      vertex -72.8143 -10.3175 0
      vertex -70.148 -2.77164 0
      vertex -72.4372 -10.4492 0
    endloop
  endfacet
  facet normal 0 0 -1
    outer loop
      vertex -73.1864 -10.1722 0
      vertex -70.148 -2.77164 0
      vertex -72.8143 -10.3175 0
    endloop
  endfacet
  facet normal 0 0 -1
    outer loop
      vertex -73.553 -10.0135 0
      vertex -70.148 -2.77164 0
      vertex -73.1864 -10.1722 0
    endloop
  endfacet
  facet normal 0 0 -1
    outer loop
      vertex -73.9136 -9.84155 0
      vertex -70.148 -2.77164 0
      vertex -73.553 -10.0135 0
    endloop
  endfacet
  facet normal -0 0 -1
    outer loop
      vertex -70.148 -2.77164 0
      vertex -73.9136 -9.84155 0
      vertex -70.5 -2.59808 0
    endloop
  endfacet
  facet normal 0 0 -1
    outer loop
      vertex -74.2678 -9.65664 0
      vertex -70.5 -2.59808 0
      vertex -73.9136 -9.84155 0
    endloop
  endfacet
  facet normal 0 0 -1
    outer loop
      vertex -74.6149 -9.459 0
      vertex -70.5 -2.59808 0
      vertex -74.2678 -9.65664 0
    endloop
  endfacet
  facet normal 0 0 -1
    outer loop
      vertex -74.9547 -9.24888 0
      vertex -70.5 -2.59808 0
      vertex -74.6149 -9.459 0
    endloop
  endfacet
  facet normal 0 0 -1
    outer loop
      vertex -66.0257 0.391578 0
      vertex -64.0581 10.9995 0
      vertex -66 0 0
    endloop
  endfacet
  facet normal 0 0 -1
    outer loop
      vertex -66.1022 0.776457 0
      vertex -64.0581 10.9995 0
      vertex -66.0257 0.391578 0
    endloop
  endfacet
  facet normal 0 0 -1
    outer loop
      vertex -66.2284 1.14805 0
      vertex -64.0581 10.9995 0
      vertex -66.1022 0.776457 0
    endloop
  endfacet
  facet normal 0 0 -1
    outer loop
      vertex -66.4019 1.5 0
      vertex -64.0581 10.9995 0
      vertex -66.2284 1.14805 0
    endloop
  endfacet
  facet normal 0 0 -1
    outer loop
      vertex -66.6199 1.82628 0
      vertex -64.0581 10.9995 0
      vertex -66.4019 1.5 0
    endloop
  endfacet
  facet normal 0 0 -1
    outer loop
      vertex -66.8787 2.12132 0
      vertex -64.0581 10.9995 0
      vertex -66.6199 1.82628 0
    endloop
  endfacet
  facet normal 0 0 -1
    outer loop
      vertex -67.1737 2.38006 0
      vertex -64.0581 10.9995 0
      vertex -66.8787 2.12132 0
    endloop
  endfacet
  facet normal 0 0 -1
    outer loop
      vertex -67.5 2.59808 0
      vertex -64.0581 10.9995 0
      vertex -67.1737 2.38006 0
    endloop
  endfacet
  facet normal 0 0 -1
    outer loop
      vertex -67.852 2.77164 0
      vertex -64.0581 10.9995 0
      vertex -67.5 2.59808 0
    endloop
  endfacet
  facet normal 0 0 -1
    outer loop
      vertex -68.9001 10.9995 0
      vertex -67.852 2.77164 0
      vertex -68.2235 2.89778 0
    endloop
  endfacet
  facet normal 0 0 -1
    outer loop
      vertex -68.9001 10.9995 0
      vertex -68.2235 2.89778 0
      vertex -68.6084 2.97433 0
    endloop
  endfacet
  facet normal 0 0 -1
    outer loop
      vertex -67.852 2.77164 0
      vertex -68.9001 10.9995 0
      vertex -64.0581 10.9995 0
    endloop
  endfacet
  facet normal 0 0 -1
    outer loop
      vertex -69 3 0
      vertex -68.9001 10.9995 0
      vertex -68.6084 2.97433 0
    endloop
  endfacet
  facet normal 0 0 -1
    outer loop
      vertex -69 3 0
      vertex -69.2996 10.9959 0
      vertex -68.9001 10.9995 0
    endloop
  endfacet
  facet normal 0 0 -1
    outer loop
      vertex -69.6987 10.9778 0
      vertex -69 3 0
      vertex -69.3916 2.97433 0
    endloop
  endfacet
  facet normal 0 0 -1
    outer loop
      vertex -69 3 0
      vertex -69.6987 10.9778 0
      vertex -69.2996 10.9959 0
    endloop
  endfacet
  facet normal 0 0 -1
    outer loop
      vertex -70.8883 10.8367 0
      vertex -69.3916 2.97433 0
      vertex -69.7765 2.89778 0
    endloop
  endfacet
  facet normal 0 0 -1
    outer loop
      vertex -69.3916 2.97433 0
      vertex -70.0968 10.9452 0
      vertex -69.6987 10.9778 0
    endloop
  endfacet
  facet normal 0 0 -1
    outer loop
      vertex -72.4372 10.4492 0
      vertex -69.7765 2.89778 0
      vertex -70.148 2.77164 0
    endloop
  endfacet
  facet normal 0 0 -1
    outer loop
      vertex -69.3916 2.97433 0
      vertex -70.4935 10.8981 0
      vertex -70.0968 10.9452 0
    endloop
  endfacet
  facet normal 0 0 -1
    outer loop
      vertex -73.9136 9.84155 0
      vertex -70.148 2.77164 0
      vertex -70.5 2.59808 0
    endloop
  endfacet
  facet normal 0 0 -1
    outer loop
      vertex -74.9547 9.24888 0
      vertex -70.5 2.59808 0
      vertex -70.8263 2.38006 0
    endloop
  endfacet
  facet normal 0 0 -1
    outer loop
      vertex -69.3916 2.97433 0
      vertex -70.8883 10.8367 0
      vertex -70.4935 10.8981 0
    endloop
  endfacet
  facet normal 0 0 -1
    outer loop
      vertex -76.2309 8.28942 0
      vertex -70.8263 2.38006 0
      vertex -71.1213 2.12132 0
    endloop
  endfacet
  facet normal 0 0 -1
    outer loop
      vertex -69.7765 2.89778 0
      vertex -71.2805 10.761 0
      vertex -70.8883 10.8367 0
    endloop
  endfacet
  facet normal 0 0 -1
    outer loop
      vertex -77.3547 7.15531 0
      vertex -71.1213 2.12132 0
      vertex -71.3801 1.82628 0
    endloop
  endfacet
  facet normal 0 0 -1
    outer loop
      vertex -78.0833 6.20438 0
      vertex -71.3801 1.82628 0
      vertex -71.5981 1.5 0
    endloop
  endfacet
  facet normal 0 0 -1
    outer loop
      vertex -69.7765 2.89778 0
      vertex -71.6698 10.6711 0
      vertex -71.2805 10.761 0
    endloop
  endfacet
  facet normal 0 0 -1
    outer loop
      vertex -78.8858 4.82408 0
      vertex -71.5981 1.5 0
      vertex -71.7716 1.14805 0
    endloop
  endfacet
  facet normal 0 0 -1
    outer loop
      vertex -79.3517 3.72048 0
      vertex -71.7716 1.14805 0
      vertex -71.8978 0.776457 0
    endloop
  endfacet
  facet normal 0 0 -1
    outer loop
      vertex -79.7813 2.18271 0
      vertex -71.8978 0.776457 0
      vertex -71.9743 0.391578 0
    endloop
  endfacet
  facet normal 0 0 -1
    outer loop
      vertex -79.9837 0.598967 0
      vertex -71.9743 0.391578 0
      vertex -72 0 0
    endloop
  endfacet
  facet normal 0 0 -1
    outer loop
      vertex -69.7765 2.89778 0
      vertex -72.0555 10.5671 0
      vertex -71.6698 10.6711 0
    endloop
  endfacet
  facet normal -0 0 -1
    outer loop
      vertex -70.5 -2.59808 0
      vertex -74.9547 -9.24888 0
      vertex -70.8263 -2.38006 0
    endloop
  endfacet
  facet normal 0 0 -1
    outer loop
      vertex -75.2866 -9.02656 0
      vertex -70.8263 -2.38006 0
      vertex -74.9547 -9.24888 0
    endloop
  endfacet
  facet normal 0 0 -1
    outer loop
      vertex -69.7765 2.89778 0
      vertex -72.4372 10.4492 0
      vertex -72.0555 10.5671 0
    endloop
  endfacet
  facet normal 0 0 -1
    outer loop
      vertex -75.6102 -8.79233 0
      vertex -70.8263 -2.38006 0
      vertex -75.2866 -9.02656 0
    endloop
  endfacet
  facet normal 0 0 -1
    outer loop
      vertex -70.148 2.77164 0
      vertex -72.8143 10.3175 0
      vertex -72.4372 10.4492 0
    endloop
  endfacet
  facet normal 0 0 -1
    outer loop
      vertex -75.9251 -8.54651 0
      vertex -70.8263 -2.38006 0
      vertex -75.6102 -8.79233 0
    endloop
  endfacet
  facet normal 0 0 -1
    outer loop
      vertex -70.148 2.77164 0
      vertex -73.1864 10.1722 0
      vertex -72.8143 10.3175 0
    endloop
  endfacet
  facet normal 0 0 -1
    outer loop
      vertex -76.2309 -8.28942 0
      vertex -70.8263 -2.38006 0
      vertex -75.9251 -8.54651 0
    endloop
  endfacet
  facet normal 0 0 -1
    outer loop
      vertex -70.148 2.77164 0
      vertex -73.553 10.0135 0
      vertex -73.1864 10.1722 0
    endloop
  endfacet
  facet normal -0 0 -1
    outer loop
      vertex -70.8263 -2.38006 0
      vertex -76.2309 -8.28942 0
      vertex -71.1213 -2.12132 0
    endloop
  endfacet
  facet normal 0 0 -1
    outer loop
      vertex -70.148 2.77164 0
      vertex -73.9136 9.84155 0
      vertex -73.553 10.0135 0
    endloop
  endfacet
  facet normal 0 0 -1
    outer loop
      vertex -76.5271 -8.02139 0
      vertex -71.1213 -2.12132 0
      vertex -76.2309 -8.28942 0
    endloop
  endfacet
  facet normal 0 0 -1
    outer loop
      vertex -70.5 2.59808 0
      vertex -74.2678 9.65664 0
      vertex -73.9136 9.84155 0
    endloop
  endfacet
  facet normal 0 0 -1
    outer loop
      vertex -76.8134 -7.74278 0
      vertex -71.1213 -2.12132 0
      vertex -76.5271 -8.02139 0
    endloop
  endfacet
  facet normal 0 0 -1
    outer loop
      vertex -70.5 2.59808 0
      vertex -74.6149 9.459 0
      vertex -74.2678 9.65664 0
    endloop
  endfacet
  facet normal 0 0 -1
    outer loop
      vertex -77.0894 -7.45396 0
      vertex -71.1213 -2.12132 0
      vertex -76.8134 -7.74278 0
    endloop
  endfacet
  facet normal 0 0 -1
    outer loop
      vertex -70.5 2.59808 0
      vertex -74.9547 9.24888 0
      vertex -74.6149 9.459 0
    endloop
  endfacet
  facet normal 0 0 -1
    outer loop
      vertex -77.3547 -7.15531 0
      vertex -71.1213 -2.12132 0
      vertex -77.0894 -7.45396 0
    endloop
  endfacet
  facet normal 0 0 -1
    outer loop
      vertex -70.8263 2.38006 0
      vertex -75.2866 9.02656 0
      vertex -74.9547 9.24888 0
    endloop
  endfacet
  facet normal -0 0 -1
    outer loop
      vertex -71.1213 -2.12132 0
      vertex -77.3547 -7.15531 0
      vertex -71.3801 -1.82628 0
    endloop
  endfacet
  facet normal 0 0 -1
    outer loop
      vertex -70.8263 2.38006 0
      vertex -75.6102 8.79233 0
      vertex -75.2866 9.02656 0
    endloop
  endfacet
  facet normal 0 0 -1
    outer loop
      vertex -77.609 -6.84723 0
      vertex -71.3801 -1.82628 0
      vertex -77.3547 -7.15531 0
    endloop
  endfacet
  facet normal 0 0 -1
    outer loop
      vertex -70.8263 2.38006 0
      vertex -75.9251 8.54651 0
      vertex -75.6102 8.79233 0
    endloop
  endfacet
  facet normal 0 0 -1
    outer loop
      vertex -77.852 -6.53011 0
      vertex -71.3801 -1.82628 0
      vertex -77.609 -6.84723 0
    endloop
  endfacet
  facet normal 0 0 -1
    outer loop
      vertex -70.8263 2.38006 0
      vertex -76.2309 8.28942 0
      vertex -75.9251 8.54651 0
    endloop
  endfacet
  facet normal 0 0 -1
    outer loop
      vertex -78.0833 -6.20438 0
      vertex -71.3801 -1.82628 0
      vertex -77.852 -6.53011 0
    endloop
  endfacet
  facet normal 0 0 -1
    outer loop
      vertex -71.1213 2.12132 0
      vertex -76.5271 8.02139 0
      vertex -76.2309 8.28942 0
    endloop
  endfacet
  facet normal -0 0 -1
    outer loop
      vertex -71.3801 -1.82628 0
      vertex -78.0833 -6.20438 0
      vertex -71.5981 -1.5 0
    endloop
  endfacet
  facet normal 0 0 -1
    outer loop
      vertex -71.1213 2.12132 0
      vertex -76.8134 7.74278 0
      vertex -76.5271 8.02139 0
    endloop
  endfacet
  facet normal 0 0 -1
    outer loop
      vertex -78.3026 -5.87046 0
      vertex -71.5981 -1.5 0
      vertex -78.0833 -6.20438 0
    endloop
  endfacet
  facet normal 0 0 -1
    outer loop
      vertex -71.1213 2.12132 0
      vertex -77.0894 7.45396 0
      vertex -76.8134 7.74278 0
    endloop
  endfacet
  facet normal 0 0 -1
    outer loop
      vertex -78.5096 -5.52881 0
      vertex -71.5981 -1.5 0
      vertex -78.3026 -5.87046 0
    endloop
  endfacet
  facet normal 0 0 -1
    outer loop
      vertex -71.1213 2.12132 0
      vertex -77.3547 7.15531 0
      vertex -77.0894 7.45396 0
    endloop
  endfacet
  facet normal 0 0 -1
    outer loop
      vertex -78.7041 -5.17986 0
      vertex -71.5981 -1.5 0
      vertex -78.5096 -5.52881 0
    endloop
  endfacet
  facet normal 0 0 -1
    outer loop
      vertex -71.3801 1.82628 0
      vertex -77.609 6.84723 0
      vertex -77.3547 7.15531 0
    endloop
  endfacet
  facet normal 0 0 -1
    outer loop
      vertex -78.8858 -4.82408 0
      vertex -71.5981 -1.5 0
      vertex -78.7041 -5.17986 0
    endloop
  endfacet
  facet normal 0 0 -1
    outer loop
      vertex -71.3801 1.82628 0
      vertex -77.852 6.53011 0
      vertex -77.609 6.84723 0
    endloop
  endfacet
  facet normal -0 0 -1
    outer loop
      vertex -71.5981 -1.5 0
      vertex -78.8858 -4.82408 0
      vertex -71.7716 -1.14805 0
    endloop
  endfacet
  facet normal 0 0 -1
    outer loop
      vertex -71.3801 1.82628 0
      vertex -78.0833 6.20438 0
      vertex -77.852 6.53011 0
    endloop
  endfacet
  facet normal 0 0 -1
    outer loop
      vertex -79.0544 -4.46193 0
      vertex -71.7716 -1.14805 0
      vertex -78.8858 -4.82408 0
    endloop
  endfacet
  facet normal 0 0 -1
    outer loop
      vertex -71.5981 1.5 0
      vertex -78.3026 5.87046 0
      vertex -78.0833 6.20438 0
    endloop
  endfacet
  facet normal 0 0 -1
    outer loop
      vertex -79.2098 -4.09391 0
      vertex -71.7716 -1.14805 0
      vertex -79.0544 -4.46193 0
    endloop
  endfacet
  facet normal 0 0 -1
    outer loop
      vertex -71.5981 1.5 0
      vertex -78.5096 5.52881 0
      vertex -78.3026 5.87046 0
    endloop
  endfacet
  facet normal 0 0 -1
    outer loop
      vertex -79.3517 -3.72048 0
      vertex -71.7716 -1.14805 0
      vertex -79.2098 -4.09391 0
    endloop
  endfacet
  facet normal 0 0 -1
    outer loop
      vertex -71.5981 1.5 0
      vertex -78.7041 5.17986 0
      vertex -78.5096 5.52881 0
    endloop
  endfacet
  facet normal -0 0 -1
    outer loop
      vertex -71.7716 -1.14805 0
      vertex -79.3517 -3.72048 0
      vertex -71.8978 -0.776457 0
    endloop
  endfacet
  facet normal 0 0 -1
    outer loop
      vertex -71.5981 1.5 0
      vertex -78.8858 4.82408 0
      vertex -78.7041 5.17986 0
    endloop
  endfacet
  facet normal 0 0 -1
    outer loop
      vertex -79.48 -3.34214 0
      vertex -71.8978 -0.776457 0
      vertex -79.3517 -3.72048 0
    endloop
  endfacet
  facet normal 0 0 -1
    outer loop
      vertex -71.7716 1.14805 0
      vertex -79.0544 4.46193 0
      vertex -78.8858 4.82408 0
    endloop
  endfacet
  facet normal 0 0 -1
    outer loop
      vertex -79.5944 -2.9594 0
      vertex -71.8978 -0.776457 0
      vertex -79.48 -3.34214 0
    endloop
  endfacet
  facet normal 0 0 -1
    outer loop
      vertex -71.7716 1.14805 0
      vertex -79.2098 4.09391 0
      vertex -79.0544 4.46193 0
    endloop
  endfacet
  facet normal 0 0 -1
    outer loop
      vertex -79.6949 -2.57275 0
      vertex -71.8978 -0.776457 0
      vertex -79.5944 -2.9594 0
    endloop
  endfacet
  facet normal 0 0 -1
    outer loop
      vertex -71.7716 1.14805 0
      vertex -79.3517 3.72048 0
      vertex -79.2098 4.09391 0
    endloop
  endfacet
  facet normal 0 0 -1
    outer loop
      vertex -79.7813 -2.18271 0
      vertex -71.8978 -0.776457 0
      vertex -79.6949 -2.57275 0
    endloop
  endfacet
  facet normal 0 0 -1
    outer loop
      vertex -71.8978 0.776457 0
      vertex -79.48 3.34214 0
      vertex -79.3517 3.72048 0
    endloop
  endfacet
  facet normal -0 0 -1
    outer loop
      vertex -71.8978 -0.776457 0
      vertex -79.7813 -2.18271 0
      vertex -71.9743 -0.391578 0
    endloop
  endfacet
  facet normal 0 0 -1
    outer loop
      vertex -71.8978 0.776457 0
      vertex -79.5944 2.9594 0
      vertex -79.48 3.34214 0
    endloop
  endfacet
  facet normal 0 0 -1
    outer loop
      vertex -79.8534 -1.7898 0
      vertex -71.9743 -0.391578 0
      vertex -79.7813 -2.18271 0
    endloop
  endfacet
  facet normal 0 0 -1
    outer loop
      vertex -71.8978 0.776457 0
      vertex -79.6949 2.57275 0
      vertex -79.5944 2.9594 0
    endloop
  endfacet
  facet normal 0 0 -1
    outer loop
      vertex -79.9112 -1.39452 0
      vertex -71.9743 -0.391578 0
      vertex -79.8534 -1.7898 0
    endloop
  endfacet
  facet normal 0 0 -1
    outer loop
      vertex -71.8978 0.776457 0
      vertex -79.7813 2.18271 0
      vertex -79.6949 2.57275 0
    endloop
  endfacet
  facet normal 0 0 -1
    outer loop
      vertex -79.9547 -0.9974 0
      vertex -71.9743 -0.391578 0
      vertex -79.9112 -1.39452 0
    endloop
  endfacet
  facet normal 0 0 -1
    outer loop
      vertex -71.9743 0.391578 0
      vertex -79.8534 1.7898 0
      vertex -79.7813 2.18271 0
    endloop
  endfacet
  facet normal 0 0 -1
    outer loop
      vertex -79.9837 -0.598967 0
      vertex -71.9743 -0.391578 0
      vertex -79.9547 -0.9974 0
    endloop
  endfacet
  facet normal 0 0 -1
    outer loop
      vertex -71.9743 0.391578 0
      vertex -79.9112 1.39452 0
      vertex -79.8534 1.7898 0
    endloop
  endfacet
  facet normal -0 0 -1
    outer loop
      vertex -71.9743 -0.391578 0
      vertex -79.9837 -0.598967 0
      vertex -72 0 0
    endloop
  endfacet
  facet normal 0 0 -1
    outer loop
      vertex -71.9743 0.391578 0
      vertex -79.9547 0.9974 0
      vertex -79.9112 1.39452 0
    endloop
  endfacet
  facet normal 0 0 -1
    outer loop
      vertex -79.9982 -0.199743 0
      vertex -72 0 0
      vertex -79.9837 -0.598967 0
    endloop
  endfacet
  facet normal 0 0 -1
    outer loop
      vertex -71.9743 0.391578 0
      vertex -79.9837 0.598967 0
      vertex -79.9547 0.9974 0
    endloop
  endfacet
  facet normal 0 0 -1
    outer loop
      vertex -79.9982 0.199743 0
      vertex -72 0 0
      vertex -79.9982 -0.199743 0
    endloop
  endfacet
  facet normal 0 0 -1
    outer loop
      vertex -72 0 0
      vertex -79.9982 0.199743 0
      vertex -79.9837 0.598967 0
    endloop
  endfacet
  facet normal -0.017454 0.999848 0
    outer loop
      vertex 0 65 0
      vertex -2.26847 64.9604 2
      vertex 0 65 2
    endloop
  endfacet
  facet normal -0.017454 0.999848 0
    outer loop
      vertex -2.26847 64.9604 2
      vertex 0 65 0
      vertex -2.26847 64.9604 0
    endloop
  endfacet
  facet normal 0.325587 0.945512 -0
    outer loop
      vertex 22.2313 61.08 0
      vertex 20.0861 61.8187 2
      vertex 22.2313 61.08 2
    endloop
  endfacet
  facet normal 0.325587 0.945512 0
    outer loop
      vertex 20.0861 61.8187 2
      vertex 22.2313 61.08 0
      vertex 20.0861 61.8187 0
    endloop
  endfacet
  facet normal 0.656064 -0.754705 0
    outer loop
      vertex 41.7812 -49.7929 0
      vertex 43.4935 -48.3044 2
      vertex 41.7812 -49.7929 2
    endloop
  endfacet
  facet normal 0.656064 -0.754705 0
    outer loop
      vertex 43.4935 -48.3044 2
      vertex 41.7812 -49.7929 0
      vertex 43.4935 -48.3044 0
    endloop
  endfacet
  facet normal 0.629317 -0.777148 0
    outer loop
      vertex 40.018 -51.2207 0
      vertex 41.7812 -49.7929 2
      vertex 40.018 -51.2207 2
    endloop
  endfacet
  facet normal 0.629317 -0.777148 0
    outer loop
      vertex 41.7812 -49.7929 2
      vertex 40.018 -51.2207 0
      vertex 41.7812 -49.7929 0
    endloop
  endfacet
  facet normal 0.857178 0.515021 0
    outer loop
      vertex 56.2916 32.5 2
      vertex 55.1231 34.4448 0
      vertex 55.1231 34.4448 2
    endloop
  endfacet
  facet normal 0.857178 0.515021 0
    outer loop
      vertex 55.1231 34.4448 0
      vertex 56.2916 32.5 2
      vertex 56.2916 32.5 0
    endloop
  endfacet
  facet normal 0.906295 0.422647 0
    outer loop
      vertex 59.3805 26.4379 2
      vertex 58.4216 28.4941 0
      vertex 58.4216 28.4941 2
    endloop
  endfacet
  facet normal 0.906295 0.422647 0
    outer loop
      vertex 58.4216 28.4941 0
      vertex 59.3805 26.4379 2
      vertex 59.3805 26.4379 0
    endloop
  endfacet
  facet normal 0.017454 -0.999848 0
    outer loop
      vertex 0 -65 0
      vertex 2.26847 -64.9604 2
      vertex 0 -65 2
    endloop
  endfacet
  facet normal 0.017454 -0.999848 0
    outer loop
      vertex 2.26847 -64.9604 2
      vertex 0 -65 0
      vertex 2.26847 -64.9604 0
    endloop
  endfacet
  facet normal 0.390688 0.920523 -0
    outer loop
      vertex 26.4379 59.3805 0
      vertex 24.3494 60.2669 2
      vertex 26.4379 59.3805 2
    endloop
  endfacet
  facet normal 0.390688 0.920523 0
    outer loop
      vertex 24.3494 60.2669 2
      vertex 26.4379 59.3805 0
      vertex 24.3494 60.2669 0
    endloop
  endfacet
  facet normal -0.681993 -0.731359 0
    outer loop
      vertex -45.1528 -46.7571 0
      vertex -43.4935 -48.3044 2
      vertex -45.1528 -46.7571 2
    endloop
  endfacet
  facet normal -0.681993 -0.731359 -0
    outer loop
      vertex -43.4935 -48.3044 2
      vertex -45.1528 -46.7571 0
      vertex -43.4935 -48.3044 0
    endloop
  endfacet
  facet normal 0.965927 -0.258815 0
    outer loop
      vertex 62.482 -17.9164 2
      vertex 63.0692 -15.7249 0
      vertex 63.0692 -15.7249 2
    endloop
  endfacet
  facet normal 0.965927 -0.258815 0
    outer loop
      vertex 63.0692 -15.7249 0
      vertex 62.482 -17.9164 2
      vertex 62.482 -17.9164 0
    endloop
  endfacet
  facet normal 0.874604 0.484838 0
    outer loop
      vertex 57.3916 30.5157 2
      vertex 56.2916 32.5 0
      vertex 56.2916 32.5 2
    endloop
  endfacet
  facet normal 0.874604 0.484838 0
    outer loop
      vertex 56.2916 32.5 0
      vertex 57.3916 30.5157 2
      vertex 57.3916 30.5157 0
    endloop
  endfacet
  facet normal 0.422647 -0.906295 0
    outer loop
      vertex 26.4379 -59.3805 0
      vertex 28.4941 -58.4216 2
      vertex 26.4379 -59.3805 2
    endloop
  endfacet
  facet normal 0.422647 -0.906295 0
    outer loop
      vertex 28.4941 -58.4216 2
      vertex 26.4379 -59.3805 0
      vertex 28.4941 -58.4216 0
    endloop
  endfacet
  facet normal 0.731359 -0.681993 0
    outer loop
      vertex 46.7571 -45.1528 2
      vertex 48.3044 -43.4935 0
      vertex 48.3044 -43.4935 2
    endloop
  endfacet
  facet normal 0.731359 -0.681993 0
    outer loop
      vertex 48.3044 -43.4935 0
      vertex 46.7571 -45.1528 2
      vertex 46.7571 -45.1528 0
    endloop
  endfacet
  facet normal -0.920523 -0.390688 0
    outer loop
      vertex -59.3805 -26.4379 0
      vertex -60.2669 -24.3494 2
      vertex -60.2669 -24.3494 0
    endloop
  endfacet
  facet normal -0.920523 -0.390688 0
    outer loop
      vertex -60.2669 -24.3494 2
      vertex -59.3805 -26.4379 0
      vertex -59.3805 -26.4379 2
    endloop
  endfacet
  facet normal -0.0871819 0.996192 0
    outer loop
      vertex -4.53417 64.8417 0
      vertex -6.79435 64.6439 2
      vertex -4.53417 64.8417 2
    endloop
  endfacet
  facet normal -0.0871819 0.996192 0
    outer loop
      vertex -6.79435 64.6439 2
      vertex -4.53417 64.8417 0
      vertex -6.79435 64.6439 0
    endloop
  endfacet
  facet normal 0.629317 0.777148 -0
    outer loop
      vertex 41.7812 49.7929 0
      vertex 40.018 51.2207 2
      vertex 41.7812 49.7929 2
    endloop
  endfacet
  facet normal 0.629317 0.777148 0
    outer loop
      vertex 40.018 51.2207 2
      vertex 41.7812 49.7929 0
      vertex 40.018 51.2207 0
    endloop
  endfacet
  facet normal -0.945512 -0.325587 0
    outer loop
      vertex -61.08 -22.2313 0
      vertex -61.8187 -20.0861 2
      vertex -61.8187 -20.0861 0
    endloop
  endfacet
  facet normal -0.945512 -0.325587 0
    outer loop
      vertex -61.8187 -20.0861 2
      vertex -61.08 -22.2313 0
      vertex -61.08 -22.2313 2
    endloop
  endfacet
  facet normal -0.190799 -0.981629 0
    outer loop
      vertex -13.5143 -63.5796 0
      vertex -11.2871 -64.0125 2
      vertex -13.5143 -63.5796 2
    endloop
  endfacet
  facet normal -0.190799 -0.981629 -0
    outer loop
      vertex -11.2871 -64.0125 2
      vertex -13.5143 -63.5796 0
      vertex -11.2871 -64.0125 0
    endloop
  endfacet
  facet normal 0.156428 0.987689 -0
    outer loop
      vertex 11.2871 64.0125 0
      vertex 9.04625 64.3674 2
      vertex 11.2871 64.0125 2
    endloop
  endfacet
  facet normal 0.156428 0.987689 0
    outer loop
      vertex 9.04625 64.3674 2
      vertex 11.2871 64.0125 0
      vertex 9.04625 64.3674 0
    endloop
  endfacet
  facet normal -0.981629 -0.190799 0
    outer loop
      vertex -63.5796 -13.5143 0
      vertex -64.0125 -11.2871 2
      vertex -64.0125 -11.2871 0
    endloop
  endfacet
  facet normal -0.981629 -0.190799 0
    outer loop
      vertex -64.0125 -11.2871 2
      vertex -63.5796 -13.5143 0
      vertex -63.5796 -13.5143 2
    endloop
  endfacet
  facet normal -0.390688 -0.920523 0
    outer loop
      vertex -26.4379 -59.3805 0
      vertex -24.3494 -60.2669 2
      vertex -26.4379 -59.3805 2
    endloop
  endfacet
  facet normal -0.390688 -0.920523 -0
    outer loop
      vertex -24.3494 -60.2669 2
      vertex -26.4379 -59.3805 0
      vertex -24.3494 -60.2669 0
    endloop
  endfacet
  facet normal 0.974366 0.224969 0
    outer loop
      vertex 63.5796 13.5143 2
      vertex 63.0692 15.7249 0
      vertex 63.0692 15.7249 2
    endloop
  endfacet
  facet normal 0.974366 0.224969 0
    outer loop
      vertex 63.0692 15.7249 0
      vertex 63.5796 13.5143 2
      vertex 63.5796 13.5143 0
    endloop
  endfacet
  facet normal 0.325587 -0.945512 0
    outer loop
      vertex 20.0861 -61.8187 0
      vertex 22.2313 -61.08 2
      vertex 20.0861 -61.8187 2
    endloop
  endfacet
  facet normal 0.325587 -0.945512 0
    outer loop
      vertex 22.2313 -61.08 2
      vertex 20.0861 -61.8187 0
      vertex 22.2313 -61.08 0
    endloop
  endfacet
  facet normal 0.0871819 0.996192 -0
    outer loop
      vertex 6.79435 64.6439 0
      vertex 4.53417 64.8417 2
      vertex 6.79435 64.6439 2
    endloop
  endfacet
  facet normal 0.0871819 0.996192 0
    outer loop
      vertex 4.53417 64.8417 2
      vertex 6.79435 64.6439 0
      vertex 4.53417 64.8417 0
    endloop
  endfacet
  facet normal 0.656064 0.754705 -0
    outer loop
      vertex 43.4935 48.3044 0
      vertex 41.7812 49.7929 2
      vertex 43.4935 48.3044 2
    endloop
  endfacet
  facet normal 0.656064 0.754705 0
    outer loop
      vertex 41.7812 49.7929 2
      vertex 43.4935 48.3044 0
      vertex 41.7812 49.7929 0
    endloop
  endfacet
  facet normal -0.945512 0.325587 0
    outer loop
      vertex -61.8187 20.0861 0
      vertex -61.08 22.2313 2
      vertex -61.08 22.2313 0
    endloop
  endfacet
  facet normal -0.945512 0.325587 0
    outer loop
      vertex -61.08 22.2313 2
      vertex -61.8187 20.0861 0
      vertex -61.8187 20.0861 2
    endloop
  endfacet
  facet normal 0.258815 -0.965927 0
    outer loop
      vertex 15.7249 -63.0692 0
      vertex 17.9164 -62.482 2
      vertex 15.7249 -63.0692 2
    endloop
  endfacet
  facet normal 0.258815 -0.965927 0
    outer loop
      vertex 17.9164 -62.482 2
      vertex 15.7249 -63.0692 0
      vertex 17.9164 -62.482 0
    endloop
  endfacet
  facet normal -0.0871819 -0.996192 0
    outer loop
      vertex -6.79435 -64.6439 0
      vertex -4.53417 -64.8417 2
      vertex -6.79435 -64.6439 2
    endloop
  endfacet
  facet normal -0.0871819 -0.996192 -0
    outer loop
      vertex -4.53417 -64.8417 2
      vertex -6.79435 -64.6439 0
      vertex -4.53417 -64.8417 0
    endloop
  endfacet
  facet normal 0.945512 0.325587 0
    outer loop
      vertex 61.8187 20.0861 2
      vertex 61.08 22.2313 0
      vertex 61.08 22.2313 2
    endloop
  endfacet
  facet normal 0.945512 0.325587 0
    outer loop
      vertex 61.08 22.2313 0
      vertex 61.8187 20.0861 2
      vertex 61.8187 20.0861 0
    endloop
  endfacet
  facet normal -0.965927 -0.258815 0
    outer loop
      vertex -62.482 -17.9164 0
      vertex -63.0692 -15.7249 2
      vertex -63.0692 -15.7249 0
    endloop
  endfacet
  facet normal -0.965927 -0.258815 0
    outer loop
      vertex -63.0692 -15.7249 2
      vertex -62.482 -17.9164 0
      vertex -62.482 -17.9164 2
    endloop
  endfacet
  facet normal 0.358382 0.933575 -0
    outer loop
      vertex 24.3494 60.2669 0
      vertex 22.2313 61.08 2
      vertex 24.3494 60.2669 2
    endloop
  endfacet
  facet normal 0.358382 0.933575 0
    outer loop
      vertex 22.2313 61.08 2
      vertex 24.3494 60.2669 0
      vertex 22.2313 61.08 0
    endloop
  endfacet
  facet normal -0.656064 -0.754705 0
    outer loop
      vertex -43.4935 -48.3044 0
      vertex -41.7812 -49.7929 2
      vertex -43.4935 -48.3044 2
    endloop
  endfacet
  facet normal -0.656064 -0.754705 -0
    outer loop
      vertex -41.7812 -49.7929 2
      vertex -43.4935 -48.3044 0
      vertex -41.7812 -49.7929 0
    endloop
  endfacet
  facet normal 0.838656 -0.544661 0
    outer loop
      vertex 53.8874 -36.3475 2
      vertex 55.1231 -34.4448 0
      vertex 55.1231 -34.4448 2
    endloop
  endfacet
  facet normal 0.838656 -0.544661 0
    outer loop
      vertex 55.1231 -34.4448 0
      vertex 53.8874 -36.3475 2
      vertex 53.8874 -36.3475 0
    endloop
  endfacet
  facet normal -0.258815 -0.965927 0
    outer loop
      vertex -17.9164 -62.482 0
      vertex -15.7249 -63.0692 2
      vertex -17.9164 -62.482 2
    endloop
  endfacet
  facet normal -0.258815 -0.965927 -0
    outer loop
      vertex -15.7249 -63.0692 2
      vertex -17.9164 -62.482 0
      vertex -15.7249 -63.0692 0
    endloop
  endfacet
  facet normal 0.544661 0.838656 -0
    outer loop
      vertex 36.3475 53.8874 0
      vertex 34.4448 55.1231 2
      vertex 36.3475 53.8874 2
    endloop
  endfacet
  facet normal 0.544661 0.838656 0
    outer loop
      vertex 34.4448 55.1231 2
      vertex 36.3475 53.8874 0
      vertex 34.4448 55.1231 0
    endloop
  endfacet
  facet normal 0.224969 0.974366 -0
    outer loop
      vertex 15.7249 63.0692 0
      vertex 13.5143 63.5796 2
      vertex 15.7249 63.0692 2
    endloop
  endfacet
  facet normal 0.224969 0.974366 0
    outer loop
      vertex 13.5143 63.5796 2
      vertex 15.7249 63.0692 0
      vertex 13.5143 63.5796 0
    endloop
  endfacet
  facet normal -0.777148 -0.629317 0
    outer loop
      vertex -49.7929 -41.7812 0
      vertex -51.2207 -40.018 2
      vertex -51.2207 -40.018 0
    endloop
  endfacet
  facet normal -0.777148 -0.629317 0
    outer loop
      vertex -51.2207 -40.018 2
      vertex -49.7929 -41.7812 0
      vertex -49.7929 -41.7812 2
    endloop
  endfacet
  facet normal 0.422647 0.906295 -0
    outer loop
      vertex 28.4941 58.4216 0
      vertex 26.4379 59.3805 2
      vertex 28.4941 58.4216 2
    endloop
  endfacet
  facet normal 0.422647 0.906295 0
    outer loop
      vertex 26.4379 59.3805 2
      vertex 28.4941 58.4216 0
      vertex 26.4379 59.3805 0
    endloop
  endfacet
  facet normal 0.987688 0.156437 0
    outer loop
      vertex 64.2124 10.025 2
      vertex 64.0125 11.2871 0
      vertex 64.0125 11.2871 2
    endloop
  endfacet
  facet normal 0.987688 0.156437 0
    outer loop
      vertex 64.0125 11.2871 0
      vertex 64.2124 10.025 2
      vertex 64.2124 10.025 0
    endloop
  endfacet
  facet normal 0.974366 -0.224969 0
    outer loop
      vertex 63.0692 -15.7249 2
      vertex 63.5796 -13.5143 0
      vertex 63.5796 -13.5143 2
    endloop
  endfacet
  facet normal 0.974366 -0.224969 0
    outer loop
      vertex 63.5796 -13.5143 0
      vertex 63.0692 -15.7249 2
      vertex 63.0692 -15.7249 0
    endloop
  endfacet
  facet normal -0.573566 -0.819159 0
    outer loop
      vertex -38.206 -52.5861 0
      vertex -36.3475 -53.8874 2
      vertex -38.206 -52.5861 2
    endloop
  endfacet
  facet normal -0.573566 -0.819159 -0
    outer loop
      vertex -36.3475 -53.8874 2
      vertex -38.206 -52.5861 0
      vertex -36.3475 -53.8874 0
    endloop
  endfacet
  facet normal -0.12187 -0.992546 0
    outer loop
      vertex -9.04625 -64.3674 0
      vertex -6.79435 -64.6439 2
      vertex -9.04625 -64.3674 2
    endloop
  endfacet
  facet normal -0.12187 -0.992546 -0
    outer loop
      vertex -6.79435 -64.6439 2
      vertex -9.04625 -64.3674 0
      vertex -6.79435 -64.6439 0
    endloop
  endfacet
  facet normal 0.891017 0.453971 0
    outer loop
      vertex 58.4216 28.4941 2
      vertex 57.3916 30.5157 0
      vertex 57.3916 30.5157 2
    endloop
  endfacet
  facet normal 0.891017 0.453971 0
    outer loop
      vertex 57.3916 30.5157 0
      vertex 58.4216 28.4941 2
      vertex 58.4216 28.4941 0
    endloop
  endfacet
  facet normal -0.987663 -0.156597 0
    outer loop
      vertex -64.0125 -11.2871 0
      vertex -64.0581 -10.9995 2
      vertex -64.0581 -10.9995 0
    endloop
  endfacet
  facet normal -0.987663 -0.156597 0
    outer loop
      vertex -64.0581 -10.9995 2
      vertex -64.0125 -11.2871 0
      vertex -64.0125 -11.2871 2
    endloop
  endfacet
  facet normal 0.965927 0.258815 0
    outer loop
      vertex 63.0692 15.7249 2
      vertex 62.482 17.9164 0
      vertex 62.482 17.9164 2
    endloop
  endfacet
  facet normal 0.965927 0.258815 0
    outer loop
      vertex 62.482 17.9164 0
      vertex 63.0692 15.7249 2
      vertex 63.0692 15.7249 0
    endloop
  endfacet
  facet normal 0.544661 -0.838656 0
    outer loop
      vertex 34.4448 -55.1231 0
      vertex 36.3475 -53.8874 2
      vertex 34.4448 -55.1231 2
    endloop
  endfacet
  facet normal 0.544661 -0.838656 0
    outer loop
      vertex 36.3475 -53.8874 2
      vertex 34.4448 -55.1231 0
      vertex 36.3475 -53.8874 0
    endloop
  endfacet
  facet normal -0.681993 0.731359 0
    outer loop
      vertex -43.4935 48.3044 0
      vertex -45.1528 46.7571 2
      vertex -43.4935 48.3044 2
    endloop
  endfacet
  facet normal -0.681993 0.731359 0
    outer loop
      vertex -45.1528 46.7571 2
      vertex -43.4935 48.3044 0
      vertex -45.1528 46.7571 0
    endloop
  endfacet
  facet normal -0.292354 0.95631 0
    outer loop
      vertex -17.9164 62.482 0
      vertex -20.0861 61.8187 2
      vertex -17.9164 62.482 2
    endloop
  endfacet
  facet normal -0.292354 0.95631 0
    outer loop
      vertex -20.0861 61.8187 2
      vertex -17.9164 62.482 0
      vertex -20.0861 61.8187 0
    endloop
  endfacet
  facet normal 0.777148 -0.629317 0
    outer loop
      vertex 49.7929 -41.7812 2
      vertex 51.2207 -40.018 0
      vertex 51.2207 -40.018 2
    endloop
  endfacet
  facet normal 0.777148 -0.629317 0
    outer loop
      vertex 51.2207 -40.018 0
      vertex 49.7929 -41.7812 2
      vertex 49.7929 -41.7812 0
    endloop
  endfacet
  facet normal 0.95631 -0.292354 0
    outer loop
      vertex 61.8187 -20.0861 2
      vertex 62.482 -17.9164 0
      vertex 62.482 -17.9164 2
    endloop
  endfacet
  facet normal 0.95631 -0.292354 0
    outer loop
      vertex 62.482 -17.9164 0
      vertex 61.8187 -20.0861 2
      vertex 61.8187 -20.0861 0
    endloop
  endfacet
  facet normal 0.0523182 0.99863 -0
    outer loop
      vertex 4.53417 64.8417 0
      vertex 2.26847 64.9604 2
      vertex 4.53417 64.8417 2
    endloop
  endfacet
  facet normal 0.0523182 0.99863 0
    outer loop
      vertex 2.26847 64.9604 2
      vertex 4.53417 64.8417 0
      vertex 2.26847 64.9604 0
    endloop
  endfacet
  facet normal -0.0523182 -0.99863 0
    outer loop
      vertex -4.53417 -64.8417 0
      vertex -2.26847 -64.9604 2
      vertex -4.53417 -64.8417 2
    endloop
  endfacet
  facet normal -0.0523182 -0.99863 -0
    outer loop
      vertex -2.26847 -64.9604 2
      vertex -4.53417 -64.8417 0
      vertex -2.26847 -64.9604 0
    endloop
  endfacet
  facet normal 0.95631 0.292354 0
    outer loop
      vertex 62.482 17.9164 2
      vertex 61.8187 20.0861 0
      vertex 61.8187 20.0861 2
    endloop
  endfacet
  facet normal 0.95631 0.292354 0
    outer loop
      vertex 61.8187 20.0861 0
      vertex 62.482 17.9164 2
      vertex 62.482 17.9164 0
    endloop
  endfacet
  facet normal 0.981629 0.190799 0
    outer loop
      vertex 64.0125 11.2871 2
      vertex 63.5796 13.5143 0
      vertex 63.5796 13.5143 2
    endloop
  endfacet
  facet normal 0.981629 0.190799 0
    outer loop
      vertex 63.5796 13.5143 0
      vertex 64.0125 11.2871 2
      vertex 64.0125 11.2871 0
    endloop
  endfacet
  facet normal 0.156428 -0.987689 0
    outer loop
      vertex 9.04625 -64.3674 0
      vertex 11.2871 -64.0125 2
      vertex 9.04625 -64.3674 2
    endloop
  endfacet
  facet normal 0.156428 -0.987689 0
    outer loop
      vertex 11.2871 -64.0125 2
      vertex 9.04625 -64.3674 0
      vertex 11.2871 -64.0125 0
    endloop
  endfacet
  facet normal 0.017454 0.999848 -0
    outer loop
      vertex 2.26847 64.9604 0
      vertex 0 65 2
      vertex 2.26847 64.9604 2
    endloop
  endfacet
  facet normal 0.017454 0.999848 0
    outer loop
      vertex 0 65 2
      vertex 2.26847 64.9604 0
      vertex 0 65 0
    endloop
  endfacet
  facet normal 0.731359 0.681993 0
    outer loop
      vertex 48.3044 43.4935 2
      vertex 46.7571 45.1528 0
      vertex 46.7571 45.1528 2
    endloop
  endfacet
  facet normal 0.731359 0.681993 0
    outer loop
      vertex 46.7571 45.1528 0
      vertex 48.3044 43.4935 2
      vertex 48.3044 43.4935 0
    endloop
  endfacet
  facet normal 0.515021 0.857178 -0
    outer loop
      vertex 34.4448 55.1231 0
      vertex 32.5 56.2916 2
      vertex 34.4448 55.1231 2
    endloop
  endfacet
  facet normal 0.515021 0.857178 0
    outer loop
      vertex 32.5 56.2916 2
      vertex 34.4448 55.1231 0
      vertex 32.5 56.2916 0
    endloop
  endfacet
  facet normal -0.017454 -0.999848 0
    outer loop
      vertex -2.26847 -64.9604 0
      vertex 0 -65 2
      vertex -2.26847 -64.9604 2
    endloop
  endfacet
  facet normal -0.017454 -0.999848 -0
    outer loop
      vertex 0 -65 2
      vertex -2.26847 -64.9604 0
      vertex 0 -65 0
    endloop
  endfacet
  facet normal 0.707107 -0.707107 0
    outer loop
      vertex 45.1528 -46.7571 2
      vertex 46.7571 -45.1528 0
      vertex 46.7571 -45.1528 2
    endloop
  endfacet
  facet normal 0.707107 -0.707107 0
    outer loop
      vertex 46.7571 -45.1528 0
      vertex 45.1528 -46.7571 2
      vertex 45.1528 -46.7571 0
    endloop
  endfacet
  facet normal -0.453971 -0.891017 0
    outer loop
      vertex -30.5157 -57.3916 0
      vertex -28.4941 -58.4216 2
      vertex -30.5157 -57.3916 2
    endloop
  endfacet
  facet normal -0.453971 -0.891017 -0
    outer loop
      vertex -28.4941 -58.4216 2
      vertex -30.5157 -57.3916 0
      vertex -28.4941 -58.4216 0
    endloop
  endfacet
  facet normal -0.731359 -0.681993 0
    outer loop
      vertex -46.7571 -45.1528 0
      vertex -48.3044 -43.4935 2
      vertex -48.3044 -43.4935 0
    endloop
  endfacet
  facet normal -0.731359 -0.681993 0
    outer loop
      vertex -48.3044 -43.4935 2
      vertex -46.7571 -45.1528 0
      vertex -46.7571 -45.1528 2
    endloop
  endfacet
  facet normal -0.453971 0.891017 0
    outer loop
      vertex -28.4941 58.4216 0
      vertex -30.5157 57.3916 2
      vertex -28.4941 58.4216 2
    endloop
  endfacet
  facet normal -0.453971 0.891017 0
    outer loop
      vertex -30.5157 57.3916 2
      vertex -28.4941 58.4216 0
      vertex -30.5157 57.3916 0
    endloop
  endfacet
  facet normal 0.292354 -0.95631 0
    outer loop
      vertex 17.9164 -62.482 0
      vertex 20.0861 -61.8187 2
      vertex 17.9164 -62.482 2
    endloop
  endfacet
  facet normal 0.292354 -0.95631 0
    outer loop
      vertex 20.0861 -61.8187 2
      vertex 17.9164 -62.482 0
      vertex 20.0861 -61.8187 0
    endloop
  endfacet
  facet normal -0.731359 0.681993 0
    outer loop
      vertex -48.3044 43.4935 0
      vertex -46.7571 45.1528 2
      vertex -46.7571 45.1528 0
    endloop
  endfacet
  facet normal -0.731359 0.681993 0
    outer loop
      vertex -46.7571 45.1528 2
      vertex -48.3044 43.4935 0
      vertex -48.3044 43.4935 2
    endloop
  endfacet
  facet normal 0.12187 -0.992546 0
    outer loop
      vertex 6.79435 -64.6439 0
      vertex 9.04625 -64.3674 2
      vertex 6.79435 -64.6439 2
    endloop
  endfacet
  facet normal 0.12187 -0.992546 0
    outer loop
      vertex 9.04625 -64.3674 2
      vertex 6.79435 -64.6439 0
      vertex 9.04625 -64.3674 0
    endloop
  endfacet
  facet normal 0.258815 0.965927 -0
    outer loop
      vertex 17.9164 62.482 0
      vertex 15.7249 63.0692 2
      vertex 17.9164 62.482 2
    endloop
  endfacet
  facet normal 0.258815 0.965927 0
    outer loop
      vertex 15.7249 63.0692 2
      vertex 17.9164 62.482 0
      vertex 15.7249 63.0692 0
    endloop
  endfacet
  facet normal 0.857178 -0.515021 0
    outer loop
      vertex 55.1231 -34.4448 2
      vertex 56.2916 -32.5 0
      vertex 56.2916 -32.5 2
    endloop
  endfacet
  facet normal 0.857178 -0.515021 0
    outer loop
      vertex 56.2916 -32.5 0
      vertex 55.1231 -34.4448 2
      vertex 55.1231 -34.4448 0
    endloop
  endfacet
  facet normal -0.819159 0.573566 0
    outer loop
      vertex -53.8874 36.3475 0
      vertex -52.5861 38.206 2
      vertex -52.5861 38.206 0
    endloop
  endfacet
  facet normal -0.819159 0.573566 0
    outer loop
      vertex -52.5861 38.206 2
      vertex -53.8874 36.3475 0
      vertex -53.8874 36.3475 2
    endloop
  endfacet
  facet normal -0.156428 -0.987689 0
    outer loop
      vertex -11.2871 -64.0125 0
      vertex -9.04625 -64.3674 2
      vertex -11.2871 -64.0125 2
    endloop
  endfacet
  facet normal -0.156428 -0.987689 -0
    outer loop
      vertex -9.04625 -64.3674 2
      vertex -11.2871 -64.0125 0
      vertex -9.04625 -64.3674 0
    endloop
  endfacet
  facet normal -0.974366 0.224969 0
    outer loop
      vertex -63.5796 13.5143 0
      vertex -63.0692 15.7249 2
      vertex -63.0692 15.7249 0
    endloop
  endfacet
  facet normal -0.974366 0.224969 0
    outer loop
      vertex -63.0692 15.7249 2
      vertex -63.5796 13.5143 0
      vertex -63.5796 13.5143 2
    endloop
  endfacet
  facet normal -0.573566 0.819159 0
    outer loop
      vertex -36.3475 53.8874 0
      vertex -38.206 52.5861 2
      vertex -36.3475 53.8874 2
    endloop
  endfacet
  facet normal -0.573566 0.819159 0
    outer loop
      vertex -38.206 52.5861 2
      vertex -36.3475 53.8874 0
      vertex -38.206 52.5861 0
    endloop
  endfacet
  facet normal 0.515021 -0.857178 0
    outer loop
      vertex 32.5 -56.2916 0
      vertex 34.4448 -55.1231 2
      vertex 32.5 -56.2916 2
    endloop
  endfacet
  facet normal 0.515021 -0.857178 0
    outer loop
      vertex 34.4448 -55.1231 2
      vertex 32.5 -56.2916 0
      vertex 34.4448 -55.1231 0
    endloop
  endfacet
  facet normal 0.0523182 -0.99863 0
    outer loop
      vertex 2.26847 -64.9604 0
      vertex 4.53417 -64.8417 2
      vertex 2.26847 -64.9604 2
    endloop
  endfacet
  facet normal 0.0523182 -0.99863 0
    outer loop
      vertex 4.53417 -64.8417 2
      vertex 2.26847 -64.9604 0
      vertex 4.53417 -64.8417 0
    endloop
  endfacet
  facet normal -0.601804 0.798644 0
    outer loop
      vertex -38.206 52.5861 0
      vertex -40.018 51.2207 2
      vertex -38.206 52.5861 2
    endloop
  endfacet
  facet normal -0.601804 0.798644 0
    outer loop
      vertex -40.018 51.2207 2
      vertex -38.206 52.5861 0
      vertex -40.018 51.2207 0
    endloop
  endfacet
  facet normal -0.965927 0.258815 0
    outer loop
      vertex -63.0692 15.7249 0
      vertex -62.482 17.9164 2
      vertex -62.482 17.9164 0
    endloop
  endfacet
  facet normal -0.965927 0.258815 0
    outer loop
      vertex -62.482 17.9164 2
      vertex -63.0692 15.7249 0
      vertex -63.0692 15.7249 2
    endloop
  endfacet
  facet normal 0.573566 0.819159 -0
    outer loop
      vertex 38.206 52.5861 0
      vertex 36.3475 53.8874 2
      vertex 38.206 52.5861 2
    endloop
  endfacet
  facet normal 0.573566 0.819159 0
    outer loop
      vertex 36.3475 53.8874 2
      vertex 38.206 52.5861 0
      vertex 36.3475 53.8874 0
    endloop
  endfacet
  facet normal 0.190799 -0.981629 0
    outer loop
      vertex 11.2871 -64.0125 0
      vertex 13.5143 -63.5796 2
      vertex 11.2871 -64.0125 2
    endloop
  endfacet
  facet normal 0.190799 -0.981629 0
    outer loop
      vertex 13.5143 -63.5796 2
      vertex 11.2871 -64.0125 0
      vertex 13.5143 -63.5796 0
    endloop
  endfacet
  facet normal -0.707107 0.707107 0
    outer loop
      vertex -46.7571 45.1528 0
      vertex -45.1528 46.7571 2
      vertex -45.1528 46.7571 0
    endloop
  endfacet
  facet normal -0.707107 0.707107 0
    outer loop
      vertex -45.1528 46.7571 2
      vertex -46.7571 45.1528 0
      vertex -46.7571 45.1528 2
    endloop
  endfacet
  facet normal -0.838656 -0.544661 0
    outer loop
      vertex -53.8874 -36.3475 0
      vertex -55.1231 -34.4448 2
      vertex -55.1231 -34.4448 0
    endloop
  endfacet
  facet normal -0.838656 -0.544661 0
    outer loop
      vertex -55.1231 -34.4448 2
      vertex -53.8874 -36.3475 0
      vertex -53.8874 -36.3475 2
    endloop
  endfacet
  facet normal 0.754705 -0.656064 0
    outer loop
      vertex 48.3044 -43.4935 2
      vertex 49.7929 -41.7812 0
      vertex 49.7929 -41.7812 2
    endloop
  endfacet
  facet normal 0.754705 -0.656064 0
    outer loop
      vertex 49.7929 -41.7812 0
      vertex 48.3044 -43.4935 2
      vertex 48.3044 -43.4935 0
    endloop
  endfacet
  facet normal -0.515021 0.857178 0
    outer loop
      vertex -32.5 56.2916 0
      vertex -34.4448 55.1231 2
      vertex -32.5 56.2916 2
    endloop
  endfacet
  facet normal -0.515021 0.857178 0
    outer loop
      vertex -34.4448 55.1231 2
      vertex -32.5 56.2916 0
      vertex -34.4448 55.1231 0
    endloop
  endfacet
  facet normal 0.601804 -0.798644 0
    outer loop
      vertex 38.206 -52.5861 0
      vertex 40.018 -51.2207 2
      vertex 38.206 -52.5861 2
    endloop
  endfacet
  facet normal 0.601804 -0.798644 0
    outer loop
      vertex 40.018 -51.2207 2
      vertex 38.206 -52.5861 0
      vertex 40.018 -51.2207 0
    endloop
  endfacet
  facet normal -0.874604 -0.484838 0
    outer loop
      vertex -56.2916 -32.5 0
      vertex -57.3916 -30.5157 2
      vertex -57.3916 -30.5157 0
    endloop
  endfacet
  facet normal -0.874604 -0.484838 0
    outer loop
      vertex -57.3916 -30.5157 2
      vertex -56.2916 -32.5 0
      vertex -56.2916 -32.5 2
    endloop
  endfacet
  facet normal -0.656064 0.754705 0
    outer loop
      vertex -41.7812 49.7929 0
      vertex -43.4935 48.3044 2
      vertex -41.7812 49.7929 2
    endloop
  endfacet
  facet normal -0.656064 0.754705 0
    outer loop
      vertex -43.4935 48.3044 2
      vertex -41.7812 49.7929 0
      vertex -43.4935 48.3044 0
    endloop
  endfacet
  facet normal -0.544661 -0.838656 0
    outer loop
      vertex -36.3475 -53.8874 0
      vertex -34.4448 -55.1231 2
      vertex -36.3475 -53.8874 2
    endloop
  endfacet
  facet normal -0.544661 -0.838656 -0
    outer loop
      vertex -34.4448 -55.1231 2
      vertex -36.3475 -53.8874 0
      vertex -34.4448 -55.1231 0
    endloop
  endfacet
  facet normal 0.981629 -0.190799 0
    outer loop
      vertex 63.5796 -13.5143 2
      vertex 64.0125 -11.2871 0
      vertex 64.0125 -11.2871 2
    endloop
  endfacet
  facet normal 0.981629 -0.190799 0
    outer loop
      vertex 64.0125 -11.2871 0
      vertex 63.5796 -13.5143 2
      vertex 63.5796 -13.5143 0
    endloop
  endfacet
  facet normal 0.484838 -0.874604 0
    outer loop
      vertex 30.5157 -57.3916 0
      vertex 32.5 -56.2916 2
      vertex 30.5157 -57.3916 2
    endloop
  endfacet
  facet normal 0.484838 -0.874604 0
    outer loop
      vertex 32.5 -56.2916 2
      vertex 30.5157 -57.3916 0
      vertex 32.5 -56.2916 0
    endloop
  endfacet
  facet normal -0.819159 -0.573566 0
    outer loop
      vertex -52.5861 -38.206 0
      vertex -53.8874 -36.3475 2
      vertex -53.8874 -36.3475 0
    endloop
  endfacet
  facet normal -0.819159 -0.573566 0
    outer loop
      vertex -53.8874 -36.3475 2
      vertex -52.5861 -38.206 0
      vertex -52.5861 -38.206 2
    endloop
  endfacet
  facet normal 0.819159 0.573566 0
    outer loop
      vertex 53.8874 36.3475 2
      vertex 52.5861 38.206 0
      vertex 52.5861 38.206 2
    endloop
  endfacet
  facet normal 0.819159 0.573566 0
    outer loop
      vertex 52.5861 38.206 0
      vertex 53.8874 36.3475 2
      vertex 53.8874 36.3475 0
    endloop
  endfacet
  facet normal 0.12187 0.992546 -0
    outer loop
      vertex 9.04625 64.3674 0
      vertex 6.79435 64.6439 2
      vertex 9.04625 64.3674 2
    endloop
  endfacet
  facet normal 0.12187 0.992546 0
    outer loop
      vertex 6.79435 64.6439 2
      vertex 9.04625 64.3674 0
      vertex 6.79435 64.6439 0
    endloop
  endfacet
  facet normal 0.920523 -0.390688 0
    outer loop
      vertex 59.3805 -26.4379 2
      vertex 60.2669 -24.3494 0
      vertex 60.2669 -24.3494 2
    endloop
  endfacet
  facet normal 0.920523 -0.390688 0
    outer loop
      vertex 60.2669 -24.3494 0
      vertex 59.3805 -26.4379 2
      vertex 59.3805 -26.4379 0
    endloop
  endfacet
  facet normal 0.390688 -0.920523 0
    outer loop
      vertex 24.3494 -60.2669 0
      vertex 26.4379 -59.3805 2
      vertex 24.3494 -60.2669 2
    endloop
  endfacet
  facet normal 0.390688 -0.920523 0
    outer loop
      vertex 26.4379 -59.3805 2
      vertex 24.3494 -60.2669 0
      vertex 26.4379 -59.3805 0
    endloop
  endfacet
  facet normal 0.681993 -0.731359 0
    outer loop
      vertex 43.4935 -48.3044 0
      vertex 45.1528 -46.7571 2
      vertex 43.4935 -48.3044 2
    endloop
  endfacet
  facet normal 0.681993 -0.731359 0
    outer loop
      vertex 45.1528 -46.7571 2
      vertex 43.4935 -48.3044 0
      vertex 45.1528 -46.7571 0
    endloop
  endfacet
  facet normal -0.857178 0.515021 0
    outer loop
      vertex -56.2916 32.5 0
      vertex -55.1231 34.4448 2
      vertex -55.1231 34.4448 0
    endloop
  endfacet
  facet normal -0.857178 0.515021 0
    outer loop
      vertex -55.1231 34.4448 2
      vertex -56.2916 32.5 0
      vertex -56.2916 32.5 2
    endloop
  endfacet
  facet normal -0.484838 0.874604 0
    outer loop
      vertex -30.5157 57.3916 0
      vertex -32.5 56.2916 2
      vertex -30.5157 57.3916 2
    endloop
  endfacet
  facet normal -0.484838 0.874604 0
    outer loop
      vertex -32.5 56.2916 2
      vertex -30.5157 57.3916 0
      vertex -32.5 56.2916 0
    endloop
  endfacet
  facet normal 0.484838 0.874604 -0
    outer loop
      vertex 32.5 56.2916 0
      vertex 30.5157 57.3916 2
      vertex 32.5 56.2916 2
    endloop
  endfacet
  facet normal 0.484838 0.874604 0
    outer loop
      vertex 30.5157 57.3916 2
      vertex 32.5 56.2916 0
      vertex 30.5157 57.3916 0
    endloop
  endfacet
  facet normal -0.190799 0.981629 0
    outer loop
      vertex -11.2871 64.0125 0
      vertex -13.5143 63.5796 2
      vertex -11.2871 64.0125 2
    endloop
  endfacet
  facet normal -0.190799 0.981629 0
    outer loop
      vertex -13.5143 63.5796 2
      vertex -11.2871 64.0125 0
      vertex -13.5143 63.5796 0
    endloop
  endfacet
  facet normal -0.981629 0.190799 0
    outer loop
      vertex -64.0125 11.2871 0
      vertex -63.5796 13.5143 2
      vertex -63.5796 13.5143 0
    endloop
  endfacet
  facet normal -0.981629 0.190799 0
    outer loop
      vertex -63.5796 13.5143 2
      vertex -64.0125 11.2871 0
      vertex -64.0125 11.2871 2
    endloop
  endfacet
  facet normal -0.777148 0.629317 0
    outer loop
      vertex -51.2207 40.018 0
      vertex -49.7929 41.7812 2
      vertex -49.7929 41.7812 0
    endloop
  endfacet
  facet normal -0.777148 0.629317 0
    outer loop
      vertex -49.7929 41.7812 2
      vertex -51.2207 40.018 0
      vertex -51.2207 40.018 2
    endloop
  endfacet
  facet normal 0.453971 -0.891017 0
    outer loop
      vertex 28.4941 -58.4216 0
      vertex 30.5157 -57.3916 2
      vertex 28.4941 -58.4216 2
    endloop
  endfacet
  facet normal 0.453971 -0.891017 0
    outer loop
      vertex 30.5157 -57.3916 2
      vertex 28.4941 -58.4216 0
      vertex 30.5157 -57.3916 0
    endloop
  endfacet
  facet normal 0.874604 -0.484838 0
    outer loop
      vertex 56.2916 -32.5 2
      vertex 57.3916 -30.5157 0
      vertex 57.3916 -30.5157 2
    endloop
  endfacet
  facet normal 0.874604 -0.484838 0
    outer loop
      vertex 57.3916 -30.5157 0
      vertex 56.2916 -32.5 2
      vertex 56.2916 -32.5 0
    endloop
  endfacet
  facet normal 0.920523 0.390688 0
    outer loop
      vertex 60.2669 24.3494 2
      vertex 59.3805 26.4379 0
      vertex 59.3805 26.4379 2
    endloop
  endfacet
  facet normal 0.920523 0.390688 0
    outer loop
      vertex 59.3805 26.4379 0
      vertex 60.2669 24.3494 2
      vertex 60.2669 24.3494 0
    endloop
  endfacet
  facet normal -0.0523182 0.99863 0
    outer loop
      vertex -2.26847 64.9604 0
      vertex -4.53417 64.8417 2
      vertex -2.26847 64.9604 2
    endloop
  endfacet
  facet normal -0.0523182 0.99863 0
    outer loop
      vertex -4.53417 64.8417 2
      vertex -2.26847 64.9604 0
      vertex -4.53417 64.8417 0
    endloop
  endfacet
  facet normal -0.629317 -0.777148 0
    outer loop
      vertex -41.7812 -49.7929 0
      vertex -40.018 -51.2207 2
      vertex -41.7812 -49.7929 2
    endloop
  endfacet
  facet normal -0.629317 -0.777148 -0
    outer loop
      vertex -40.018 -51.2207 2
      vertex -41.7812 -49.7929 0
      vertex -40.018 -51.2207 0
    endloop
  endfacet
  facet normal -0.987663 0.156597 0
    outer loop
      vertex -64.0581 10.9995 0
      vertex -64.0125 11.2871 2
      vertex -64.0125 11.2871 0
    endloop
  endfacet
  facet normal -0.987663 0.156597 0
    outer loop
      vertex -64.0125 11.2871 2
      vertex -64.0581 10.9995 0
      vertex -64.0581 10.9995 2
    endloop
  endfacet
  facet normal -0.224969 -0.974366 0
    outer loop
      vertex -15.7249 -63.0692 0
      vertex -13.5143 -63.5796 2
      vertex -15.7249 -63.0692 2
    endloop
  endfacet
  facet normal -0.224969 -0.974366 -0
    outer loop
      vertex -13.5143 -63.5796 2
      vertex -15.7249 -63.0692 0
      vertex -13.5143 -63.5796 0
    endloop
  endfacet
  facet normal 0 0 1
    outer loop
      vertex 55 5 2
      vertex 64.0125 11.2871 2
      vertex 63.5796 13.5143 2
    endloop
  endfacet
  facet normal 0 0 1
    outer loop
      vertex 55 5 2
      vertex 63.5796 13.5143 2
      vertex 63.0692 15.7249 2
    endloop
  endfacet
  facet normal 0 0 1
    outer loop
      vertex 55 5 2
      vertex 63.0692 15.7249 2
      vertex 62.482 17.9164 2
    endloop
  endfacet
  facet normal 0 0 1
    outer loop
      vertex 55 5 2
      vertex 62.482 17.9164 2
      vertex 61.8187 20.0861 2
    endloop
  endfacet
  facet normal 0 0 1
    outer loop
      vertex 55 5 2
      vertex 61.8187 20.0861 2
      vertex 61.08 22.2313 2
    endloop
  endfacet
  facet normal 0 0 1
    outer loop
      vertex 55 5 2
      vertex 61.08 22.2313 2
      vertex 60.2669 24.3494 2
    endloop
  endfacet
  facet normal 0 0 1
    outer loop
      vertex 55 5 2
      vertex 60.2669 24.3494 2
      vertex 59.3805 26.4379 2
    endloop
  endfacet
  facet normal 0 0 1
    outer loop
      vertex 55 5 2
      vertex 59.3805 26.4379 2
      vertex 58.4216 28.4941 2
    endloop
  endfacet
  facet normal 0 0 1
    outer loop
      vertex 55 5 2
      vertex 58.4216 28.4941 2
      vertex 57.3916 30.5157 2
    endloop
  endfacet
  facet normal 0 0 1
    outer loop
      vertex 55 5 2
      vertex 57.3916 30.5157 2
      vertex 56.2916 32.5 2
    endloop
  endfacet
  facet normal 0 0 1
    outer loop
      vertex 12.9904 7.5 2
      vertex 56.2916 32.5 2
      vertex 55.1231 34.4448 2
    endloop
  endfacet
  facet normal 0 0 1
    outer loop
      vertex 64.0125 11.2871 2
      vertex 55 5 2
      vertex 64.2124 10.025 2
    endloop
  endfacet
  facet normal 0 0 1
    outer loop
      vertex 12.7207 7.94879 2
      vertex 55.1231 34.4448 2
      vertex 53.8874 36.3475 2
    endloop
  endfacet
  facet normal 0 0 1
    outer loop
      vertex 12.4356 8.38789 2
      vertex 53.8874 36.3475 2
      vertex 52.5861 38.206 2
    endloop
  endfacet
  facet normal 0 0 1
    outer loop
      vertex 12.1353 8.81678 2
      vertex 52.5861 38.206 2
      vertex 51.2207 40.018 2
    endloop
  endfacet
  facet normal 0 0 1
    outer loop
      vertex 11.8202 9.23492 2
      vertex 51.2207 40.018 2
      vertex 49.7929 41.7812 2
    endloop
  endfacet
  facet normal 0 0 1
    outer loop
      vertex 11.4907 9.64181 2
      vertex 49.7929 41.7812 2
      vertex 48.3044 43.4935 2
    endloop
  endfacet
  facet normal 0 0 1
    outer loop
      vertex 11.1472 10.037 2
      vertex 48.3044 43.4935 2
      vertex 46.7571 45.1528 2
    endloop
  endfacet
  facet normal 0 0 1
    outer loop
      vertex 10.7901 10.4199 2
      vertex 46.7571 45.1528 2
      vertex 45.1528 46.7571 2
    endloop
  endfacet
  facet normal 0 0 1
    outer loop
      vertex 10.4199 10.7901 2
      vertex 45.1528 46.7571 2
      vertex 43.4935 48.3044 2
    endloop
  endfacet
  facet normal 0 0 1
    outer loop
      vertex 10.037 11.1472 2
      vertex 43.4935 48.3044 2
      vertex 41.7812 49.7929 2
    endloop
  endfacet
  facet normal 0 0 1
    outer loop
      vertex 9.64181 11.4907 2
      vertex 41.7812 49.7929 2
      vertex 40.018 51.2207 2
    endloop
  endfacet
  facet normal 0 0 1
    outer loop
      vertex 9.23492 11.8202 2
      vertex 40.018 51.2207 2
      vertex 38.206 52.5861 2
    endloop
  endfacet
  facet normal 0 0 1
    outer loop
      vertex 8.81678 12.1353 2
      vertex 38.206 52.5861 2
      vertex 36.3475 53.8874 2
    endloop
  endfacet
  facet normal 0 0 1
    outer loop
      vertex 8.38789 12.4356 2
      vertex 36.3475 53.8874 2
      vertex 34.4448 55.1231 2
    endloop
  endfacet
  facet normal 0 0 1
    outer loop
      vertex 7.94879 12.7207 2
      vertex 34.4448 55.1231 2
      vertex 32.5 56.2916 2
    endloop
  endfacet
  facet normal 0 0 1
    outer loop
      vertex 7.5 12.9904 2
      vertex 32.5 56.2916 2
      vertex 30.5157 57.3916 2
    endloop
  endfacet
  facet normal 0 0 1
    outer loop
      vertex 7.04207 13.2442 2
      vertex 30.5157 57.3916 2
      vertex 28.4941 58.4216 2
    endloop
  endfacet
  facet normal 0 0 1
    outer loop
      vertex 6.57557 13.4819 2
      vertex 28.4941 58.4216 2
      vertex 26.4379 59.3805 2
    endloop
  endfacet
  facet normal 0 0 1
    outer loop
      vertex 6.10105 13.7032 2
      vertex 26.4379 59.3805 2
      vertex 24.3494 60.2669 2
    endloop
  endfacet
  facet normal 0 0 1
    outer loop
      vertex 5.6191 13.9078 2
      vertex 24.3494 60.2669 2
      vertex 22.2313 61.08 2
    endloop
  endfacet
  facet normal 0 0 1
    outer loop
      vertex 5.1303 14.0954 2
      vertex 22.2313 61.08 2
      vertex 20.0861 61.8187 2
    endloop
  endfacet
  facet normal 0 0 1
    outer loop
      vertex 4.63525 14.2658 2
      vertex 20.0861 61.8187 2
      vertex 17.9164 62.482 2
    endloop
  endfacet
  facet normal 0 0 1
    outer loop
      vertex 4.13456 14.4189 2
      vertex 17.9164 62.482 2
      vertex 15.7249 63.0692 2
    endloop
  endfacet
  facet normal 0 0 1
    outer loop
      vertex 46.7571 45.1528 2
      vertex 10.7901 10.4199 2
      vertex 11.1472 10.037 2
    endloop
  endfacet
  facet normal 0 0 1
    outer loop
      vertex 55 5 2
      vertex 14.0954 5.1303 2
      vertex 14.1403 5 2
    endloop
  endfacet
  facet normal 0 0 1
    outer loop
      vertex 55 5 2
      vertex 13.9078 5.6191 2
      vertex 14.0954 5.1303 2
    endloop
  endfacet
  facet normal 0 0 1
    outer loop
      vertex 55 5 2
      vertex 13.7032 6.10105 2
      vertex 13.9078 5.6191 2
    endloop
  endfacet
  facet normal 0 0 1
    outer loop
      vertex 3.62883 14.5544 2
      vertex 15.7249 63.0692 2
      vertex 13.5143 63.5796 2
    endloop
  endfacet
  facet normal 0 0 1
    outer loop
      vertex 55 5 2
      vertex 13.4819 6.57557 2
      vertex 13.7032 6.10105 2
    endloop
  endfacet
  facet normal 0 0 1
    outer loop
      vertex 55 5 2
      vertex 13.2442 7.04207 2
      vertex 13.4819 6.57557 2
    endloop
  endfacet
  facet normal 0 0 1
    outer loop
      vertex 55 5 2
      vertex 12.9904 7.5 2
      vertex 13.2442 7.04207 2
    endloop
  endfacet
  facet normal 0 0 1
    outer loop
      vertex 56.2916 32.5 2
      vertex 12.9904 7.5 2
      vertex 55 5 2
    endloop
  endfacet
  facet normal 0 0 1
    outer loop
      vertex 55.1231 34.4448 2
      vertex 12.7207 7.94879 2
      vertex 12.9904 7.5 2
    endloop
  endfacet
  facet normal 0 0 1
    outer loop
      vertex 53.8874 36.3475 2
      vertex 12.4356 8.38789 2
      vertex 12.7207 7.94879 2
    endloop
  endfacet
  facet normal 0 0 1
    outer loop
      vertex 52.5861 38.206 2
      vertex 12.1353 8.81678 2
      vertex 12.4356 8.38789 2
    endloop
  endfacet
  facet normal 0 0 1
    outer loop
      vertex 51.2207 40.018 2
      vertex 11.8202 9.23492 2
      vertex 12.1353 8.81678 2
    endloop
  endfacet
  facet normal 0 0 1
    outer loop
      vertex 3.11868 14.6722 2
      vertex 13.5143 63.5796 2
      vertex 11.2871 64.0125 2
    endloop
  endfacet
  facet normal 0 0 1
    outer loop
      vertex 49.7929 41.7812 2
      vertex 11.4907 9.64181 2
      vertex 11.8202 9.23492 2
    endloop
  endfacet
  facet normal 0 0 1
    outer loop
      vertex 48.3044 43.4935 2
      vertex 11.1472 10.037 2
      vertex 11.4907 9.64181 2
    endloop
  endfacet
  facet normal 0 0 1
    outer loop
      vertex 45.1528 46.7571 2
      vertex 10.4199 10.7901 2
      vertex 10.7901 10.4199 2
    endloop
  endfacet
  facet normal 0 0 1
    outer loop
      vertex 43.4935 48.3044 2
      vertex 10.037 11.1472 2
      vertex 10.4199 10.7901 2
    endloop
  endfacet
  facet normal 0 0 1
    outer loop
      vertex 41.7812 49.7929 2
      vertex 9.64181 11.4907 2
      vertex 10.037 11.1472 2
    endloop
  endfacet
  facet normal 0 0 1
    outer loop
      vertex 40.018 51.2207 2
      vertex 9.23492 11.8202 2
      vertex 9.64181 11.4907 2
    endloop
  endfacet
  facet normal 0 0 1
    outer loop
      vertex 2.60472 14.7721 2
      vertex 11.2871 64.0125 2
      vertex 9.04625 64.3674 2
    endloop
  endfacet
  facet normal 0 0 1
    outer loop
      vertex 38.206 52.5861 2
      vertex 8.81678 12.1353 2
      vertex 9.23492 11.8202 2
    endloop
  endfacet
  facet normal 0 0 1
    outer loop
      vertex 36.3475 53.8874 2
      vertex 8.38789 12.4356 2
      vertex 8.81678 12.1353 2
    endloop
  endfacet
  facet normal 0 0 1
    outer loop
      vertex 34.4448 55.1231 2
      vertex 7.94879 12.7207 2
      vertex 8.38789 12.4356 2
    endloop
  endfacet
  facet normal 0 0 1
    outer loop
      vertex 32.5 56.2916 2
      vertex 7.5 12.9904 2
      vertex 7.94879 12.7207 2
    endloop
  endfacet
  facet normal 0 0 1
    outer loop
      vertex 30.5157 57.3916 2
      vertex 7.04207 13.2442 2
      vertex 7.5 12.9904 2
    endloop
  endfacet
  facet normal 0 0 1
    outer loop
      vertex 2.0876 14.854 2
      vertex 9.04625 64.3674 2
      vertex 6.79435 64.6439 2
    endloop
  endfacet
  facet normal 0 0 1
    outer loop
      vertex 28.4941 58.4216 2
      vertex 6.57557 13.4819 2
      vertex 7.04207 13.2442 2
    endloop
  endfacet
  facet normal 0 0 1
    outer loop
      vertex 26.4379 59.3805 2
      vertex 6.10105 13.7032 2
      vertex 6.57557 13.4819 2
    endloop
  endfacet
  facet normal 0 0 1
    outer loop
      vertex 24.3494 60.2669 2
      vertex 5.6191 13.9078 2
      vertex 6.10105 13.7032 2
    endloop
  endfacet
  facet normal 0 0 1
    outer loop
      vertex 22.2313 61.08 2
      vertex 5.1303 14.0954 2
      vertex 5.6191 13.9078 2
    endloop
  endfacet
  facet normal 0 0 1
    outer loop
      vertex 20.0861 61.8187 2
      vertex 4.63525 14.2658 2
      vertex 5.1303 14.0954 2
    endloop
  endfacet
  facet normal 0 0 1
    outer loop
      vertex 1.56793 14.9178 2
      vertex 6.79435 64.6439 2
      vertex 4.53417 64.8417 2
    endloop
  endfacet
  facet normal 0 0 1
    outer loop
      vertex 17.9164 62.482 2
      vertex 4.13456 14.4189 2
      vertex 4.63525 14.2658 2
    endloop
  endfacet
  facet normal 0 0 1
    outer loop
      vertex 15.7249 63.0692 2
      vertex 3.62883 14.5544 2
      vertex 4.13456 14.4189 2
    endloop
  endfacet
  facet normal 0 0 1
    outer loop
      vertex 13.5143 63.5796 2
      vertex 3.11868 14.6722 2
      vertex 3.62883 14.5544 2
    endloop
  endfacet
  facet normal 0 0 1
    outer loop
      vertex 11.2871 64.0125 2
      vertex 2.60472 14.7721 2
      vertex 3.11868 14.6722 2
    endloop
  endfacet
  facet normal 0 0 1
    outer loop
      vertex 1.04635 14.9635 2
      vertex 4.53417 64.8417 2
      vertex 2.26847 64.9604 2
    endloop
  endfacet
  facet normal 0 0 1
    outer loop
      vertex 9.04625 64.3674 2
      vertex 2.0876 14.854 2
      vertex 2.60472 14.7721 2
    endloop
  endfacet
  facet normal 0 0 1
    outer loop
      vertex 6.79435 64.6439 2
      vertex 1.56793 14.9178 2
      vertex 2.0876 14.854 2
    endloop
  endfacet
  facet normal 0 0 1
    outer loop
      vertex 4.53417 64.8417 2
      vertex 1.04635 14.9635 2
      vertex 1.56793 14.9178 2
    endloop
  endfacet
  facet normal 0 0 1
    outer loop
      vertex 2.26847 64.9604 2
      vertex 0.523492 14.9909 2
      vertex 1.04635 14.9635 2
    endloop
  endfacet
  facet normal 0 0 1
    outer loop
      vertex 0 65 2
      vertex 0.523492 14.9909 2
      vertex 2.26847 64.9604 2
    endloop
  endfacet
  facet normal 0 0 1
    outer loop
      vertex 0 65 2
      vertex 0 15 2
      vertex 0.523492 14.9909 2
    endloop
  endfacet
  facet normal 0 0 1
    outer loop
      vertex 0 65 2
      vertex -0.523492 14.9909 2
      vertex 0 15 2
    endloop
  endfacet
  facet normal -0 0 1
    outer loop
      vertex -2.26847 64.9604 2
      vertex -0.523492 14.9909 2
      vertex 0 65 2
    endloop
  endfacet
  facet normal 0 0 1
    outer loop
      vertex -0.523492 14.9909 2
      vertex -2.26847 64.9604 2
      vertex -1.04635 14.9635 2
    endloop
  endfacet
  facet normal -0 0 1
    outer loop
      vertex -4.53417 64.8417 2
      vertex -1.04635 14.9635 2
      vertex -2.26847 64.9604 2
    endloop
  endfacet
  facet normal 0 0 1
    outer loop
      vertex -1.04635 14.9635 2
      vertex -4.53417 64.8417 2
      vertex -1.56793 14.9178 2
    endloop
  endfacet
  facet normal -0 0 1
    outer loop
      vertex -6.79435 64.6439 2
      vertex -1.56793 14.9178 2
      vertex -4.53417 64.8417 2
    endloop
  endfacet
  facet normal 0 0 1
    outer loop
      vertex -1.56793 14.9178 2
      vertex -6.79435 64.6439 2
      vertex -2.0876 14.854 2
    endloop
  endfacet
  facet normal -0 0 1
    outer loop
      vertex -9.04625 64.3674 2
      vertex -2.0876 14.854 2
      vertex -6.79435 64.6439 2
    endloop
  endfacet
  facet normal 0 0 1
    outer loop
      vertex -2.0876 14.854 2
      vertex -9.04625 64.3674 2
      vertex -2.60472 14.7721 2
    endloop
  endfacet
  facet normal -0 0 1
    outer loop
      vertex -11.2871 64.0125 2
      vertex -2.60472 14.7721 2
      vertex -9.04625 64.3674 2
    endloop
  endfacet
  facet normal 0 0 1
    outer loop
      vertex -2.60472 14.7721 2
      vertex -11.2871 64.0125 2
      vertex -3.11868 14.6722 2
    endloop
  endfacet
  facet normal -0 0 1
    outer loop
      vertex -13.5143 63.5796 2
      vertex -3.11868 14.6722 2
      vertex -11.2871 64.0125 2
    endloop
  endfacet
  facet normal 0 0 1
    outer loop
      vertex -3.11868 14.6722 2
      vertex -13.5143 63.5796 2
      vertex -3.62883 14.5544 2
    endloop
  endfacet
  facet normal -0 0 1
    outer loop
      vertex -15.7249 63.0692 2
      vertex -3.62883 14.5544 2
      vertex -13.5143 63.5796 2
    endloop
  endfacet
  facet normal 0 0 1
    outer loop
      vertex -3.62883 14.5544 2
      vertex -15.7249 63.0692 2
      vertex -4.13456 14.4189 2
    endloop
  endfacet
  facet normal -0 0 1
    outer loop
      vertex -17.9164 62.482 2
      vertex -4.13456 14.4189 2
      vertex -15.7249 63.0692 2
    endloop
  endfacet
  facet normal 0 0 1
    outer loop
      vertex -4.13456 14.4189 2
      vertex -17.9164 62.482 2
      vertex -4.63525 14.2658 2
    endloop
  endfacet
  facet normal -0 0 1
    outer loop
      vertex -20.0861 61.8187 2
      vertex -4.63525 14.2658 2
      vertex -17.9164 62.482 2
    endloop
  endfacet
  facet normal 0 0 1
    outer loop
      vertex -4.63525 14.2658 2
      vertex -20.0861 61.8187 2
      vertex -5.1303 14.0954 2
    endloop
  endfacet
  facet normal -0 0 1
    outer loop
      vertex -22.2313 61.08 2
      vertex -5.1303 14.0954 2
      vertex -20.0861 61.8187 2
    endloop
  endfacet
  facet normal 0 0 1
    outer loop
      vertex -5.1303 14.0954 2
      vertex -22.2313 61.08 2
      vertex -5.6191 13.9078 2
    endloop
  endfacet
  facet normal -0 0 1
    outer loop
      vertex -24.3494 60.2669 2
      vertex -5.6191 13.9078 2
      vertex -22.2313 61.08 2
    endloop
  endfacet
  facet normal 0 0 1
    outer loop
      vertex -5.6191 13.9078 2
      vertex -24.3494 60.2669 2
      vertex -6.10105 13.7032 2
    endloop
  endfacet
  facet normal -0 0 1
    outer loop
      vertex -26.4379 59.3805 2
      vertex -6.10105 13.7032 2
      vertex -24.3494 60.2669 2
    endloop
  endfacet
  facet normal 0 0 1
    outer loop
      vertex -6.10105 13.7032 2
      vertex -26.4379 59.3805 2
      vertex -6.57557 13.4819 2
    endloop
  endfacet
  facet normal -0 0 1
    outer loop
      vertex -28.4941 58.4216 2
      vertex -6.57557 13.4819 2
      vertex -26.4379 59.3805 2
    endloop
  endfacet
  facet normal 0 0 1
    outer loop
      vertex -6.57557 13.4819 2
      vertex -28.4941 58.4216 2
      vertex -7.04207 13.2442 2
    endloop
  endfacet
  facet normal -0 0 1
    outer loop
      vertex -30.5157 57.3916 2
      vertex -7.04207 13.2442 2
      vertex -28.4941 58.4216 2
    endloop
  endfacet
  facet normal 0 0 1
    outer loop
      vertex -7.04207 13.2442 2
      vertex -30.5157 57.3916 2
      vertex -7.5 12.9904 2
    endloop
  endfacet
  facet normal -0 0 1
    outer loop
      vertex -32.5 56.2916 2
      vertex -7.5 12.9904 2
      vertex -30.5157 57.3916 2
    endloop
  endfacet
  facet normal 0 0 1
    outer loop
      vertex -7.5 12.9904 2
      vertex -32.5 56.2916 2
      vertex -7.94879 12.7207 2
    endloop
  endfacet
  facet normal -0 0 1
    outer loop
      vertex -34.4448 55.1231 2
      vertex -7.94879 12.7207 2
      vertex -32.5 56.2916 2
    endloop
  endfacet
  facet normal 0 0 1
    outer loop
      vertex -7.94879 12.7207 2
      vertex -34.4448 55.1231 2
      vertex -8.38789 12.4356 2
    endloop
  endfacet
  facet normal -0 0 1
    outer loop
      vertex -36.3475 53.8874 2
      vertex -8.38789 12.4356 2
      vertex -34.4448 55.1231 2
    endloop
  endfacet
  facet normal 0 0 1
    outer loop
      vertex -8.38789 12.4356 2
      vertex -36.3475 53.8874 2
      vertex -8.81678 12.1353 2
    endloop
  endfacet
  facet normal -0 0 1
    outer loop
      vertex -38.206 52.5861 2
      vertex -8.81678 12.1353 2
      vertex -36.3475 53.8874 2
    endloop
  endfacet
  facet normal 0 0 1
    outer loop
      vertex -8.81678 12.1353 2
      vertex -38.206 52.5861 2
      vertex -9.23492 11.8202 2
    endloop
  endfacet
  facet normal -0 0 1
    outer loop
      vertex -40.018 51.2207 2
      vertex -9.23492 11.8202 2
      vertex -38.206 52.5861 2
    endloop
  endfacet
  facet normal 0 0 1
    outer loop
      vertex -9.23492 11.8202 2
      vertex -40.018 51.2207 2
      vertex -9.64181 11.4907 2
    endloop
  endfacet
  facet normal -0 0 1
    outer loop
      vertex -41.7812 49.7929 2
      vertex -9.64181 11.4907 2
      vertex -40.018 51.2207 2
    endloop
  endfacet
  facet normal 0 0 1
    outer loop
      vertex -9.64181 11.4907 2
      vertex -41.7812 49.7929 2
      vertex -10.037 11.1472 2
    endloop
  endfacet
  facet normal -0 0 1
    outer loop
      vertex -43.4935 48.3044 2
      vertex -10.037 11.1472 2
      vertex -41.7812 49.7929 2
    endloop
  endfacet
  facet normal 0 0 1
    outer loop
      vertex -10.037 11.1472 2
      vertex -43.4935 48.3044 2
      vertex -10.4199 10.7901 2
    endloop
  endfacet
  facet normal -0 0 1
    outer loop
      vertex -45.1528 46.7571 2
      vertex -10.4199 10.7901 2
      vertex -43.4935 48.3044 2
    endloop
  endfacet
  facet normal 0 0 1
    outer loop
      vertex -10.4199 10.7901 2
      vertex -45.1528 46.7571 2
      vertex -10.7901 10.4199 2
    endloop
  endfacet
  facet normal -0 0 1
    outer loop
      vertex -46.7571 45.1528 2
      vertex -10.7901 10.4199 2
      vertex -45.1528 46.7571 2
    endloop
  endfacet
  facet normal 0 0 1
    outer loop
      vertex -10.7901 10.4199 2
      vertex -46.7571 45.1528 2
      vertex -11.1472 10.037 2
    endloop
  endfacet
  facet normal -0 0 1
    outer loop
      vertex -48.3044 43.4935 2
      vertex -11.1472 10.037 2
      vertex -46.7571 45.1528 2
    endloop
  endfacet
  facet normal 0 0 1
    outer loop
      vertex -11.1472 10.037 2
      vertex -48.3044 43.4935 2
      vertex -11.4907 9.64181 2
    endloop
  endfacet
  facet normal -0 0 1
    outer loop
      vertex -49.7929 41.7812 2
      vertex -11.4907 9.64181 2
      vertex -48.3044 43.4935 2
    endloop
  endfacet
  facet normal -0 0 1
    outer loop
      vertex -51.2207 40.018 2
      vertex -11.8202 9.23492 2
      vertex -49.7929 41.7812 2
    endloop
  endfacet
  facet normal 0 0 1
    outer loop
      vertex -11.4907 9.64181 2
      vertex -49.7929 41.7812 2
      vertex -11.8202 9.23492 2
    endloop
  endfacet
  facet normal 0 0 1
    outer loop
      vertex 55 -5 2
      vertex 64.0125 -11.2871 2
      vertex 64.2124 -10.025 2
    endloop
  endfacet
  facet normal 0 0 1
    outer loop
      vertex 64.0125 -11.2871 2
      vertex 55 -5 2
      vertex 63.5796 -13.5143 2
    endloop
  endfacet
  facet normal 0 0 1
    outer loop
      vertex 63.5796 -13.5143 2
      vertex 55 -5 2
      vertex 63.0692 -15.7249 2
    endloop
  endfacet
  facet normal 0 0 1
    outer loop
      vertex 63.0692 -15.7249 2
      vertex 55 -5 2
      vertex 62.482 -17.9164 2
    endloop
  endfacet
  facet normal 0 0 1
    outer loop
      vertex 62.482 -17.9164 2
      vertex 55 -5 2
      vertex 61.8187 -20.0861 2
    endloop
  endfacet
  facet normal 0 0 1
    outer loop
      vertex 61.8187 -20.0861 2
      vertex 55 -5 2
      vertex 61.08 -22.2313 2
    endloop
  endfacet
  facet normal 0 0 1
    outer loop
      vertex 61.08 -22.2313 2
      vertex 55 -5 2
      vertex 60.2669 -24.3494 2
    endloop
  endfacet
  facet normal 0 0 1
    outer loop
      vertex 60.2669 -24.3494 2
      vertex 55 -5 2
      vertex 59.3805 -26.4379 2
    endloop
  endfacet
  facet normal 0 0 1
    outer loop
      vertex 59.3805 -26.4379 2
      vertex 55 -5 2
      vertex 58.4216 -28.4941 2
    endloop
  endfacet
  facet normal 0 0 1
    outer loop
      vertex 58.4216 -28.4941 2
      vertex 55 -5 2
      vertex 57.3916 -30.5157 2
    endloop
  endfacet
  facet normal 0 0 1
    outer loop
      vertex 57.3916 -30.5157 2
      vertex 55 -5 2
      vertex 56.2916 -32.5 2
    endloop
  endfacet
  facet normal -0 0 1
    outer loop
      vertex 12.9904 -7.5 2
      vertex 56.2916 -32.5 2
      vertex 55 -5 2
    endloop
  endfacet
  facet normal 0 0 1
    outer loop
      vertex 56.2916 -32.5 2
      vertex 12.9904 -7.5 2
      vertex 55.1231 -34.4448 2
    endloop
  endfacet
  facet normal -0 0 1
    outer loop
      vertex 12.7207 -7.94879 2
      vertex 55.1231 -34.4448 2
      vertex 12.9904 -7.5 2
    endloop
  endfacet
  facet normal 0 0 1
    outer loop
      vertex 55.1231 -34.4448 2
      vertex 12.7207 -7.94879 2
      vertex 53.8874 -36.3475 2
    endloop
  endfacet
  facet normal -0 0 1
    outer loop
      vertex 12.4356 -8.38789 2
      vertex 53.8874 -36.3475 2
      vertex 12.7207 -7.94879 2
    endloop
  endfacet
  facet normal -0 0 1
    outer loop
      vertex 12.1353 -8.81678 2
      vertex 52.5861 -38.206 2
      vertex 12.4356 -8.38789 2
    endloop
  endfacet
  facet normal 0 0 1
    outer loop
      vertex 52.5861 -38.206 2
      vertex 12.1353 -8.81678 2
      vertex 51.2207 -40.018 2
    endloop
  endfacet
  facet normal -0 0 1
    outer loop
      vertex 11.8202 -9.23492 2
      vertex 51.2207 -40.018 2
      vertex 12.1353 -8.81678 2
    endloop
  endfacet
  facet normal 0 0 1
    outer loop
      vertex 51.2207 -40.018 2
      vertex 11.8202 -9.23492 2
      vertex 49.7929 -41.7812 2
    endloop
  endfacet
  facet normal 0 0 1
    outer loop
      vertex 49.7929 -41.7812 2
      vertex 11.4907 -9.64181 2
      vertex 48.3044 -43.4935 2
    endloop
  endfacet
  facet normal -0 0 1
    outer loop
      vertex 11.1472 -10.037 2
      vertex 48.3044 -43.4935 2
      vertex 11.4907 -9.64181 2
    endloop
  endfacet
  facet normal 0 0 1
    outer loop
      vertex 48.3044 -43.4935 2
      vertex 11.1472 -10.037 2
      vertex 46.7571 -45.1528 2
    endloop
  endfacet
  facet normal 0 0 1
    outer loop
      vertex 46.7571 -45.1528 2
      vertex 10.7901 -10.4199 2
      vertex 45.1528 -46.7571 2
    endloop
  endfacet
  facet normal -0 0 1
    outer loop
      vertex 10.4199 -10.7901 2
      vertex 45.1528 -46.7571 2
      vertex 10.7901 -10.4199 2
    endloop
  endfacet
  facet normal 0 0 1
    outer loop
      vertex 45.1528 -46.7571 2
      vertex 10.4199 -10.7901 2
      vertex 43.4935 -48.3044 2
    endloop
  endfacet
  facet normal 0 0 1
    outer loop
      vertex 43.4935 -48.3044 2
      vertex 10.037 -11.1472 2
      vertex 41.7812 -49.7929 2
    endloop
  endfacet
  facet normal -0 0 1
    outer loop
      vertex 9.64181 -11.4907 2
      vertex 41.7812 -49.7929 2
      vertex 10.037 -11.1472 2
    endloop
  endfacet
  facet normal -0 0 1
    outer loop
      vertex 9.23492 -11.8202 2
      vertex 40.018 -51.2207 2
      vertex 9.64181 -11.4907 2
    endloop
  endfacet
  facet normal 0 0 1
    outer loop
      vertex 40.018 -51.2207 2
      vertex 9.23492 -11.8202 2
      vertex 38.206 -52.5861 2
    endloop
  endfacet
  facet normal -0 0 1
    outer loop
      vertex 8.81678 -12.1353 2
      vertex 38.206 -52.5861 2
      vertex 9.23492 -11.8202 2
    endloop
  endfacet
  facet normal -0 0 1
    outer loop
      vertex 8.38789 -12.4356 2
      vertex 36.3475 -53.8874 2
      vertex 8.81678 -12.1353 2
    endloop
  endfacet
  facet normal 0 0 1
    outer loop
      vertex 36.3475 -53.8874 2
      vertex 8.38789 -12.4356 2
      vertex 34.4448 -55.1231 2
    endloop
  endfacet
  facet normal 0 0 1
    outer loop
      vertex 34.4448 -55.1231 2
      vertex 7.94879 -12.7207 2
      vertex 32.5 -56.2916 2
    endloop
  endfacet
  facet normal 0 0 1
    outer loop
      vertex 14.0954 -5.1303 2
      vertex 55 -5 2
      vertex 14.1403 -5 2
    endloop
  endfacet
  facet normal 0 0 1
    outer loop
      vertex 13.9078 -5.6191 2
      vertex 55 -5 2
      vertex 14.0954 -5.1303 2
    endloop
  endfacet
  facet normal 0 0 1
    outer loop
      vertex 13.7032 -6.10105 2
      vertex 55 -5 2
      vertex 13.9078 -5.6191 2
    endloop
  endfacet
  facet normal 0 0 1
    outer loop
      vertex 13.4819 -6.57557 2
      vertex 55 -5 2
      vertex 13.7032 -6.10105 2
    endloop
  endfacet
  facet normal 0 0 1
    outer loop
      vertex 13.2442 -7.04207 2
      vertex 55 -5 2
      vertex 13.4819 -6.57557 2
    endloop
  endfacet
  facet normal 0 0 1
    outer loop
      vertex 12.9904 -7.5 2
      vertex 55 -5 2
      vertex 13.2442 -7.04207 2
    endloop
  endfacet
  facet normal 0 0 1
    outer loop
      vertex 53.8874 -36.3475 2
      vertex 12.4356 -8.38789 2
      vertex 52.5861 -38.206 2
    endloop
  endfacet
  facet normal -0 0 1
    outer loop
      vertex 11.4907 -9.64181 2
      vertex 49.7929 -41.7812 2
      vertex 11.8202 -9.23492 2
    endloop
  endfacet
  facet normal -0 0 1
    outer loop
      vertex 10.7901 -10.4199 2
      vertex 46.7571 -45.1528 2
      vertex 11.1472 -10.037 2
    endloop
  endfacet
  facet normal -0 0 1
    outer loop
      vertex 10.037 -11.1472 2
      vertex 43.4935 -48.3044 2
      vertex 10.4199 -10.7901 2
    endloop
  endfacet
  facet normal 0 0 1
    outer loop
      vertex 41.7812 -49.7929 2
      vertex 9.64181 -11.4907 2
      vertex 40.018 -51.2207 2
    endloop
  endfacet
  facet normal 0 0 1
    outer loop
      vertex 38.206 -52.5861 2
      vertex 8.81678 -12.1353 2
      vertex 36.3475 -53.8874 2
    endloop
  endfacet
  facet normal -0 0 1
    outer loop
      vertex 7.94879 -12.7207 2
      vertex 34.4448 -55.1231 2
      vertex 8.38789 -12.4356 2
    endloop
  endfacet
  facet normal -0 0 1
    outer loop
      vertex 7.5 -12.9904 2
      vertex 32.5 -56.2916 2
      vertex 7.94879 -12.7207 2
    endloop
  endfacet
  facet normal 0 0 1
    outer loop
      vertex 32.5 -56.2916 2
      vertex 7.5 -12.9904 2
      vertex 30.5157 -57.3916 2
    endloop
  endfacet
  facet normal -0 0 1
    outer loop
      vertex 7.04207 -13.2442 2
      vertex 30.5157 -57.3916 2
      vertex 7.5 -12.9904 2
    endloop
  endfacet
  facet normal 0 0 1
    outer loop
      vertex 30.5157 -57.3916 2
      vertex 7.04207 -13.2442 2
      vertex 28.4941 -58.4216 2
    endloop
  endfacet
  facet normal -0 0 1
    outer loop
      vertex 6.57557 -13.4819 2
      vertex 28.4941 -58.4216 2
      vertex 7.04207 -13.2442 2
    endloop
  endfacet
  facet normal 0 0 1
    outer loop
      vertex 28.4941 -58.4216 2
      vertex 6.57557 -13.4819 2
      vertex 26.4379 -59.3805 2
    endloop
  endfacet
  facet normal -0 0 1
    outer loop
      vertex 6.10105 -13.7032 2
      vertex 26.4379 -59.3805 2
      vertex 6.57557 -13.4819 2
    endloop
  endfacet
  facet normal 0 0 1
    outer loop
      vertex 26.4379 -59.3805 2
      vertex 6.10105 -13.7032 2
      vertex 24.3494 -60.2669 2
    endloop
  endfacet
  facet normal -0 0 1
    outer loop
      vertex 5.6191 -13.9078 2
      vertex 24.3494 -60.2669 2
      vertex 6.10105 -13.7032 2
    endloop
  endfacet
  facet normal 0 0 1
    outer loop
      vertex 24.3494 -60.2669 2
      vertex 5.6191 -13.9078 2
      vertex 22.2313 -61.08 2
    endloop
  endfacet
  facet normal -0 0 1
    outer loop
      vertex 5.1303 -14.0954 2
      vertex 22.2313 -61.08 2
      vertex 5.6191 -13.9078 2
    endloop
  endfacet
  facet normal 0 0 1
    outer loop
      vertex 22.2313 -61.08 2
      vertex 5.1303 -14.0954 2
      vertex 20.0861 -61.8187 2
    endloop
  endfacet
  facet normal -0 0 1
    outer loop
      vertex 4.63525 -14.2658 2
      vertex 20.0861 -61.8187 2
      vertex 5.1303 -14.0954 2
    endloop
  endfacet
  facet normal 0 0 1
    outer loop
      vertex 20.0861 -61.8187 2
      vertex 4.63525 -14.2658 2
      vertex 17.9164 -62.482 2
    endloop
  endfacet
  facet normal -0 0 1
    outer loop
      vertex 4.13456 -14.4189 2
      vertex 17.9164 -62.482 2
      vertex 4.63525 -14.2658 2
    endloop
  endfacet
  facet normal 0 0 1
    outer loop
      vertex 17.9164 -62.482 2
      vertex 4.13456 -14.4189 2
      vertex 15.7249 -63.0692 2
    endloop
  endfacet
  facet normal -0 0 1
    outer loop
      vertex 3.62883 -14.5544 2
      vertex 15.7249 -63.0692 2
      vertex 4.13456 -14.4189 2
    endloop
  endfacet
  facet normal 0 0 1
    outer loop
      vertex 15.7249 -63.0692 2
      vertex 3.62883 -14.5544 2
      vertex 13.5143 -63.5796 2
    endloop
  endfacet
  facet normal -0 0 1
    outer loop
      vertex 3.11868 -14.6722 2
      vertex 13.5143 -63.5796 2
      vertex 3.62883 -14.5544 2
    endloop
  endfacet
  facet normal 0 0 1
    outer loop
      vertex 13.5143 -63.5796 2
      vertex 3.11868 -14.6722 2
      vertex 11.2871 -64.0125 2
    endloop
  endfacet
  facet normal -0 0 1
    outer loop
      vertex 2.60472 -14.7721 2
      vertex 11.2871 -64.0125 2
      vertex 3.11868 -14.6722 2
    endloop
  endfacet
  facet normal 0 0 1
    outer loop
      vertex 11.2871 -64.0125 2
      vertex 2.60472 -14.7721 2
      vertex 9.04625 -64.3674 2
    endloop
  endfacet
  facet normal -0 0 1
    outer loop
      vertex 2.0876 -14.854 2
      vertex 9.04625 -64.3674 2
      vertex 2.60472 -14.7721 2
    endloop
  endfacet
  facet normal 0 0 1
    outer loop
      vertex 9.04625 -64.3674 2
      vertex 2.0876 -14.854 2
      vertex 6.79435 -64.6439 2
    endloop
  endfacet
  facet normal -0 0 1
    outer loop
      vertex 1.56793 -14.9178 2
      vertex 6.79435 -64.6439 2
      vertex 2.0876 -14.854 2
    endloop
  endfacet
  facet normal 0 0 1
    outer loop
      vertex 6.79435 -64.6439 2
      vertex 1.56793 -14.9178 2
      vertex 4.53417 -64.8417 2
    endloop
  endfacet
  facet normal -0 0 1
    outer loop
      vertex 1.04635 -14.9635 2
      vertex 4.53417 -64.8417 2
      vertex 1.56793 -14.9178 2
    endloop
  endfacet
  facet normal 0 0 1
    outer loop
      vertex 4.53417 -64.8417 2
      vertex 1.04635 -14.9635 2
      vertex 2.26847 -64.9604 2
    endloop
  endfacet
  facet normal -0 0 1
    outer loop
      vertex 0.523492 -14.9909 2
      vertex 2.26847 -64.9604 2
      vertex 1.04635 -14.9635 2
    endloop
  endfacet
  facet normal -0 0 1
    outer loop
      vertex 0 -15 2
      vertex 2.26847 -64.9604 2
      vertex 0.523492 -14.9909 2
    endloop
  endfacet
  facet normal 0 0 1
    outer loop
      vertex 0 -15 2
      vertex 0 -65 2
      vertex 2.26847 -64.9604 2
    endloop
  endfacet
  facet normal 0 0 1
    outer loop
      vertex -0.523492 -14.9909 2
      vertex 0 -65 2
      vertex 0 -15 2
    endloop
  endfacet
  facet normal 0 0 1
    outer loop
      vertex -2.26847 -64.9604 2
      vertex -0.523492 -14.9909 2
      vertex -1.04635 -14.9635 2
    endloop
  endfacet
  facet normal 0 0 1
    outer loop
      vertex -4.53417 -64.8417 2
      vertex -1.04635 -14.9635 2
      vertex -1.56793 -14.9178 2
    endloop
  endfacet
  facet normal 0 0 1
    outer loop
      vertex -6.79435 -64.6439 2
      vertex -1.56793 -14.9178 2
      vertex -2.0876 -14.854 2
    endloop
  endfacet
  facet normal 0 0 1
    outer loop
      vertex -0.523492 -14.9909 2
      vertex -2.26847 -64.9604 2
      vertex 0 -65 2
    endloop
  endfacet
  facet normal 0 0 1
    outer loop
      vertex -9.04625 -64.3674 2
      vertex -2.0876 -14.854 2
      vertex -2.60472 -14.7721 2
    endloop
  endfacet
  facet normal 0 0 1
    outer loop
      vertex -11.2871 -64.0125 2
      vertex -2.60472 -14.7721 2
      vertex -3.11868 -14.6722 2
    endloop
  endfacet
  facet normal 0 0 1
    outer loop
      vertex -13.5143 -63.5796 2
      vertex -3.11868 -14.6722 2
      vertex -3.62883 -14.5544 2
    endloop
  endfacet
  facet normal 0 0 1
    outer loop
      vertex -15.7249 -63.0692 2
      vertex -3.62883 -14.5544 2
      vertex -4.13456 -14.4189 2
    endloop
  endfacet
  facet normal 0 0 1
    outer loop
      vertex -1.04635 -14.9635 2
      vertex -4.53417 -64.8417 2
      vertex -2.26847 -64.9604 2
    endloop
  endfacet
  facet normal 0 0 1
    outer loop
      vertex -17.9164 -62.482 2
      vertex -4.13456 -14.4189 2
      vertex -4.63525 -14.2658 2
    endloop
  endfacet
  facet normal 0 0 1
    outer loop
      vertex -20.0861 -61.8187 2
      vertex -4.63525 -14.2658 2
      vertex -5.1303 -14.0954 2
    endloop
  endfacet
  facet normal 0 0 1
    outer loop
      vertex -22.2313 -61.08 2
      vertex -5.1303 -14.0954 2
      vertex -5.6191 -13.9078 2
    endloop
  endfacet
  facet normal 0 0 1
    outer loop
      vertex -24.3494 -60.2669 2
      vertex -5.6191 -13.9078 2
      vertex -6.10105 -13.7032 2
    endloop
  endfacet
  facet normal 0 0 1
    outer loop
      vertex -26.4379 -59.3805 2
      vertex -6.10105 -13.7032 2
      vertex -6.57557 -13.4819 2
    endloop
  endfacet
  facet normal 0 0 1
    outer loop
      vertex -1.56793 -14.9178 2
      vertex -6.79435 -64.6439 2
      vertex -4.53417 -64.8417 2
    endloop
  endfacet
  facet normal 0 0 1
    outer loop
      vertex -28.4941 -58.4216 2
      vertex -6.57557 -13.4819 2
      vertex -7.04207 -13.2442 2
    endloop
  endfacet
  facet normal 0 0 1
    outer loop
      vertex -30.5157 -57.3916 2
      vertex -7.04207 -13.2442 2
      vertex -7.5 -12.9904 2
    endloop
  endfacet
  facet normal 0 0 1
    outer loop
      vertex -32.5 -56.2916 2
      vertex -7.5 -12.9904 2
      vertex -7.94879 -12.7207 2
    endloop
  endfacet
  facet normal 0 0 1
    outer loop
      vertex -34.4448 -55.1231 2
      vertex -7.94879 -12.7207 2
      vertex -8.38789 -12.4356 2
    endloop
  endfacet
  facet normal 0 0 1
    outer loop
      vertex -36.3475 -53.8874 2
      vertex -8.38789 -12.4356 2
      vertex -8.81678 -12.1353 2
    endloop
  endfacet
  facet normal 0 0 1
    outer loop
      vertex -2.0876 -14.854 2
      vertex -9.04625 -64.3674 2
      vertex -6.79435 -64.6439 2
    endloop
  endfacet
  facet normal 0 0 1
    outer loop
      vertex -38.206 -52.5861 2
      vertex -8.81678 -12.1353 2
      vertex -9.23492 -11.8202 2
    endloop
  endfacet
  facet normal 0 0 1
    outer loop
      vertex -40.018 -51.2207 2
      vertex -9.23492 -11.8202 2
      vertex -9.64181 -11.4907 2
    endloop
  endfacet
  facet normal 0 0 1
    outer loop
      vertex -41.7812 -49.7929 2
      vertex -9.64181 -11.4907 2
      vertex -10.037 -11.1472 2
    endloop
  endfacet
  facet normal 0 0 1
    outer loop
      vertex -43.4935 -48.3044 2
      vertex -10.037 -11.1472 2
      vertex -10.4199 -10.7901 2
    endloop
  endfacet
  facet normal 0 0 1
    outer loop
      vertex -45.1528 -46.7571 2
      vertex -10.4199 -10.7901 2
      vertex -10.7901 -10.4199 2
    endloop
  endfacet
  facet normal 0 0 1
    outer loop
      vertex -46.7571 -45.1528 2
      vertex -10.7901 -10.4199 2
      vertex -11.1472 -10.037 2
    endloop
  endfacet
  facet normal 0 0 1
    outer loop
      vertex -2.60472 -14.7721 2
      vertex -11.2871 -64.0125 2
      vertex -9.04625 -64.3674 2
    endloop
  endfacet
  facet normal 0 0 1
    outer loop
      vertex -48.3044 -43.4935 2
      vertex -11.1472 -10.037 2
      vertex -11.4907 -9.64181 2
    endloop
  endfacet
  facet normal 0 0 1
    outer loop
      vertex -49.7929 -41.7812 2
      vertex -11.4907 -9.64181 2
      vertex -11.8202 -9.23492 2
    endloop
  endfacet
  facet normal 0 0 1
    outer loop
      vertex -51.2207 -40.018 2
      vertex -11.8202 -9.23492 2
      vertex -12.1353 -8.81678 2
    endloop
  endfacet
  facet normal 0 0 1
    outer loop
      vertex -52.5861 -38.206 2
      vertex -12.1353 -8.81678 2
      vertex -12.4356 -8.38789 2
    endloop
  endfacet
  facet normal 0 0 1
    outer loop
      vertex -53.8874 -36.3475 2
      vertex -12.4356 -8.38789 2
      vertex -12.7207 -7.94879 2
    endloop
  endfacet
  facet normal 0 0 1
    outer loop
      vertex -55.1231 -34.4448 2
      vertex -12.7207 -7.94879 2
      vertex -12.9904 -7.5 2
    endloop
  endfacet
  facet normal 0 0 1
    outer loop
      vertex -56.2916 -32.5 2
      vertex -12.9904 -7.5 2
      vertex -13.2442 -7.04207 2
    endloop
  endfacet
  facet normal 0 0 1
    outer loop
      vertex -57.3916 -30.5157 2
      vertex -13.2442 -7.04207 2
      vertex -13.4819 -6.57557 2
    endloop
  endfacet
  facet normal 0 0 1
    outer loop
      vertex -3.11868 -14.6722 2
      vertex -13.5143 -63.5796 2
      vertex -11.2871 -64.0125 2
    endloop
  endfacet
  facet normal 0 0 1
    outer loop
      vertex -58.4216 -28.4941 2
      vertex -13.4819 -6.57557 2
      vertex -13.7032 -6.10105 2
    endloop
  endfacet
  facet normal 0 0 1
    outer loop
      vertex -59.3805 -26.4379 2
      vertex -13.7032 -6.10105 2
      vertex -13.9078 -5.6191 2
    endloop
  endfacet
  facet normal 0 0 1
    outer loop
      vertex -60.2669 -24.3494 2
      vertex -13.9078 -5.6191 2
      vertex -14.0954 -5.1303 2
    endloop
  endfacet
  facet normal 0 0 1
    outer loop
      vertex -61.08 -22.2313 2
      vertex -14.0954 -5.1303 2
      vertex -14.2658 -4.63525 2
    endloop
  endfacet
  facet normal 0 0 1
    outer loop
      vertex -61.8187 -20.0861 2
      vertex -14.2658 -4.63525 2
      vertex -14.4189 -4.13456 2
    endloop
  endfacet
  facet normal 0 0 1
    outer loop
      vertex -62.482 -17.9164 2
      vertex -14.4189 -4.13456 2
      vertex -14.5544 -3.62883 2
    endloop
  endfacet
  facet normal 0 0 1
    outer loop
      vertex -63.0692 -15.7249 2
      vertex -14.5544 -3.62883 2
      vertex -14.6722 -3.11868 2
    endloop
  endfacet
  facet normal 0 0 1
    outer loop
      vertex -63.5796 -13.5143 2
      vertex -14.6722 -3.11868 2
      vertex -14.7721 -2.60472 2
    endloop
  endfacet
  facet normal 0 0 1
    outer loop
      vertex -64.0581 -10.9995 2
      vertex -14.7721 -2.60472 2
      vertex -14.854 -2.0876 2
    endloop
  endfacet
  facet normal 0 0 1
    outer loop
      vertex -64.0581 -10.9995 2
      vertex -14.854 -2.0876 2
      vertex -14.9178 -1.56793 2
    endloop
  endfacet
  facet normal 0 0 1
    outer loop
      vertex -64.0581 -10.9995 2
      vertex -14.9178 -1.56793 2
      vertex -14.9635 -1.04635 2
    endloop
  endfacet
  facet normal 0 0 1
    outer loop
      vertex -64.0581 -10.9995 2
      vertex -14.9635 -1.04635 2
      vertex -14.9909 -0.523492 2
    endloop
  endfacet
  facet normal 0 0 1
    outer loop
      vertex -3.62883 -14.5544 2
      vertex -15.7249 -63.0692 2
      vertex -13.5143 -63.5796 2
    endloop
  endfacet
  facet normal -0 0 1
    outer loop
      vertex -66 0 2
      vertex -14.9909 -0.523492 2
      vertex -15 0 2
    endloop
  endfacet
  facet normal 0 0 1
    outer loop
      vertex -11.8202 9.23492 2
      vertex -51.2207 40.018 2
      vertex -12.1353 8.81678 2
    endloop
  endfacet
  facet normal -0 0 1
    outer loop
      vertex -52.5861 38.206 2
      vertex -12.1353 8.81678 2
      vertex -51.2207 40.018 2
    endloop
  endfacet
  facet normal 0 0 1
    outer loop
      vertex -4.13456 -14.4189 2
      vertex -17.9164 -62.482 2
      vertex -15.7249 -63.0692 2
    endloop
  endfacet
  facet normal 0 0 1
    outer loop
      vertex -12.1353 8.81678 2
      vertex -52.5861 38.206 2
      vertex -12.4356 8.38789 2
    endloop
  endfacet
  facet normal 0 0 1
    outer loop
      vertex -4.63525 -14.2658 2
      vertex -20.0861 -61.8187 2
      vertex -17.9164 -62.482 2
    endloop
  endfacet
  facet normal -0 0 1
    outer loop
      vertex -53.8874 36.3475 2
      vertex -12.4356 8.38789 2
      vertex -52.5861 38.206 2
    endloop
  endfacet
  facet normal 0 0 1
    outer loop
      vertex -5.1303 -14.0954 2
      vertex -22.2313 -61.08 2
      vertex -20.0861 -61.8187 2
    endloop
  endfacet
  facet normal 0 0 1
    outer loop
      vertex -12.4356 8.38789 2
      vertex -53.8874 36.3475 2
      vertex -12.7207 7.94879 2
    endloop
  endfacet
  facet normal 0 0 1
    outer loop
      vertex -5.6191 -13.9078 2
      vertex -24.3494 -60.2669 2
      vertex -22.2313 -61.08 2
    endloop
  endfacet
  facet normal -0 0 1
    outer loop
      vertex -55.1231 34.4448 2
      vertex -12.7207 7.94879 2
      vertex -53.8874 36.3475 2
    endloop
  endfacet
  facet normal 0 0 1
    outer loop
      vertex -6.10105 -13.7032 2
      vertex -26.4379 -59.3805 2
      vertex -24.3494 -60.2669 2
    endloop
  endfacet
  facet normal 0 0 1
    outer loop
      vertex -12.7207 7.94879 2
      vertex -55.1231 34.4448 2
      vertex -12.9904 7.5 2
    endloop
  endfacet
  facet normal 0 0 1
    outer loop
      vertex -6.57557 -13.4819 2
      vertex -28.4941 -58.4216 2
      vertex -26.4379 -59.3805 2
    endloop
  endfacet
  facet normal -0 0 1
    outer loop
      vertex -56.2916 32.5 2
      vertex -12.9904 7.5 2
      vertex -55.1231 34.4448 2
    endloop
  endfacet
  facet normal 0 0 1
    outer loop
      vertex -7.04207 -13.2442 2
      vertex -30.5157 -57.3916 2
      vertex -28.4941 -58.4216 2
    endloop
  endfacet
  facet normal 0 0 1
    outer loop
      vertex -12.9904 7.5 2
      vertex -56.2916 32.5 2
      vertex -13.2442 7.04207 2
    endloop
  endfacet
  facet normal 0 0 1
    outer loop
      vertex -7.5 -12.9904 2
      vertex -32.5 -56.2916 2
      vertex -30.5157 -57.3916 2
    endloop
  endfacet
  facet normal -0 0 1
    outer loop
      vertex -57.3916 30.5157 2
      vertex -13.2442 7.04207 2
      vertex -56.2916 32.5 2
    endloop
  endfacet
  facet normal 0 0 1
    outer loop
      vertex -7.94879 -12.7207 2
      vertex -34.4448 -55.1231 2
      vertex -32.5 -56.2916 2
    endloop
  endfacet
  facet normal 0 0 1
    outer loop
      vertex -13.2442 7.04207 2
      vertex -57.3916 30.5157 2
      vertex -13.4819 6.57557 2
    endloop
  endfacet
  facet normal 0 0 1
    outer loop
      vertex -8.38789 -12.4356 2
      vertex -36.3475 -53.8874 2
      vertex -34.4448 -55.1231 2
    endloop
  endfacet
  facet normal -0 0 1
    outer loop
      vertex -58.4216 28.4941 2
      vertex -13.4819 6.57557 2
      vertex -57.3916 30.5157 2
    endloop
  endfacet
  facet normal 0 0 1
    outer loop
      vertex -8.81678 -12.1353 2
      vertex -38.206 -52.5861 2
      vertex -36.3475 -53.8874 2
    endloop
  endfacet
  facet normal 0 0 1
    outer loop
      vertex -13.4819 6.57557 2
      vertex -58.4216 28.4941 2
      vertex -13.7032 6.10105 2
    endloop
  endfacet
  facet normal 0 0 1
    outer loop
      vertex -9.23492 -11.8202 2
      vertex -40.018 -51.2207 2
      vertex -38.206 -52.5861 2
    endloop
  endfacet
  facet normal -0 0 1
    outer loop
      vertex -59.3805 26.4379 2
      vertex -13.7032 6.10105 2
      vertex -58.4216 28.4941 2
    endloop
  endfacet
  facet normal 0 0 1
    outer loop
      vertex -9.64181 -11.4907 2
      vertex -41.7812 -49.7929 2
      vertex -40.018 -51.2207 2
    endloop
  endfacet
  facet normal 0 0 1
    outer loop
      vertex -13.7032 6.10105 2
      vertex -59.3805 26.4379 2
      vertex -13.9078 5.6191 2
    endloop
  endfacet
  facet normal 0 0 1
    outer loop
      vertex -10.037 -11.1472 2
      vertex -43.4935 -48.3044 2
      vertex -41.7812 -49.7929 2
    endloop
  endfacet
  facet normal -0 0 1
    outer loop
      vertex -60.2669 24.3494 2
      vertex -13.9078 5.6191 2
      vertex -59.3805 26.4379 2
    endloop
  endfacet
  facet normal 0 0 1
    outer loop
      vertex -10.4199 -10.7901 2
      vertex -45.1528 -46.7571 2
      vertex -43.4935 -48.3044 2
    endloop
  endfacet
  facet normal 0 0 1
    outer loop
      vertex -13.9078 5.6191 2
      vertex -60.2669 24.3494 2
      vertex -14.0954 5.1303 2
    endloop
  endfacet
  facet normal 0 0 1
    outer loop
      vertex -10.7901 -10.4199 2
      vertex -46.7571 -45.1528 2
      vertex -45.1528 -46.7571 2
    endloop
  endfacet
  facet normal -0 0 1
    outer loop
      vertex -61.08 22.2313 2
      vertex -14.0954 5.1303 2
      vertex -60.2669 24.3494 2
    endloop
  endfacet
  facet normal 0 0 1
    outer loop
      vertex -11.1472 -10.037 2
      vertex -48.3044 -43.4935 2
      vertex -46.7571 -45.1528 2
    endloop
  endfacet
  facet normal 0 0 1
    outer loop
      vertex -14.0954 5.1303 2
      vertex -61.08 22.2313 2
      vertex -14.2658 4.63525 2
    endloop
  endfacet
  facet normal 0 0 1
    outer loop
      vertex -11.4907 -9.64181 2
      vertex -49.7929 -41.7812 2
      vertex -48.3044 -43.4935 2
    endloop
  endfacet
  facet normal -0 0 1
    outer loop
      vertex -61.8187 20.0861 2
      vertex -14.2658 4.63525 2
      vertex -61.08 22.2313 2
    endloop
  endfacet
  facet normal 0 0 1
    outer loop
      vertex -11.8202 -9.23492 2
      vertex -51.2207 -40.018 2
      vertex -49.7929 -41.7812 2
    endloop
  endfacet
  facet normal 0 0 1
    outer loop
      vertex -14.2658 4.63525 2
      vertex -61.8187 20.0861 2
      vertex -14.4189 4.13456 2
    endloop
  endfacet
  facet normal 0 0 1
    outer loop
      vertex -12.1353 -8.81678 2
      vertex -52.5861 -38.206 2
      vertex -51.2207 -40.018 2
    endloop
  endfacet
  facet normal -0 0 1
    outer loop
      vertex -62.482 17.9164 2
      vertex -14.4189 4.13456 2
      vertex -61.8187 20.0861 2
    endloop
  endfacet
  facet normal 0 0 1
    outer loop
      vertex -12.4356 -8.38789 2
      vertex -53.8874 -36.3475 2
      vertex -52.5861 -38.206 2
    endloop
  endfacet
  facet normal 0 0 1
    outer loop
      vertex -14.4189 4.13456 2
      vertex -62.482 17.9164 2
      vertex -14.5544 3.62883 2
    endloop
  endfacet
  facet normal 0 0 1
    outer loop
      vertex -12.7207 -7.94879 2
      vertex -55.1231 -34.4448 2
      vertex -53.8874 -36.3475 2
    endloop
  endfacet
  facet normal -0 0 1
    outer loop
      vertex -63.0692 15.7249 2
      vertex -14.5544 3.62883 2
      vertex -62.482 17.9164 2
    endloop
  endfacet
  facet normal 0 0 1
    outer loop
      vertex -12.9904 -7.5 2
      vertex -56.2916 -32.5 2
      vertex -55.1231 -34.4448 2
    endloop
  endfacet
  facet normal 0 0 1
    outer loop
      vertex -14.5544 3.62883 2
      vertex -63.0692 15.7249 2
      vertex -14.6722 3.11868 2
    endloop
  endfacet
  facet normal 0 0 1
    outer loop
      vertex -13.2442 -7.04207 2
      vertex -57.3916 -30.5157 2
      vertex -56.2916 -32.5 2
    endloop
  endfacet
  facet normal -0 0 1
    outer loop
      vertex -63.5796 13.5143 2
      vertex -14.6722 3.11868 2
      vertex -63.0692 15.7249 2
    endloop
  endfacet
  facet normal 0 0 1
    outer loop
      vertex -13.4819 -6.57557 2
      vertex -58.4216 -28.4941 2
      vertex -57.3916 -30.5157 2
    endloop
  endfacet
  facet normal 0 0 1
    outer loop
      vertex -14.6722 3.11868 2
      vertex -63.5796 13.5143 2
      vertex -14.7721 2.60472 2
    endloop
  endfacet
  facet normal 0 0 1
    outer loop
      vertex -13.7032 -6.10105 2
      vertex -59.3805 -26.4379 2
      vertex -58.4216 -28.4941 2
    endloop
  endfacet
  facet normal -0 0 1
    outer loop
      vertex -64.0125 11.2871 2
      vertex -14.7721 2.60472 2
      vertex -63.5796 13.5143 2
    endloop
  endfacet
  facet normal 0 0 1
    outer loop
      vertex -13.9078 -5.6191 2
      vertex -60.2669 -24.3494 2
      vertex -59.3805 -26.4379 2
    endloop
  endfacet
  facet normal -0 0 1
    outer loop
      vertex -64.0581 10.9995 2
      vertex -14.7721 2.60472 2
      vertex -64.0125 11.2871 2
    endloop
  endfacet
  facet normal 0 0 1
    outer loop
      vertex -14.0954 -5.1303 2
      vertex -61.08 -22.2313 2
      vertex -60.2669 -24.3494 2
    endloop
  endfacet
  facet normal 0 0 1
    outer loop
      vertex -14.7721 2.60472 2
      vertex -64.0581 10.9995 2
      vertex -14.854 2.0876 2
    endloop
  endfacet
  facet normal 0 0 1
    outer loop
      vertex -14.2658 -4.63525 2
      vertex -61.8187 -20.0861 2
      vertex -61.08 -22.2313 2
    endloop
  endfacet
  facet normal 0 0 1
    outer loop
      vertex -14.854 2.0876 2
      vertex -64.0581 10.9995 2
      vertex -14.9178 1.56793 2
    endloop
  endfacet
  facet normal 0 0 1
    outer loop
      vertex -14.4189 -4.13456 2
      vertex -62.482 -17.9164 2
      vertex -61.8187 -20.0861 2
    endloop
  endfacet
  facet normal 0 0 1
    outer loop
      vertex -14.9178 1.56793 2
      vertex -64.0581 10.9995 2
      vertex -14.9635 1.04635 2
    endloop
  endfacet
  facet normal 0 0 1
    outer loop
      vertex -14.5544 -3.62883 2
      vertex -63.0692 -15.7249 2
      vertex -62.482 -17.9164 2
    endloop
  endfacet
  facet normal 0 0 1
    outer loop
      vertex -14.9635 1.04635 2
      vertex -64.0581 10.9995 2
      vertex -14.9909 0.523492 2
    endloop
  endfacet
  facet normal 0 0 1
    outer loop
      vertex -14.6722 -3.11868 2
      vertex -63.5796 -13.5143 2
      vertex -63.0692 -15.7249 2
    endloop
  endfacet
  facet normal 0 0 1
    outer loop
      vertex -66 0 2
      vertex -14.9909 0.523492 2
      vertex -64.0581 10.9995 2
    endloop
  endfacet
  facet normal 0 0 1
    outer loop
      vertex -14.9909 0.523492 2
      vertex -66 0 2
      vertex -15 0 2
    endloop
  endfacet
  facet normal 0 0 1
    outer loop
      vertex -14.7721 -2.60472 2
      vertex -64.0581 -10.9995 2
      vertex -64.0125 -11.2871 2
    endloop
  endfacet
  facet normal 0 0 1
    outer loop
      vertex -14.7721 -2.60472 2
      vertex -64.0125 -11.2871 2
      vertex -63.5796 -13.5143 2
    endloop
  endfacet
  facet normal 0 0 1
    outer loop
      vertex -14.9909 -0.523492 2
      vertex -66 0 2
      vertex -64.0581 -10.9995 2
    endloop
  endfacet
  facet normal 0 0 1
    outer loop
      vertex -64.0581 10.9995 2
      vertex -66.0257 0.391578 2
      vertex -66 0 2
    endloop
  endfacet
  facet normal 0 0 1
    outer loop
      vertex -64.0581 10.9995 2
      vertex -66.1022 0.776457 2
      vertex -66.0257 0.391578 2
    endloop
  endfacet
  facet normal 0 0 1
    outer loop
      vertex -64.0581 10.9995 2
      vertex -66.2284 1.14805 2
      vertex -66.1022 0.776457 2
    endloop
  endfacet
  facet normal 0 0 1
    outer loop
      vertex -64.0581 10.9995 2
      vertex -66.4019 1.5 2
      vertex -66.2284 1.14805 2
    endloop
  endfacet
  facet normal 0 0 1
    outer loop
      vertex -64.0581 10.9995 2
      vertex -66.6199 1.82628 2
      vertex -66.4019 1.5 2
    endloop
  endfacet
  facet normal 0 0 1
    outer loop
      vertex -64.0581 10.9995 2
      vertex -66.8787 2.12132 2
      vertex -66.6199 1.82628 2
    endloop
  endfacet
  facet normal 0 0 1
    outer loop
      vertex -64.0581 10.9995 2
      vertex -67.1737 2.38006 2
      vertex -66.8787 2.12132 2
    endloop
  endfacet
  facet normal 0 0 1
    outer loop
      vertex -64.0581 10.9995 2
      vertex -67.5 2.59808 2
      vertex -67.1737 2.38006 2
    endloop
  endfacet
  facet normal 0 0 1
    outer loop
      vertex -64.0581 10.9995 2
      vertex -67.852 2.77164 2
      vertex -67.5 2.59808 2
    endloop
  endfacet
  facet normal -0 0 1
    outer loop
      vertex -68.9001 10.9995 2
      vertex -67.852 2.77164 2
      vertex -64.0581 10.9995 2
    endloop
  endfacet
  facet normal 0 0 1
    outer loop
      vertex -67.852 2.77164 2
      vertex -68.9001 10.9995 2
      vertex -68.2235 2.89778 2
    endloop
  endfacet
  facet normal 0 0 1
    outer loop
      vertex -68.2235 2.89778 2
      vertex -68.9001 10.9995 2
      vertex -68.6084 2.97433 2
    endloop
  endfacet
  facet normal 0 0 1
    outer loop
      vertex -68.9001 10.9995 2
      vertex -69 3 2
      vertex -68.6084 2.97433 2
    endloop
  endfacet
  facet normal -0 0 1
    outer loop
      vertex -69.2996 10.9959 2
      vertex -69 3 2
      vertex -68.9001 10.9995 2
    endloop
  endfacet
  facet normal -0 0 1
    outer loop
      vertex -69.6987 10.9778 2
      vertex -69 3 2
      vertex -69.2996 10.9959 2
    endloop
  endfacet
  facet normal 0 0 1
    outer loop
      vertex -69 3 2
      vertex -69.6987 10.9778 2
      vertex -69.3916 2.97433 2
    endloop
  endfacet
  facet normal -0 0 1
    outer loop
      vertex -70.0968 10.9452 2
      vertex -69.3916 2.97433 2
      vertex -69.6987 10.9778 2
    endloop
  endfacet
  facet normal -0 0 1
    outer loop
      vertex -70.4935 10.8981 2
      vertex -69.3916 2.97433 2
      vertex -70.0968 10.9452 2
    endloop
  endfacet
  facet normal -0 0 1
    outer loop
      vertex -70.8883 10.8367 2
      vertex -69.3916 2.97433 2
      vertex -70.4935 10.8981 2
    endloop
  endfacet
  facet normal 0 0 1
    outer loop
      vertex -69.3916 2.97433 2
      vertex -70.8883 10.8367 2
      vertex -69.7765 2.89778 2
    endloop
  endfacet
  facet normal -0 0 1
    outer loop
      vertex -71.2805 10.761 2
      vertex -69.7765 2.89778 2
      vertex -70.8883 10.8367 2
    endloop
  endfacet
  facet normal -0 0 1
    outer loop
      vertex -71.6698 10.6711 2
      vertex -69.7765 2.89778 2
      vertex -71.2805 10.761 2
    endloop
  endfacet
  facet normal -0 0 1
    outer loop
      vertex -72.0555 10.5671 2
      vertex -69.7765 2.89778 2
      vertex -71.6698 10.6711 2
    endloop
  endfacet
  facet normal -0 0 1
    outer loop
      vertex -72.4372 10.4492 2
      vertex -69.7765 2.89778 2
      vertex -72.0555 10.5671 2
    endloop
  endfacet
  facet normal 0 0 1
    outer loop
      vertex -69.7765 2.89778 2
      vertex -72.4372 10.4492 2
      vertex -70.148 2.77164 2
    endloop
  endfacet
  facet normal -0 0 1
    outer loop
      vertex -72.8143 10.3175 2
      vertex -70.148 2.77164 2
      vertex -72.4372 10.4492 2
    endloop
  endfacet
  facet normal -0 0 1
    outer loop
      vertex -73.1864 10.1722 2
      vertex -70.148 2.77164 2
      vertex -72.8143 10.3175 2
    endloop
  endfacet
  facet normal -0 0 1
    outer loop
      vertex -73.553 10.0135 2
      vertex -70.148 2.77164 2
      vertex -73.1864 10.1722 2
    endloop
  endfacet
  facet normal -0 0 1
    outer loop
      vertex -73.9136 9.84155 2
      vertex -70.148 2.77164 2
      vertex -73.553 10.0135 2
    endloop
  endfacet
  facet normal 0 0 1
    outer loop
      vertex -70.148 2.77164 2
      vertex -73.9136 9.84155 2
      vertex -70.5 2.59808 2
    endloop
  endfacet
  facet normal -0 0 1
    outer loop
      vertex -74.2678 9.65664 2
      vertex -70.5 2.59808 2
      vertex -73.9136 9.84155 2
    endloop
  endfacet
  facet normal -0 0 1
    outer loop
      vertex -74.6149 9.459 2
      vertex -70.5 2.59808 2
      vertex -74.2678 9.65664 2
    endloop
  endfacet
  facet normal -0 0 1
    outer loop
      vertex -74.9547 9.24888 2
      vertex -70.5 2.59808 2
      vertex -74.6149 9.459 2
    endloop
  endfacet
  facet normal -0 0 1
    outer loop
      vertex -66.0257 -0.391578 2
      vertex -64.0581 -10.9995 2
      vertex -66 0 2
    endloop
  endfacet
  facet normal -0 0 1
    outer loop
      vertex -66.1022 -0.776457 2
      vertex -64.0581 -10.9995 2
      vertex -66.0257 -0.391578 2
    endloop
  endfacet
  facet normal -0 0 1
    outer loop
      vertex -66.2284 -1.14805 2
      vertex -64.0581 -10.9995 2
      vertex -66.1022 -0.776457 2
    endloop
  endfacet
  facet normal -0 0 1
    outer loop
      vertex -66.4019 -1.5 2
      vertex -64.0581 -10.9995 2
      vertex -66.2284 -1.14805 2
    endloop
  endfacet
  facet normal -0 0 1
    outer loop
      vertex -66.6199 -1.82628 2
      vertex -64.0581 -10.9995 2
      vertex -66.4019 -1.5 2
    endloop
  endfacet
  facet normal -0 0 1
    outer loop
      vertex -66.8787 -2.12132 2
      vertex -64.0581 -10.9995 2
      vertex -66.6199 -1.82628 2
    endloop
  endfacet
  facet normal -0 0 1
    outer loop
      vertex -67.1737 -2.38006 2
      vertex -64.0581 -10.9995 2
      vertex -66.8787 -2.12132 2
    endloop
  endfacet
  facet normal -0 0 1
    outer loop
      vertex -67.5 -2.59808 2
      vertex -64.0581 -10.9995 2
      vertex -67.1737 -2.38006 2
    endloop
  endfacet
  facet normal -0 0 1
    outer loop
      vertex -67.852 -2.77164 2
      vertex -64.0581 -10.9995 2
      vertex -67.5 -2.59808 2
    endloop
  endfacet
  facet normal 0 0 1
    outer loop
      vertex -68.9001 -10.9995 2
      vertex -67.852 -2.77164 2
      vertex -68.2235 -2.89778 2
    endloop
  endfacet
  facet normal 0 0 1
    outer loop
      vertex -68.9001 -10.9995 2
      vertex -68.2235 -2.89778 2
      vertex -68.6084 -2.97433 2
    endloop
  endfacet
  facet normal 0 0 1
    outer loop
      vertex -67.852 -2.77164 2
      vertex -68.9001 -10.9995 2
      vertex -64.0581 -10.9995 2
    endloop
  endfacet
  facet normal -0 0 1
    outer loop
      vertex -69 -3 2
      vertex -68.9001 -10.9995 2
      vertex -68.6084 -2.97433 2
    endloop
  endfacet
  facet normal 0 0 1
    outer loop
      vertex -69 -3 2
      vertex -69.2996 -10.9959 2
      vertex -68.9001 -10.9995 2
    endloop
  endfacet
  facet normal 0 0 1
    outer loop
      vertex -69.6987 -10.9778 2
      vertex -69 -3 2
      vertex -69.3916 -2.97433 2
    endloop
  endfacet
  facet normal 0 0 1
    outer loop
      vertex -69 -3 2
      vertex -69.6987 -10.9778 2
      vertex -69.2996 -10.9959 2
    endloop
  endfacet
  facet normal 0 0 1
    outer loop
      vertex -70.8883 -10.8367 2
      vertex -69.3916 -2.97433 2
      vertex -69.7765 -2.89778 2
    endloop
  endfacet
  facet normal 0 0 1
    outer loop
      vertex -69.3916 -2.97433 2
      vertex -70.0968 -10.9452 2
      vertex -69.6987 -10.9778 2
    endloop
  endfacet
  facet normal 0 0 1
    outer loop
      vertex -72.4372 -10.4492 2
      vertex -69.7765 -2.89778 2
      vertex -70.148 -2.77164 2
    endloop
  endfacet
  facet normal 0 0 1
    outer loop
      vertex -69.3916 -2.97433 2
      vertex -70.4935 -10.8981 2
      vertex -70.0968 -10.9452 2
    endloop
  endfacet
  facet normal 0 0 1
    outer loop
      vertex -73.9136 -9.84155 2
      vertex -70.148 -2.77164 2
      vertex -70.5 -2.59808 2
    endloop
  endfacet
  facet normal 0 0 1
    outer loop
      vertex -74.9547 -9.24888 2
      vertex -70.5 -2.59808 2
      vertex -70.8263 -2.38006 2
    endloop
  endfacet
  facet normal 0 0 1
    outer loop
      vertex -69.3916 -2.97433 2
      vertex -70.8883 -10.8367 2
      vertex -70.4935 -10.8981 2
    endloop
  endfacet
  facet normal 0 0 1
    outer loop
      vertex -76.2309 -8.28942 2
      vertex -70.8263 -2.38006 2
      vertex -71.1213 -2.12132 2
    endloop
  endfacet
  facet normal 0 0 1
    outer loop
      vertex -69.7765 -2.89778 2
      vertex -71.2805 -10.761 2
      vertex -70.8883 -10.8367 2
    endloop
  endfacet
  facet normal 0 0 1
    outer loop
      vertex -77.3547 -7.15531 2
      vertex -71.1213 -2.12132 2
      vertex -71.3801 -1.82628 2
    endloop
  endfacet
  facet normal 0 0 1
    outer loop
      vertex -78.0833 -6.20438 2
      vertex -71.3801 -1.82628 2
      vertex -71.5981 -1.5 2
    endloop
  endfacet
  facet normal 0 0 1
    outer loop
      vertex -69.7765 -2.89778 2
      vertex -71.6698 -10.6711 2
      vertex -71.2805 -10.761 2
    endloop
  endfacet
  facet normal 0 0 1
    outer loop
      vertex -78.8858 -4.82408 2
      vertex -71.5981 -1.5 2
      vertex -71.7716 -1.14805 2
    endloop
  endfacet
  facet normal 0 0 1
    outer loop
      vertex -79.3517 -3.72048 2
      vertex -71.7716 -1.14805 2
      vertex -71.8978 -0.776457 2
    endloop
  endfacet
  facet normal 0 0 1
    outer loop
      vertex -79.7813 -2.18271 2
      vertex -71.8978 -0.776457 2
      vertex -71.9743 -0.391578 2
    endloop
  endfacet
  facet normal 0 0 1
    outer loop
      vertex -79.9837 -0.598967 2
      vertex -71.9743 -0.391578 2
      vertex -72 0 2
    endloop
  endfacet
  facet normal 0 0 1
    outer loop
      vertex -69.7765 -2.89778 2
      vertex -72.0555 -10.5671 2
      vertex -71.6698 -10.6711 2
    endloop
  endfacet
  facet normal 0 0 1
    outer loop
      vertex -70.5 2.59808 2
      vertex -74.9547 9.24888 2
      vertex -70.8263 2.38006 2
    endloop
  endfacet
  facet normal -0 0 1
    outer loop
      vertex -75.2866 9.02656 2
      vertex -70.8263 2.38006 2
      vertex -74.9547 9.24888 2
    endloop
  endfacet
  facet normal 0 0 1
    outer loop
      vertex -69.7765 -2.89778 2
      vertex -72.4372 -10.4492 2
      vertex -72.0555 -10.5671 2
    endloop
  endfacet
  facet normal -0 0 1
    outer loop
      vertex -75.6102 8.79233 2
      vertex -70.8263 2.38006 2
      vertex -75.2866 9.02656 2
    endloop
  endfacet
  facet normal 0 0 1
    outer loop
      vertex -70.148 -2.77164 2
      vertex -72.8143 -10.3175 2
      vertex -72.4372 -10.4492 2
    endloop
  endfacet
  facet normal -0 0 1
    outer loop
      vertex -75.9251 8.54651 2
      vertex -70.8263 2.38006 2
      vertex -75.6102 8.79233 2
    endloop
  endfacet
  facet normal 0 0 1
    outer loop
      vertex -70.148 -2.77164 2
      vertex -73.1864 -10.1722 2
      vertex -72.8143 -10.3175 2
    endloop
  endfacet
  facet normal -0 0 1
    outer loop
      vertex -76.2309 8.28942 2
      vertex -70.8263 2.38006 2
      vertex -75.9251 8.54651 2
    endloop
  endfacet
  facet normal 0 0 1
    outer loop
      vertex -70.148 -2.77164 2
      vertex -73.553 -10.0135 2
      vertex -73.1864 -10.1722 2
    endloop
  endfacet
  facet normal 0 0 1
    outer loop
      vertex -70.8263 2.38006 2
      vertex -76.2309 8.28942 2
      vertex -71.1213 2.12132 2
    endloop
  endfacet
  facet normal 0 0 1
    outer loop
      vertex -70.148 -2.77164 2
      vertex -73.9136 -9.84155 2
      vertex -73.553 -10.0135 2
    endloop
  endfacet
  facet normal -0 0 1
    outer loop
      vertex -76.5271 8.02139 2
      vertex -71.1213 2.12132 2
      vertex -76.2309 8.28942 2
    endloop
  endfacet
  facet normal 0 0 1
    outer loop
      vertex -70.5 -2.59808 2
      vertex -74.2678 -9.65664 2
      vertex -73.9136 -9.84155 2
    endloop
  endfacet
  facet normal -0 0 1
    outer loop
      vertex -76.8134 7.74278 2
      vertex -71.1213 2.12132 2
      vertex -76.5271 8.02139 2
    endloop
  endfacet
  facet normal 0 0 1
    outer loop
      vertex -70.5 -2.59808 2
      vertex -74.6149 -9.459 2
      vertex -74.2678 -9.65664 2
    endloop
  endfacet
  facet normal -0 0 1
    outer loop
      vertex -77.0894 7.45396 2
      vertex -71.1213 2.12132 2
      vertex -76.8134 7.74278 2
    endloop
  endfacet
  facet normal 0 0 1
    outer loop
      vertex -70.5 -2.59808 2
      vertex -74.9547 -9.24888 2
      vertex -74.6149 -9.459 2
    endloop
  endfacet
  facet normal -0 0 1
    outer loop
      vertex -77.3547 7.15531 2
      vertex -71.1213 2.12132 2
      vertex -77.0894 7.45396 2
    endloop
  endfacet
  facet normal 0 0 1
    outer loop
      vertex -70.8263 -2.38006 2
      vertex -75.2866 -9.02656 2
      vertex -74.9547 -9.24888 2
    endloop
  endfacet
  facet normal 0 0 1
    outer loop
      vertex -71.1213 2.12132 2
      vertex -77.3547 7.15531 2
      vertex -71.3801 1.82628 2
    endloop
  endfacet
  facet normal 0 0 1
    outer loop
      vertex -70.8263 -2.38006 2
      vertex -75.6102 -8.79233 2
      vertex -75.2866 -9.02656 2
    endloop
  endfacet
  facet normal -0 0 1
    outer loop
      vertex -77.609 6.84723 2
      vertex -71.3801 1.82628 2
      vertex -77.3547 7.15531 2
    endloop
  endfacet
  facet normal 0 0 1
    outer loop
      vertex -70.8263 -2.38006 2
      vertex -75.9251 -8.54651 2
      vertex -75.6102 -8.79233 2
    endloop
  endfacet
  facet normal -0 0 1
    outer loop
      vertex -77.852 6.53011 2
      vertex -71.3801 1.82628 2
      vertex -77.609 6.84723 2
    endloop
  endfacet
  facet normal 0 0 1
    outer loop
      vertex -70.8263 -2.38006 2
      vertex -76.2309 -8.28942 2
      vertex -75.9251 -8.54651 2
    endloop
  endfacet
  facet normal -0 0 1
    outer loop
      vertex -78.0833 6.20438 2
      vertex -71.3801 1.82628 2
      vertex -77.852 6.53011 2
    endloop
  endfacet
  facet normal 0 0 1
    outer loop
      vertex -71.1213 -2.12132 2
      vertex -76.5271 -8.02139 2
      vertex -76.2309 -8.28942 2
    endloop
  endfacet
  facet normal 0 0 1
    outer loop
      vertex -71.3801 1.82628 2
      vertex -78.0833 6.20438 2
      vertex -71.5981 1.5 2
    endloop
  endfacet
  facet normal 0 0 1
    outer loop
      vertex -71.1213 -2.12132 2
      vertex -76.8134 -7.74278 2
      vertex -76.5271 -8.02139 2
    endloop
  endfacet
  facet normal -0 0 1
    outer loop
      vertex -78.3026 5.87046 2
      vertex -71.5981 1.5 2
      vertex -78.0833 6.20438 2
    endloop
  endfacet
  facet normal 0 0 1
    outer loop
      vertex -71.1213 -2.12132 2
      vertex -77.0894 -7.45396 2
      vertex -76.8134 -7.74278 2
    endloop
  endfacet
  facet normal -0 0 1
    outer loop
      vertex -78.5096 5.52881 2
      vertex -71.5981 1.5 2
      vertex -78.3026 5.87046 2
    endloop
  endfacet
  facet normal 0 0 1
    outer loop
      vertex -71.1213 -2.12132 2
      vertex -77.3547 -7.15531 2
      vertex -77.0894 -7.45396 2
    endloop
  endfacet
  facet normal -0 0 1
    outer loop
      vertex -78.7041 5.17986 2
      vertex -71.5981 1.5 2
      vertex -78.5096 5.52881 2
    endloop
  endfacet
  facet normal 0 0 1
    outer loop
      vertex -71.3801 -1.82628 2
      vertex -77.609 -6.84723 2
      vertex -77.3547 -7.15531 2
    endloop
  endfacet
  facet normal -0 0 1
    outer loop
      vertex -78.8858 4.82408 2
      vertex -71.5981 1.5 2
      vertex -78.7041 5.17986 2
    endloop
  endfacet
  facet normal 0 0 1
    outer loop
      vertex -71.3801 -1.82628 2
      vertex -77.852 -6.53011 2
      vertex -77.609 -6.84723 2
    endloop
  endfacet
  facet normal 0 0 1
    outer loop
      vertex -71.5981 1.5 2
      vertex -78.8858 4.82408 2
      vertex -71.7716 1.14805 2
    endloop
  endfacet
  facet normal 0 0 1
    outer loop
      vertex -71.3801 -1.82628 2
      vertex -78.0833 -6.20438 2
      vertex -77.852 -6.53011 2
    endloop
  endfacet
  facet normal -0 0 1
    outer loop
      vertex -79.0544 4.46193 2
      vertex -71.7716 1.14805 2
      vertex -78.8858 4.82408 2
    endloop
  endfacet
  facet normal 0 0 1
    outer loop
      vertex -71.5981 -1.5 2
      vertex -78.3026 -5.87046 2
      vertex -78.0833 -6.20438 2
    endloop
  endfacet
  facet normal -0 0 1
    outer loop
      vertex -79.2098 4.09391 2
      vertex -71.7716 1.14805 2
      vertex -79.0544 4.46193 2
    endloop
  endfacet
  facet normal 0 0 1
    outer loop
      vertex -71.5981 -1.5 2
      vertex -78.5096 -5.52881 2
      vertex -78.3026 -5.87046 2
    endloop
  endfacet
  facet normal -0 0 1
    outer loop
      vertex -79.3517 3.72048 2
      vertex -71.7716 1.14805 2
      vertex -79.2098 4.09391 2
    endloop
  endfacet
  facet normal 0 0 1
    outer loop
      vertex -71.5981 -1.5 2
      vertex -78.7041 -5.17986 2
      vertex -78.5096 -5.52881 2
    endloop
  endfacet
  facet normal 0 0 1
    outer loop
      vertex -71.7716 1.14805 2
      vertex -79.3517 3.72048 2
      vertex -71.8978 0.776457 2
    endloop
  endfacet
  facet normal 0 0 1
    outer loop
      vertex -71.5981 -1.5 2
      vertex -78.8858 -4.82408 2
      vertex -78.7041 -5.17986 2
    endloop
  endfacet
  facet normal -0 0 1
    outer loop
      vertex -79.48 3.34214 2
      vertex -71.8978 0.776457 2
      vertex -79.3517 3.72048 2
    endloop
  endfacet
  facet normal 0 0 1
    outer loop
      vertex -71.7716 -1.14805 2
      vertex -79.0544 -4.46193 2
      vertex -78.8858 -4.82408 2
    endloop
  endfacet
  facet normal -0 0 1
    outer loop
      vertex -79.5944 2.9594 2
      vertex -71.8978 0.776457 2
      vertex -79.48 3.34214 2
    endloop
  endfacet
  facet normal 0 0 1
    outer loop
      vertex -71.7716 -1.14805 2
      vertex -79.2098 -4.09391 2
      vertex -79.0544 -4.46193 2
    endloop
  endfacet
  facet normal -0 0 1
    outer loop
      vertex -79.6949 2.57275 2
      vertex -71.8978 0.776457 2
      vertex -79.5944 2.9594 2
    endloop
  endfacet
  facet normal 0 0 1
    outer loop
      vertex -71.7716 -1.14805 2
      vertex -79.3517 -3.72048 2
      vertex -79.2098 -4.09391 2
    endloop
  endfacet
  facet normal -0 0 1
    outer loop
      vertex -79.7813 2.18271 2
      vertex -71.8978 0.776457 2
      vertex -79.6949 2.57275 2
    endloop
  endfacet
  facet normal 0 0 1
    outer loop
      vertex -71.8978 -0.776457 2
      vertex -79.48 -3.34214 2
      vertex -79.3517 -3.72048 2
    endloop
  endfacet
  facet normal 0 0 1
    outer loop
      vertex -71.8978 0.776457 2
      vertex -79.7813 2.18271 2
      vertex -71.9743 0.391578 2
    endloop
  endfacet
  facet normal 0 0 1
    outer loop
      vertex -71.8978 -0.776457 2
      vertex -79.5944 -2.9594 2
      vertex -79.48 -3.34214 2
    endloop
  endfacet
  facet normal -0 0 1
    outer loop
      vertex -79.8534 1.7898 2
      vertex -71.9743 0.391578 2
      vertex -79.7813 2.18271 2
    endloop
  endfacet
  facet normal 0 0 1
    outer loop
      vertex -71.8978 -0.776457 2
      vertex -79.6949 -2.57275 2
      vertex -79.5944 -2.9594 2
    endloop
  endfacet
  facet normal -0 0 1
    outer loop
      vertex -79.9112 1.39452 2
      vertex -71.9743 0.391578 2
      vertex -79.8534 1.7898 2
    endloop
  endfacet
  facet normal 0 0 1
    outer loop
      vertex -71.8978 -0.776457 2
      vertex -79.7813 -2.18271 2
      vertex -79.6949 -2.57275 2
    endloop
  endfacet
  facet normal -0 0 1
    outer loop
      vertex -79.9547 0.9974 2
      vertex -71.9743 0.391578 2
      vertex -79.9112 1.39452 2
    endloop
  endfacet
  facet normal 0 0 1
    outer loop
      vertex -71.9743 -0.391578 2
      vertex -79.8534 -1.7898 2
      vertex -79.7813 -2.18271 2
    endloop
  endfacet
  facet normal -0 0 1
    outer loop
      vertex -79.9837 0.598967 2
      vertex -71.9743 0.391578 2
      vertex -79.9547 0.9974 2
    endloop
  endfacet
  facet normal 0 0 1
    outer loop
      vertex -71.9743 -0.391578 2
      vertex -79.9112 -1.39452 2
      vertex -79.8534 -1.7898 2
    endloop
  endfacet
  facet normal 0 0 1
    outer loop
      vertex -71.9743 0.391578 2
      vertex -79.9837 0.598967 2
      vertex -72 0 2
    endloop
  endfacet
  facet normal 0 0 1
    outer loop
      vertex -71.9743 -0.391578 2
      vertex -79.9547 -0.9974 2
      vertex -79.9112 -1.39452 2
    endloop
  endfacet
  facet normal -0 0 1
    outer loop
      vertex -79.9982 0.199743 2
      vertex -72 0 2
      vertex -79.9837 0.598967 2
    endloop
  endfacet
  facet normal 0 0 1
    outer loop
      vertex -71.9743 -0.391578 2
      vertex -79.9837 -0.598967 2
      vertex -79.9547 -0.9974 2
    endloop
  endfacet
  facet normal 0 0 1
    outer loop
      vertex -79.9982 -0.199743 2
      vertex -72 0 2
      vertex -79.9982 0.199743 2
    endloop
  endfacet
  facet normal 0 0 1
    outer loop
      vertex -72 0 2
      vertex -79.9982 -0.199743 2
      vertex -79.9837 -0.598967 2
    endloop
  endfacet
  facet normal -0.920523 0.390688 0
    outer loop
      vertex -60.2669 24.3494 0
      vertex -59.3805 26.4379 2
      vertex -59.3805 26.4379 0
    endloop
  endfacet
  facet normal -0.920523 0.390688 0
    outer loop
      vertex -59.3805 26.4379 2
      vertex -60.2669 24.3494 0
      vertex -60.2669 24.3494 2
    endloop
  endfacet
  facet normal 0.573566 -0.819159 0
    outer loop
      vertex 36.3475 -53.8874 0
      vertex 38.206 -52.5861 2
      vertex 36.3475 -53.8874 2
    endloop
  endfacet
  facet normal 0.573566 -0.819159 0
    outer loop
      vertex 38.206 -52.5861 2
      vertex 36.3475 -53.8874 0
      vertex 38.206 -52.5861 0
    endloop
  endfacet
  facet normal 0.933575 0.358382 0
    outer loop
      vertex 61.08 22.2313 2
      vertex 60.2669 24.3494 0
      vertex 60.2669 24.3494 2
    endloop
  endfacet
  facet normal 0.933575 0.358382 0
    outer loop
      vertex 60.2669 24.3494 0
      vertex 61.08 22.2313 2
      vertex 61.08 22.2313 0
    endloop
  endfacet
  facet normal 0.754705 0.656064 0
    outer loop
      vertex 49.7929 41.7812 2
      vertex 48.3044 43.4935 0
      vertex 48.3044 43.4935 2
    endloop
  endfacet
  facet normal 0.754705 0.656064 0
    outer loop
      vertex 48.3044 43.4935 0
      vertex 49.7929 41.7812 2
      vertex 49.7929 41.7812 0
    endloop
  endfacet
  facet normal 0.906295 -0.422647 0
    outer loop
      vertex 58.4216 -28.4941 2
      vertex 59.3805 -26.4379 0
      vertex 59.3805 -26.4379 2
    endloop
  endfacet
  facet normal 0.906295 -0.422647 0
    outer loop
      vertex 59.3805 -26.4379 0
      vertex 58.4216 -28.4941 2
      vertex 58.4216 -28.4941 0
    endloop
  endfacet
  facet normal -0.754705 0.656064 0
    outer loop
      vertex -49.7929 41.7812 0
      vertex -48.3044 43.4935 2
      vertex -48.3044 43.4935 0
    endloop
  endfacet
  facet normal -0.754705 0.656064 0
    outer loop
      vertex -48.3044 43.4935 2
      vertex -49.7929 41.7812 0
      vertex -49.7929 41.7812 2
    endloop
  endfacet
  facet normal 0.798644 0.601804 0
    outer loop
      vertex 52.5861 38.206 2
      vertex 51.2207 40.018 0
      vertex 51.2207 40.018 2
    endloop
  endfacet
  facet normal 0.798644 0.601804 0
    outer loop
      vertex 51.2207 40.018 0
      vertex 52.5861 38.206 2
      vertex 52.5861 38.206 0
    endloop
  endfacet
  facet normal -0.484838 -0.874604 0
    outer loop
      vertex -32.5 -56.2916 0
      vertex -30.5157 -57.3916 2
      vertex -32.5 -56.2916 2
    endloop
  endfacet
  facet normal -0.484838 -0.874604 -0
    outer loop
      vertex -30.5157 -57.3916 2
      vertex -32.5 -56.2916 0
      vertex -30.5157 -57.3916 0
    endloop
  endfacet
  facet normal 0.987688 -0.156437 0
    outer loop
      vertex 64.0125 -11.2871 2
      vertex 64.2124 -10.025 0
      vertex 64.2124 -10.025 2
    endloop
  endfacet
  facet normal 0.987688 -0.156437 0
    outer loop
      vertex 64.2124 -10.025 0
      vertex 64.0125 -11.2871 2
      vertex 64.0125 -11.2871 0
    endloop
  endfacet
  facet normal -0.974366 -0.224969 0
    outer loop
      vertex -63.0692 -15.7249 0
      vertex -63.5796 -13.5143 2
      vertex -63.5796 -13.5143 0
    endloop
  endfacet
  facet normal -0.974366 -0.224969 0
    outer loop
      vertex -63.5796 -13.5143 2
      vertex -63.0692 -15.7249 0
      vertex -63.0692 -15.7249 2
    endloop
  endfacet
  facet normal -0.707107 -0.707107 0
    outer loop
      vertex -45.1528 -46.7571 0
      vertex -46.7571 -45.1528 2
      vertex -46.7571 -45.1528 0
    endloop
  endfacet
  facet normal -0.707107 -0.707107 0
    outer loop
      vertex -46.7571 -45.1528 2
      vertex -45.1528 -46.7571 0
      vertex -45.1528 -46.7571 2
    endloop
  endfacet
  facet normal -0.515021 -0.857178 0
    outer loop
      vertex -34.4448 -55.1231 0
      vertex -32.5 -56.2916 2
      vertex -34.4448 -55.1231 2
    endloop
  endfacet
  facet normal -0.515021 -0.857178 -0
    outer loop
      vertex -32.5 -56.2916 2
      vertex -34.4448 -55.1231 0
      vertex -32.5 -56.2916 0
    endloop
  endfacet
  facet normal 0.819159 -0.573566 0
    outer loop
      vertex 52.5861 -38.206 2
      vertex 53.8874 -36.3475 0
      vertex 53.8874 -36.3475 2
    endloop
  endfacet
  facet normal 0.819159 -0.573566 0
    outer loop
      vertex 53.8874 -36.3475 0
      vertex 52.5861 -38.206 2
      vertex 52.5861 -38.206 0
    endloop
  endfacet
  facet normal 0.358382 -0.933575 0
    outer loop
      vertex 22.2313 -61.08 0
      vertex 24.3494 -60.2669 2
      vertex 22.2313 -61.08 2
    endloop
  endfacet
  facet normal 0.358382 -0.933575 0
    outer loop
      vertex 24.3494 -60.2669 2
      vertex 22.2313 -61.08 0
      vertex 24.3494 -60.2669 0
    endloop
  endfacet
  facet normal -0.601804 -0.798644 0
    outer loop
      vertex -40.018 -51.2207 0
      vertex -38.206 -52.5861 2
      vertex -40.018 -51.2207 2
    endloop
  endfacet
  facet normal -0.601804 -0.798644 -0
    outer loop
      vertex -38.206 -52.5861 2
      vertex -40.018 -51.2207 0
      vertex -38.206 -52.5861 0
    endloop
  endfacet
  facet normal -0.891017 0.453971 0
    outer loop
      vertex -58.4216 28.4941 0
      vertex -57.3916 30.5157 2
      vertex -57.3916 30.5157 0
    endloop
  endfacet
  facet normal -0.891017 0.453971 0
    outer loop
      vertex -57.3916 30.5157 2
      vertex -58.4216 28.4941 0
      vertex -58.4216 28.4941 2
    endloop
  endfacet
  facet normal 0.292354 0.95631 -0
    outer loop
      vertex 20.0861 61.8187 0
      vertex 17.9164 62.482 2
      vertex 20.0861 61.8187 2
    endloop
  endfacet
  facet normal 0.292354 0.95631 0
    outer loop
      vertex 17.9164 62.482 2
      vertex 20.0861 61.8187 0
      vertex 17.9164 62.482 0
    endloop
  endfacet
  facet normal -0.95631 -0.292354 0
    outer loop
      vertex -61.8187 -20.0861 0
      vertex -62.482 -17.9164 2
      vertex -62.482 -17.9164 0
    endloop
  endfacet
  facet normal -0.95631 -0.292354 0
    outer loop
      vertex -62.482 -17.9164 2
      vertex -61.8187 -20.0861 0
      vertex -61.8187 -20.0861 2
    endloop
  endfacet
  facet normal -0.358382 -0.933575 0
    outer loop
      vertex -24.3494 -60.2669 0
      vertex -22.2313 -61.08 2
      vertex -24.3494 -60.2669 2
    endloop
  endfacet
  facet normal -0.358382 -0.933575 -0
    outer loop
      vertex -22.2313 -61.08 2
      vertex -24.3494 -60.2669 0
      vertex -22.2313 -61.08 0
    endloop
  endfacet
  facet normal -0.906295 -0.422647 0
    outer loop
      vertex -58.4216 -28.4941 0
      vertex -59.3805 -26.4379 2
      vertex -59.3805 -26.4379 0
    endloop
  endfacet
  facet normal -0.906295 -0.422647 0
    outer loop
      vertex -59.3805 -26.4379 2
      vertex -58.4216 -28.4941 0
      vertex -58.4216 -28.4941 2
    endloop
  endfacet
  facet normal -0.891017 -0.453971 0
    outer loop
      vertex -57.3916 -30.5157 0
      vertex -58.4216 -28.4941 2
      vertex -58.4216 -28.4941 0
    endloop
  endfacet
  facet normal -0.891017 -0.453971 0
    outer loop
      vertex -58.4216 -28.4941 2
      vertex -57.3916 -30.5157 0
      vertex -57.3916 -30.5157 2
    endloop
  endfacet
  facet normal 0.933575 -0.358382 0
    outer loop
      vertex 60.2669 -24.3494 2
      vertex 61.08 -22.2313 0
      vertex 61.08 -22.2313 2
    endloop
  endfacet
  facet normal 0.933575 -0.358382 0
    outer loop
      vertex 61.08 -22.2313 0
      vertex 60.2669 -24.3494 2
      vertex 60.2669 -24.3494 0
    endloop
  endfacet
  facet normal -0.874604 0.484838 0
    outer loop
      vertex -57.3916 30.5157 0
      vertex -56.2916 32.5 2
      vertex -56.2916 32.5 0
    endloop
  endfacet
  facet normal -0.874604 0.484838 0
    outer loop
      vertex -56.2916 32.5 2
      vertex -57.3916 30.5157 0
      vertex -57.3916 30.5157 2
    endloop
  endfacet
  facet normal 0.190799 0.981629 -0
    outer loop
      vertex 13.5143 63.5796 0
      vertex 11.2871 64.0125 2
      vertex 13.5143 63.5796 2
    endloop
  endfacet
  facet normal 0.190799 0.981629 0
    outer loop
      vertex 11.2871 64.0125 2
      vertex 13.5143 63.5796 0
      vertex 11.2871 64.0125 0
    endloop
  endfacet
  facet normal -0.544661 0.838656 0
    outer loop
      vertex -34.4448 55.1231 0
      vertex -36.3475 53.8874 2
      vertex -34.4448 55.1231 2
    endloop
  endfacet
  facet normal -0.544661 0.838656 0
    outer loop
      vertex -36.3475 53.8874 2
      vertex -34.4448 55.1231 0
      vertex -36.3475 53.8874 0
    endloop
  endfacet
  facet normal -0.838656 0.544661 0
    outer loop
      vertex -55.1231 34.4448 0
      vertex -53.8874 36.3475 2
      vertex -53.8874 36.3475 0
    endloop
  endfacet
  facet normal -0.838656 0.544661 0
    outer loop
      vertex -53.8874 36.3475 2
      vertex -55.1231 34.4448 0
      vertex -55.1231 34.4448 2
    endloop
  endfacet
  facet normal -0.815346 0.578975 0
    outer loop
      vertex -78.0833 6.20438 0
      vertex -77.852 6.53011 2
      vertex -77.852 6.53011 0
    endloop
  endfacet
  facet normal -0.815346 0.578975 0
    outer loop
      vertex -77.852 6.53011 2
      vertex -78.0833 6.20438 0
      vertex -78.0833 6.20438 2
    endloop
  endfacet
  facet normal -0.0090109 0.999959 0
    outer loop
      vertex -68.9001 10.9995 0
      vertex -69.2996 10.9959 2
      vertex -68.9001 10.9995 2
    endloop
  endfacet
  facet normal -0.0090109 0.999959 0
    outer loop
      vertex -69.2996 10.9959 2
      vertex -68.9001 10.9995 0
      vertex -69.2996 10.9959 0
    endloop
  endfacet
  facet normal -0.0090109 -0.999959 0
    outer loop
      vertex -69.2996 -10.9959 0
      vertex -68.9001 -10.9995 2
      vertex -69.2996 -10.9959 2
    endloop
  endfacet
  facet normal -0.0090109 -0.999959 -0
    outer loop
      vertex -68.9001 -10.9995 2
      vertex -69.2996 -10.9959 0
      vertex -68.9001 -10.9995 0
    endloop
  endfacet
  facet normal -0.72297 -0.690879 0
    outer loop
      vertex -76.8134 -7.74278 0
      vertex -77.0894 -7.45396 2
      vertex -77.0894 -7.45396 0
    endloop
  endfacet
  facet normal -0.72297 -0.690879 0
    outer loop
      vertex -77.0894 -7.45396 2
      vertex -76.8134 -7.74278 0
      vertex -76.8134 -7.74278 2
    endloop
  endfacet
  facet normal -0.556524 0.830831 0
    outer loop
      vertex -74.9547 9.24888 0
      vertex -75.2866 9.02656 2
      vertex -74.9547 9.24888 2
    endloop
  endfacet
  facet normal -0.556524 0.830831 0
    outer loop
      vertex -75.2866 9.02656 2
      vertex -74.9547 9.24888 0
      vertex -75.2866 9.02656 0
    endloop
  endfacet
  facet normal -0.260342 0.965517 0
    outer loop
      vertex -71.6698 10.6711 0
      vertex -72.0555 10.5671 2
      vertex -71.6698 10.6711 2
    endloop
  endfacet
  facet normal -0.260342 0.965517 0
    outer loop
      vertex -72.0555 10.5671 2
      vertex -71.6698 10.6711 0
      vertex -72.0555 10.5671 0
    endloop
  endfacet
  facet normal -0.997362 0.0725931 0
    outer loop
      vertex -79.9837 0.598967 0
      vertex -79.9547 0.9974 2
      vertex -79.9547 0.9974 0
    endloop
  endfacet
  facet normal -0.997362 0.0725931 0
    outer loop
      vertex -79.9547 0.9974 2
      vertex -79.9837 0.598967 0
      vertex -79.9837 0.598967 2
    endloop
  endfacet
  facet normal 0 -1 0
    outer loop
      vertex -68.9001 -10.9995 0
      vertex -64.0581 -10.9995 2
      vertex -68.9001 -10.9995 2
    endloop
  endfacet
  facet normal 0 -1 -0
    outer loop
      vertex -64.0581 -10.9995 2
      vertex -68.9001 -10.9995 0
      vertex -64.0581 -10.9995 0
    endloop
  endfacet
  facet normal -0.873477 -0.486865 0
    outer loop
      vertex -78.5096 -5.52881 0
      vertex -78.7041 -5.17986 2
      vertex -78.7041 -5.17986 0
    endloop
  endfacet
  facet normal -0.873477 -0.486865 0
    outer loop
      vertex -78.7041 -5.17986 2
      vertex -78.5096 -5.52881 0
      vertex -78.5096 -5.52881 2
    endloop
  endfacet
  facet normal -0.643512 -0.765436 0
    outer loop
      vertex -76.2309 -8.28942 0
      vertex -75.9251 -8.54651 2
      vertex -76.2309 -8.28942 2
    endloop
  endfacet
  facet normal -0.643512 -0.765436 -0
    outer loop
      vertex -75.9251 -8.54651 2
      vertex -76.2309 -8.28942 0
      vertex -75.9251 -8.54651 0
    endloop
  endfacet
  facet normal -1 0 0
    outer loop
      vertex -79.9982 -0.199743 0
      vertex -79.9982 0.199743 2
      vertex -79.9982 0.199743 0
    endloop
  endfacet
  facet normal -1 -0 0
    outer loop
      vertex -79.9982 0.199743 2
      vertex -79.9982 -0.199743 0
      vertex -79.9982 -0.199743 2
    endloop
  endfacet
  facet normal -0.525934 0.850525 0
    outer loop
      vertex -74.6149 9.459 0
      vertex -74.9547 9.24888 2
      vertex -74.6149 9.459 2
    endloop
  endfacet
  facet normal -0.525934 0.850525 0
    outer loop
      vertex -74.9547 9.24888 2
      vertex -74.6149 9.459 0
      vertex -74.9547 9.24888 0
    endloop
  endfacet
  facet normal -0.295123 0.955459 0
    outer loop
      vertex -72.0555 10.5671 0
      vertex -72.4372 10.4492 2
      vertex -72.0555 10.5671 2
    endloop
  endfacet
  facet normal -0.295123 0.955459 0
    outer loop
      vertex -72.4372 10.4492 2
      vertex -72.0555 10.5671 0
      vertex -72.4372 10.4492 0
    endloop
  endfacet
  facet normal -0.189516 -0.981878 0
    outer loop
      vertex -71.2805 -10.761 0
      vertex -70.8883 -10.8367 2
      vertex -71.2805 -10.761 2
    endloop
  endfacet
  facet normal -0.189516 -0.981878 -0
    outer loop
      vertex -70.8883 -10.8367 2
      vertex -71.2805 -10.761 0
      vertex -70.8883 -10.8367 0
    endloop
  endfacet
  facet normal -0.39727 -0.917702 0
    outer loop
      vertex -73.553 -10.0135 0
      vertex -73.1864 -10.1722 2
      vertex -73.553 -10.0135 2
    endloop
  endfacet
  facet normal -0.39727 -0.917702 -0
    outer loop
      vertex -73.1864 -10.1722 2
      vertex -73.553 -10.0135 0
      vertex -73.1864 -10.1722 0
    endloop
  endfacet
  facet normal -0.189516 0.981878 0
    outer loop
      vertex -70.8883 10.8367 0
      vertex -71.2805 10.761 2
      vertex -70.8883 10.8367 2
    endloop
  endfacet
  facet normal -0.189516 0.981878 0
    outer loop
      vertex -71.2805 10.761 2
      vertex -70.8883 10.8367 0
      vertex -71.2805 10.761 0
    endloop
  endfacet
  facet normal -0.90657 -0.422056 0
    outer loop
      vertex -78.8858 -4.82408 0
      vertex -79.0544 -4.46193 2
      vertex -79.0544 -4.46193 0
    endloop
  endfacet
  facet normal -0.90657 -0.422056 0
    outer loop
      vertex -79.0544 -4.46193 2
      vertex -78.8858 -4.82408 0
      vertex -78.8858 -4.82408 2
    endloop
  endfacet
  facet normal -0.295123 -0.955459 0
    outer loop
      vertex -72.4372 -10.4492 0
      vertex -72.0555 -10.5671 2
      vertex -72.4372 -10.4492 2
    endloop
  endfacet
  facet normal -0.295123 -0.955459 -0
    outer loop
      vertex -72.0555 -10.5671 2
      vertex -72.4372 -10.4492 0
      vertex -72.0555 -10.5671 0
    endloop
  endfacet
  facet normal 0 1 -0
    outer loop
      vertex -64.0581 10.9995 0
      vertex -68.9001 10.9995 2
      vertex -64.0581 10.9995 2
    endloop
  endfacet
  facet normal 0 1 0
    outer loop
      vertex -68.9001 10.9995 2
      vertex -64.0581 10.9995 0
      vertex -68.9001 10.9995 0
    endloop
  endfacet
  facet normal -0.0453055 0.998973 0
    outer loop
      vertex -69.2996 10.9959 0
      vertex -69.6987 10.9778 2
      vertex -69.2996 10.9959 2
    endloop
  endfacet
  facet normal -0.0453055 0.998973 0
    outer loop
      vertex -69.6987 10.9778 2
      vertex -69.2996 10.9959 0
      vertex -69.6987 10.9778 0
    endloop
  endfacet
  facet normal -0.697416 -0.716666 0
    outer loop
      vertex -76.8134 -7.74278 0
      vertex -76.5271 -8.02139 2
      vertex -76.8134 -7.74278 2
    endloop
  endfacet
  facet normal -0.697416 -0.716666 -0
    outer loop
      vertex -76.5271 -8.02139 2
      vertex -76.8134 -7.74278 0
      vertex -76.5271 -8.02139 0
    endloop
  endfacet
  facet normal -0.934786 -0.35521 0
    outer loop
      vertex -79.2098 -4.09391 0
      vertex -79.3517 -3.72048 2
      vertex -79.3517 -3.72048 0
    endloop
  endfacet
  facet normal -0.934786 -0.35521 0
    outer loop
      vertex -79.3517 -3.72048 2
      vertex -79.2098 -4.09391 0
      vertex -79.2098 -4.09391 2
    endloop
  endfacet
  facet normal -0.117901 0.993025 0
    outer loop
      vertex -70.0968 10.9452 0
      vertex -70.4935 10.8981 2
      vertex -70.0968 10.9452 2
    endloop
  endfacet
  facet normal -0.117901 0.993025 0
    outer loop
      vertex -70.4935 10.8981 2
      vertex -70.0968 10.9452 0
      vertex -70.4935 10.8981 0
    endloop
  endfacet
  facet normal -0.494812 0.869 0
    outer loop
      vertex -74.2678 9.65664 0
      vertex -74.6149 9.459 2
      vertex -74.2678 9.65664 2
    endloop
  endfacet
  facet normal -0.494812 0.869 0
    outer loop
      vertex -74.6149 9.459 2
      vertex -74.2678 9.65664 0
      vertex -74.6149 9.459 0
    endloop
  endfacet
  facet normal -0.976333 -0.216273 0
    outer loop
      vertex -79.6949 -2.57275 0
      vertex -79.7813 -2.18271 2
      vertex -79.7813 -2.18271 0
    endloop
  endfacet
  facet normal -0.976333 -0.216273 0
    outer loop
      vertex -79.7813 -2.18271 2
      vertex -79.6949 -2.57275 0
      vertex -79.6949 -2.57275 2
    endloop
  endfacet
  facet normal -0.921237 0.389001 0
    outer loop
      vertex -79.2098 4.09391 0
      vertex -79.0544 4.46193 2
      vertex -79.0544 4.46193 0
    endloop
  endfacet
  facet normal -0.921237 0.389001 0
    outer loop
      vertex -79.0544 4.46193 2
      vertex -79.2098 4.09391 0
      vertex -79.2098 4.09391 2
    endloop
  endfacet
  facet normal -0.225006 -0.974357 0
    outer loop
      vertex -71.6698 -10.6711 0
      vertex -71.2805 -10.761 2
      vertex -71.6698 -10.6711 2
    endloop
  endfacet
  facet normal -0.225006 -0.974357 -0
    outer loop
      vertex -71.2805 -10.761 2
      vertex -71.6698 -10.6711 0
      vertex -71.2805 -10.761 0
    endloop
  endfacet
  facet normal -0.556524 -0.830831 0
    outer loop
      vertex -75.2866 -9.02656 0
      vertex -74.9547 -9.24888 2
      vertex -75.2866 -9.02656 2
    endloop
  endfacet
  facet normal -0.556524 -0.830831 -0
    outer loop
      vertex -74.9547 -9.24888 2
      vertex -75.2866 -9.02656 0
      vertex -74.9547 -9.24888 0
    endloop
  endfacet
  facet normal -0.39727 0.917702 0
    outer loop
      vertex -73.1864 10.1722 0
      vertex -73.553 10.0135 2
      vertex -73.1864 10.1722 2
    endloop
  endfacet
  facet normal -0.39727 0.917702 0
    outer loop
      vertex -73.553 10.0135 2
      vertex -73.1864 10.1722 0
      vertex -73.553 10.0135 0
    endloop
  endfacet
  facet normal -0.983577 -0.180489 0
    outer loop
      vertex -79.7813 -2.18271 0
      vertex -79.8534 -1.7898 2
      vertex -79.8534 -1.7898 0
    endloop
  endfacet
  facet normal -0.983577 -0.180489 0
    outer loop
      vertex -79.8534 -1.7898 2
      vertex -79.7813 -2.18271 0
      vertex -79.7813 -2.18271 2
    endloop
  endfacet
  facet normal -0.462782 0.886472 0
    outer loop
      vertex -73.9136 9.84155 0
      vertex -74.2678 9.65664 2
      vertex -73.9136 9.84155 2
    endloop
  endfacet
  facet normal -0.462782 0.886472 0
    outer loop
      vertex -74.2678 9.65664 2
      vertex -73.9136 9.84155 0
      vertex -74.2678 9.65664 0
    endloop
  endfacet
  facet normal -0.494812 -0.869 0
    outer loop
      vertex -74.6149 -9.459 0
      vertex -74.2678 -9.65664 2
      vertex -74.6149 -9.459 2
    endloop
  endfacet
  facet normal -0.494812 -0.869 -0
    outer loop
      vertex -74.2678 -9.65664 2
      vertex -74.6149 -9.459 0
      vertex -74.2678 -9.65664 0
    endloop
  endfacet
  facet normal -0.225006 0.974357 0
    outer loop
      vertex -71.2805 10.761 0
      vertex -71.6698 10.6711 2
      vertex -71.2805 10.761 2
    endloop
  endfacet
  facet normal -0.225006 0.974357 0
    outer loop
      vertex -71.6698 10.6711 2
      vertex -71.2805 10.761 0
      vertex -71.6698 10.6711 0
    endloop
  endfacet
  facet normal -0.771209 -0.636583 0
    outer loop
      vertex -77.3547 -7.15531 0
      vertex -77.609 -6.84723 2
      vertex -77.609 -6.84723 0
    endloop
  endfacet
  facet normal -0.771209 -0.636583 0
    outer loop
      vertex -77.609 -6.84723 2
      vertex -77.3547 -7.15531 0
      vertex -77.3547 -7.15531 2
    endloop
  endfacet
  facet normal -0.855265 -0.518191 0
    outer loop
      vertex -78.3026 -5.87046 0
      vertex -78.5096 -5.52881 2
      vertex -78.5096 -5.52881 0
    endloop
  endfacet
  facet normal -0.855265 -0.518191 0
    outer loop
      vertex -78.5096 -5.52881 2
      vertex -78.3026 -5.87046 0
      vertex -78.3026 -5.87046 2
    endloop
  endfacet
  facet normal -0.997362 -0.0725931 0
    outer loop
      vertex -79.9547 -0.9974 0
      vertex -79.9837 -0.598967 2
      vertex -79.9837 -0.598967 0
    endloop
  endfacet
  facet normal -0.997362 -0.0725931 0
    outer loop
      vertex -79.9837 -0.598967 2
      vertex -79.9547 -0.9974 0
      vertex -79.9547 -0.9974 2
    endloop
  endfacet
  facet normal -0.260342 -0.965517 0
    outer loop
      vertex -72.0555 -10.5671 0
      vertex -71.6698 -10.6711 2
      vertex -72.0555 -10.5671 2
    endloop
  endfacet
  facet normal -0.260342 -0.965517 -0
    outer loop
      vertex -71.6698 -10.6711 2
      vertex -72.0555 -10.5671 0
      vertex -71.6698 -10.6711 0
    endloop
  endfacet
  facet normal -0.947028 -0.32115 0
    outer loop
      vertex -79.3517 -3.72048 0
      vertex -79.48 -3.34214 2
      vertex -79.48 -3.34214 0
    endloop
  endfacet
  facet normal -0.947028 -0.32115 0
    outer loop
      vertex -79.48 -3.34214 2
      vertex -79.3517 -3.72048 0
      vertex -79.3517 -3.72048 2
    endloop
  endfacet
  facet normal -0.670968 -0.741487 0
    outer loop
      vertex -76.5271 -8.02139 0
      vertex -76.2309 -8.28942 2
      vertex -76.5271 -8.02139 2
    endloop
  endfacet
  facet normal -0.670968 -0.741487 -0
    outer loop
      vertex -76.2309 -8.28942 2
      vertex -76.5271 -8.02139 0
      vertex -76.2309 -8.28942 0
    endloop
  endfacet
  facet normal -0.586344 -0.810062 0
    outer loop
      vertex -75.6102 -8.79233 0
      vertex -75.2866 -9.02656 2
      vertex -75.6102 -8.79233 2
    endloop
  endfacet
  facet normal -0.586344 -0.810062 -0
    outer loop
      vertex -75.2866 -9.02656 2
      vertex -75.6102 -8.79233 0
      vertex -75.2866 -9.02656 0
    endloop
  endfacet
  facet normal -0.947028 0.32115 0
    outer loop
      vertex -79.48 3.34214 0
      vertex -79.3517 3.72048 2
      vertex -79.3517 3.72048 0
    endloop
  endfacet
  facet normal -0.947028 0.32115 0
    outer loop
      vertex -79.3517 3.72048 2
      vertex -79.48 3.34214 0
      vertex -79.48 3.34214 2
    endloop
  endfacet
  facet normal -0.873477 0.486865 0
    outer loop
      vertex -78.7041 5.17986 0
      vertex -78.5096 5.52881 2
      vertex -78.5096 5.52881 0
    endloop
  endfacet
  facet normal -0.873477 0.486865 0
    outer loop
      vertex -78.5096 5.52881 2
      vertex -78.7041 5.17986 0
      vertex -78.7041 5.17986 2
    endloop
  endfacet
  facet normal -0.525934 -0.850525 0
    outer loop
      vertex -74.9547 -9.24888 0
      vertex -74.6149 -9.459 2
      vertex -74.9547 -9.24888 2
    endloop
  endfacet
  facet normal -0.525934 -0.850525 -0
    outer loop
      vertex -74.6149 -9.459 2
      vertex -74.9547 -9.24888 0
      vertex -74.6149 -9.459 0
    endloop
  endfacet
  facet normal -0.96784 -0.251566 0
    outer loop
      vertex -79.5944 -2.9594 0
      vertex -79.6949 -2.57275 2
      vertex -79.6949 -2.57275 0
    endloop
  endfacet
  facet normal -0.96784 -0.251566 0
    outer loop
      vertex -79.6949 -2.57275 2
      vertex -79.5944 -2.9594 0
      vertex -79.5944 -2.9594 2
    endloop
  endfacet
  facet normal -0.771209 0.636583 0
    outer loop
      vertex -77.609 6.84723 0
      vertex -77.3547 7.15531 2
      vertex -77.3547 7.15531 0
    endloop
  endfacet
  facet normal -0.771209 0.636583 0
    outer loop
      vertex -77.3547 7.15531 2
      vertex -77.609 6.84723 0
      vertex -77.609 6.84723 2
    endloop
  endfacet
  facet normal -0.96784 0.251566 0
    outer loop
      vertex -79.6949 2.57275 0
      vertex -79.5944 2.9594 2
      vertex -79.5944 2.9594 0
    endloop
  endfacet
  facet normal -0.96784 0.251566 0
    outer loop
      vertex -79.5944 2.9594 2
      vertex -79.6949 2.57275 0
      vertex -79.6949 2.57275 2
    endloop
  endfacet
  facet normal -0.697416 0.716666 0
    outer loop
      vertex -76.5271 8.02139 0
      vertex -76.8134 7.74278 2
      vertex -76.5271 8.02139 2
    endloop
  endfacet
  facet normal -0.697416 0.716666 0
    outer loop
      vertex -76.8134 7.74278 2
      vertex -76.5271 8.02139 0
      vertex -76.8134 7.74278 0
    endloop
  endfacet
  facet normal -0.0816158 0.996664 0
    outer loop
      vertex -69.6987 10.9778 0
      vertex -70.0968 10.9452 2
      vertex -69.6987 10.9778 2
    endloop
  endfacet
  facet normal -0.0816158 0.996664 0
    outer loop
      vertex -70.0968 10.9452 2
      vertex -69.6987 10.9778 0
      vertex -70.0968 10.9452 0
    endloop
  endfacet
  facet normal -0.835858 -0.548945 0
    outer loop
      vertex -78.0833 -6.20438 0
      vertex -78.3026 -5.87046 2
      vertex -78.3026 -5.87046 0
    endloop
  endfacet
  facet normal -0.835858 -0.548945 0
    outer loop
      vertex -78.3026 -5.87046 2
      vertex -78.0833 -6.20438 0
      vertex -78.0833 -6.20438 2
    endloop
  endfacet
  facet normal -0.747616 -0.664131 0
    outer loop
      vertex -77.0894 -7.45396 0
      vertex -77.3547 -7.15531 2
      vertex -77.3547 -7.15531 0
    endloop
  endfacet
  facet normal -0.747616 -0.664131 0
    outer loop
      vertex -77.3547 -7.15531 2
      vertex -77.0894 -7.45396 0
      vertex -77.0894 -7.45396 2
    endloop
  endfacet
  facet normal -0.61534 0.788262 0
    outer loop
      vertex -75.6102 8.79233 0
      vertex -75.9251 8.54651 2
      vertex -75.6102 8.79233 2
    endloop
  endfacet
  facet normal -0.61534 0.788262 0
    outer loop
      vertex -75.9251 8.54651 2
      vertex -75.6102 8.79233 0
      vertex -75.9251 8.54651 0
    endloop
  endfacet
  facet normal -0.855265 0.518191 0
    outer loop
      vertex -78.5096 5.52881 0
      vertex -78.3026 5.87046 2
      vertex -78.3026 5.87046 0
    endloop
  endfacet
  facet normal -0.855265 0.518191 0
    outer loop
      vertex -78.3026 5.87046 2
      vertex -78.5096 5.52881 0
      vertex -78.5096 5.52881 2
    endloop
  endfacet
  facet normal -0.999341 -0.0362965 0
    outer loop
      vertex -79.9837 -0.598967 0
      vertex -79.9982 -0.199743 2
      vertex -79.9982 -0.199743 0
    endloop
  endfacet
  facet normal -0.999341 -0.0362965 0
    outer loop
      vertex -79.9982 -0.199743 2
      vertex -79.9837 -0.598967 0
      vertex -79.9837 -0.598967 2
    endloop
  endfacet
  facet normal -0.994054 -0.108887 0
    outer loop
      vertex -79.9112 -1.39452 0
      vertex -79.9547 -0.9974 2
      vertex -79.9547 -0.9974 0
    endloop
  endfacet
  facet normal -0.994054 -0.108887 0
    outer loop
      vertex -79.9547 -0.9974 2
      vertex -79.9112 -1.39452 0
      vertex -79.9112 -1.39452 2
    endloop
  endfacet
  facet normal -0.153674 0.988122 0
    outer loop
      vertex -70.4935 10.8981 0
      vertex -70.8883 10.8367 2
      vertex -70.4935 10.8981 2
    endloop
  endfacet
  facet normal -0.153674 0.988122 0
    outer loop
      vertex -70.8883 10.8367 2
      vertex -70.4935 10.8981 0
      vertex -70.8883 10.8367 0
    endloop
  endfacet
  facet normal -0.793758 -0.608234 0
    outer loop
      vertex -77.609 -6.84723 0
      vertex -77.852 -6.53011 2
      vertex -77.852 -6.53011 0
    endloop
  endfacet
  facet normal -0.793758 -0.608234 0
    outer loop
      vertex -77.852 -6.53011 2
      vertex -77.609 -6.84723 0
      vertex -77.609 -6.84723 2
    endloop
  endfacet
  facet normal -0.999341 0.0362965 0
    outer loop
      vertex -79.9982 0.199743 0
      vertex -79.9837 0.598967 2
      vertex -79.9837 0.598967 0
    endloop
  endfacet
  facet normal -0.999341 0.0362965 0
    outer loop
      vertex -79.9837 0.598967 2
      vertex -79.9982 0.199743 0
      vertex -79.9982 0.199743 2
    endloop
  endfacet
  facet normal -0.934786 0.35521 0
    outer loop
      vertex -79.3517 3.72048 0
      vertex -79.2098 4.09391 2
      vertex -79.2098 4.09391 0
    endloop
  endfacet
  facet normal -0.934786 0.35521 0
    outer loop
      vertex -79.2098 4.09391 2
      vertex -79.3517 3.72048 0
      vertex -79.3517 3.72048 2
    endloop
  endfacet
  facet normal -0.958117 -0.286379 0
    outer loop
      vertex -79.48 -3.34214 0
      vertex -79.5944 -2.9594 2
      vertex -79.5944 -2.9594 0
    endloop
  endfacet
  facet normal -0.958117 -0.286379 0
    outer loop
      vertex -79.5944 -2.9594 2
      vertex -79.48 -3.34214 0
      vertex -79.48 -3.34214 2
    endloop
  endfacet
  facet normal -0.835858 0.548945 0
    outer loop
      vertex -78.3026 5.87046 0
      vertex -78.0833 6.20438 2
      vertex -78.0833 6.20438 0
    endloop
  endfacet
  facet normal -0.835858 0.548945 0
    outer loop
      vertex -78.0833 6.20438 2
      vertex -78.3026 5.87046 0
      vertex -78.3026 5.87046 2
    endloop
  endfacet
  facet normal -0.117901 -0.993025 0
    outer loop
      vertex -70.4935 -10.8981 0
      vertex -70.0968 -10.9452 2
      vertex -70.4935 -10.8981 2
    endloop
  endfacet
  facet normal -0.117901 -0.993025 -0
    outer loop
      vertex -70.0968 -10.9452 2
      vertex -70.4935 -10.8981 0
      vertex -70.0968 -10.9452 0
    endloop
  endfacet
  facet normal -0.958117 0.286379 0
    outer loop
      vertex -79.5944 2.9594 0
      vertex -79.48 3.34214 2
      vertex -79.48 3.34214 0
    endloop
  endfacet
  facet normal -0.958117 0.286379 0
    outer loop
      vertex -79.48 3.34214 2
      vertex -79.5944 2.9594 0
      vertex -79.5944 2.9594 2
    endloop
  endfacet
  facet normal -0.153674 -0.988122 0
    outer loop
      vertex -70.8883 -10.8367 0
      vertex -70.4935 -10.8981 2
      vertex -70.8883 -10.8367 2
    endloop
  endfacet
  facet normal -0.153674 -0.988122 -0
    outer loop
      vertex -70.4935 -10.8981 2
      vertex -70.8883 -10.8367 0
      vertex -70.4935 -10.8981 0
    endloop
  endfacet
  facet normal -0.921237 -0.389001 0
    outer loop
      vertex -79.0544 -4.46193 0
      vertex -79.2098 -4.09391 2
      vertex -79.2098 -4.09391 0
    endloop
  endfacet
  facet normal -0.921237 -0.389001 0
    outer loop
      vertex -79.2098 -4.09391 2
      vertex -79.0544 -4.46193 0
      vertex -79.0544 -4.46193 2
    endloop
  endfacet
  facet normal -0.72297 0.690879 0
    outer loop
      vertex -77.0894 7.45396 0
      vertex -76.8134 7.74278 2
      vertex -76.8134 7.74278 0
    endloop
  endfacet
  facet normal -0.72297 0.690879 0
    outer loop
      vertex -76.8134 7.74278 2
      vertex -77.0894 7.45396 0
      vertex -77.0894 7.45396 2
    endloop
  endfacet
  facet normal -0.670968 0.741487 0
    outer loop
      vertex -76.2309 8.28942 0
      vertex -76.5271 8.02139 2
      vertex -76.2309 8.28942 2
    endloop
  endfacet
  facet normal -0.670968 0.741487 0
    outer loop
      vertex -76.5271 8.02139 2
      vertex -76.2309 8.28942 0
      vertex -76.5271 8.02139 0
    endloop
  endfacet
  facet normal -0.793758 0.608234 0
    outer loop
      vertex -77.852 6.53011 0
      vertex -77.609 6.84723 2
      vertex -77.609 6.84723 0
    endloop
  endfacet
  facet normal -0.793758 0.608234 0
    outer loop
      vertex -77.609 6.84723 2
      vertex -77.852 6.53011 0
      vertex -77.852 6.53011 2
    endloop
  endfacet
  facet normal -0.430414 0.902631 0
    outer loop
      vertex -73.553 10.0135 0
      vertex -73.9136 9.84155 2
      vertex -73.553 10.0135 2
    endloop
  endfacet
  facet normal -0.430414 0.902631 0
    outer loop
      vertex -73.9136 9.84155 2
      vertex -73.553 10.0135 0
      vertex -73.9136 9.84155 0
    endloop
  endfacet
  facet normal -0.462782 -0.886472 0
    outer loop
      vertex -74.2678 -9.65664 0
      vertex -73.9136 -9.84155 2
      vertex -74.2678 -9.65664 2
    endloop
  endfacet
  facet normal -0.462782 -0.886472 -0
    outer loop
      vertex -73.9136 -9.84155 2
      vertex -74.2678 -9.65664 0
      vertex -73.9136 -9.84155 0
    endloop
  endfacet
  facet normal -0.363739 -0.931501 0
    outer loop
      vertex -73.1864 -10.1722 0
      vertex -72.8143 -10.3175 2
      vertex -73.1864 -10.1722 2
    endloop
  endfacet
  facet normal -0.363739 -0.931501 -0
    outer loop
      vertex -72.8143 -10.3175 2
      vertex -73.1864 -10.1722 0
      vertex -72.8143 -10.3175 0
    endloop
  endfacet
  facet normal -0.983577 0.180489 0
    outer loop
      vertex -79.8534 1.7898 0
      vertex -79.7813 2.18271 2
      vertex -79.7813 2.18271 0
    endloop
  endfacet
  facet normal -0.983577 0.180489 0
    outer loop
      vertex -79.7813 2.18271 2
      vertex -79.8534 1.7898 0
      vertex -79.8534 1.7898 2
    endloop
  endfacet
  facet normal -0.994054 0.108887 0
    outer loop
      vertex -79.9547 0.9974 0
      vertex -79.9112 1.39452 2
      vertex -79.9112 1.39452 0
    endloop
  endfacet
  facet normal -0.994054 0.108887 0
    outer loop
      vertex -79.9112 1.39452 2
      vertex -79.9547 0.9974 0
      vertex -79.9547 0.9974 2
    endloop
  endfacet
  facet normal -0.89058 -0.454827 0
    outer loop
      vertex -78.7041 -5.17986 0
      vertex -78.8858 -4.82408 2
      vertex -78.8858 -4.82408 0
    endloop
  endfacet
  facet normal -0.89058 -0.454827 0
    outer loop
      vertex -78.8858 -4.82408 2
      vertex -78.7041 -5.17986 0
      vertex -78.7041 -5.17986 2
    endloop
  endfacet
  facet normal -0.90657 0.422056 0
    outer loop
      vertex -79.0544 4.46193 0
      vertex -78.8858 4.82408 2
      vertex -78.8858 4.82408 0
    endloop
  endfacet
  facet normal -0.90657 0.422056 0
    outer loop
      vertex -78.8858 4.82408 2
      vertex -79.0544 4.46193 0
      vertex -79.0544 4.46193 2
    endloop
  endfacet
  facet normal -0.89058 0.454827 0
    outer loop
      vertex -78.8858 4.82408 0
      vertex -78.7041 5.17986 2
      vertex -78.7041 5.17986 0
    endloop
  endfacet
  facet normal -0.89058 0.454827 0
    outer loop
      vertex -78.7041 5.17986 2
      vertex -78.8858 4.82408 0
      vertex -78.8858 4.82408 2
    endloop
  endfacet
  facet normal -0.0816158 -0.996664 0
    outer loop
      vertex -70.0968 -10.9452 0
      vertex -69.6987 -10.9778 2
      vertex -70.0968 -10.9452 2
    endloop
  endfacet
  facet normal -0.0816158 -0.996664 -0
    outer loop
      vertex -69.6987 -10.9778 2
      vertex -70.0968 -10.9452 0
      vertex -69.6987 -10.9778 0
    endloop
  endfacet
  facet normal -0.363739 0.931501 0
    outer loop
      vertex -72.8143 10.3175 0
      vertex -73.1864 10.1722 2
      vertex -72.8143 10.3175 2
    endloop
  endfacet
  facet normal -0.363739 0.931501 0
    outer loop
      vertex -73.1864 10.1722 2
      vertex -72.8143 10.3175 0
      vertex -73.1864 10.1722 0
    endloop
  endfacet
  facet normal -0.815346 -0.578975 0
    outer loop
      vertex -77.852 -6.53011 0
      vertex -78.0833 -6.20438 2
      vertex -78.0833 -6.20438 0
    endloop
  endfacet
  facet normal -0.815346 -0.578975 0
    outer loop
      vertex -78.0833 -6.20438 2
      vertex -77.852 -6.53011 0
      vertex -77.852 -6.53011 2
    endloop
  endfacet
  facet normal -0.747616 0.664131 0
    outer loop
      vertex -77.3547 7.15531 0
      vertex -77.0894 7.45396 2
      vertex -77.0894 7.45396 0
    endloop
  endfacet
  facet normal -0.747616 0.664131 0
    outer loop
      vertex -77.0894 7.45396 2
      vertex -77.3547 7.15531 0
      vertex -77.3547 7.15531 2
    endloop
  endfacet
  facet normal -0.430414 -0.902631 0
    outer loop
      vertex -73.9136 -9.84155 0
      vertex -73.553 -10.0135 2
      vertex -73.9136 -9.84155 2
    endloop
  endfacet
  facet normal -0.430414 -0.902631 -0
    outer loop
      vertex -73.553 -10.0135 2
      vertex -73.9136 -9.84155 0
      vertex -73.553 -10.0135 0
    endloop
  endfacet
  facet normal -0.61534 -0.788262 0
    outer loop
      vertex -75.9251 -8.54651 0
      vertex -75.6102 -8.79233 2
      vertex -75.9251 -8.54651 2
    endloop
  endfacet
  facet normal -0.61534 -0.788262 -0
    outer loop
      vertex -75.6102 -8.79233 2
      vertex -75.9251 -8.54651 0
      vertex -75.6102 -8.79233 0
    endloop
  endfacet
  facet normal -0.989478 -0.144687 0
    outer loop
      vertex -79.8534 -1.7898 0
      vertex -79.9112 -1.39452 2
      vertex -79.9112 -1.39452 0
    endloop
  endfacet
  facet normal -0.989478 -0.144687 0
    outer loop
      vertex -79.9112 -1.39452 2
      vertex -79.8534 -1.7898 0
      vertex -79.8534 -1.7898 2
    endloop
  endfacet
  facet normal -0.0453055 -0.998973 0
    outer loop
      vertex -69.6987 -10.9778 0
      vertex -69.2996 -10.9959 2
      vertex -69.6987 -10.9778 2
    endloop
  endfacet
  facet normal -0.0453055 -0.998973 -0
    outer loop
      vertex -69.2996 -10.9959 2
      vertex -69.6987 -10.9778 0
      vertex -69.2996 -10.9959 0
    endloop
  endfacet
  facet normal -0.586344 0.810062 0
    outer loop
      vertex -75.2866 9.02656 0
      vertex -75.6102 8.79233 2
      vertex -75.2866 9.02656 2
    endloop
  endfacet
  facet normal -0.586344 0.810062 0
    outer loop
      vertex -75.6102 8.79233 2
      vertex -75.2866 9.02656 0
      vertex -75.6102 8.79233 0
    endloop
  endfacet
  facet normal -0.329715 -0.944081 0
    outer loop
      vertex -72.8143 -10.3175 0
      vertex -72.4372 -10.4492 2
      vertex -72.8143 -10.3175 2
    endloop
  endfacet
  facet normal -0.329715 -0.944081 -0
    outer loop
      vertex -72.4372 -10.4492 2
      vertex -72.8143 -10.3175 0
      vertex -72.4372 -10.4492 0
    endloop
  endfacet
  facet normal -0.643512 0.765436 0
    outer loop
      vertex -75.9251 8.54651 0
      vertex -76.2309 8.28942 2
      vertex -75.9251 8.54651 2
    endloop
  endfacet
  facet normal -0.643512 0.765436 0
    outer loop
      vertex -76.2309 8.28942 2
      vertex -75.9251 8.54651 0
      vertex -76.2309 8.28942 0
    endloop
  endfacet
  facet normal -0.989478 0.144687 0
    outer loop
      vertex -79.9112 1.39452 0
      vertex -79.8534 1.7898 2
      vertex -79.8534 1.7898 0
    endloop
  endfacet
  facet normal -0.989478 0.144687 0
    outer loop
      vertex -79.8534 1.7898 2
      vertex -79.9112 1.39452 0
      vertex -79.9112 1.39452 2
    endloop
  endfacet
  facet normal -0.329715 0.944081 0
    outer loop
      vertex -72.4372 10.4492 0
      vertex -72.8143 10.3175 2
      vertex -72.4372 10.4492 2
    endloop
  endfacet
  facet normal -0.329715 0.944081 0
    outer loop
      vertex -72.8143 10.3175 2
      vertex -72.4372 10.4492 0
      vertex -72.8143 10.3175 0
    endloop
  endfacet
  facet normal -0.976333 0.216273 0
    outer loop
      vertex -79.7813 2.18271 0
      vertex -79.6949 2.57275 2
      vertex -79.6949 2.57275 0
    endloop
  endfacet
  facet normal -0.976333 0.216273 0
    outer loop
      vertex -79.6949 2.57275 2
      vertex -79.7813 2.18271 0
      vertex -79.7813 2.18271 2
    endloop
  endfacet
  facet normal -0.857134 -0.515094 0
    outer loop
      vertex 12.9904 7.5 0
      vertex 12.7207 7.94879 2
      vertex 12.7207 7.94879 0
    endloop
  endfacet
  facet normal -0.857134 -0.515094 0
    outer loop
      vertex 12.7207 7.94879 2
      vertex 12.9904 7.5 0
      vertex 12.9904 7.5 2
    endloop
  endfacet
  facet normal 0.707107 0.707107 0
    outer loop
      vertex -10.4199 -10.7901 2
      vertex -10.7901 -10.4199 0
      vertex -10.7901 -10.4199 2
    endloop
  endfacet
  facet normal 0.707107 0.707107 0
    outer loop
      vertex -10.7901 -10.4199 0
      vertex -10.4199 -10.7901 2
      vertex -10.4199 -10.7901 0
    endloop
  endfacet
  facet normal -0.933601 0.358313 0
    outer loop
      vertex 13.9078 -5.6191 0
      vertex 14.0954 -5.1303 2
      vertex 14.0954 -5.1303 0
    endloop
  endfacet
  facet normal -0.933601 0.358313 0
    outer loop
      vertex 14.0954 -5.1303 2
      vertex 13.9078 -5.6191 0
      vertex 13.9078 -5.6191 2
    endloop
  endfacet
  facet normal -0.838718 -0.544565 0
    outer loop
      vertex 12.7207 7.94879 0
      vertex 12.4356 8.38789 2
      vertex 12.4356 8.38789 0
    endloop
  endfacet
  facet normal -0.838718 -0.544565 0
    outer loop
      vertex 12.4356 8.38789 2
      vertex 12.7207 7.94879 0
      vertex 12.7207 7.94879 2
    endloop
  endfacet
  facet normal 0.258801 0.965931 -0
    outer loop
      vertex -3.62883 -14.5544 0
      vertex -4.13456 -14.4189 2
      vertex -3.62883 -14.5544 2
    endloop
  endfacet
  facet normal 0.258801 0.965931 0
    outer loop
      vertex -4.13456 -14.4189 2
      vertex -3.62883 -14.5544 0
      vertex -4.13456 -14.4189 0
    endloop
  endfacet
  facet normal -0.087284 0.996183 0
    outer loop
      vertex 1.56793 -14.9178 0
      vertex 1.04635 -14.9635 2
      vertex 1.56793 -14.9178 2
    endloop
  endfacet
  facet normal -0.087284 0.996183 0
    outer loop
      vertex 1.04635 -14.9635 2
      vertex 1.56793 -14.9178 0
      vertex 1.04635 -14.9635 0
    endloop
  endfacet
  facet normal -0.798627 -0.601826 0
    outer loop
      vertex 12.1353 8.81678 0
      vertex 11.8202 9.23492 2
      vertex 11.8202 9.23492 0
    endloop
  endfacet
  facet normal -0.798627 -0.601826 0
    outer loop
      vertex 11.8202 9.23492 2
      vertex 12.1353 8.81678 0
      vertex 12.1353 8.81678 2
    endloop
  endfacet
  facet normal 0.0523325 -0.99863 0
    outer loop
      vertex -1.04635 14.9635 0
      vertex -0.523492 14.9909 2
      vertex -1.04635 14.9635 2
    endloop
  endfacet
  facet normal 0.0523325 -0.99863 0
    outer loop
      vertex -0.523492 14.9909 2
      vertex -1.04635 14.9635 0
      vertex -0.523492 14.9909 0
    endloop
  endfacet
  facet normal -0.945442 0.325789 0
    outer loop
      vertex 14.0954 -5.1303 0
      vertex 14.1403 -5 2
      vertex 14.1403 -5 0
    endloop
  endfacet
  facet normal -0.945442 0.325789 0
    outer loop
      vertex 14.1403 -5 2
      vertex 14.0954 -5.1303 0
      vertex 14.0954 -5.1303 2
    endloop
  endfacet
  facet normal 0.974361 0.224992 0
    outer loop
      vertex -14.5544 -3.62883 2
      vertex -14.6722 -3.11868 0
      vertex -14.6722 -3.11868 2
    endloop
  endfacet
  facet normal 0.974361 0.224992 0
    outer loop
      vertex -14.6722 -3.11868 0
      vertex -14.5544 -3.62883 2
      vertex -14.5544 -3.62883 0
    endloop
  endfacet
  facet normal -0.224992 -0.974361 0
    outer loop
      vertex 3.11868 14.6722 0
      vertex 3.62883 14.5544 2
      vertex 3.11868 14.6722 2
    endloop
  endfacet
  facet normal -0.224992 -0.974361 -0
    outer loop
      vertex 3.62883 14.5544 2
      vertex 3.11868 14.6722 0
      vertex 3.62883 14.5544 0
    endloop
  endfacet
  facet normal -0.754741 -0.656023 0
    outer loop
      vertex 11.4907 9.64181 0
      vertex 11.1472 10.037 2
      vertex 11.1472 10.037 0
    endloop
  endfacet
  facet normal -0.754741 -0.656023 0
    outer loop
      vertex 11.1472 10.037 2
      vertex 11.4907 9.64181 0
      vertex 11.4907 9.64181 2
    endloop
  endfacet
  facet normal 0.874648 0.484759 0
    outer loop
      vertex -12.9904 -7.5 2
      vertex -13.2442 -7.04207 0
      vertex -13.2442 -7.04207 2
    endloop
  endfacet
  facet normal 0.874648 0.484759 0
    outer loop
      vertex -13.2442 -7.04207 0
      vertex -12.9904 -7.5 2
      vertex -12.9904 -7.5 0
    endloop
  endfacet
  facet normal 0.682039 0.731316 -0
    outer loop
      vertex -10.037 -11.1472 0
      vertex -10.4199 -10.7901 2
      vertex -10.037 -11.1472 2
    endloop
  endfacet
  facet normal 0.682039 0.731316 0
    outer loop
      vertex -10.4199 -10.7901 2
      vertex -10.037 -11.1472 0
      vertex -10.4199 -10.7901 0
    endloop
  endfacet
  facet normal 0.0173806 -0.999849 0
    outer loop
      vertex -0.523492 14.9909 0
      vertex 0 15 2
      vertex -0.523492 14.9909 2
    endloop
  endfacet
  facet normal 0.0173806 -0.999849 0
    outer loop
      vertex 0 15 2
      vertex -0.523492 14.9909 0
      vertex 0 15 0
    endloop
  endfacet
  facet normal 0.920488 0.390771 0
    outer loop
      vertex -13.7032 -6.10105 2
      vertex -13.9078 -5.6191 0
      vertex -13.9078 -5.6191 2
    endloop
  endfacet
  facet normal 0.920488 0.390771 0
    outer loop
      vertex -13.9078 -5.6191 0
      vertex -13.7032 -6.10105 2
      vertex -13.7032 -6.10105 0
    endloop
  endfacet
  facet normal -0.190802 -0.981629 0
    outer loop
      vertex 2.60472 14.7721 0
      vertex 3.11868 14.6722 2
      vertex 2.60472 14.7721 2
    endloop
  endfacet
  facet normal -0.190802 -0.981629 -0
    outer loop
      vertex 3.11868 14.6722 2
      vertex 2.60472 14.7721 0
      vertex 3.11868 14.6722 0
    endloop
  endfacet
  facet normal 0.190802 -0.981629 0
    outer loop
      vertex -3.11868 14.6722 0
      vertex -2.60472 14.7721 2
      vertex -3.11868 14.6722 2
    endloop
  endfacet
  facet normal 0.190802 -0.981629 0
    outer loop
      vertex -2.60472 14.7721 2
      vertex -3.11868 14.6722 0
      vertex -2.60472 14.7721 0
    endloop
  endfacet
  facet normal 0.777139 -0.629328 0
    outer loop
      vertex -11.8202 9.23492 2
      vertex -11.4907 9.64181 0
      vertex -11.4907 9.64181 2
    endloop
  endfacet
  facet normal 0.777139 -0.629328 0
    outer loop
      vertex -11.4907 9.64181 0
      vertex -11.8202 9.23492 2
      vertex -11.8202 9.23492 0
    endloop
  endfacet
  facet normal 0.981629 0.190802 0
    outer loop
      vertex -14.6722 -3.11868 2
      vertex -14.7721 -2.60472 0
      vertex -14.7721 -2.60472 2
    endloop
  endfacet
  facet normal 0.981629 0.190802 0
    outer loop
      vertex -14.7721 -2.60472 0
      vertex -14.6722 -3.11868 2
      vertex -14.6722 -3.11868 0
    endloop
  endfacet
  facet normal -0.0173806 0.999849 0
    outer loop
      vertex 0.523492 -14.9909 0
      vertex 0 -15 2
      vertex 0.523492 -14.9909 2
    endloop
  endfacet
  facet normal -0.0173806 0.999849 0
    outer loop
      vertex 0 -15 2
      vertex 0.523492 -14.9909 0
      vertex 0 -15 0
    endloop
  endfacet
  facet normal -0.390771 0.920488 0
    outer loop
      vertex 6.10105 -13.7032 0
      vertex 5.6191 -13.9078 2
      vertex 6.10105 -13.7032 2
    endloop
  endfacet
  facet normal -0.390771 0.920488 0
    outer loop
      vertex 5.6191 -13.9078 2
      vertex 6.10105 -13.7032 0
      vertex 5.6191 -13.9078 0
    endloop
  endfacet
  facet normal -0.484759 -0.874648 0
    outer loop
      vertex 7.04207 13.2442 0
      vertex 7.5 12.9904 2
      vertex 7.04207 13.2442 2
    endloop
  endfacet
  facet normal -0.484759 -0.874648 -0
    outer loop
      vertex 7.5 12.9904 2
      vertex 7.04207 13.2442 0
      vertex 7.5 12.9904 0
    endloop
  endfacet
  facet normal -0.629328 -0.777139 0
    outer loop
      vertex 9.23492 11.8202 0
      vertex 9.64181 11.4907 2
      vertex 9.23492 11.8202 2
    endloop
  endfacet
  facet normal -0.629328 -0.777139 -0
    outer loop
      vertex 9.64181 11.4907 2
      vertex 9.23492 11.8202 0
      vertex 9.64181 11.4907 0
    endloop
  endfacet
  facet normal -0.656023 0.754741 0
    outer loop
      vertex 10.037 -11.1472 0
      vertex 9.64181 -11.4907 2
      vertex 10.037 -11.1472 2
    endloop
  endfacet
  facet normal -0.656023 0.754741 0
    outer loop
      vertex 9.64181 -11.4907 2
      vertex 10.037 -11.1472 0
      vertex 9.64181 -11.4907 0
    endloop
  endfacet
  facet normal 0.629328 -0.777139 0
    outer loop
      vertex -9.64181 11.4907 0
      vertex -9.23492 11.8202 2
      vertex -9.64181 11.4907 2
    endloop
  endfacet
  facet normal 0.629328 -0.777139 0
    outer loop
      vertex -9.23492 11.8202 2
      vertex -9.64181 11.4907 0
      vertex -9.23492 11.8202 0
    endloop
  endfacet
  facet normal -0.156427 0.987689 0
    outer loop
      vertex 2.60472 -14.7721 0
      vertex 2.0876 -14.854 2
      vertex 2.60472 -14.7721 2
    endloop
  endfacet
  facet normal -0.156427 0.987689 0
    outer loop
      vertex 2.0876 -14.854 2
      vertex 2.60472 -14.7721 0
      vertex 2.0876 -14.854 0
    endloop
  endfacet
  facet normal -0.358313 -0.933601 0
    outer loop
      vertex 5.1303 14.0954 0
      vertex 5.6191 13.9078 2
      vertex 5.1303 14.0954 2
    endloop
  endfacet
  facet normal -0.358313 -0.933601 -0
    outer loop
      vertex 5.6191 13.9078 2
      vertex 5.1303 14.0954 0
      vertex 5.6191 13.9078 0
    endloop
  endfacet
  facet normal 0.707107 -0.707107 0
    outer loop
      vertex -10.7901 10.4199 2
      vertex -10.4199 10.7901 0
      vertex -10.4199 10.7901 2
    endloop
  endfacet
  facet normal 0.707107 -0.707107 0
    outer loop
      vertex -10.4199 10.7901 0
      vertex -10.7901 10.4199 2
      vertex -10.7901 10.4199 0
    endloop
  endfacet
  facet normal 0.956292 -0.292413 0
    outer loop
      vertex -14.4189 4.13456 2
      vertex -14.2658 4.63525 0
      vertex -14.2658 4.63525 2
    endloop
  endfacet
  facet normal 0.956292 -0.292413 0
    outer loop
      vertex -14.2658 4.63525 0
      vertex -14.4189 4.13456 2
      vertex -14.4189 4.13456 0
    endloop
  endfacet
  facet normal -0.682039 -0.731316 0
    outer loop
      vertex 10.037 11.1472 0
      vertex 10.4199 10.7901 2
      vertex 10.037 11.1472 2
    endloop
  endfacet
  facet normal -0.682039 -0.731316 -0
    outer loop
      vertex 10.4199 10.7901 2
      vertex 10.037 11.1472 0
      vertex 10.4199 10.7901 0
    endloop
  endfacet
  facet normal 0.484759 0.874648 -0
    outer loop
      vertex -7.04207 -13.2442 0
      vertex -7.5 -12.9904 2
      vertex -7.04207 -13.2442 2
    endloop
  endfacet
  facet normal 0.484759 0.874648 0
    outer loop
      vertex -7.5 -12.9904 2
      vertex -7.04207 -13.2442 0
      vertex -7.5 -12.9904 0
    endloop
  endfacet
  facet normal 0.754741 -0.656023 0
    outer loop
      vertex -11.4907 9.64181 2
      vertex -11.1472 10.037 0
      vertex -11.1472 10.037 2
    endloop
  endfacet
  facet normal 0.754741 -0.656023 0
    outer loop
      vertex -11.1472 10.037 0
      vertex -11.4907 9.64181 2
      vertex -11.4907 9.64181 0
    endloop
  endfacet
  facet normal 0.601826 -0.798627 0
    outer loop
      vertex -9.23492 11.8202 0
      vertex -8.81678 12.1353 2
      vertex -9.23492 11.8202 2
    endloop
  endfacet
  facet normal 0.601826 -0.798627 0
    outer loop
      vertex -8.81678 12.1353 2
      vertex -9.23492 11.8202 0
      vertex -8.81678 12.1353 0
    endloop
  endfacet
  facet normal -0.515094 -0.857134 0
    outer loop
      vertex 7.5 12.9904 0
      vertex 7.94879 12.7207 2
      vertex 7.5 12.9904 2
    endloop
  endfacet
  facet normal -0.515094 -0.857134 -0
    outer loop
      vertex 7.94879 12.7207 2
      vertex 7.5 12.9904 0
      vertex 7.94879 12.7207 0
    endloop
  endfacet
  facet normal -0.573561 -0.819163 0
    outer loop
      vertex 8.38789 12.4356 0
      vertex 8.81678 12.1353 2
      vertex 8.38789 12.4356 2
    endloop
  endfacet
  facet normal -0.573561 -0.819163 -0
    outer loop
      vertex 8.81678 12.1353 2
      vertex 8.38789 12.4356 0
      vertex 8.81678 12.1353 0
    endloop
  endfacet
  facet normal -0.933601 -0.358313 0
    outer loop
      vertex 14.0954 5.1303 0
      vertex 13.9078 5.6191 2
      vertex 13.9078 5.6191 0
    endloop
  endfacet
  facet normal -0.933601 -0.358313 0
    outer loop
      vertex 13.9078 5.6191 2
      vertex 14.0954 5.1303 0
      vertex 14.0954 5.1303 2
    endloop
  endfacet
  facet normal -0.731316 0.682039 0
    outer loop
      vertex 10.7901 -10.4199 0
      vertex 11.1472 -10.037 2
      vertex 11.1472 -10.037 0
    endloop
  endfacet
  facet normal -0.731316 0.682039 0
    outer loop
      vertex 11.1472 -10.037 2
      vertex 10.7901 -10.4199 0
      vertex 10.7901 -10.4199 2
    endloop
  endfacet
  facet normal 0.819163 0.573561 0
    outer loop
      vertex -12.1353 -8.81678 2
      vertex -12.4356 -8.38789 0
      vertex -12.4356 -8.38789 2
    endloop
  endfacet
  facet normal 0.819163 0.573561 0
    outer loop
      vertex -12.4356 -8.38789 0
      vertex -12.1353 -8.81678 2
      vertex -12.1353 -8.81678 0
    endloop
  endfacet
  facet normal 0.601826 0.798627 -0
    outer loop
      vertex -8.81678 -12.1353 0
      vertex -9.23492 -11.8202 2
      vertex -8.81678 -12.1353 2
    endloop
  endfacet
  facet normal 0.601826 0.798627 0
    outer loop
      vertex -9.23492 -11.8202 2
      vertex -8.81678 -12.1353 0
      vertex -9.23492 -11.8202 0
    endloop
  endfacet
  facet normal -0.920488 -0.390771 0
    outer loop
      vertex 13.9078 5.6191 0
      vertex 13.7032 6.10105 2
      vertex 13.7032 6.10105 0
    endloop
  endfacet
  facet normal -0.920488 -0.390771 0
    outer loop
      vertex 13.7032 6.10105 2
      vertex 13.9078 5.6191 0
      vertex 13.9078 5.6191 2
    endloop
  endfacet
  facet normal 0.891002 -0.454 0
    outer loop
      vertex -13.4819 6.57557 2
      vertex -13.2442 7.04207 0
      vertex -13.2442 7.04207 2
    endloop
  endfacet
  facet normal 0.891002 -0.454 0
    outer loop
      vertex -13.2442 7.04207 0
      vertex -13.4819 6.57557 2
      vertex -13.4819 6.57557 0
    endloop
  endfacet
  facet normal -0.656023 -0.754741 0
    outer loop
      vertex 9.64181 11.4907 0
      vertex 10.037 11.1472 2
      vertex 9.64181 11.4907 2
    endloop
  endfacet
  facet normal -0.656023 -0.754741 -0
    outer loop
      vertex 10.037 11.1472 2
      vertex 9.64181 11.4907 0
      vertex 10.037 11.1472 0
    endloop
  endfacet
  facet normal 0.224992 -0.974361 0
    outer loop
      vertex -3.62883 14.5544 0
      vertex -3.11868 14.6722 2
      vertex -3.62883 14.5544 2
    endloop
  endfacet
  facet normal 0.224992 -0.974361 0
    outer loop
      vertex -3.11868 14.6722 2
      vertex -3.62883 14.5544 0
      vertex -3.11868 14.6722 0
    endloop
  endfacet
  facet normal -0.920488 0.390771 0
    outer loop
      vertex 13.7032 -6.10105 0
      vertex 13.9078 -5.6191 2
      vertex 13.9078 -5.6191 0
    endloop
  endfacet
  facet normal -0.920488 0.390771 0
    outer loop
      vertex 13.9078 -5.6191 2
      vertex 13.7032 -6.10105 0
      vertex 13.7032 -6.10105 2
    endloop
  endfacet
  facet normal -0.707107 -0.707107 0
    outer loop
      vertex 10.7901 10.4199 0
      vertex 10.4199 10.7901 2
      vertex 10.4199 10.7901 0
    endloop
  endfacet
  facet normal -0.707107 -0.707107 0
    outer loop
      vertex 10.4199 10.7901 2
      vertex 10.7901 10.4199 0
      vertex 10.7901 10.4199 2
    endloop
  endfacet
  facet normal 0.933601 0.358313 0
    outer loop
      vertex -13.9078 -5.6191 2
      vertex -14.0954 -5.1303 0
      vertex -14.0954 -5.1303 2
    endloop
  endfacet
  facet normal 0.933601 0.358313 0
    outer loop
      vertex -14.0954 -5.1303 0
      vertex -13.9078 -5.6191 2
      vertex -13.9078 -5.6191 0
    endloop
  endfacet
  facet normal -0.573561 0.819163 0
    outer loop
      vertex 8.81678 -12.1353 0
      vertex 8.38789 -12.4356 2
      vertex 8.81678 -12.1353 2
    endloop
  endfacet
  facet normal -0.573561 0.819163 0
    outer loop
      vertex 8.38789 -12.4356 2
      vertex 8.81678 -12.1353 0
      vertex 8.38789 -12.4356 0
    endloop
  endfacet
  facet normal 0.682039 -0.731316 0
    outer loop
      vertex -10.4199 10.7901 0
      vertex -10.037 11.1472 2
      vertex -10.4199 10.7901 2
    endloop
  endfacet
  facet normal 0.682039 -0.731316 0
    outer loop
      vertex -10.037 11.1472 2
      vertex -10.4199 10.7901 0
      vertex -10.037 11.1472 0
    endloop
  endfacet
  facet normal 0.965931 -0.258801 0
    outer loop
      vertex -14.5544 3.62883 2
      vertex -14.4189 4.13456 0
      vertex -14.4189 4.13456 2
    endloop
  endfacet
  facet normal 0.965931 -0.258801 0
    outer loop
      vertex -14.4189 4.13456 0
      vertex -14.5544 3.62883 2
      vertex -14.5544 3.62883 0
    endloop
  endfacet
  facet normal -0.484759 0.874648 0
    outer loop
      vertex 7.5 -12.9904 0
      vertex 7.04207 -13.2442 2
      vertex 7.5 -12.9904 2
    endloop
  endfacet
  facet normal -0.484759 0.874648 0
    outer loop
      vertex 7.04207 -13.2442 2
      vertex 7.5 -12.9904 0
      vertex 7.04207 -13.2442 0
    endloop
  endfacet
  facet normal 0.121855 -0.992548 0
    outer loop
      vertex -2.0876 14.854 0
      vertex -1.56793 14.9178 2
      vertex -2.0876 14.854 2
    endloop
  endfacet
  facet normal 0.121855 -0.992548 0
    outer loop
      vertex -1.56793 14.9178 2
      vertex -2.0876 14.854 0
      vertex -1.56793 14.9178 0
    endloop
  endfacet
  facet normal 0.996183 0.087284 0
    outer loop
      vertex -14.9178 -1.56793 2
      vertex -14.9635 -1.04635 0
      vertex -14.9635 -1.04635 2
    endloop
  endfacet
  facet normal 0.996183 0.087284 0
    outer loop
      vertex -14.9635 -1.04635 0
      vertex -14.9178 -1.56793 2
      vertex -14.9178 -1.56793 0
    endloop
  endfacet
  facet normal -0.190802 0.981629 0
    outer loop
      vertex 3.11868 -14.6722 0
      vertex 2.60472 -14.7721 2
      vertex 3.11868 -14.6722 2
    endloop
  endfacet
  facet normal -0.190802 0.981629 0
    outer loop
      vertex 2.60472 -14.7721 2
      vertex 3.11868 -14.6722 0
      vertex 2.60472 -14.7721 0
    endloop
  endfacet
  facet normal 0.087284 0.996183 -0
    outer loop
      vertex -1.04635 -14.9635 0
      vertex -1.56793 -14.9178 2
      vertex -1.04635 -14.9635 2
    endloop
  endfacet
  facet normal 0.087284 0.996183 0
    outer loop
      vertex -1.56793 -14.9178 2
      vertex -1.04635 -14.9635 0
      vertex -1.56793 -14.9178 0
    endloop
  endfacet
  facet normal -0.454 -0.891002 0
    outer loop
      vertex 6.57557 13.4819 0
      vertex 7.04207 13.2442 2
      vertex 6.57557 13.4819 2
    endloop
  endfacet
  facet normal -0.454 -0.891002 -0
    outer loop
      vertex 7.04207 13.2442 2
      vertex 6.57557 13.4819 0
      vertex 7.04207 13.2442 0
    endloop
  endfacet
  facet normal 0.838718 0.544565 0
    outer loop
      vertex -12.4356 -8.38789 2
      vertex -12.7207 -7.94879 0
      vertex -12.7207 -7.94879 2
    endloop
  endfacet
  facet normal 0.838718 0.544565 0
    outer loop
      vertex -12.7207 -7.94879 0
      vertex -12.4356 -8.38789 2
      vertex -12.4356 -8.38789 0
    endloop
  endfacet
  facet normal -0.224992 0.974361 0
    outer loop
      vertex 3.62883 -14.5544 0
      vertex 3.11868 -14.6722 2
      vertex 3.62883 -14.5544 2
    endloop
  endfacet
  facet normal -0.224992 0.974361 0
    outer loop
      vertex 3.11868 -14.6722 2
      vertex 3.62883 -14.5544 0
      vertex 3.11868 -14.6722 0
    endloop
  endfacet
  facet normal -0.874648 0.484759 0
    outer loop
      vertex 12.9904 -7.5 0
      vertex 13.2442 -7.04207 2
      vertex 13.2442 -7.04207 0
    endloop
  endfacet
  facet normal -0.874648 0.484759 0
    outer loop
      vertex 13.2442 -7.04207 2
      vertex 12.9904 -7.5 0
      vertex 12.9904 -7.5 2
    endloop
  endfacet
  facet normal 0.891002 0.454 0
    outer loop
      vertex -13.2442 -7.04207 2
      vertex -13.4819 -6.57557 0
      vertex -13.4819 -6.57557 2
    endloop
  endfacet
  facet normal 0.891002 0.454 0
    outer loop
      vertex -13.4819 -6.57557 0
      vertex -13.2442 -7.04207 2
      vertex -13.2442 -7.04207 0
    endloop
  endfacet
  facet normal 0.292413 -0.956292 0
    outer loop
      vertex -4.63525 14.2658 0
      vertex -4.13456 14.4189 2
      vertex -4.63525 14.2658 2
    endloop
  endfacet
  facet normal 0.292413 -0.956292 0
    outer loop
      vertex -4.13456 14.4189 2
      vertex -4.63525 14.2658 0
      vertex -4.13456 14.4189 0
    endloop
  endfacet
  facet normal -0.087284 -0.996183 0
    outer loop
      vertex 1.04635 14.9635 0
      vertex 1.56793 14.9178 2
      vertex 1.04635 14.9635 2
    endloop
  endfacet
  facet normal -0.087284 -0.996183 -0
    outer loop
      vertex 1.56793 14.9178 2
      vertex 1.04635 14.9635 0
      vertex 1.56793 14.9178 0
    endloop
  endfacet
  facet normal 0.945553 0.325467 0
    outer loop
      vertex -14.0954 -5.1303 2
      vertex -14.2658 -4.63525 0
      vertex -14.2658 -4.63525 2
    endloop
  endfacet
  facet normal 0.945553 0.325467 0
    outer loop
      vertex -14.2658 -4.63525 0
      vertex -14.0954 -5.1303 2
      vertex -14.0954 -5.1303 0
    endloop
  endfacet
  facet normal 0.656023 0.754741 -0
    outer loop
      vertex -9.64181 -11.4907 0
      vertex -10.037 -11.1472 2
      vertex -9.64181 -11.4907 2
    endloop
  endfacet
  facet normal 0.656023 0.754741 0
    outer loop
      vertex -10.037 -11.1472 2
      vertex -9.64181 -11.4907 0
      vertex -10.037 -11.1472 0
    endloop
  endfacet
  facet normal -0.544565 0.838718 0
    outer loop
      vertex 8.38789 -12.4356 0
      vertex 7.94879 -12.7207 2
      vertex 8.38789 -12.4356 2
    endloop
  endfacet
  facet normal -0.544565 0.838718 0
    outer loop
      vertex 7.94879 -12.7207 2
      vertex 8.38789 -12.4356 0
      vertex 7.94879 -12.7207 0
    endloop
  endfacet
  facet normal 0.996183 -0.087284 0
    outer loop
      vertex -14.9635 1.04635 2
      vertex -14.9178 1.56793 0
      vertex -14.9178 1.56793 2
    endloop
  endfacet
  facet normal 0.996183 -0.087284 0
    outer loop
      vertex -14.9178 1.56793 0
      vertex -14.9635 1.04635 2
      vertex -14.9635 1.04635 0
    endloop
  endfacet
  facet normal -0.0523325 -0.99863 0
    outer loop
      vertex 0.523492 14.9909 0
      vertex 1.04635 14.9635 2
      vertex 0.523492 14.9909 2
    endloop
  endfacet
  facet normal -0.0523325 -0.99863 -0
    outer loop
      vertex 1.04635 14.9635 2
      vertex 0.523492 14.9909 0
      vertex 1.04635 14.9635 0
    endloop
  endfacet
  facet normal -0.121855 0.992548 0
    outer loop
      vertex 2.0876 -14.854 0
      vertex 1.56793 -14.9178 2
      vertex 2.0876 -14.854 2
    endloop
  endfacet
  facet normal -0.121855 0.992548 0
    outer loop
      vertex 1.56793 -14.9178 2
      vertex 2.0876 -14.854 0
      vertex 1.56793 -14.9178 0
    endloop
  endfacet
  facet normal 0.454 -0.891002 0
    outer loop
      vertex -7.04207 13.2442 0
      vertex -6.57557 13.4819 2
      vertex -7.04207 13.2442 2
    endloop
  endfacet
  facet normal 0.454 -0.891002 0
    outer loop
      vertex -6.57557 13.4819 2
      vertex -7.04207 13.2442 0
      vertex -6.57557 13.4819 0
    endloop
  endfacet
  facet normal 0.992548 -0.121855 0
    outer loop
      vertex -14.9178 1.56793 2
      vertex -14.854 2.0876 0
      vertex -14.854 2.0876 2
    endloop
  endfacet
  facet normal 0.992548 -0.121855 0
    outer loop
      vertex -14.854 2.0876 0
      vertex -14.9178 1.56793 2
      vertex -14.9178 1.56793 0
    endloop
  endfacet
  facet normal -0.874648 -0.484759 0
    outer loop
      vertex 13.2442 7.04207 0
      vertex 12.9904 7.5 2
      vertex 12.9904 7.5 0
    endloop
  endfacet
  facet normal -0.874648 -0.484759 0
    outer loop
      vertex 12.9904 7.5 2
      vertex 13.2442 7.04207 0
      vertex 13.2442 7.04207 2
    endloop
  endfacet
  facet normal -0.819163 0.573561 0
    outer loop
      vertex 12.1353 -8.81678 0
      vertex 12.4356 -8.38789 2
      vertex 12.4356 -8.38789 0
    endloop
  endfacet
  facet normal -0.819163 0.573561 0
    outer loop
      vertex 12.4356 -8.38789 2
      vertex 12.1353 -8.81678 0
      vertex 12.1353 -8.81678 2
    endloop
  endfacet
  facet normal 0.544565 -0.838718 0
    outer loop
      vertex -8.38789 12.4356 0
      vertex -7.94879 12.7207 2
      vertex -8.38789 12.4356 2
    endloop
  endfacet
  facet normal 0.544565 -0.838718 0
    outer loop
      vertex -7.94879 12.7207 2
      vertex -8.38789 12.4356 0
      vertex -7.94879 12.7207 0
    endloop
  endfacet
  facet normal 0.484759 -0.874648 0
    outer loop
      vertex -7.5 12.9904 0
      vertex -7.04207 13.2442 2
      vertex -7.5 12.9904 2
    endloop
  endfacet
  facet normal 0.484759 -0.874648 0
    outer loop
      vertex -7.04207 13.2442 2
      vertex -7.5 12.9904 0
      vertex -7.04207 13.2442 0
    endloop
  endfacet
  facet normal -0.906288 0.422662 0
    outer loop
      vertex 13.4819 -6.57557 0
      vertex 13.7032 -6.10105 2
      vertex 13.7032 -6.10105 0
    endloop
  endfacet
  facet normal -0.906288 0.422662 0
    outer loop
      vertex 13.7032 -6.10105 2
      vertex 13.4819 -6.57557 0
      vertex 13.4819 -6.57557 2
    endloop
  endfacet
  facet normal 0.087284 -0.996183 0
    outer loop
      vertex -1.56793 14.9178 0
      vertex -1.04635 14.9635 2
      vertex -1.56793 14.9178 2
    endloop
  endfacet
  facet normal 0.087284 -0.996183 0
    outer loop
      vertex -1.04635 14.9635 2
      vertex -1.56793 14.9178 0
      vertex -1.04635 14.9635 0
    endloop
  endfacet
  facet normal 0.515094 -0.857134 0
    outer loop
      vertex -7.94879 12.7207 0
      vertex -7.5 12.9904 2
      vertex -7.94879 12.7207 2
    endloop
  endfacet
  facet normal 0.515094 -0.857134 0
    outer loop
      vertex -7.5 12.9904 2
      vertex -7.94879 12.7207 0
      vertex -7.5 12.9904 0
    endloop
  endfacet
  facet normal -0.515094 0.857134 0
    outer loop
      vertex 7.94879 -12.7207 0
      vertex 7.5 -12.9904 2
      vertex 7.94879 -12.7207 2
    endloop
  endfacet
  facet normal -0.515094 0.857134 0
    outer loop
      vertex 7.5 -12.9904 2
      vertex 7.94879 -12.7207 0
      vertex 7.5 -12.9904 0
    endloop
  endfacet
  facet normal -0.777139 -0.629328 0
    outer loop
      vertex 11.8202 9.23492 0
      vertex 11.4907 9.64181 2
      vertex 11.4907 9.64181 0
    endloop
  endfacet
  facet normal -0.777139 -0.629328 0
    outer loop
      vertex 11.4907 9.64181 2
      vertex 11.8202 9.23492 0
      vertex 11.8202 9.23492 2
    endloop
  endfacet
  facet normal -0.601826 -0.798627 0
    outer loop
      vertex 8.81678 12.1353 0
      vertex 9.23492 11.8202 2
      vertex 8.81678 12.1353 2
    endloop
  endfacet
  facet normal -0.601826 -0.798627 -0
    outer loop
      vertex 9.23492 11.8202 2
      vertex 8.81678 12.1353 0
      vertex 9.23492 11.8202 0
    endloop
  endfacet
  facet normal 0.156427 0.987689 -0
    outer loop
      vertex -2.0876 -14.854 0
      vertex -2.60472 -14.7721 2
      vertex -2.0876 -14.854 2
    endloop
  endfacet
  facet normal 0.156427 0.987689 0
    outer loop
      vertex -2.60472 -14.7721 2
      vertex -2.0876 -14.854 0
      vertex -2.60472 -14.7721 0
    endloop
  endfacet
  facet normal -0.682039 0.731316 0
    outer loop
      vertex 10.4199 -10.7901 0
      vertex 10.037 -11.1472 2
      vertex 10.4199 -10.7901 2
    endloop
  endfacet
  facet normal -0.682039 0.731316 0
    outer loop
      vertex 10.037 -11.1472 2
      vertex 10.4199 -10.7901 0
      vertex 10.037 -11.1472 0
    endloop
  endfacet
  facet normal -0.325467 -0.945553 0
    outer loop
      vertex 4.63525 14.2658 0
      vertex 5.1303 14.0954 2
      vertex 4.63525 14.2658 2
    endloop
  endfacet
  facet normal -0.325467 -0.945553 -0
    outer loop
      vertex 5.1303 14.0954 2
      vertex 4.63525 14.2658 0
      vertex 5.1303 14.0954 0
    endloop
  endfacet
  facet normal -0.390771 -0.920488 0
    outer loop
      vertex 5.6191 13.9078 0
      vertex 6.10105 13.7032 2
      vertex 5.6191 13.9078 2
    endloop
  endfacet
  facet normal -0.390771 -0.920488 -0
    outer loop
      vertex 6.10105 13.7032 2
      vertex 5.6191 13.9078 0
      vertex 6.10105 13.7032 0
    endloop
  endfacet
  facet normal 0.454 0.891002 -0
    outer loop
      vertex -6.57557 -13.4819 0
      vertex -7.04207 -13.2442 2
      vertex -6.57557 -13.4819 2
    endloop
  endfacet
  facet normal 0.454 0.891002 0
    outer loop
      vertex -7.04207 -13.2442 2
      vertex -6.57557 -13.4819 0
      vertex -7.04207 -13.2442 0
    endloop
  endfacet
  facet normal 0.999849 0.0173806 0
    outer loop
      vertex -14.9909 -0.523492 2
      vertex -15 0 0
      vertex -15 0 2
    endloop
  endfacet
  facet normal 0.999849 0.0173806 0
    outer loop
      vertex -15 0 0
      vertex -14.9909 -0.523492 2
      vertex -14.9909 -0.523492 0
    endloop
  endfacet
  facet normal 0.258801 -0.965931 0
    outer loop
      vertex -4.13456 14.4189 0
      vertex -3.62883 14.5544 2
      vertex -4.13456 14.4189 2
    endloop
  endfacet
  facet normal 0.258801 -0.965931 0
    outer loop
      vertex -3.62883 14.5544 2
      vertex -4.13456 14.4189 0
      vertex -3.62883 14.5544 0
    endloop
  endfacet
  facet normal 0.857134 0.515094 0
    outer loop
      vertex -12.7207 -7.94879 2
      vertex -12.9904 -7.5 0
      vertex -12.9904 -7.5 2
    endloop
  endfacet
  facet normal 0.857134 0.515094 0
    outer loop
      vertex -12.9904 -7.5 0
      vertex -12.7207 -7.94879 2
      vertex -12.7207 -7.94879 0
    endloop
  endfacet
  facet normal -0.544565 -0.838718 0
    outer loop
      vertex 7.94879 12.7207 0
      vertex 8.38789 12.4356 2
      vertex 7.94879 12.7207 2
    endloop
  endfacet
  facet normal -0.544565 -0.838718 -0
    outer loop
      vertex 8.38789 12.4356 2
      vertex 7.94879 12.7207 0
      vertex 8.38789 12.4356 0
    endloop
  endfacet
  facet normal 0.99863 0.0523325 0
    outer loop
      vertex -14.9635 -1.04635 2
      vertex -14.9909 -0.523492 0
      vertex -14.9909 -0.523492 2
    endloop
  endfacet
  facet normal 0.99863 0.0523325 0
    outer loop
      vertex -14.9909 -0.523492 0
      vertex -14.9635 -1.04635 2
      vertex -14.9635 -1.04635 0
    endloop
  endfacet
  facet normal -0.891002 0.454 0
    outer loop
      vertex 13.2442 -7.04207 0
      vertex 13.4819 -6.57557 2
      vertex 13.4819 -6.57557 0
    endloop
  endfacet
  facet normal -0.891002 0.454 0
    outer loop
      vertex 13.4819 -6.57557 2
      vertex 13.2442 -7.04207 0
      vertex 13.2442 -7.04207 2
    endloop
  endfacet
  facet normal -0.121855 -0.992548 0
    outer loop
      vertex 1.56793 14.9178 0
      vertex 2.0876 14.854 2
      vertex 1.56793 14.9178 2
    endloop
  endfacet
  facet normal -0.121855 -0.992548 -0
    outer loop
      vertex 2.0876 14.854 2
      vertex 1.56793 14.9178 0
      vertex 2.0876 14.854 0
    endloop
  endfacet
  facet normal 0.777139 0.629328 0
    outer loop
      vertex -11.4907 -9.64181 2
      vertex -11.8202 -9.23492 0
      vertex -11.8202 -9.23492 2
    endloop
  endfacet
  facet normal 0.777139 0.629328 0
    outer loop
      vertex -11.8202 -9.23492 0
      vertex -11.4907 -9.64181 2
      vertex -11.4907 -9.64181 0
    endloop
  endfacet
  facet normal -0.945442 -0.325789 0
    outer loop
      vertex 14.1403 5 0
      vertex 14.0954 5.1303 2
      vertex 14.0954 5.1303 0
    endloop
  endfacet
  facet normal -0.945442 -0.325789 0
    outer loop
      vertex 14.0954 5.1303 2
      vertex 14.1403 5 0
      vertex 14.1403 5 2
    endloop
  endfacet
  facet normal 0.956292 0.292413 0
    outer loop
      vertex -14.2658 -4.63525 2
      vertex -14.4189 -4.13456 0
      vertex -14.4189 -4.13456 2
    endloop
  endfacet
  facet normal 0.956292 0.292413 0
    outer loop
      vertex -14.4189 -4.13456 0
      vertex -14.2658 -4.63525 2
      vertex -14.2658 -4.63525 0
    endloop
  endfacet
  facet normal 0.731316 0.682039 0
    outer loop
      vertex -10.7901 -10.4199 2
      vertex -11.1472 -10.037 0
      vertex -11.1472 -10.037 2
    endloop
  endfacet
  facet normal 0.731316 0.682039 0
    outer loop
      vertex -11.1472 -10.037 0
      vertex -10.7901 -10.4199 2
      vertex -10.7901 -10.4199 0
    endloop
  endfacet
  facet normal -0.754741 0.656023 0
    outer loop
      vertex 11.1472 -10.037 0
      vertex 11.4907 -9.64181 2
      vertex 11.4907 -9.64181 0
    endloop
  endfacet
  facet normal -0.754741 0.656023 0
    outer loop
      vertex 11.4907 -9.64181 2
      vertex 11.1472 -10.037 0
      vertex 11.1472 -10.037 2
    endloop
  endfacet
  facet normal 0.515094 0.857134 -0
    outer loop
      vertex -7.5 -12.9904 0
      vertex -7.94879 -12.7207 2
      vertex -7.5 -12.9904 2
    endloop
  endfacet
  facet normal 0.515094 0.857134 0
    outer loop
      vertex -7.94879 -12.7207 2
      vertex -7.5 -12.9904 0
      vertex -7.94879 -12.7207 0
    endloop
  endfacet
  facet normal -0.798627 0.601826 0
    outer loop
      vertex 11.8202 -9.23492 0
      vertex 12.1353 -8.81678 2
      vertex 12.1353 -8.81678 0
    endloop
  endfacet
  facet normal -0.798627 0.601826 0
    outer loop
      vertex 12.1353 -8.81678 2
      vertex 11.8202 -9.23492 0
      vertex 11.8202 -9.23492 2
    endloop
  endfacet
  facet normal 0.974361 -0.224992 0
    outer loop
      vertex -14.6722 3.11868 2
      vertex -14.5544 3.62883 0
      vertex -14.5544 3.62883 2
    endloop
  endfacet
  facet normal 0.974361 -0.224992 0
    outer loop
      vertex -14.5544 3.62883 0
      vertex -14.6722 3.11868 2
      vertex -14.6722 3.11868 0
    endloop
  endfacet
  facet normal 0.838718 -0.544565 0
    outer loop
      vertex -12.7207 7.94879 2
      vertex -12.4356 8.38789 0
      vertex -12.4356 8.38789 2
    endloop
  endfacet
  facet normal 0.838718 -0.544565 0
    outer loop
      vertex -12.4356 8.38789 0
      vertex -12.7207 7.94879 2
      vertex -12.7207 7.94879 0
    endloop
  endfacet
  facet normal -0.0523325 0.99863 0
    outer loop
      vertex 1.04635 -14.9635 0
      vertex 0.523492 -14.9909 2
      vertex 1.04635 -14.9635 2
    endloop
  endfacet
  facet normal -0.0523325 0.99863 0
    outer loop
      vertex 0.523492 -14.9909 2
      vertex 1.04635 -14.9635 0
      vertex 0.523492 -14.9909 0
    endloop
  endfacet
  facet normal 0.906288 0.422662 0
    outer loop
      vertex -13.4819 -6.57557 2
      vertex -13.7032 -6.10105 0
      vertex -13.7032 -6.10105 2
    endloop
  endfacet
  facet normal 0.906288 0.422662 0
    outer loop
      vertex -13.7032 -6.10105 0
      vertex -13.4819 -6.57557 2
      vertex -13.4819 -6.57557 0
    endloop
  endfacet
  facet normal 0.987689 -0.156427 0
    outer loop
      vertex -14.854 2.0876 2
      vertex -14.7721 2.60472 0
      vertex -14.7721 2.60472 2
    endloop
  endfacet
  facet normal 0.987689 -0.156427 0
    outer loop
      vertex -14.7721 2.60472 0
      vertex -14.854 2.0876 2
      vertex -14.854 2.0876 0
    endloop
  endfacet
  facet normal -0.819163 -0.573561 0
    outer loop
      vertex 12.4356 8.38789 0
      vertex 12.1353 8.81678 2
      vertex 12.1353 8.81678 0
    endloop
  endfacet
  facet normal -0.819163 -0.573561 0
    outer loop
      vertex 12.1353 8.81678 2
      vertex 12.4356 8.38789 0
      vertex 12.4356 8.38789 2
    endloop
  endfacet
  facet normal -0.731316 -0.682039 0
    outer loop
      vertex 11.1472 10.037 0
      vertex 10.7901 10.4199 2
      vertex 10.7901 10.4199 0
    endloop
  endfacet
  facet normal -0.731316 -0.682039 0
    outer loop
      vertex 10.7901 10.4199 2
      vertex 11.1472 10.037 0
      vertex 11.1472 10.037 2
    endloop
  endfacet
  facet normal -0.258801 0.965931 0
    outer loop
      vertex 4.13456 -14.4189 0
      vertex 3.62883 -14.5544 2
      vertex 4.13456 -14.4189 2
    endloop
  endfacet
  facet normal -0.258801 0.965931 0
    outer loop
      vertex 3.62883 -14.5544 2
      vertex 4.13456 -14.4189 0
      vertex 3.62883 -14.5544 0
    endloop
  endfacet
  facet normal -0.156427 -0.987689 0
    outer loop
      vertex 2.0876 14.854 0
      vertex 2.60472 14.7721 2
      vertex 2.0876 14.854 2
    endloop
  endfacet
  facet normal -0.156427 -0.987689 -0
    outer loop
      vertex 2.60472 14.7721 2
      vertex 2.0876 14.854 0
      vertex 2.60472 14.7721 0
    endloop
  endfacet
  facet normal -0.891002 -0.454 0
    outer loop
      vertex 13.4819 6.57557 0
      vertex 13.2442 7.04207 2
      vertex 13.2442 7.04207 0
    endloop
  endfacet
  facet normal -0.891002 -0.454 0
    outer loop
      vertex 13.2442 7.04207 2
      vertex 13.4819 6.57557 0
      vertex 13.4819 6.57557 2
    endloop
  endfacet
  facet normal 0.190802 0.981629 -0
    outer loop
      vertex -2.60472 -14.7721 0
      vertex -3.11868 -14.6722 2
      vertex -2.60472 -14.7721 2
    endloop
  endfacet
  facet normal 0.190802 0.981629 0
    outer loop
      vertex -3.11868 -14.6722 2
      vertex -2.60472 -14.7721 0
      vertex -3.11868 -14.6722 0
    endloop
  endfacet
  facet normal 0.906288 -0.422662 0
    outer loop
      vertex -13.7032 6.10105 2
      vertex -13.4819 6.57557 0
      vertex -13.4819 6.57557 2
    endloop
  endfacet
  facet normal 0.906288 -0.422662 0
    outer loop
      vertex -13.4819 6.57557 0
      vertex -13.7032 6.10105 2
      vertex -13.7032 6.10105 0
    endloop
  endfacet
  facet normal 0.292413 0.956292 -0
    outer loop
      vertex -4.13456 -14.4189 0
      vertex -4.63525 -14.2658 2
      vertex -4.13456 -14.4189 2
    endloop
  endfacet
  facet normal 0.292413 0.956292 0
    outer loop
      vertex -4.63525 -14.2658 2
      vertex -4.13456 -14.4189 0
      vertex -4.63525 -14.2658 0
    endloop
  endfacet
  facet normal 0.798627 0.601826 0
    outer loop
      vertex -11.8202 -9.23492 2
      vertex -12.1353 -8.81678 0
      vertex -12.1353 -8.81678 2
    endloop
  endfacet
  facet normal 0.798627 0.601826 0
    outer loop
      vertex -12.1353 -8.81678 0
      vertex -11.8202 -9.23492 2
      vertex -11.8202 -9.23492 0
    endloop
  endfacet
  facet normal 0.981629 -0.190802 0
    outer loop
      vertex -14.7721 2.60472 2
      vertex -14.6722 3.11868 0
      vertex -14.6722 3.11868 2
    endloop
  endfacet
  facet normal 0.981629 -0.190802 0
    outer loop
      vertex -14.6722 3.11868 0
      vertex -14.7721 2.60472 2
      vertex -14.7721 2.60472 0
    endloop
  endfacet
  facet normal -0.906288 -0.422662 0
    outer loop
      vertex 13.7032 6.10105 0
      vertex 13.4819 6.57557 2
      vertex 13.4819 6.57557 0
    endloop
  endfacet
  facet normal -0.906288 -0.422662 0
    outer loop
      vertex 13.4819 6.57557 2
      vertex 13.7032 6.10105 0
      vertex 13.7032 6.10105 2
    endloop
  endfacet
  facet normal 0.156427 -0.987689 0
    outer loop
      vertex -2.60472 14.7721 0
      vertex -2.0876 14.854 2
      vertex -2.60472 14.7721 2
    endloop
  endfacet
  facet normal 0.156427 -0.987689 0
    outer loop
      vertex -2.0876 14.854 2
      vertex -2.60472 14.7721 0
      vertex -2.0876 14.854 0
    endloop
  endfacet
  facet normal 0.945553 -0.325467 0
    outer loop
      vertex -14.2658 4.63525 2
      vertex -14.0954 5.1303 0
      vertex -14.0954 5.1303 2
    endloop
  endfacet
  facet normal 0.945553 -0.325467 0
    outer loop
      vertex -14.0954 5.1303 0
      vertex -14.2658 4.63525 2
      vertex -14.2658 4.63525 0
    endloop
  endfacet
  facet normal 0.325467 -0.945553 0
    outer loop
      vertex -5.1303 14.0954 0
      vertex -4.63525 14.2658 2
      vertex -5.1303 14.0954 2
    endloop
  endfacet
  facet normal 0.325467 -0.945553 0
    outer loop
      vertex -4.63525 14.2658 2
      vertex -5.1303 14.0954 0
      vertex -4.63525 14.2658 0
    endloop
  endfacet
  facet normal -0.292413 0.956292 0
    outer loop
      vertex 4.63525 -14.2658 0
      vertex 4.13456 -14.4189 2
      vertex 4.63525 -14.2658 2
    endloop
  endfacet
  facet normal -0.292413 0.956292 0
    outer loop
      vertex 4.13456 -14.4189 2
      vertex 4.63525 -14.2658 0
      vertex 4.13456 -14.4189 0
    endloop
  endfacet
  facet normal 0.390771 -0.920488 0
    outer loop
      vertex -6.10105 13.7032 0
      vertex -5.6191 13.9078 2
      vertex -6.10105 13.7032 2
    endloop
  endfacet
  facet normal 0.390771 -0.920488 0
    outer loop
      vertex -5.6191 13.9078 2
      vertex -6.10105 13.7032 0
      vertex -5.6191 13.9078 0
    endloop
  endfacet
  facet normal 0.358313 -0.933601 0
    outer loop
      vertex -5.6191 13.9078 0
      vertex -5.1303 14.0954 2
      vertex -5.6191 13.9078 2
    endloop
  endfacet
  facet normal 0.358313 -0.933601 0
    outer loop
      vertex -5.1303 14.0954 2
      vertex -5.6191 13.9078 0
      vertex -5.1303 14.0954 0
    endloop
  endfacet
  facet normal -0.258801 -0.965931 0
    outer loop
      vertex 3.62883 14.5544 0
      vertex 4.13456 14.4189 2
      vertex 3.62883 14.5544 2
    endloop
  endfacet
  facet normal -0.258801 -0.965931 -0
    outer loop
      vertex 4.13456 14.4189 2
      vertex 3.62883 14.5544 0
      vertex 4.13456 14.4189 0
    endloop
  endfacet
  facet normal -0.857134 0.515094 0
    outer loop
      vertex 12.7207 -7.94879 0
      vertex 12.9904 -7.5 2
      vertex 12.9904 -7.5 0
    endloop
  endfacet
  facet normal -0.857134 0.515094 0
    outer loop
      vertex 12.9904 -7.5 2
      vertex 12.7207 -7.94879 0
      vertex 12.7207 -7.94879 2
    endloop
  endfacet
  facet normal 0.656023 -0.754741 0
    outer loop
      vertex -10.037 11.1472 0
      vertex -9.64181 11.4907 2
      vertex -10.037 11.1472 2
    endloop
  endfacet
  facet normal 0.656023 -0.754741 0
    outer loop
      vertex -9.64181 11.4907 2
      vertex -10.037 11.1472 0
      vertex -9.64181 11.4907 0
    endloop
  endfacet
  facet normal -0.629328 0.777139 0
    outer loop
      vertex 9.64181 -11.4907 0
      vertex 9.23492 -11.8202 2
      vertex 9.64181 -11.4907 2
    endloop
  endfacet
  facet normal -0.629328 0.777139 0
    outer loop
      vertex 9.23492 -11.8202 2
      vertex 9.64181 -11.4907 0
      vertex 9.23492 -11.8202 0
    endloop
  endfacet
  facet normal 0.224992 0.974361 -0
    outer loop
      vertex -3.11868 -14.6722 0
      vertex -3.62883 -14.5544 2
      vertex -3.11868 -14.6722 2
    endloop
  endfacet
  facet normal 0.224992 0.974361 0
    outer loop
      vertex -3.62883 -14.5544 2
      vertex -3.11868 -14.6722 0
      vertex -3.62883 -14.5544 0
    endloop
  endfacet
  facet normal -0.838718 0.544565 0
    outer loop
      vertex 12.4356 -8.38789 0
      vertex 12.7207 -7.94879 2
      vertex 12.7207 -7.94879 0
    endloop
  endfacet
  facet normal -0.838718 0.544565 0
    outer loop
      vertex 12.7207 -7.94879 2
      vertex 12.4356 -8.38789 0
      vertex 12.4356 -8.38789 2
    endloop
  endfacet
  facet normal 0.358313 0.933601 -0
    outer loop
      vertex -5.1303 -14.0954 0
      vertex -5.6191 -13.9078 2
      vertex -5.1303 -14.0954 2
    endloop
  endfacet
  facet normal 0.358313 0.933601 0
    outer loop
      vertex -5.6191 -13.9078 2
      vertex -5.1303 -14.0954 0
      vertex -5.6191 -13.9078 0
    endloop
  endfacet
  facet normal -0.454 0.891002 0
    outer loop
      vertex 7.04207 -13.2442 0
      vertex 6.57557 -13.4819 2
      vertex 7.04207 -13.2442 2
    endloop
  endfacet
  facet normal -0.454 0.891002 0
    outer loop
      vertex 6.57557 -13.4819 2
      vertex 7.04207 -13.2442 0
      vertex 6.57557 -13.4819 0
    endloop
  endfacet
  facet normal -0.422662 0.906288 0
    outer loop
      vertex 6.57557 -13.4819 0
      vertex 6.10105 -13.7032 2
      vertex 6.57557 -13.4819 2
    endloop
  endfacet
  facet normal -0.422662 0.906288 0
    outer loop
      vertex 6.10105 -13.7032 2
      vertex 6.57557 -13.4819 0
      vertex 6.10105 -13.7032 0
    endloop
  endfacet
  facet normal 0.0523325 0.99863 -0
    outer loop
      vertex -0.523492 -14.9909 0
      vertex -1.04635 -14.9635 2
      vertex -0.523492 -14.9909 2
    endloop
  endfacet
  facet normal 0.0523325 0.99863 0
    outer loop
      vertex -1.04635 -14.9635 2
      vertex -0.523492 -14.9909 0
      vertex -1.04635 -14.9635 0
    endloop
  endfacet
  facet normal 0.874648 -0.484759 0
    outer loop
      vertex -13.2442 7.04207 2
      vertex -12.9904 7.5 0
      vertex -12.9904 7.5 2
    endloop
  endfacet
  facet normal 0.874648 -0.484759 0
    outer loop
      vertex -12.9904 7.5 0
      vertex -13.2442 7.04207 2
      vertex -13.2442 7.04207 0
    endloop
  endfacet
  facet normal -0.0173806 -0.999849 0
    outer loop
      vertex 0 15 0
      vertex 0.523492 14.9909 2
      vertex 0 15 2
    endloop
  endfacet
  facet normal -0.0173806 -0.999849 -0
    outer loop
      vertex 0.523492 14.9909 2
      vertex 0 15 0
      vertex 0.523492 14.9909 0
    endloop
  endfacet
  facet normal 0.965931 0.258801 0
    outer loop
      vertex -14.4189 -4.13456 2
      vertex -14.5544 -3.62883 0
      vertex -14.5544 -3.62883 2
    endloop
  endfacet
  facet normal 0.965931 0.258801 0
    outer loop
      vertex -14.5544 -3.62883 0
      vertex -14.4189 -4.13456 2
      vertex -14.4189 -4.13456 0
    endloop
  endfacet
  facet normal 0.992548 0.121855 0
    outer loop
      vertex -14.854 -2.0876 2
      vertex -14.9178 -1.56793 0
      vertex -14.9178 -1.56793 2
    endloop
  endfacet
  facet normal 0.992548 0.121855 0
    outer loop
      vertex -14.9178 -1.56793 0
      vertex -14.854 -2.0876 2
      vertex -14.854 -2.0876 0
    endloop
  endfacet
  facet normal -0.358313 0.933601 0
    outer loop
      vertex 5.6191 -13.9078 0
      vertex 5.1303 -14.0954 2
      vertex 5.6191 -13.9078 2
    endloop
  endfacet
  facet normal -0.358313 0.933601 0
    outer loop
      vertex 5.1303 -14.0954 2
      vertex 5.6191 -13.9078 0
      vertex 5.1303 -14.0954 0
    endloop
  endfacet
  facet normal -0.777139 0.629328 0
    outer loop
      vertex 11.4907 -9.64181 0
      vertex 11.8202 -9.23492 2
      vertex 11.8202 -9.23492 0
    endloop
  endfacet
  facet normal -0.777139 0.629328 0
    outer loop
      vertex 11.8202 -9.23492 2
      vertex 11.4907 -9.64181 0
      vertex 11.4907 -9.64181 2
    endloop
  endfacet
  facet normal -0.292413 -0.956292 0
    outer loop
      vertex 4.13456 14.4189 0
      vertex 4.63525 14.2658 2
      vertex 4.13456 14.4189 2
    endloop
  endfacet
  facet normal -0.292413 -0.956292 -0
    outer loop
      vertex 4.63525 14.2658 2
      vertex 4.13456 14.4189 0
      vertex 4.63525 14.2658 0
    endloop
  endfacet
  facet normal -0.422662 -0.906288 0
    outer loop
      vertex 6.10105 13.7032 0
      vertex 6.57557 13.4819 2
      vertex 6.10105 13.7032 2
    endloop
  endfacet
  facet normal -0.422662 -0.906288 -0
    outer loop
      vertex 6.57557 13.4819 2
      vertex 6.10105 13.7032 0
      vertex 6.57557 13.4819 0
    endloop
  endfacet
  facet normal 0.629328 0.777139 -0
    outer loop
      vertex -9.23492 -11.8202 0
      vertex -9.64181 -11.4907 2
      vertex -9.23492 -11.8202 2
    endloop
  endfacet
  facet normal 0.629328 0.777139 0
    outer loop
      vertex -9.64181 -11.4907 2
      vertex -9.23492 -11.8202 0
      vertex -9.64181 -11.4907 0
    endloop
  endfacet
  facet normal 0.99863 -0.0523325 0
    outer loop
      vertex -14.9909 0.523492 2
      vertex -14.9635 1.04635 0
      vertex -14.9635 1.04635 2
    endloop
  endfacet
  facet normal 0.99863 -0.0523325 0
    outer loop
      vertex -14.9635 1.04635 0
      vertex -14.9909 0.523492 2
      vertex -14.9909 0.523492 0
    endloop
  endfacet
  facet normal 0.731316 -0.682039 0
    outer loop
      vertex -11.1472 10.037 2
      vertex -10.7901 10.4199 0
      vertex -10.7901 10.4199 2
    endloop
  endfacet
  facet normal 0.731316 -0.682039 0
    outer loop
      vertex -10.7901 10.4199 0
      vertex -11.1472 10.037 2
      vertex -11.1472 10.037 0
    endloop
  endfacet
  facet normal 0.920488 -0.390771 0
    outer loop
      vertex -13.9078 5.6191 2
      vertex -13.7032 6.10105 0
      vertex -13.7032 6.10105 2
    endloop
  endfacet
  facet normal 0.920488 -0.390771 0
    outer loop
      vertex -13.7032 6.10105 0
      vertex -13.9078 5.6191 2
      vertex -13.9078 5.6191 0
    endloop
  endfacet
  facet normal 0.999849 -0.0173806 0
    outer loop
      vertex -15 0 2
      vertex -14.9909 0.523492 0
      vertex -14.9909 0.523492 2
    endloop
  endfacet
  facet normal 0.999849 -0.0173806 0
    outer loop
      vertex -14.9909 0.523492 0
      vertex -15 0 2
      vertex -15 0 0
    endloop
  endfacet
  facet normal 0.325467 0.945553 -0
    outer loop
      vertex -4.63525 -14.2658 0
      vertex -5.1303 -14.0954 2
      vertex -4.63525 -14.2658 2
    endloop
  endfacet
  facet normal 0.325467 0.945553 0
    outer loop
      vertex -5.1303 -14.0954 2
      vertex -4.63525 -14.2658 0
      vertex -5.1303 -14.0954 0
    endloop
  endfacet
  facet normal -0.707107 0.707107 0
    outer loop
      vertex 10.4199 -10.7901 0
      vertex 10.7901 -10.4199 2
      vertex 10.7901 -10.4199 0
    endloop
  endfacet
  facet normal -0.707107 0.707107 0
    outer loop
      vertex 10.7901 -10.4199 2
      vertex 10.4199 -10.7901 0
      vertex 10.4199 -10.7901 2
    endloop
  endfacet
  facet normal 0.573561 -0.819163 0
    outer loop
      vertex -8.81678 12.1353 0
      vertex -8.38789 12.4356 2
      vertex -8.81678 12.1353 2
    endloop
  endfacet
  facet normal 0.573561 -0.819163 0
    outer loop
      vertex -8.38789 12.4356 2
      vertex -8.81678 12.1353 0
      vertex -8.38789 12.4356 0
    endloop
  endfacet
  facet normal 0.987689 0.156427 0
    outer loop
      vertex -14.7721 -2.60472 2
      vertex -14.854 -2.0876 0
      vertex -14.854 -2.0876 2
    endloop
  endfacet
  facet normal 0.987689 0.156427 0
    outer loop
      vertex -14.854 -2.0876 0
      vertex -14.7721 -2.60472 2
      vertex -14.7721 -2.60472 0
    endloop
  endfacet
  facet normal 0.933601 -0.358313 0
    outer loop
      vertex -14.0954 5.1303 2
      vertex -13.9078 5.6191 0
      vertex -13.9078 5.6191 2
    endloop
  endfacet
  facet normal 0.933601 -0.358313 0
    outer loop
      vertex -13.9078 5.6191 0
      vertex -14.0954 5.1303 2
      vertex -14.0954 5.1303 0
    endloop
  endfacet
  facet normal 0.819163 -0.573561 0
    outer loop
      vertex -12.4356 8.38789 2
      vertex -12.1353 8.81678 0
      vertex -12.1353 8.81678 2
    endloop
  endfacet
  facet normal 0.819163 -0.573561 0
    outer loop
      vertex -12.1353 8.81678 0
      vertex -12.4356 8.38789 2
      vertex -12.4356 8.38789 0
    endloop
  endfacet
  facet normal -0.325467 0.945553 0
    outer loop
      vertex 5.1303 -14.0954 0
      vertex 4.63525 -14.2658 2
      vertex 5.1303 -14.0954 2
    endloop
  endfacet
  facet normal -0.325467 0.945553 0
    outer loop
      vertex 4.63525 -14.2658 2
      vertex 5.1303 -14.0954 0
      vertex 4.63525 -14.2658 0
    endloop
  endfacet
  facet normal 0.0173806 0.999849 -0
    outer loop
      vertex 0 -15 0
      vertex -0.523492 -14.9909 2
      vertex 0 -15 2
    endloop
  endfacet
  facet normal 0.0173806 0.999849 0
    outer loop
      vertex -0.523492 -14.9909 2
      vertex 0 -15 0
      vertex -0.523492 -14.9909 0
    endloop
  endfacet
  facet normal 0.754741 0.656023 0
    outer loop
      vertex -11.1472 -10.037 2
      vertex -11.4907 -9.64181 0
      vertex -11.4907 -9.64181 2
    endloop
  endfacet
  facet normal 0.754741 0.656023 0
    outer loop
      vertex -11.4907 -9.64181 0
      vertex -11.1472 -10.037 2
      vertex -11.1472 -10.037 0
    endloop
  endfacet
  facet normal 0.798627 -0.601826 0
    outer loop
      vertex -12.1353 8.81678 2
      vertex -11.8202 9.23492 0
      vertex -11.8202 9.23492 2
    endloop
  endfacet
  facet normal 0.798627 -0.601826 0
    outer loop
      vertex -11.8202 9.23492 0
      vertex -12.1353 8.81678 2
      vertex -12.1353 8.81678 0
    endloop
  endfacet
  facet normal 0.857134 -0.515094 0
    outer loop
      vertex -12.9904 7.5 2
      vertex -12.7207 7.94879 0
      vertex -12.7207 7.94879 2
    endloop
  endfacet
  facet normal 0.857134 -0.515094 0
    outer loop
      vertex -12.7207 7.94879 0
      vertex -12.9904 7.5 2
      vertex -12.9904 7.5 0
    endloop
  endfacet
  facet normal 0.573561 0.819163 -0
    outer loop
      vertex -8.38789 -12.4356 0
      vertex -8.81678 -12.1353 2
      vertex -8.38789 -12.4356 2
    endloop
  endfacet
  facet normal 0.573561 0.819163 0
    outer loop
      vertex -8.81678 -12.1353 2
      vertex -8.38789 -12.4356 0
      vertex -8.81678 -12.1353 0
    endloop
  endfacet
  facet normal 0.121855 0.992548 -0
    outer loop
      vertex -1.56793 -14.9178 0
      vertex -2.0876 -14.854 2
      vertex -1.56793 -14.9178 2
    endloop
  endfacet
  facet normal 0.121855 0.992548 0
    outer loop
      vertex -2.0876 -14.854 2
      vertex -1.56793 -14.9178 0
      vertex -2.0876 -14.854 0
    endloop
  endfacet
  facet normal -0.601826 0.798627 0
    outer loop
      vertex 9.23492 -11.8202 0
      vertex 8.81678 -12.1353 2
      vertex 9.23492 -11.8202 2
    endloop
  endfacet
  facet normal -0.601826 0.798627 0
    outer loop
      vertex 8.81678 -12.1353 2
      vertex 9.23492 -11.8202 0
      vertex 8.81678 -12.1353 0
    endloop
  endfacet
  facet normal 0.422662 0.906288 -0
    outer loop
      vertex -6.10105 -13.7032 0
      vertex -6.57557 -13.4819 2
      vertex -6.10105 -13.7032 2
    endloop
  endfacet
  facet normal 0.422662 0.906288 0
    outer loop
      vertex -6.57557 -13.4819 2
      vertex -6.10105 -13.7032 0
      vertex -6.57557 -13.4819 0
    endloop
  endfacet
  facet normal 0.544565 0.838718 -0
    outer loop
      vertex -7.94879 -12.7207 0
      vertex -8.38789 -12.4356 2
      vertex -7.94879 -12.7207 2
    endloop
  endfacet
  facet normal 0.544565 0.838718 0
    outer loop
      vertex -8.38789 -12.4356 2
      vertex -7.94879 -12.7207 0
      vertex -8.38789 -12.4356 0
    endloop
  endfacet
  facet normal 0.422662 -0.906288 0
    outer loop
      vertex -6.57557 13.4819 0
      vertex -6.10105 13.7032 2
      vertex -6.57557 13.4819 2
    endloop
  endfacet
  facet normal 0.422662 -0.906288 0
    outer loop
      vertex -6.10105 13.7032 2
      vertex -6.57557 13.4819 0
      vertex -6.10105 13.7032 0
    endloop
  endfacet
  facet normal 0.390771 0.920488 -0
    outer loop
      vertex -5.6191 -13.9078 0
      vertex -6.10105 -13.7032 2
      vertex -5.6191 -13.9078 2
    endloop
  endfacet
  facet normal 0.390771 0.920488 0
    outer loop
      vertex -6.10105 -13.7032 2
      vertex -5.6191 -13.9078 0
      vertex -6.10105 -13.7032 0
    endloop
  endfacet
  facet normal 0 -1 0
    outer loop
      vertex 14.1403 5 0
      vertex 55 5 2
      vertex 14.1403 5 2
    endloop
  endfacet
  facet normal 0 -1 -0
    outer loop
      vertex 55 5 2
      vertex 14.1403 5 0
      vertex 55 5 0
    endloop
  endfacet
  facet normal 0 1 -0
    outer loop
      vertex 55 -5 0
      vertex 14.1403 -5 2
      vertex 55 -5 2
    endloop
  endfacet
  facet normal 0 1 0
    outer loop
      vertex 14.1403 -5 2
      vertex 55 -5 0
      vertex 14.1403 -5 0
    endloop
  endfacet
  facet normal 0.478856 0.877893 -0
    outer loop
      vertex 64.2124 -10.025 0
      vertex 55 -5 2
      vertex 64.2124 -10.025 2
    endloop
  endfacet
  facet normal 0.478856 0.877893 0
    outer loop
      vertex 55 -5 2
      vertex 64.2124 -10.025 0
      vertex 55 -5 0
    endloop
  endfacet
  facet normal 0.478856 -0.877893 0
    outer loop
      vertex 55 5 0
      vertex 64.2124 10.025 2
      vertex 55 5 2
    endloop
  endfacet
  facet normal 0.478856 -0.877893 0
    outer loop
      vertex 64.2124 10.025 2
      vertex 55 5 0
      vertex 64.2124 10.025 0
    endloop
  endfacet
  facet normal -0.555558 0.831477 0
    outer loop
      vertex -67.1737 -2.38006 0
      vertex -67.5 -2.59808 2
      vertex -67.1737 -2.38006 2
    endloop
  endfacet
  facet normal -0.555558 0.831477 0
    outer loop
      vertex -67.5 -2.59808 2
      vertex -67.1737 -2.38006 0
      vertex -67.5 -2.59808 0
    endloop
  endfacet
  facet normal -0.980813 -0.19495 0
    outer loop
      vertex -66.0257 0.391578 0
      vertex -66.1022 0.776457 2
      vertex -66.1022 0.776457 0
    endloop
  endfacet
  facet normal -0.980813 -0.19495 0
    outer loop
      vertex -66.1022 0.776457 2
      vertex -66.0257 0.391578 0
      vertex -66.0257 0.391578 2
    endloop
  endfacet
  facet normal -0.997853 -0.065491 0
    outer loop
      vertex -66 0 0
      vertex -66.0257 0.391578 2
      vertex -66.0257 0.391578 0
    endloop
  endfacet
  facet normal -0.997853 -0.065491 0
    outer loop
      vertex -66.0257 0.391578 2
      vertex -66 0 0
      vertex -66 0 2
    endloop
  endfacet
  facet normal 0.751768 -0.659428 0
    outer loop
      vertex -71.3801 1.82628 2
      vertex -71.1213 2.12132 0
      vertex -71.1213 2.12132 2
    endloop
  endfacet
  facet normal 0.751768 -0.659428 0
    outer loop
      vertex -71.1213 2.12132 0
      vertex -71.3801 1.82628 2
      vertex -71.3801 1.82628 0
    endloop
  endfacet
  facet normal -0.195062 0.980791 0
    outer loop
      vertex -68.2235 -2.89778 0
      vertex -68.6084 -2.97433 2
      vertex -68.2235 -2.89778 2
    endloop
  endfacet
  facet normal -0.195062 0.980791 0
    outer loop
      vertex -68.6084 -2.97433 2
      vertex -68.2235 -2.89778 0
      vertex -68.6084 -2.97433 0
    endloop
  endfacet
  facet normal -0.659392 -0.751799 0
    outer loop
      vertex -67.1737 2.38006 0
      vertex -66.8787 2.12132 2
      vertex -67.1737 2.38006 2
    endloop
  endfacet
  facet normal -0.659392 -0.751799 -0
    outer loop
      vertex -66.8787 2.12132 2
      vertex -67.1737 2.38006 0
      vertex -66.8787 2.12132 0
    endloop
  endfacet
  facet normal 0.751768 0.659428 0
    outer loop
      vertex -71.1213 -2.12132 2
      vertex -71.3801 -1.82628 0
      vertex -71.3801 -1.82628 2
    endloop
  endfacet
  facet normal 0.751768 0.659428 0
    outer loop
      vertex -71.3801 -1.82628 0
      vertex -71.1213 -2.12132 2
      vertex -71.1213 -2.12132 0
    endloop
  endfacet
  facet normal -0.896936 0.44216 0
    outer loop
      vertex -66.4019 -1.5 0
      vertex -66.2284 -1.14805 2
      vertex -66.2284 -1.14805 0
    endloop
  endfacet
  facet normal -0.896936 0.44216 0
    outer loop
      vertex -66.2284 -1.14805 2
      vertex -66.4019 -1.5 0
      vertex -66.4019 -1.5 2
    endloop
  endfacet
  facet normal 0.0654112 0.997858 -0
    outer loop
      vertex -69 -3 0
      vertex -69.3916 -2.97433 2
      vertex -69 -3 2
    endloop
  endfacet
  facet normal 0.0654112 0.997858 0
    outer loop
      vertex -69.3916 -2.97433 2
      vertex -69 -3 0
      vertex -69.3916 -2.97433 0
    endloop
  endfacet
  facet normal -0.751768 0.659428 0
    outer loop
      vertex -66.8787 -2.12132 0
      vertex -66.6199 -1.82628 2
      vertex -66.6199 -1.82628 0
    endloop
  endfacet
  facet normal -0.751768 0.659428 0
    outer loop
      vertex -66.6199 -1.82628 2
      vertex -66.8787 -2.12132 0
      vertex -66.8787 -2.12132 2
    endloop
  endfacet
  facet normal 0.831485 -0.555547 0
    outer loop
      vertex -71.5981 1.5 2
      vertex -71.3801 1.82628 0
      vertex -71.3801 1.82628 2
    endloop
  endfacet
  facet normal 0.831485 -0.555547 0
    outer loop
      vertex -71.3801 1.82628 0
      vertex -71.5981 1.5 2
      vertex -71.5981 1.5 0
    endloop
  endfacet
  facet normal 0.980813 -0.19495 0
    outer loop
      vertex -71.9743 0.391578 2
      vertex -71.8978 0.776457 0
      vertex -71.8978 0.776457 2
    endloop
  endfacet
  facet normal 0.980813 -0.19495 0
    outer loop
      vertex -71.8978 0.776457 0
      vertex -71.9743 0.391578 2
      vertex -71.9743 0.391578 0
    endloop
  endfacet
  facet normal 0.555558 -0.831477 0
    outer loop
      vertex -70.8263 2.38006 0
      vertex -70.5 2.59808 2
      vertex -70.8263 2.38006 2
    endloop
  endfacet
  facet normal 0.555558 -0.831477 0
    outer loop
      vertex -70.5 2.59808 2
      vertex -70.8263 2.38006 0
      vertex -70.5 2.59808 0
    endloop
  endfacet
  facet normal 0.997853 0.065491 0
    outer loop
      vertex -71.9743 -0.391578 2
      vertex -72 0 0
      vertex -72 0 2
    endloop
  endfacet
  facet normal 0.997853 0.065491 0
    outer loop
      vertex -72 0 0
      vertex -71.9743 -0.391578 2
      vertex -71.9743 -0.391578 0
    endloop
  endfacet
  facet normal -0.321514 0.946905 0
    outer loop
      vertex -67.852 -2.77164 0
      vertex -68.2235 -2.89778 2
      vertex -67.852 -2.77164 2
    endloop
  endfacet
  facet normal -0.321514 0.946905 0
    outer loop
      vertex -68.2235 -2.89778 2
      vertex -67.852 -2.77164 0
      vertex -68.2235 -2.89778 0
    endloop
  endfacet
  facet normal 0.321514 0.946905 -0
    outer loop
      vertex -69.7765 -2.89778 0
      vertex -70.148 -2.77164 2
      vertex -69.7765 -2.89778 2
    endloop
  endfacet
  facet normal 0.321514 0.946905 0
    outer loop
      vertex -70.148 -2.77164 2
      vertex -69.7765 -2.89778 0
      vertex -70.148 -2.77164 0
    endloop
  endfacet
  facet normal 0.896936 -0.44216 0
    outer loop
      vertex -71.7716 1.14805 2
      vertex -71.5981 1.5 0
      vertex -71.5981 1.5 2
    endloop
  endfacet
  facet normal 0.896936 -0.44216 0
    outer loop
      vertex -71.5981 1.5 0
      vertex -71.7716 1.14805 2
      vertex -71.7716 1.14805 0
    endloop
  endfacet
  facet normal 0.195062 0.980791 -0
    outer loop
      vertex -69.3916 -2.97433 0
      vertex -69.7765 -2.89778 2
      vertex -69.3916 -2.97433 2
    endloop
  endfacet
  facet normal 0.195062 0.980791 0
    outer loop
      vertex -69.7765 -2.89778 2
      vertex -69.3916 -2.97433 0
      vertex -69.7765 -2.89778 0
    endloop
  endfacet
  facet normal -0.555558 -0.831477 0
    outer loop
      vertex -67.5 2.59808 0
      vertex -67.1737 2.38006 2
      vertex -67.5 2.59808 2
    endloop
  endfacet
  facet normal -0.555558 -0.831477 -0
    outer loop
      vertex -67.1737 2.38006 2
      vertex -67.5 2.59808 0
      vertex -67.1737 2.38006 0
    endloop
  endfacet
  facet normal -0.0654112 -0.997858 0
    outer loop
      vertex -69 3 0
      vertex -68.6084 2.97433 2
      vertex -69 3 2
    endloop
  endfacet
  facet normal -0.0654112 -0.997858 -0
    outer loop
      vertex -68.6084 2.97433 2
      vertex -69 3 0
      vertex -68.6084 2.97433 0
    endloop
  endfacet
  facet normal -0.751768 -0.659428 0
    outer loop
      vertex -66.6199 1.82628 0
      vertex -66.8787 2.12132 2
      vertex -66.8787 2.12132 0
    endloop
  endfacet
  facet normal -0.751768 -0.659428 0
    outer loop
      vertex -66.8787 2.12132 2
      vertex -66.6199 1.82628 0
      vertex -66.6199 1.82628 2
    endloop
  endfacet
  facet normal -0.896936 -0.44216 0
    outer loop
      vertex -66.2284 1.14805 0
      vertex -66.4019 1.5 2
      vertex -66.4019 1.5 0
    endloop
  endfacet
  facet normal -0.896936 -0.44216 0
    outer loop
      vertex -66.4019 1.5 2
      vertex -66.2284 1.14805 0
      vertex -66.2284 1.14805 2
    endloop
  endfacet
  facet normal -0.321514 -0.946905 0
    outer loop
      vertex -68.2235 2.89778 0
      vertex -67.852 2.77164 2
      vertex -68.2235 2.89778 2
    endloop
  endfacet
  facet normal -0.321514 -0.946905 -0
    outer loop
      vertex -67.852 2.77164 2
      vertex -68.2235 2.89778 0
      vertex -67.852 2.77164 0
    endloop
  endfacet
  facet normal -0.0654112 0.997858 0
    outer loop
      vertex -68.6084 -2.97433 0
      vertex -69 -3 2
      vertex -68.6084 -2.97433 2
    endloop
  endfacet
  facet normal -0.0654112 0.997858 0
    outer loop
      vertex -69 -3 2
      vertex -68.6084 -2.97433 0
      vertex -69 -3 0
    endloop
  endfacet
  facet normal 0.442233 -0.8969 0
    outer loop
      vertex -70.5 2.59808 0
      vertex -70.148 2.77164 2
      vertex -70.5 2.59808 2
    endloop
  endfacet
  facet normal 0.442233 -0.8969 0
    outer loop
      vertex -70.148 2.77164 2
      vertex -70.5 2.59808 0
      vertex -70.148 2.77164 0
    endloop
  endfacet
  facet normal -0.442233 -0.8969 0
    outer loop
      vertex -67.852 2.77164 0
      vertex -67.5 2.59808 2
      vertex -67.852 2.77164 2
    endloop
  endfacet
  facet normal -0.442233 -0.8969 -0
    outer loop
      vertex -67.5 2.59808 2
      vertex -67.852 2.77164 0
      vertex -67.5 2.59808 0
    endloop
  endfacet
  facet normal 0.195062 -0.980791 0
    outer loop
      vertex -69.7765 2.89778 0
      vertex -69.3916 2.97433 2
      vertex -69.7765 2.89778 2
    endloop
  endfacet
  facet normal 0.195062 -0.980791 0
    outer loop
      vertex -69.3916 2.97433 2
      vertex -69.7765 2.89778 0
      vertex -69.3916 2.97433 0
    endloop
  endfacet
  facet normal -0.980813 0.19495 0
    outer loop
      vertex -66.1022 -0.776457 0
      vertex -66.0257 -0.391578 2
      vertex -66.0257 -0.391578 0
    endloop
  endfacet
  facet normal -0.980813 0.19495 0
    outer loop
      vertex -66.0257 -0.391578 2
      vertex -66.1022 -0.776457 0
      vertex -66.1022 -0.776457 2
    endloop
  endfacet
  facet normal -0.831485 -0.555547 0
    outer loop
      vertex -66.4019 1.5 0
      vertex -66.6199 1.82628 2
      vertex -66.6199 1.82628 0
    endloop
  endfacet
  facet normal -0.831485 -0.555547 0
    outer loop
      vertex -66.6199 1.82628 2
      vertex -66.4019 1.5 0
      vertex -66.4019 1.5 2
    endloop
  endfacet
  facet normal -0.195062 -0.980791 0
    outer loop
      vertex -68.6084 2.97433 0
      vertex -68.2235 2.89778 2
      vertex -68.6084 2.97433 2
    endloop
  endfacet
  facet normal -0.195062 -0.980791 -0
    outer loop
      vertex -68.2235 2.89778 2
      vertex -68.6084 2.97433 0
      vertex -68.2235 2.89778 0
    endloop
  endfacet
  facet normal -0.997853 0.065491 0
    outer loop
      vertex -66.0257 -0.391578 0
      vertex -66 0 2
      vertex -66 0 0
    endloop
  endfacet
  facet normal -0.997853 0.065491 0
    outer loop
      vertex -66 0 2
      vertex -66.0257 -0.391578 0
      vertex -66.0257 -0.391578 2
    endloop
  endfacet
  facet normal -0.659392 0.751799 0
    outer loop
      vertex -66.8787 -2.12132 0
      vertex -67.1737 -2.38006 2
      vertex -66.8787 -2.12132 2
    endloop
  endfacet
  facet normal -0.659392 0.751799 0
    outer loop
      vertex -67.1737 -2.38006 2
      vertex -66.8787 -2.12132 0
      vertex -67.1737 -2.38006 0
    endloop
  endfacet
  facet normal 0.946883 -0.321579 0
    outer loop
      vertex -71.8978 0.776457 2
      vertex -71.7716 1.14805 0
      vertex -71.7716 1.14805 2
    endloop
  endfacet
  facet normal 0.946883 -0.321579 0
    outer loop
      vertex -71.7716 1.14805 0
      vertex -71.8978 0.776457 2
      vertex -71.8978 0.776457 0
    endloop
  endfacet
  facet normal -0.946883 -0.321579 0
    outer loop
      vertex -66.1022 0.776457 0
      vertex -66.2284 1.14805 2
      vertex -66.2284 1.14805 0
    endloop
  endfacet
  facet normal -0.946883 -0.321579 0
    outer loop
      vertex -66.2284 1.14805 2
      vertex -66.1022 0.776457 0
      vertex -66.1022 0.776457 2
    endloop
  endfacet
  facet normal -0.442233 0.8969 0
    outer loop
      vertex -67.5 -2.59808 0
      vertex -67.852 -2.77164 2
      vertex -67.5 -2.59808 2
    endloop
  endfacet
  facet normal -0.442233 0.8969 0
    outer loop
      vertex -67.852 -2.77164 2
      vertex -67.5 -2.59808 0
      vertex -67.852 -2.77164 0
    endloop
  endfacet
  facet normal 0.321514 -0.946905 0
    outer loop
      vertex -70.148 2.77164 0
      vertex -69.7765 2.89778 2
      vertex -70.148 2.77164 2
    endloop
  endfacet
  facet normal 0.321514 -0.946905 0
    outer loop
      vertex -69.7765 2.89778 2
      vertex -70.148 2.77164 0
      vertex -69.7765 2.89778 0
    endloop
  endfacet
  facet normal 0.997853 -0.065491 0
    outer loop
      vertex -72 0 2
      vertex -71.9743 0.391578 0
      vertex -71.9743 0.391578 2
    endloop
  endfacet
  facet normal 0.997853 -0.065491 0
    outer loop
      vertex -71.9743 0.391578 0
      vertex -72 0 2
      vertex -72 0 0
    endloop
  endfacet
  facet normal 0.896936 0.44216 0
    outer loop
      vertex -71.5981 -1.5 2
      vertex -71.7716 -1.14805 0
      vertex -71.7716 -1.14805 2
    endloop
  endfacet
  facet normal 0.896936 0.44216 0
    outer loop
      vertex -71.7716 -1.14805 0
      vertex -71.5981 -1.5 2
      vertex -71.5981 -1.5 0
    endloop
  endfacet
  facet normal -0.946883 0.321579 0
    outer loop
      vertex -66.2284 -1.14805 0
      vertex -66.1022 -0.776457 2
      vertex -66.1022 -0.776457 0
    endloop
  endfacet
  facet normal -0.946883 0.321579 0
    outer loop
      vertex -66.1022 -0.776457 2
      vertex -66.2284 -1.14805 0
      vertex -66.2284 -1.14805 2
    endloop
  endfacet
  facet normal 0.659392 -0.751799 0
    outer loop
      vertex -71.1213 2.12132 0
      vertex -70.8263 2.38006 2
      vertex -71.1213 2.12132 2
    endloop
  endfacet
  facet normal 0.659392 -0.751799 0
    outer loop
      vertex -70.8263 2.38006 2
      vertex -71.1213 2.12132 0
      vertex -70.8263 2.38006 0
    endloop
  endfacet
  facet normal 0.831485 0.555547 0
    outer loop
      vertex -71.3801 -1.82628 2
      vertex -71.5981 -1.5 0
      vertex -71.5981 -1.5 2
    endloop
  endfacet
  facet normal 0.831485 0.555547 0
    outer loop
      vertex -71.5981 -1.5 0
      vertex -71.3801 -1.82628 2
      vertex -71.3801 -1.82628 0
    endloop
  endfacet
  facet normal -0.831485 0.555547 0
    outer loop
      vertex -66.6199 -1.82628 0
      vertex -66.4019 -1.5 2
      vertex -66.4019 -1.5 0
    endloop
  endfacet
  facet normal -0.831485 0.555547 0
    outer loop
      vertex -66.4019 -1.5 2
      vertex -66.6199 -1.82628 0
      vertex -66.6199 -1.82628 2
    endloop
  endfacet
  facet normal 0.946883 0.321579 0
    outer loop
      vertex -71.7716 -1.14805 2
      vertex -71.8978 -0.776457 0
      vertex -71.8978 -0.776457 2
    endloop
  endfacet
  facet normal 0.946883 0.321579 0
    outer loop
      vertex -71.8978 -0.776457 0
      vertex -71.7716 -1.14805 2
      vertex -71.7716 -1.14805 0
    endloop
  endfacet
  facet normal 0.0654112 -0.997858 0
    outer loop
      vertex -69.3916 2.97433 0
      vertex -69 3 2
      vertex -69.3916 2.97433 2
    endloop
  endfacet
  facet normal 0.0654112 -0.997858 0
    outer loop
      vertex -69 3 2
      vertex -69.3916 2.97433 0
      vertex -69 3 0
    endloop
  endfacet
  facet normal 0.659392 0.751799 -0
    outer loop
      vertex -70.8263 -2.38006 0
      vertex -71.1213 -2.12132 2
      vertex -70.8263 -2.38006 2
    endloop
  endfacet
  facet normal 0.659392 0.751799 0
    outer loop
      vertex -71.1213 -2.12132 2
      vertex -70.8263 -2.38006 0
      vertex -71.1213 -2.12132 0
    endloop
  endfacet
  facet normal 0.980813 0.19495 0
    outer loop
      vertex -71.8978 -0.776457 2
      vertex -71.9743 -0.391578 0
      vertex -71.9743 -0.391578 2
    endloop
  endfacet
  facet normal 0.980813 0.19495 0
    outer loop
      vertex -71.9743 -0.391578 0
      vertex -71.8978 -0.776457 2
      vertex -71.8978 -0.776457 0
    endloop
  endfacet
  facet normal 0.442233 0.8969 -0
    outer loop
      vertex -70.148 -2.77164 0
      vertex -70.5 -2.59808 2
      vertex -70.148 -2.77164 2
    endloop
  endfacet
  facet normal 0.442233 0.8969 0
    outer loop
      vertex -70.5 -2.59808 2
      vertex -70.148 -2.77164 0
      vertex -70.5 -2.59808 0
    endloop
  endfacet
  facet normal 0.555558 0.831477 -0
    outer loop
      vertex -70.5 -2.59808 0
      vertex -70.8263 -2.38006 2
      vertex -70.5 -2.59808 2
    endloop
  endfacet
  facet normal 0.555558 0.831477 0
    outer loop
      vertex -70.8263 -2.38006 2
      vertex -70.5 -2.59808 0
      vertex -70.8263 -2.38006 0
    endloop
  endfacet
endsolid OpenSCAD_Model
