solid OpenSCAD_Model
  facet normal 1 -0 0
    outer loop
      vertex 153.5 1.875 3
      vertex 153.5 33.5 0
      vertex 153.5 33.5 3
    endloop
  endfacet
  facet normal 1 0 0
    outer loop
      vertex 153.5 33.5 0
      vertex 153.5 1.875 3
      vertex 153.5 1.875 0
    endloop
  endfacet
  facet normal 1 -0 0
    outer loop
      vertex 153.5 -68.5 3
      vertex 153.5 -1.875 0
      vertex 153.5 -1.875 3
    endloop
  endfacet
  facet normal 1 0 0
    outer loop
      vertex 153.5 -1.875 0
      vertex 153.5 -68.5 3
      vertex 153.5 -68.5 0
    endloop
  endfacet
  facet normal 0 0 1
    outer loop
      vertex -1.875 33.5 3
      vertex -0.400001 23.5 3
      vertex -0.400001 31.14 3
    endloop
  endfacet
  facet normal 0 0 1
    outer loop
      vertex -1.875 33.5 3
      vertex -23.5 23.5 3
      vertex -0.400001 23.5 3
    endloop
  endfacet
  facet normal -0 0 1
    outer loop
      vertex -25.1001 28.4988 3
      vertex -23.5 23.5 3
      vertex -25.1 28.5 3
    endloop
  endfacet
  facet normal -0 0 1
    outer loop
      vertex -25.123 28.8947 3
      vertex -23.5 23.5 3
      vertex -1.875 33.5 3
    endloop
  endfacet
  facet normal 0 0 1
    outer loop
      vertex -23.5 23.5 3
      vertex -25.1001 28.5012 3
      vertex -25.1 28.5 3
    endloop
  endfacet
  facet normal 0 0 1
    outer loop
      vertex -23.5 23.5 3
      vertex -25.123 28.8947 3
      vertex -25.1001 28.5012 3
    endloop
  endfacet
  facet normal 0 0 1
    outer loop
      vertex -1.875 33.5 3
      vertex -25.1914 29.283 3
      vertex -25.123 28.8947 3
    endloop
  endfacet
  facet normal 0 0 1
    outer loop
      vertex -1.875 33.5 3
      vertex -25.1916 29.2841 3
      vertex -25.1914 29.283 3
    endloop
  endfacet
  facet normal 0 0 1
    outer loop
      vertex -1.875 33.5 3
      vertex -25.3047 29.6618 3
      vertex -25.1916 29.2841 3
    endloop
  endfacet
  facet normal 0 0 1
    outer loop
      vertex -1.875 33.5 3
      vertex -25.305 29.6629 3
      vertex -25.3047 29.6618 3
    endloop
  endfacet
  facet normal 0 0 1
    outer loop
      vertex -1.875 33.5 3
      vertex -25.4612 30.0249 3
      vertex -25.305 29.6629 3
    endloop
  endfacet
  facet normal 0 0 1
    outer loop
      vertex -1.875 33.5 3
      vertex -25.4616 30.0259 3
      vertex -25.4612 30.0249 3
    endloop
  endfacet
  facet normal 0 0 1
    outer loop
      vertex -1.875 33.5 3
      vertex -25.4622 30.0269 3
      vertex -25.4616 30.0259 3
    endloop
  endfacet
  facet normal 0 0 1
    outer loop
      vertex -1.875 33.5 3
      vertex -25.6593 30.3683 3
      vertex -25.4622 30.0269 3
    endloop
  endfacet
  facet normal 0 0 1
    outer loop
      vertex -1.875 33.5 3
      vertex -25.8948 30.6846 3
      vertex -25.6593 30.3683 3
    endloop
  endfacet
  facet normal 0 0 1
    outer loop
      vertex -1.875 33.5 3
      vertex -25.8954 30.6855 3
      vertex -25.8948 30.6846 3
    endloop
  endfacet
  facet normal 0 0 1
    outer loop
      vertex -1.875 33.5 3
      vertex -25.8962 30.6863 3
      vertex -25.8954 30.6855 3
    endloop
  endfacet
  facet normal 0 0 1
    outer loop
      vertex -1.875 33.5 3
      vertex -26.1668 30.9731 3
      vertex -25.8962 30.6863 3
    endloop
  endfacet
  facet normal 0 0 1
    outer loop
      vertex -1.875 33.5 3
      vertex -26.4688 31.2265 3
      vertex -26.1668 30.9731 3
    endloop
  endfacet
  facet normal 0 0 1
    outer loop
      vertex -1.875 33.5 3
      vertex -26.4697 31.2272 3
      vertex -26.4688 31.2265 3
    endloop
  endfacet
  facet normal 0 0 1
    outer loop
      vertex -1.875 33.5 3
      vertex -26.799 31.4439 3
      vertex -26.4697 31.2272 3
    endloop
  endfacet
  facet normal 0 0 1
    outer loop
      vertex -1.875 33.5 3
      vertex -26.8 31.4445 3
      vertex -26.799 31.4439 3
    endloop
  endfacet
  facet normal 0 0 1
    outer loop
      vertex -1.875 33.5 3
      vertex -27.1523 31.6214 3
      vertex -26.8 31.4445 3
    endloop
  endfacet
  facet normal 0 0 1
    outer loop
      vertex -1.875 33.5 3
      vertex -27.1533 31.6219 3
      vertex -27.1523 31.6214 3
    endloop
  endfacet
  facet normal 0 0 1
    outer loop
      vertex -1.875 33.5 3
      vertex -27.1544 31.6223 3
      vertex -27.1533 31.6219 3
    endloop
  endfacet
  facet normal 0 0 1
    outer loop
      vertex -1.875 33.5 3
      vertex -27.5249 31.7572 3
      vertex -27.1544 31.6223 3
    endloop
  endfacet
  facet normal 0 0 1
    outer loop
      vertex -1.875 33.5 3
      vertex -27.9085 31.8481 3
      vertex -27.5249 31.7572 3
    endloop
  endfacet
  facet normal 0 0 1
    outer loop
      vertex -1.875 33.5 3
      vertex -27.9096 31.8483 3
      vertex -27.9085 31.8481 3
    endloop
  endfacet
  facet normal -0 0 1
    outer loop
      vertex -33.5 33.5 3
      vertex -27.9096 31.8483 3
      vertex -1.875 33.5 3
    endloop
  endfacet
  facet normal 0 0 1
    outer loop
      vertex -27.9096 31.8483 3
      vertex -33.5 33.5 3
      vertex -27.9107 31.8485 3
    endloop
  endfacet
  facet normal 0 0 1
    outer loop
      vertex -27.9107 31.8485 3
      vertex -33.5 33.5 3
      vertex -28.3023 31.8942 3
    endloop
  endfacet
  facet normal 0 0 1
    outer loop
      vertex -33.5 33.5 3
      vertex -29.0915 31.8481 3
      vertex -29.0904 31.8483 3
    endloop
  endfacet
  facet normal 0 0 1
    outer loop
      vertex -33.5 33.5 3
      vertex -29.8477 31.6214 3
      vertex -29.8467 31.6219 3
    endloop
  endfacet
  facet normal 0 0 1
    outer loop
      vertex -33.5 33.5 3
      vertex -30.201 31.4439 3
      vertex -30.2 31.4445 3
    endloop
  endfacet
  facet normal 0 0 1
    outer loop
      vertex -33.5 33.5 3
      vertex -31.6953 29.6618 3
      vertex -31.695 29.6629 3
    endloop
  endfacet
  facet normal 0 0 1
    outer loop
      vertex -33.5 33.5 3
      vertex -31.8086 29.283 3
      vertex -31.8084 29.2841 3
    endloop
  endfacet
  facet normal 0 0 1
    outer loop
      vertex -33.5 33.5 3
      vertex -31.8999 28.5012 3
      vertex -31.877 28.8947 3
    endloop
  endfacet
  facet normal 0 0 1
    outer loop
      vertex -31.8999 28.5012 3
      vertex -33.5 33.5 3
      vertex -31.9 28.5 3
    endloop
  endfacet
  facet normal 0 0 1
    outer loop
      vertex -31.8086 29.283 3
      vertex -33.5 33.5 3
      vertex -31.877 28.8947 3
    endloop
  endfacet
  facet normal 0 0 1
    outer loop
      vertex -31.6953 29.6618 3
      vertex -33.5 33.5 3
      vertex -31.8084 29.2841 3
    endloop
  endfacet
  facet normal 0 0 1
    outer loop
      vertex -31.5388 30.0249 3
      vertex -33.5 33.5 3
      vertex -31.695 29.6629 3
    endloop
  endfacet
  facet normal 0 0 1
    outer loop
      vertex -31.5384 30.0259 3
      vertex -33.5 33.5 3
      vertex -31.5388 30.0249 3
    endloop
  endfacet
  facet normal 0 0 1
    outer loop
      vertex -31.5378 30.0269 3
      vertex -33.5 33.5 3
      vertex -31.5384 30.0259 3
    endloop
  endfacet
  facet normal 0 0 1
    outer loop
      vertex -31.3407 30.3683 3
      vertex -33.5 33.5 3
      vertex -31.5378 30.0269 3
    endloop
  endfacet
  facet normal 0 0 1
    outer loop
      vertex -31.1052 30.6846 3
      vertex -33.5 33.5 3
      vertex -31.3407 30.3683 3
    endloop
  endfacet
  facet normal 0 0 1
    outer loop
      vertex -31.1046 30.6855 3
      vertex -33.5 33.5 3
      vertex -31.1052 30.6846 3
    endloop
  endfacet
  facet normal 0 0 1
    outer loop
      vertex -31.1038 30.6863 3
      vertex -33.5 33.5 3
      vertex -31.1046 30.6855 3
    endloop
  endfacet
  facet normal 0 0 1
    outer loop
      vertex -30.8332 30.9731 3
      vertex -33.5 33.5 3
      vertex -31.1038 30.6863 3
    endloop
  endfacet
  facet normal 0 0 1
    outer loop
      vertex -30.5312 31.2265 3
      vertex -33.5 33.5 3
      vertex -30.8332 30.9731 3
    endloop
  endfacet
  facet normal 0 0 1
    outer loop
      vertex -30.5303 31.2272 3
      vertex -33.5 33.5 3
      vertex -30.5312 31.2265 3
    endloop
  endfacet
  facet normal 0 0 1
    outer loop
      vertex -30.201 31.4439 3
      vertex -33.5 33.5 3
      vertex -30.5303 31.2272 3
    endloop
  endfacet
  facet normal 0 0 1
    outer loop
      vertex -29.8477 31.6214 3
      vertex -33.5 33.5 3
      vertex -30.2 31.4445 3
    endloop
  endfacet
  facet normal 0 0 1
    outer loop
      vertex -29.8456 31.6223 3
      vertex -33.5 33.5 3
      vertex -29.8467 31.6219 3
    endloop
  endfacet
  facet normal 0 0 1
    outer loop
      vertex -29.4751 31.7572 3
      vertex -33.5 33.5 3
      vertex -29.8456 31.6223 3
    endloop
  endfacet
  facet normal 0 0 1
    outer loop
      vertex -29.0915 31.8481 3
      vertex -33.5 33.5 3
      vertex -29.4751 31.7572 3
    endloop
  endfacet
  facet normal 0 0 1
    outer loop
      vertex -29.0893 31.8485 3
      vertex -33.5 33.5 3
      vertex -29.0904 31.8483 3
    endloop
  endfacet
  facet normal 0 0 1
    outer loop
      vertex -28.6977 31.8942 3
      vertex -33.5 33.5 3
      vertex -29.0893 31.8485 3
    endloop
  endfacet
  facet normal 0 0 1
    outer loop
      vertex -28.3023 31.8942 3
      vertex -33.5 33.5 3
      vertex -28.6977 31.8942 3
    endloop
  endfacet
  facet normal -0 0 1
    outer loop
      vertex -25.123 28.1053 3
      vertex -23.5 23.5 3
      vertex -25.1001 28.4988 3
    endloop
  endfacet
  facet normal -0 0 1
    outer loop
      vertex -25.1914 27.717 3
      vertex -23.5 23.5 3
      vertex -25.123 28.1053 3
    endloop
  endfacet
  facet normal -0 0 1
    outer loop
      vertex -25.1916 27.7159 3
      vertex -23.5 23.5 3
      vertex -25.1914 27.717 3
    endloop
  endfacet
  facet normal -0 0 1
    outer loop
      vertex -25.3047 27.3382 3
      vertex -23.5 23.5 3
      vertex -25.1916 27.7159 3
    endloop
  endfacet
  facet normal -0 0 1
    outer loop
      vertex -25.305 27.3371 3
      vertex -23.5 23.5 3
      vertex -25.3047 27.3382 3
    endloop
  endfacet
  facet normal -0 0 1
    outer loop
      vertex -25.4612 26.9751 3
      vertex -23.5 23.5 3
      vertex -25.305 27.3371 3
    endloop
  endfacet
  facet normal -0 0 1
    outer loop
      vertex -25.4616 26.9741 3
      vertex -23.5 23.5 3
      vertex -25.4612 26.9751 3
    endloop
  endfacet
  facet normal -0 0 1
    outer loop
      vertex -25.4622 26.9731 3
      vertex -23.5 23.5 3
      vertex -25.4616 26.9741 3
    endloop
  endfacet
  facet normal -0 0 1
    outer loop
      vertex -25.6593 26.6317 3
      vertex -23.5 23.5 3
      vertex -25.4622 26.9731 3
    endloop
  endfacet
  facet normal -0 0 1
    outer loop
      vertex -25.8948 26.3154 3
      vertex -23.5 23.5 3
      vertex -25.6593 26.6317 3
    endloop
  endfacet
  facet normal -0 0 1
    outer loop
      vertex -25.8954 26.3145 3
      vertex -23.5 23.5 3
      vertex -25.8948 26.3154 3
    endloop
  endfacet
  facet normal -0 0 1
    outer loop
      vertex -25.8962 26.3137 3
      vertex -23.5 23.5 3
      vertex -25.8954 26.3145 3
    endloop
  endfacet
  facet normal -0 0 1
    outer loop
      vertex -26.1668 26.0269 3
      vertex -23.5 23.5 3
      vertex -25.8962 26.3137 3
    endloop
  endfacet
  facet normal -0 0 1
    outer loop
      vertex -26.4688 25.7735 3
      vertex -23.5 23.5 3
      vertex -26.1668 26.0269 3
    endloop
  endfacet
  facet normal -0 0 1
    outer loop
      vertex -26.4697 25.7728 3
      vertex -23.5 23.5 3
      vertex -26.4688 25.7735 3
    endloop
  endfacet
  facet normal -0 0 1
    outer loop
      vertex -26.799 25.5561 3
      vertex -23.5 23.5 3
      vertex -26.4697 25.7728 3
    endloop
  endfacet
  facet normal -0 0 1
    outer loop
      vertex -26.8 25.5555 3
      vertex -23.5 23.5 3
      vertex -26.799 25.5561 3
    endloop
  endfacet
  facet normal -0 0 1
    outer loop
      vertex -27.1523 25.3786 3
      vertex -23.5 23.5 3
      vertex -26.8 25.5555 3
    endloop
  endfacet
  facet normal -0 0 1
    outer loop
      vertex -27.1533 25.3781 3
      vertex -23.5 23.5 3
      vertex -27.1523 25.3786 3
    endloop
  endfacet
  facet normal -0 0 1
    outer loop
      vertex -27.1544 25.3777 3
      vertex -23.5 23.5 3
      vertex -27.1533 25.3781 3
    endloop
  endfacet
  facet normal -0 0 1
    outer loop
      vertex -27.5249 25.2428 3
      vertex -23.5 23.5 3
      vertex -27.1544 25.3777 3
    endloop
  endfacet
  facet normal -0 0 1
    outer loop
      vertex -27.9085 25.1519 3
      vertex -23.5 23.5 3
      vertex -27.5249 25.2428 3
    endloop
  endfacet
  facet normal -0 0 1
    outer loop
      vertex -27.9096 25.1517 3
      vertex -23.5 23.5 3
      vertex -27.9085 25.1519 3
    endloop
  endfacet
  facet normal -0 0 1
    outer loop
      vertex -27.9107 25.1515 3
      vertex -23.5 23.5 3
      vertex -27.9096 25.1517 3
    endloop
  endfacet
  facet normal -0 0 1
    outer loop
      vertex -28.3023 25.1058 3
      vertex -23.5 23.5 3
      vertex -27.9107 25.1515 3
    endloop
  endfacet
  facet normal -0 0 1
    outer loop
      vertex -28.6977 25.1058 3
      vertex -23.5 23.5 3
      vertex -28.3023 25.1058 3
    endloop
  endfacet
  facet normal 0 0 1
    outer loop
      vertex -23.5 23.5 3
      vertex -28.6977 25.1058 3
      vertex -33.5 1.875 3
    endloop
  endfacet
  facet normal 0 0 1
    outer loop
      vertex -33.5 1.875 3
      vertex -28.6977 25.1058 3
      vertex -29.0893 25.1515 3
    endloop
  endfacet
  facet normal 0 0 1
    outer loop
      vertex -33.5 1.875 3
      vertex -29.0893 25.1515 3
      vertex -29.0904 25.1517 3
    endloop
  endfacet
  facet normal 0 0 1
    outer loop
      vertex -33.5 1.875 3
      vertex -29.0904 25.1517 3
      vertex -29.0915 25.1519 3
    endloop
  endfacet
  facet normal 0 0 1
    outer loop
      vertex -33.5 1.875 3
      vertex -29.0915 25.1519 3
      vertex -29.4751 25.2428 3
    endloop
  endfacet
  facet normal 0 0 1
    outer loop
      vertex -33.5 1.875 3
      vertex -29.4751 25.2428 3
      vertex -29.8456 25.3777 3
    endloop
  endfacet
  facet normal 0 0 1
    outer loop
      vertex -33.5 1.875 3
      vertex -29.8456 25.3777 3
      vertex -29.8467 25.3781 3
    endloop
  endfacet
  facet normal 0 0 1
    outer loop
      vertex -33.5 1.875 3
      vertex -29.8467 25.3781 3
      vertex -29.8477 25.3786 3
    endloop
  endfacet
  facet normal 0 0 1
    outer loop
      vertex -33.5 1.875 3
      vertex -29.8477 25.3786 3
      vertex -30.2 25.5555 3
    endloop
  endfacet
  facet normal 0 0 1
    outer loop
      vertex -33.5 1.875 3
      vertex -30.2 25.5555 3
      vertex -30.201 25.5561 3
    endloop
  endfacet
  facet normal 0 0 1
    outer loop
      vertex -33.5 1.875 3
      vertex -30.201 25.5561 3
      vertex -30.5303 25.7728 3
    endloop
  endfacet
  facet normal 0 0 1
    outer loop
      vertex -33.5 1.875 3
      vertex -30.5303 25.7728 3
      vertex -30.5312 25.7735 3
    endloop
  endfacet
  facet normal 0 0 1
    outer loop
      vertex -33.5 1.875 3
      vertex -30.5312 25.7735 3
      vertex -30.8332 26.0269 3
    endloop
  endfacet
  facet normal 0 0 1
    outer loop
      vertex -33.5 1.875 3
      vertex -30.8332 26.0269 3
      vertex -31.1038 26.3137 3
    endloop
  endfacet
  facet normal 0 0 1
    outer loop
      vertex -33.5 1.875 3
      vertex -31.1038 26.3137 3
      vertex -31.1046 26.3145 3
    endloop
  endfacet
  facet normal 0 0 1
    outer loop
      vertex -33.5 1.875 3
      vertex -31.1046 26.3145 3
      vertex -31.1052 26.3154 3
    endloop
  endfacet
  facet normal 0 0 1
    outer loop
      vertex -23.5 23.5 3
      vertex -33.5 1.875 3
      vertex -23.5 0.4 3
    endloop
  endfacet
  facet normal 0 0 1
    outer loop
      vertex -33.5 1.875 3
      vertex -31.1052 26.3154 3
      vertex -31.3407 26.6317 3
    endloop
  endfacet
  facet normal 0 0 1
    outer loop
      vertex -33.5 1.875 3
      vertex -31.3407 26.6317 3
      vertex -31.5378 26.9731 3
    endloop
  endfacet
  facet normal 0 0 1
    outer loop
      vertex -33.5 1.875 3
      vertex -31.5378 26.9731 3
      vertex -31.5384 26.9741 3
    endloop
  endfacet
  facet normal 0 0 1
    outer loop
      vertex -33.5 1.875 3
      vertex -31.5384 26.9741 3
      vertex -31.5388 26.9751 3
    endloop
  endfacet
  facet normal 0 0 1
    outer loop
      vertex -33.5 1.875 3
      vertex -31.5388 26.9751 3
      vertex -31.695 27.3371 3
    endloop
  endfacet
  facet normal 0 0 1
    outer loop
      vertex -33.5 1.875 3
      vertex -31.695 27.3371 3
      vertex -31.6953 27.3382 3
    endloop
  endfacet
  facet normal 0 0 1
    outer loop
      vertex -33.5 1.875 3
      vertex -31.6953 27.3382 3
      vertex -31.8084 27.7159 3
    endloop
  endfacet
  facet normal 0 0 1
    outer loop
      vertex -33.5 33.5 3
      vertex -31.8084 27.7159 3
      vertex -31.8086 27.717 3
    endloop
  endfacet
  facet normal 0 0 1
    outer loop
      vertex -33.5 33.5 3
      vertex -31.8086 27.717 3
      vertex -31.877 28.1053 3
    endloop
  endfacet
  facet normal 0 0 1
    outer loop
      vertex -33.5 33.5 3
      vertex -31.877 28.1053 3
      vertex -31.8999 28.4988 3
    endloop
  endfacet
  facet normal 0 0 1
    outer loop
      vertex -33.5 33.5 3
      vertex -31.8999 28.4988 3
      vertex -31.9 28.5 3
    endloop
  endfacet
  facet normal 0 0 1
    outer loop
      vertex -31.8084 27.7159 3
      vertex -33.5 33.5 3
      vertex -33.5 1.875 3
    endloop
  endfacet
  facet normal 0 0 1
    outer loop
      vertex -23.5 0.4 3
      vertex -33.5 1.875 3
      vertex -31.14 0.4 3
    endloop
  endfacet
  facet normal 0 0 1
    outer loop
      vertex 151.9 28.4988 3
      vertex 153.5 33.5 3
      vertex 151.9 28.5 3
    endloop
  endfacet
  facet normal 0 0 1
    outer loop
      vertex 153.5 33.5 3
      vertex 151.9 28.5012 3
      vertex 151.9 28.5 3
    endloop
  endfacet
  facet normal 0 0 1
    outer loop
      vertex 153.5 33.5 3
      vertex 151.877 28.8947 3
      vertex 151.9 28.5012 3
    endloop
  endfacet
  facet normal 0 0 1
    outer loop
      vertex 153.5 33.5 3
      vertex 151.809 29.283 3
      vertex 151.877 28.8947 3
    endloop
  endfacet
  facet normal 0 0 1
    outer loop
      vertex 153.5 33.5 3
      vertex 151.808 29.2841 3
      vertex 151.809 29.283 3
    endloop
  endfacet
  facet normal 0 0 1
    outer loop
      vertex 153.5 33.5 3
      vertex 151.695 29.6618 3
      vertex 151.808 29.2841 3
    endloop
  endfacet
  facet normal 0 0 1
    outer loop
      vertex 153.5 33.5 3
      vertex 151.695 29.6629 3
      vertex 151.695 29.6618 3
    endloop
  endfacet
  facet normal 0 0 1
    outer loop
      vertex 153.5 33.5 3
      vertex 151.539 30.0249 3
      vertex 151.695 29.6629 3
    endloop
  endfacet
  facet normal 0 0 1
    outer loop
      vertex 153.5 33.5 3
      vertex 151.538 30.0259 3
      vertex 151.539 30.0249 3
    endloop
  endfacet
  facet normal 0 0 1
    outer loop
      vertex 153.5 33.5 3
      vertex 151.538 30.0269 3
      vertex 151.538 30.0259 3
    endloop
  endfacet
  facet normal 0 0 1
    outer loop
      vertex 153.5 33.5 3
      vertex 151.341 30.3683 3
      vertex 151.538 30.0269 3
    endloop
  endfacet
  facet normal 0 0 1
    outer loop
      vertex 153.5 33.5 3
      vertex 151.105 30.6846 3
      vertex 151.341 30.3683 3
    endloop
  endfacet
  facet normal 0 0 1
    outer loop
      vertex 153.5 33.5 3
      vertex 151.105 30.6855 3
      vertex 151.105 30.6846 3
    endloop
  endfacet
  facet normal 0 0 1
    outer loop
      vertex 153.5 33.5 3
      vertex 151.104 30.6863 3
      vertex 151.105 30.6855 3
    endloop
  endfacet
  facet normal 0 0 1
    outer loop
      vertex 153.5 33.5 3
      vertex 150.833 30.9731 3
      vertex 151.104 30.6863 3
    endloop
  endfacet
  facet normal 0 0 1
    outer loop
      vertex 153.5 33.5 3
      vertex 150.531 31.2265 3
      vertex 150.833 30.9731 3
    endloop
  endfacet
  facet normal 0 0 1
    outer loop
      vertex 153.5 33.5 3
      vertex 150.53 31.2272 3
      vertex 150.531 31.2265 3
    endloop
  endfacet
  facet normal 0 0 1
    outer loop
      vertex 153.5 33.5 3
      vertex 150.201 31.4439 3
      vertex 150.53 31.2272 3
    endloop
  endfacet
  facet normal 0 0 1
    outer loop
      vertex 153.5 33.5 3
      vertex 150.2 31.4445 3
      vertex 150.201 31.4439 3
    endloop
  endfacet
  facet normal 0 0 1
    outer loop
      vertex 153.5 33.5 3
      vertex 149.848 31.6214 3
      vertex 150.2 31.4445 3
    endloop
  endfacet
  facet normal 0 0 1
    outer loop
      vertex 153.5 33.5 3
      vertex 149.847 31.6219 3
      vertex 149.848 31.6214 3
    endloop
  endfacet
  facet normal 0 0 1
    outer loop
      vertex 153.5 33.5 3
      vertex 149.846 31.6223 3
      vertex 149.847 31.6219 3
    endloop
  endfacet
  facet normal 0 0 1
    outer loop
      vertex 153.5 33.5 3
      vertex 149.475 31.7572 3
      vertex 149.846 31.6223 3
    endloop
  endfacet
  facet normal 0 0 1
    outer loop
      vertex 153.5 33.5 3
      vertex 149.092 31.8481 3
      vertex 149.475 31.7572 3
    endloop
  endfacet
  facet normal 0 0 1
    outer loop
      vertex 153.5 33.5 3
      vertex 149.09 31.8483 3
      vertex 149.092 31.8481 3
    endloop
  endfacet
  facet normal 0 0 1
    outer loop
      vertex 153.5 33.5 3
      vertex 149.089 31.8485 3
      vertex 149.09 31.8483 3
    endloop
  endfacet
  facet normal 0 0 1
    outer loop
      vertex 153.5 33.5 3
      vertex 148.698 31.8942 3
      vertex 149.089 31.8485 3
    endloop
  endfacet
  facet normal 0 0 1
    outer loop
      vertex 153.5 33.5 3
      vertex 148.302 31.8942 3
      vertex 148.698 31.8942 3
    endloop
  endfacet
  facet normal 0 0 1
    outer loop
      vertex 153.5 33.5 3
      vertex 147.911 31.8485 3
      vertex 148.302 31.8942 3
    endloop
  endfacet
  facet normal 0 0 1
    outer loop
      vertex 153.5 33.5 3
      vertex 147.91 31.8483 3
      vertex 147.911 31.8485 3
    endloop
  endfacet
  facet normal 0 0 1
    outer loop
      vertex 153.5 33.5 3
      vertex 147.908 31.8481 3
      vertex 147.91 31.8483 3
    endloop
  endfacet
  facet normal 0 0 1
    outer loop
      vertex 153.5 33.5 3
      vertex 147.525 31.7572 3
      vertex 147.908 31.8481 3
    endloop
  endfacet
  facet normal 0 0 -1
    outer loop
      vertex 147.525 31.7572 3
      vertex 147.153 31.6219 3
      vertex 147.154 31.6223 3
    endloop
  endfacet
  facet normal 0 0 -1
    outer loop
      vertex 147.153 31.6219 3
      vertex 146.8 31.4445 3
      vertex 147.152 31.6214 3
    endloop
  endfacet
  facet normal 0 0 1
    outer loop
      vertex 145.895 30.6855 3
      vertex 145.659 30.3683 3
      vertex 145.895 30.6846 3
    endloop
  endfacet
  facet normal 0 0 1
    outer loop
      vertex 145.305 29.6629 3
      vertex 145.192 29.2841 3
      vertex 145.305 29.6618 3
    endloop
  endfacet
  facet normal 0 0 -1
    outer loop
      vertex 145.192 29.2841 3
      vertex 145.123 28.8947 3
      vertex 145.191 29.283 3
    endloop
  endfacet
  facet normal 0 0 1
    outer loop
      vertex 145.1 28.5012 3
      vertex 143.5 23.5 3
      vertex 145.1 28.5 3
    endloop
  endfacet
  facet normal 0 0 1
    outer loop
      vertex 145.123 28.8947 3
      vertex 143.5 23.5 3
      vertex 145.1 28.5012 3
    endloop
  endfacet
  facet normal 0 0 1
    outer loop
      vertex 145.192 29.2841 3
      vertex 143.5 23.5 3
      vertex 145.123 28.8947 3
    endloop
  endfacet
  facet normal 0 0 1
    outer loop
      vertex 145.192 29.2841 3
      vertex 90 24.5 3
      vertex 143.5 23.5 3
    endloop
  endfacet
  facet normal 0 0 1
    outer loop
      vertex 145.305 29.6629 3
      vertex 90 24.5 3
      vertex 145.192 29.2841 3
    endloop
  endfacet
  facet normal 0 0 1
    outer loop
      vertex 145.461 30.0249 3
      vertex 90 24.5 3
      vertex 145.305 29.6629 3
    endloop
  endfacet
  facet normal 0 0 1
    outer loop
      vertex 145.462 30.0259 3
      vertex 90 24.5 3
      vertex 145.461 30.0249 3
    endloop
  endfacet
  facet normal 0 0 1
    outer loop
      vertex 145.462 30.0269 3
      vertex 90 24.5 3
      vertex 145.462 30.0259 3
    endloop
  endfacet
  facet normal 0 0 1
    outer loop
      vertex 145.659 30.3683 3
      vertex 90 24.5 3
      vertex 145.462 30.0269 3
    endloop
  endfacet
  facet normal 0 0 1
    outer loop
      vertex 145.895 30.6855 3
      vertex 90 24.5 3
      vertex 145.659 30.3683 3
    endloop
  endfacet
  facet normal 0 0 1
    outer loop
      vertex 145.896 30.6863 3
      vertex 90 24.5 3
      vertex 145.895 30.6855 3
    endloop
  endfacet
  facet normal 0 0 1
    outer loop
      vertex 146.167 30.9731 3
      vertex 90 24.5 3
      vertex 145.896 30.6863 3
    endloop
  endfacet
  facet normal 0 0 1
    outer loop
      vertex 146.469 31.2265 3
      vertex 90 24.5 3
      vertex 146.167 30.9731 3
    endloop
  endfacet
  facet normal 0 0 1
    outer loop
      vertex 146.47 31.2272 3
      vertex 90 24.5 3
      vertex 146.469 31.2265 3
    endloop
  endfacet
  facet normal 0 0 1
    outer loop
      vertex 146.799 31.4439 3
      vertex 90 24.5 3
      vertex 146.47 31.2272 3
    endloop
  endfacet
  facet normal 0 0 1
    outer loop
      vertex 146.8 31.4445 3
      vertex 90 24.5 3
      vertex 146.799 31.4439 3
    endloop
  endfacet
  facet normal 0 0 1
    outer loop
      vertex 147.153 31.6219 3
      vertex 90 24.5 3
      vertex 146.8 31.4445 3
    endloop
  endfacet
  facet normal 0 0 1
    outer loop
      vertex 147.525 31.7572 3
      vertex 90 24.5 3
      vertex 147.153 31.6219 3
    endloop
  endfacet
  facet normal 0 0 1
    outer loop
      vertex 153.5 33.5 3
      vertex 90 24.5 3
      vertex 147.525 31.7572 3
    endloop
  endfacet
  facet normal -0 0 1
    outer loop
      vertex 1.875 33.5 3
      vertex 90 24.5 3
      vertex 153.5 33.5 3
    endloop
  endfacet
  facet normal 0 0 1
    outer loop
      vertex 90 24.5 3
      vertex 1.875 33.5 3
      vertex 20 24.5 3
    endloop
  endfacet
  facet normal 0 0 1
    outer loop
      vertex 0.4 23.5 3
      vertex 20 24.5 3
      vertex 1.875 33.5 3
    endloop
  endfacet
  facet normal 0 0 1
    outer loop
      vertex 0.4 23.5 3
      vertex 1.875 33.5 3
      vertex 0.4 31.14 3
    endloop
  endfacet
  facet normal 0 0 1
    outer loop
      vertex 20 24.5 3
      vertex 0.4 23.5 3
      vertex 20 23.5 3
    endloop
  endfacet
  facet normal 0 0 1
    outer loop
      vertex 151.877 28.1053 3
      vertex 153.5 33.5 3
      vertex 151.9 28.4988 3
    endloop
  endfacet
  facet normal 0 0 1
    outer loop
      vertex 151.809 27.717 3
      vertex 153.5 33.5 3
      vertex 151.877 28.1053 3
    endloop
  endfacet
  facet normal 0 0 -1
    outer loop
      vertex 151.808 27.7159 3
      vertex 153.5 33.5 3
      vertex 151.809 27.717 3
    endloop
  endfacet
  facet normal 0 0 1
    outer loop
      vertex 153.5 33.5 3
      vertex 151.808 27.7159 3
      vertex 153.5 1.875 3
    endloop
  endfacet
  facet normal -0 0 1
    outer loop
      vertex 151.695 27.3382 3
      vertex 153.5 1.875 3
      vertex 151.808 27.7159 3
    endloop
  endfacet
  facet normal -0 0 1
    outer loop
      vertex 151.695 27.3371 3
      vertex 153.5 1.875 3
      vertex 151.695 27.3382 3
    endloop
  endfacet
  facet normal -0 0 1
    outer loop
      vertex 151.539 26.9751 3
      vertex 153.5 1.875 3
      vertex 151.695 27.3371 3
    endloop
  endfacet
  facet normal -0 0 1
    outer loop
      vertex 151.538 26.9741 3
      vertex 153.5 1.875 3
      vertex 151.539 26.9751 3
    endloop
  endfacet
  facet normal -0 0 1
    outer loop
      vertex 151.538 26.9731 3
      vertex 153.5 1.875 3
      vertex 151.538 26.9741 3
    endloop
  endfacet
  facet normal -0 0 1
    outer loop
      vertex 151.341 26.6317 3
      vertex 153.5 1.875 3
      vertex 151.538 26.9731 3
    endloop
  endfacet
  facet normal -0 0 1
    outer loop
      vertex 151.105 26.3154 3
      vertex 153.5 1.875 3
      vertex 151.341 26.6317 3
    endloop
  endfacet
  facet normal -0 0 1
    outer loop
      vertex 151.105 26.3145 3
      vertex 153.5 1.875 3
      vertex 151.105 26.3154 3
    endloop
  endfacet
  facet normal -0 0 1
    outer loop
      vertex 151.104 26.3137 3
      vertex 153.5 1.875 3
      vertex 151.105 26.3145 3
    endloop
  endfacet
  facet normal -0 0 1
    outer loop
      vertex 150.833 26.0269 3
      vertex 153.5 1.875 3
      vertex 151.104 26.3137 3
    endloop
  endfacet
  facet normal -0 0 1
    outer loop
      vertex 150.531 25.7735 3
      vertex 153.5 1.875 3
      vertex 150.833 26.0269 3
    endloop
  endfacet
  facet normal -0 0 1
    outer loop
      vertex 150.53 25.7728 3
      vertex 153.5 1.875 3
      vertex 150.531 25.7735 3
    endloop
  endfacet
  facet normal -0 0 1
    outer loop
      vertex 150.201 25.5561 3
      vertex 153.5 1.875 3
      vertex 150.53 25.7728 3
    endloop
  endfacet
  facet normal -0 0 1
    outer loop
      vertex 150.2 25.5555 3
      vertex 153.5 1.875 3
      vertex 150.201 25.5561 3
    endloop
  endfacet
  facet normal -0 0 1
    outer loop
      vertex 149.848 25.3786 3
      vertex 153.5 1.875 3
      vertex 150.2 25.5555 3
    endloop
  endfacet
  facet normal -0 0 1
    outer loop
      vertex 149.847 25.3781 3
      vertex 153.5 1.875 3
      vertex 149.848 25.3786 3
    endloop
  endfacet
  facet normal -0 0 1
    outer loop
      vertex 149.846 25.3777 3
      vertex 153.5 1.875 3
      vertex 149.847 25.3781 3
    endloop
  endfacet
  facet normal -0 0 1
    outer loop
      vertex 149.475 25.2428 3
      vertex 153.5 1.875 3
      vertex 149.846 25.3777 3
    endloop
  endfacet
  facet normal -0 0 1
    outer loop
      vertex 149.092 25.1519 3
      vertex 153.5 1.875 3
      vertex 149.475 25.2428 3
    endloop
  endfacet
  facet normal -0 0 1
    outer loop
      vertex 149.09 25.1517 3
      vertex 153.5 1.875 3
      vertex 149.092 25.1519 3
    endloop
  endfacet
  facet normal -0 0 1
    outer loop
      vertex 149.089 25.1515 3
      vertex 153.5 1.875 3
      vertex 149.09 25.1517 3
    endloop
  endfacet
  facet normal -0 0 1
    outer loop
      vertex 148.698 25.1058 3
      vertex 153.5 1.875 3
      vertex 149.089 25.1515 3
    endloop
  endfacet
  facet normal -0 0 1
    outer loop
      vertex 143.5 23.5 3
      vertex 153.5 1.875 3
      vertex 148.698 25.1058 3
    endloop
  endfacet
  facet normal 0 0 1
    outer loop
      vertex 143.5 23.5 3
      vertex 148.698 25.1058 3
      vertex 148.302 25.1058 3
    endloop
  endfacet
  facet normal 0 0 1
    outer loop
      vertex 143.5 23.5 3
      vertex 148.302 25.1058 3
      vertex 147.911 25.1515 3
    endloop
  endfacet
  facet normal 0 0 1
    outer loop
      vertex 143.5 23.5 3
      vertex 147.911 25.1515 3
      vertex 147.91 25.1517 3
    endloop
  endfacet
  facet normal 0 0 1
    outer loop
      vertex 143.5 23.5 3
      vertex 147.91 25.1517 3
      vertex 147.908 25.1519 3
    endloop
  endfacet
  facet normal 0 0 1
    outer loop
      vertex 143.5 23.5 3
      vertex 147.908 25.1519 3
      vertex 147.525 25.2428 3
    endloop
  endfacet
  facet normal 0 0 1
    outer loop
      vertex 143.5 23.5 3
      vertex 147.525 25.2428 3
      vertex 147.154 25.3777 3
    endloop
  endfacet
  facet normal 0 0 1
    outer loop
      vertex 143.5 23.5 3
      vertex 147.154 25.3777 3
      vertex 147.153 25.3781 3
    endloop
  endfacet
  facet normal 0 0 1
    outer loop
      vertex 143.5 23.5 3
      vertex 147.153 25.3781 3
      vertex 147.152 25.3786 3
    endloop
  endfacet
  facet normal 0 0 1
    outer loop
      vertex 143.5 23.5 3
      vertex 147.152 25.3786 3
      vertex 146.8 25.5555 3
    endloop
  endfacet
  facet normal 0 0 1
    outer loop
      vertex 143.5 23.5 3
      vertex 146.8 25.5555 3
      vertex 146.799 25.5561 3
    endloop
  endfacet
  facet normal 0 0 1
    outer loop
      vertex 143.5 23.5 3
      vertex 146.799 25.5561 3
      vertex 146.47 25.7728 3
    endloop
  endfacet
  facet normal 0 0 1
    outer loop
      vertex 143.5 23.5 3
      vertex 146.47 25.7728 3
      vertex 146.469 25.7735 3
    endloop
  endfacet
  facet normal 0 0 1
    outer loop
      vertex 143.5 23.5 3
      vertex 146.469 25.7735 3
      vertex 146.167 26.0269 3
    endloop
  endfacet
  facet normal 0 0 1
    outer loop
      vertex 143.5 23.5 3
      vertex 146.167 26.0269 3
      vertex 145.896 26.3137 3
    endloop
  endfacet
  facet normal 0 0 1
    outer loop
      vertex 143.5 23.5 3
      vertex 145.896 26.3137 3
      vertex 145.895 26.3145 3
    endloop
  endfacet
  facet normal 0 0 1
    outer loop
      vertex 143.5 23.5 3
      vertex 145.895 26.3145 3
      vertex 145.895 26.3154 3
    endloop
  endfacet
  facet normal 0 0 1
    outer loop
      vertex 143.5 23.5 3
      vertex 145.895 26.3154 3
      vertex 145.659 26.6317 3
    endloop
  endfacet
  facet normal 0 0 1
    outer loop
      vertex 143.5 23.5 3
      vertex 145.659 26.6317 3
      vertex 145.462 26.9731 3
    endloop
  endfacet
  facet normal 0 0 1
    outer loop
      vertex 143.5 23.5 3
      vertex 145.462 26.9731 3
      vertex 145.462 26.9741 3
    endloop
  endfacet
  facet normal 0 0 1
    outer loop
      vertex 143.5 23.5 3
      vertex 145.462 26.9741 3
      vertex 145.461 26.9751 3
    endloop
  endfacet
  facet normal 0 0 1
    outer loop
      vertex 143.5 23.5 3
      vertex 145.461 26.9751 3
      vertex 145.305 27.3371 3
    endloop
  endfacet
  facet normal 0 0 1
    outer loop
      vertex 143.5 23.5 3
      vertex 145.305 27.3371 3
      vertex 145.305 27.3382 3
    endloop
  endfacet
  facet normal 0 0 1
    outer loop
      vertex 143.5 23.5 3
      vertex 145.305 27.3382 3
      vertex 145.192 27.7159 3
    endloop
  endfacet
  facet normal 0 0 1
    outer loop
      vertex 143.5 23.5 3
      vertex 145.191 27.717 3
      vertex 145.123 28.1053 3
    endloop
  endfacet
  facet normal 0 0 1
    outer loop
      vertex 143.5 23.5 3
      vertex 145.1 28.4988 3
      vertex 145.1 28.5 3
    endloop
  endfacet
  facet normal 0 0 1
    outer loop
      vertex 143.5 23.5 3
      vertex 145.123 28.1053 3
      vertex 145.1 28.4988 3
    endloop
  endfacet
  facet normal 0 0 1
    outer loop
      vertex 145.191 27.717 3
      vertex 143.5 23.5 3
      vertex 145.192 27.7159 3
    endloop
  endfacet
  facet normal 0 0 1
    outer loop
      vertex 143.5 0.4 3
      vertex 153.5 1.875 3
      vertex 143.5 23.5 3
    endloop
  endfacet
  facet normal 0 0 1
    outer loop
      vertex 153.5 1.875 3
      vertex 143.5 0.4 3
      vertex 151.14 0.4 3
    endloop
  endfacet
  facet normal 0 0 1
    outer loop
      vertex 143.5 23.5 3
      vertex 90 24.5 3
      vertex 90 23.5 3
    endloop
  endfacet
  facet normal -0 0 1
    outer loop
      vertex -33.5 -1.875 3
      vertex -23.5 -58.5 3
      vertex -23.5 -0.400001 3
    endloop
  endfacet
  facet normal 0 0 1
    outer loop
      vertex -23.5 -58.5 3
      vertex -25.1001 -63.4988 3
      vertex -25.1 -63.5 3
    endloop
  endfacet
  facet normal 0 0 1
    outer loop
      vertex -23.5 -58.5 3
      vertex -25.123 -63.1053 3
      vertex -25.1001 -63.4988 3
    endloop
  endfacet
  facet normal 0 0 1
    outer loop
      vertex -23.5 -58.5 3
      vertex -25.1914 -62.717 3
      vertex -25.123 -63.1053 3
    endloop
  endfacet
  facet normal 0 0 1
    outer loop
      vertex -23.5 -58.5 3
      vertex -25.1916 -62.7159 3
      vertex -25.1914 -62.717 3
    endloop
  endfacet
  facet normal 0 0 1
    outer loop
      vertex -23.5 -58.5 3
      vertex -25.3047 -62.3382 3
      vertex -25.1916 -62.7159 3
    endloop
  endfacet
  facet normal 0 0 1
    outer loop
      vertex -23.5 -58.5 3
      vertex -25.305 -62.3371 3
      vertex -25.3047 -62.3382 3
    endloop
  endfacet
  facet normal 0 0 1
    outer loop
      vertex -23.5 -58.5 3
      vertex -25.4612 -61.9751 3
      vertex -25.305 -62.3371 3
    endloop
  endfacet
  facet normal 0 0 1
    outer loop
      vertex -23.5 -58.5 3
      vertex -25.4616 -61.9741 3
      vertex -25.4612 -61.9751 3
    endloop
  endfacet
  facet normal 0 0 1
    outer loop
      vertex -23.5 -58.5 3
      vertex -25.4622 -61.9731 3
      vertex -25.4616 -61.9741 3
    endloop
  endfacet
  facet normal 0 0 1
    outer loop
      vertex -23.5 -58.5 3
      vertex -25.6593 -61.6317 3
      vertex -25.4622 -61.9731 3
    endloop
  endfacet
  facet normal 0 0 1
    outer loop
      vertex -23.5 -58.5 3
      vertex -25.8948 -61.3154 3
      vertex -25.6593 -61.6317 3
    endloop
  endfacet
  facet normal 0 0 1
    outer loop
      vertex -23.5 -58.5 3
      vertex -25.8954 -61.3145 3
      vertex -25.8948 -61.3154 3
    endloop
  endfacet
  facet normal 0 0 1
    outer loop
      vertex -23.5 -58.5 3
      vertex -25.8962 -61.3137 3
      vertex -25.8954 -61.3145 3
    endloop
  endfacet
  facet normal 0 0 1
    outer loop
      vertex -23.5 -58.5 3
      vertex -26.1668 -61.0269 3
      vertex -25.8962 -61.3137 3
    endloop
  endfacet
  facet normal 0 0 1
    outer loop
      vertex -23.5 -58.5 3
      vertex -26.4688 -60.7735 3
      vertex -26.1668 -61.0269 3
    endloop
  endfacet
  facet normal 0 0 1
    outer loop
      vertex -23.5 -58.5 3
      vertex -26.4697 -60.7728 3
      vertex -26.4688 -60.7735 3
    endloop
  endfacet
  facet normal 0 0 1
    outer loop
      vertex -23.5 -58.5 3
      vertex -26.799 -60.5561 3
      vertex -26.4697 -60.7728 3
    endloop
  endfacet
  facet normal 0 0 1
    outer loop
      vertex -23.5 -58.5 3
      vertex -26.8 -60.5555 3
      vertex -26.799 -60.5561 3
    endloop
  endfacet
  facet normal 0 0 1
    outer loop
      vertex -23.5 -58.5 3
      vertex -27.1523 -60.3786 3
      vertex -26.8 -60.5555 3
    endloop
  endfacet
  facet normal 0 0 1
    outer loop
      vertex -23.5 -58.5 3
      vertex -27.1533 -60.3781 3
      vertex -27.1523 -60.3786 3
    endloop
  endfacet
  facet normal 0 0 1
    outer loop
      vertex -23.5 -58.5 3
      vertex -27.1544 -60.3777 3
      vertex -27.1533 -60.3781 3
    endloop
  endfacet
  facet normal 0 0 1
    outer loop
      vertex -23.5 -58.5 3
      vertex -27.5249 -60.2428 3
      vertex -27.1544 -60.3777 3
    endloop
  endfacet
  facet normal 0 0 1
    outer loop
      vertex -23.5 -58.5 3
      vertex -27.9085 -60.1519 3
      vertex -27.5249 -60.2428 3
    endloop
  endfacet
  facet normal 0 0 1
    outer loop
      vertex -23.5 -58.5 3
      vertex -27.9096 -60.1517 3
      vertex -27.9085 -60.1519 3
    endloop
  endfacet
  facet normal 0 0 1
    outer loop
      vertex -23.5 -58.5 3
      vertex -27.9107 -60.1515 3
      vertex -27.9096 -60.1517 3
    endloop
  endfacet
  facet normal 0 -0 1
    outer loop
      vertex -29.0904 -60.1517 3
      vertex -23.5 -58.5 3
      vertex -33.5 -1.875 3
    endloop
  endfacet
  facet normal 0 0 1
    outer loop
      vertex -23.5 -58.5 3
      vertex -28.3023 -60.1058 3
      vertex -27.9107 -60.1515 3
    endloop
  endfacet
  facet normal 0 0 1
    outer loop
      vertex -23.5 -58.5 3
      vertex -28.6977 -60.1058 3
      vertex -28.3023 -60.1058 3
    endloop
  endfacet
  facet normal 0 0 1
    outer loop
      vertex -23.5 -58.5 3
      vertex -29.0893 -60.1515 3
      vertex -28.6977 -60.1058 3
    endloop
  endfacet
  facet normal 0 0 1
    outer loop
      vertex -23.5 -58.5 3
      vertex -29.0904 -60.1517 3
      vertex -29.0893 -60.1515 3
    endloop
  endfacet
  facet normal 0 0 1
    outer loop
      vertex -29.0904 -60.1517 3
      vertex -33.5 -1.875 3
      vertex -29.0915 -60.1519 3
    endloop
  endfacet
  facet normal 0 0 1
    outer loop
      vertex -29.0915 -60.1519 3
      vertex -33.5 -1.875 3
      vertex -29.4751 -60.2428 3
    endloop
  endfacet
  facet normal 0 0 1
    outer loop
      vertex -29.4751 -60.2428 3
      vertex -33.5 -1.875 3
      vertex -29.8456 -60.3777 3
    endloop
  endfacet
  facet normal 0 0 1
    outer loop
      vertex -29.8456 -60.3777 3
      vertex -33.5 -1.875 3
      vertex -29.8467 -60.3781 3
    endloop
  endfacet
  facet normal 0 0 1
    outer loop
      vertex -29.8467 -60.3781 3
      vertex -33.5 -1.875 3
      vertex -29.8477 -60.3786 3
    endloop
  endfacet
  facet normal 0 0 1
    outer loop
      vertex -29.8477 -60.3786 3
      vertex -33.5 -1.875 3
      vertex -30.2 -60.5555 3
    endloop
  endfacet
  facet normal 0 0 1
    outer loop
      vertex -30.2 -60.5555 3
      vertex -33.5 -1.875 3
      vertex -30.201 -60.5561 3
    endloop
  endfacet
  facet normal 0 0 1
    outer loop
      vertex -30.201 -60.5561 3
      vertex -33.5 -1.875 3
      vertex -30.5303 -60.7728 3
    endloop
  endfacet
  facet normal 0 0 1
    outer loop
      vertex -30.5303 -60.7728 3
      vertex -33.5 -1.875 3
      vertex -30.5312 -60.7735 3
    endloop
  endfacet
  facet normal 0 0 1
    outer loop
      vertex -30.5312 -60.7735 3
      vertex -33.5 -1.875 3
      vertex -30.8332 -61.0269 3
    endloop
  endfacet
  facet normal 0 0 1
    outer loop
      vertex -30.8332 -61.0269 3
      vertex -33.5 -1.875 3
      vertex -31.1038 -61.3137 3
    endloop
  endfacet
  facet normal 0 0 1
    outer loop
      vertex -31.1038 -61.3137 3
      vertex -33.5 -1.875 3
      vertex -31.1046 -61.3145 3
    endloop
  endfacet
  facet normal 0 0 1
    outer loop
      vertex -33.5 -1.875 3
      vertex -23.5 -0.400001 3
      vertex -31.14 -0.400001 3
    endloop
  endfacet
  facet normal 0 0 1
    outer loop
      vertex -31.1046 -61.3145 3
      vertex -33.5 -1.875 3
      vertex -31.1052 -61.3154 3
    endloop
  endfacet
  facet normal 0 0 1
    outer loop
      vertex -31.1052 -61.3154 3
      vertex -33.5 -1.875 3
      vertex -31.3407 -61.6317 3
    endloop
  endfacet
  facet normal 0 0 1
    outer loop
      vertex -31.3407 -61.6317 3
      vertex -33.5 -1.875 3
      vertex -31.5378 -61.9731 3
    endloop
  endfacet
  facet normal 0 0 1
    outer loop
      vertex -31.5378 -61.9731 3
      vertex -33.5 -1.875 3
      vertex -31.5384 -61.9741 3
    endloop
  endfacet
  facet normal 0 0 1
    outer loop
      vertex -31.5384 -61.9741 3
      vertex -33.5 -1.875 3
      vertex -31.5388 -61.9751 3
    endloop
  endfacet
  facet normal 0 0 1
    outer loop
      vertex -31.5388 -61.9751 3
      vertex -33.5 -1.875 3
      vertex -31.695 -62.3371 3
    endloop
  endfacet
  facet normal 0 0 1
    outer loop
      vertex -31.695 -62.3371 3
      vertex -33.5 -1.875 3
      vertex -31.6953 -62.3382 3
    endloop
  endfacet
  facet normal 0 0 1
    outer loop
      vertex -31.6953 -62.3382 3
      vertex -33.5 -1.875 3
      vertex -31.8084 -62.7159 3
    endloop
  endfacet
  facet normal 0 0 1
    outer loop
      vertex -33.5 -68.5 3
      vertex -31.8084 -62.7159 3
      vertex -33.5 -1.875 3
    endloop
  endfacet
  facet normal 0 0 1
    outer loop
      vertex -31.8084 -62.7159 3
      vertex -33.5 -68.5 3
      vertex -31.8086 -62.717 3
    endloop
  endfacet
  facet normal 0 0 1
    outer loop
      vertex -31.8086 -62.717 3
      vertex -33.5 -68.5 3
      vertex -31.877 -63.1053 3
    endloop
  endfacet
  facet normal 0 0 1
    outer loop
      vertex -31.877 -63.1053 3
      vertex -33.5 -68.5 3
      vertex -31.8999 -63.4988 3
    endloop
  endfacet
  facet normal 0 0 1
    outer loop
      vertex -0.400001 -58.5 3
      vertex -1.875 -68.5 3
      vertex -0.400001 -66.14 3
    endloop
  endfacet
  facet normal -0 0 1
    outer loop
      vertex -23.5 -58.5 3
      vertex -1.875 -68.5 3
      vertex -0.400001 -58.5 3
    endloop
  endfacet
  facet normal 0 0 1
    outer loop
      vertex -25.1001 -63.5012 3
      vertex -23.5 -58.5 3
      vertex -25.1 -63.5 3
    endloop
  endfacet
  facet normal 0 0 1
    outer loop
      vertex -25.123 -63.8947 3
      vertex -23.5 -58.5 3
      vertex -25.1001 -63.5012 3
    endloop
  endfacet
  facet normal 0 0 1
    outer loop
      vertex -23.5 -58.5 3
      vertex -25.123 -63.8947 3
      vertex -1.875 -68.5 3
    endloop
  endfacet
  facet normal -0 0 1
    outer loop
      vertex -25.1914 -64.283 3
      vertex -1.875 -68.5 3
      vertex -25.123 -63.8947 3
    endloop
  endfacet
  facet normal -0 0 1
    outer loop
      vertex -25.1916 -64.2841 3
      vertex -1.875 -68.5 3
      vertex -25.1914 -64.283 3
    endloop
  endfacet
  facet normal -0 0 1
    outer loop
      vertex -25.3047 -64.6618 3
      vertex -1.875 -68.5 3
      vertex -25.1916 -64.2841 3
    endloop
  endfacet
  facet normal -0 0 1
    outer loop
      vertex -25.305 -64.6629 3
      vertex -1.875 -68.5 3
      vertex -25.3047 -64.6618 3
    endloop
  endfacet
  facet normal -0 0 1
    outer loop
      vertex -25.4612 -65.0249 3
      vertex -1.875 -68.5 3
      vertex -25.305 -64.6629 3
    endloop
  endfacet
  facet normal -0 0 1
    outer loop
      vertex -25.4616 -65.0259 3
      vertex -1.875 -68.5 3
      vertex -25.4612 -65.0249 3
    endloop
  endfacet
  facet normal -0 0 1
    outer loop
      vertex -25.4622 -65.0269 3
      vertex -1.875 -68.5 3
      vertex -25.4616 -65.0259 3
    endloop
  endfacet
  facet normal -0 0 1
    outer loop
      vertex -25.6593 -65.3683 3
      vertex -1.875 -68.5 3
      vertex -25.4622 -65.0269 3
    endloop
  endfacet
  facet normal -0 0 1
    outer loop
      vertex -25.8948 -65.6845 3
      vertex -1.875 -68.5 3
      vertex -25.6593 -65.3683 3
    endloop
  endfacet
  facet normal -0 0 1
    outer loop
      vertex -25.8954 -65.6855 3
      vertex -1.875 -68.5 3
      vertex -25.8948 -65.6845 3
    endloop
  endfacet
  facet normal -0 0 1
    outer loop
      vertex -25.8962 -65.6863 3
      vertex -1.875 -68.5 3
      vertex -25.8954 -65.6855 3
    endloop
  endfacet
  facet normal -0 0 1
    outer loop
      vertex -26.1668 -65.9731 3
      vertex -1.875 -68.5 3
      vertex -25.8962 -65.6863 3
    endloop
  endfacet
  facet normal -0 0 1
    outer loop
      vertex -26.4688 -66.2265 3
      vertex -1.875 -68.5 3
      vertex -26.1668 -65.9731 3
    endloop
  endfacet
  facet normal -0 0 1
    outer loop
      vertex -26.4697 -66.2272 3
      vertex -1.875 -68.5 3
      vertex -26.4688 -66.2265 3
    endloop
  endfacet
  facet normal -0 0 1
    outer loop
      vertex -26.799 -66.4438 3
      vertex -1.875 -68.5 3
      vertex -26.4697 -66.2272 3
    endloop
  endfacet
  facet normal -0 0 1
    outer loop
      vertex -26.8 -66.4445 3
      vertex -1.875 -68.5 3
      vertex -26.799 -66.4438 3
    endloop
  endfacet
  facet normal -0 0 1
    outer loop
      vertex -27.1523 -66.6214 3
      vertex -1.875 -68.5 3
      vertex -26.8 -66.4445 3
    endloop
  endfacet
  facet normal -0 0 1
    outer loop
      vertex -27.1533 -66.6219 3
      vertex -1.875 -68.5 3
      vertex -27.1523 -66.6214 3
    endloop
  endfacet
  facet normal -0 0 1
    outer loop
      vertex -27.1544 -66.6223 3
      vertex -1.875 -68.5 3
      vertex -27.1533 -66.6219 3
    endloop
  endfacet
  facet normal -0 0 1
    outer loop
      vertex -27.5249 -66.7572 3
      vertex -1.875 -68.5 3
      vertex -27.1544 -66.6223 3
    endloop
  endfacet
  facet normal -0 0 1
    outer loop
      vertex -27.9085 -66.8481 3
      vertex -1.875 -68.5 3
      vertex -27.5249 -66.7572 3
    endloop
  endfacet
  facet normal -0 0 1
    outer loop
      vertex -27.9096 -66.8484 3
      vertex -1.875 -68.5 3
      vertex -27.9085 -66.8481 3
    endloop
  endfacet
  facet normal 0 0 1
    outer loop
      vertex -33.5 -68.5 3
      vertex -27.9096 -66.8484 3
      vertex -27.9107 -66.8485 3
    endloop
  endfacet
  facet normal 0 0 1
    outer loop
      vertex -33.5 -68.5 3
      vertex -27.9107 -66.8485 3
      vertex -28.3023 -66.8942 3
    endloop
  endfacet
  facet normal 0 0 1
    outer loop
      vertex -33.5 -68.5 3
      vertex -28.3023 -66.8942 3
      vertex -28.6977 -66.8942 3
    endloop
  endfacet
  facet normal 0 0 1
    outer loop
      vertex -33.5 -68.5 3
      vertex -29.0893 -66.8485 3
      vertex -29.0904 -66.8484 3
    endloop
  endfacet
  facet normal 0 0 1
    outer loop
      vertex -33.5 -68.5 3
      vertex -29.0915 -66.8481 3
      vertex -29.4751 -66.7572 3
    endloop
  endfacet
  facet normal 0 0 1
    outer loop
      vertex -33.5 -68.5 3
      vertex -29.8477 -66.6214 3
      vertex -30.2 -66.4445 3
    endloop
  endfacet
  facet normal 0 0 1
    outer loop
      vertex -33.5 -68.5 3
      vertex -30.201 -66.4438 3
      vertex -30.5303 -66.2272 3
    endloop
  endfacet
  facet normal 0 0 1
    outer loop
      vertex -33.5 -68.5 3
      vertex -31.1038 -65.6863 3
      vertex -31.1046 -65.6855 3
    endloop
  endfacet
  facet normal 0 0 1
    outer loop
      vertex -33.5 -68.5 3
      vertex -31.1052 -65.6845 3
      vertex -31.3407 -65.3683 3
    endloop
  endfacet
  facet normal 0 0 1
    outer loop
      vertex -33.5 -68.5 3
      vertex -31.5378 -65.0269 3
      vertex -31.5384 -65.0259 3
    endloop
  endfacet
  facet normal 0 0 1
    outer loop
      vertex -33.5 -68.5 3
      vertex -31.6953 -64.6618 3
      vertex -31.8084 -64.2841 3
    endloop
  endfacet
  facet normal 0 0 1
    outer loop
      vertex -33.5 -68.5 3
      vertex -31.8086 -64.283 3
      vertex -31.877 -63.8947 3
    endloop
  endfacet
  facet normal 0 0 1
    outer loop
      vertex -33.5 -68.5 3
      vertex -31.8999 -63.5012 3
      vertex -31.9 -63.5 3
    endloop
  endfacet
  facet normal 0 0 1
    outer loop
      vertex -27.9096 -66.8484 3
      vertex -33.5 -68.5 3
      vertex -1.875 -68.5 3
    endloop
  endfacet
  facet normal 0 0 1
    outer loop
      vertex -29.0893 -66.8485 3
      vertex -33.5 -68.5 3
      vertex -28.6977 -66.8942 3
    endloop
  endfacet
  facet normal 0 0 1
    outer loop
      vertex -29.0915 -66.8481 3
      vertex -33.5 -68.5 3
      vertex -29.0904 -66.8484 3
    endloop
  endfacet
  facet normal 0 0 1
    outer loop
      vertex -29.8456 -66.6223 3
      vertex -33.5 -68.5 3
      vertex -29.4751 -66.7572 3
    endloop
  endfacet
  facet normal 0 0 1
    outer loop
      vertex -29.8467 -66.6219 3
      vertex -33.5 -68.5 3
      vertex -29.8456 -66.6223 3
    endloop
  endfacet
  facet normal 0 0 1
    outer loop
      vertex -29.8477 -66.6214 3
      vertex -33.5 -68.5 3
      vertex -29.8467 -66.6219 3
    endloop
  endfacet
  facet normal 0 0 1
    outer loop
      vertex -30.201 -66.4438 3
      vertex -33.5 -68.5 3
      vertex -30.2 -66.4445 3
    endloop
  endfacet
  facet normal 0 0 1
    outer loop
      vertex -30.5312 -66.2265 3
      vertex -33.5 -68.5 3
      vertex -30.5303 -66.2272 3
    endloop
  endfacet
  facet normal 0 0 1
    outer loop
      vertex -30.8332 -65.9731 3
      vertex -33.5 -68.5 3
      vertex -30.5312 -66.2265 3
    endloop
  endfacet
  facet normal 0 0 1
    outer loop
      vertex -31.1038 -65.6863 3
      vertex -33.5 -68.5 3
      vertex -30.8332 -65.9731 3
    endloop
  endfacet
  facet normal 0 0 1
    outer loop
      vertex -31.1052 -65.6845 3
      vertex -33.5 -68.5 3
      vertex -31.1046 -65.6855 3
    endloop
  endfacet
  facet normal 0 0 1
    outer loop
      vertex -31.5378 -65.0269 3
      vertex -33.5 -68.5 3
      vertex -31.3407 -65.3683 3
    endloop
  endfacet
  facet normal 0 0 1
    outer loop
      vertex -31.5388 -65.0249 3
      vertex -33.5 -68.5 3
      vertex -31.5384 -65.0259 3
    endloop
  endfacet
  facet normal 0 0 1
    outer loop
      vertex -31.695 -64.6629 3
      vertex -33.5 -68.5 3
      vertex -31.5388 -65.0249 3
    endloop
  endfacet
  facet normal 0 0 1
    outer loop
      vertex -31.6953 -64.6618 3
      vertex -33.5 -68.5 3
      vertex -31.695 -64.6629 3
    endloop
  endfacet
  facet normal 0 0 1
    outer loop
      vertex -31.8086 -64.283 3
      vertex -33.5 -68.5 3
      vertex -31.8084 -64.2841 3
    endloop
  endfacet
  facet normal 0 0 1
    outer loop
      vertex -31.8999 -63.5012 3
      vertex -33.5 -68.5 3
      vertex -31.877 -63.8947 3
    endloop
  endfacet
  facet normal 0 0 1
    outer loop
      vertex -31.8999 -63.4988 3
      vertex -33.5 -68.5 3
      vertex -31.9 -63.5 3
    endloop
  endfacet
  facet normal -0 0 1
    outer loop
      vertex 151.808 -62.7159 3
      vertex 153.5 -68.5 3
      vertex 153.5 -1.875 3
    endloop
  endfacet
  facet normal 0 0 1
    outer loop
      vertex 153.5 -68.5 3
      vertex 151.9 -63.4988 3
      vertex 151.9 -63.5 3
    endloop
  endfacet
  facet normal 0 0 1
    outer loop
      vertex 153.5 -68.5 3
      vertex 151.877 -63.1053 3
      vertex 151.9 -63.4988 3
    endloop
  endfacet
  facet normal 0 0 1
    outer loop
      vertex 153.5 -68.5 3
      vertex 151.809 -62.717 3
      vertex 151.877 -63.1053 3
    endloop
  endfacet
  facet normal 0 0 -1
    outer loop
      vertex 153.5 -68.5 3
      vertex 151.808 -62.7159 3
      vertex 151.809 -62.717 3
    endloop
  endfacet
  facet normal 0 0 1
    outer loop
      vertex 153.5 -1.875 3
      vertex 151.695 -62.3382 3
      vertex 151.808 -62.7159 3
    endloop
  endfacet
  facet normal 0 0 1
    outer loop
      vertex 153.5 -1.875 3
      vertex 151.695 -62.3371 3
      vertex 151.695 -62.3382 3
    endloop
  endfacet
  facet normal 0 0 1
    outer loop
      vertex 153.5 -1.875 3
      vertex 151.539 -61.9751 3
      vertex 151.695 -62.3371 3
    endloop
  endfacet
  facet normal 0 0 1
    outer loop
      vertex 153.5 -1.875 3
      vertex 151.538 -61.9741 3
      vertex 151.539 -61.9751 3
    endloop
  endfacet
  facet normal 0 0 1
    outer loop
      vertex 153.5 -1.875 3
      vertex 151.538 -61.9731 3
      vertex 151.538 -61.9741 3
    endloop
  endfacet
  facet normal 0 0 1
    outer loop
      vertex 153.5 -1.875 3
      vertex 151.341 -61.6317 3
      vertex 151.538 -61.9731 3
    endloop
  endfacet
  facet normal 0 0 1
    outer loop
      vertex 144.5 -10.5 3
      vertex 153.5 -1.875 3
      vertex 151.14 -0.400001 3
    endloop
  endfacet
  facet normal 0 0 1
    outer loop
      vertex 153.5 -1.875 3
      vertex 144.5 -24.5 3
      vertex 151.341 -61.6317 3
    endloop
  endfacet
  facet normal 0 0 1
    outer loop
      vertex 151.341 -61.6317 3
      vertex 144.5 -24.5 3
      vertex 151.105 -61.3154 3
    endloop
  endfacet
  facet normal 0 0 -1
    outer loop
      vertex 151.105 -61.3154 3
      vertex 144.5 -24.5 3
      vertex 151.105 -61.3145 3
    endloop
  endfacet
  facet normal 0 0 1
    outer loop
      vertex 151.105 -61.3145 3
      vertex 144.5 -24.5 3
      vertex 151.104 -61.3137 3
    endloop
  endfacet
  facet normal 0 0 1
    outer loop
      vertex 151.104 -61.3137 3
      vertex 144.5 -24.5 3
      vertex 150.833 -61.0269 3
    endloop
  endfacet
  facet normal 0 0 1
    outer loop
      vertex 150.833 -61.0269 3
      vertex 144.5 -24.5 3
      vertex 150.531 -60.7735 3
    endloop
  endfacet
  facet normal 0 0 1
    outer loop
      vertex 150.531 -60.7735 3
      vertex 144.5 -24.5 3
      vertex 150.53 -60.7728 3
    endloop
  endfacet
  facet normal 0 0 1
    outer loop
      vertex 150.53 -60.7728 3
      vertex 144.5 -24.5 3
      vertex 150.201 -60.5561 3
    endloop
  endfacet
  facet normal 0 0 1
    outer loop
      vertex 150.201 -60.5561 3
      vertex 144.5 -24.5 3
      vertex 150.2 -60.5555 3
    endloop
  endfacet
  facet normal 0 0 1
    outer loop
      vertex 150.2 -60.5555 3
      vertex 144.5 -24.5 3
      vertex 149.848 -60.3786 3
    endloop
  endfacet
  facet normal 0 0 1
    outer loop
      vertex 149.848 -60.3786 3
      vertex 144.5 -24.5 3
      vertex 149.847 -60.3781 3
    endloop
  endfacet
  facet normal 0 0 1
    outer loop
      vertex 149.847 -60.3781 3
      vertex 144.5 -24.5 3
      vertex 149.846 -60.3777 3
    endloop
  endfacet
  facet normal 0 0 1
    outer loop
      vertex 149.846 -60.3777 3
      vertex 144.5 -24.5 3
      vertex 149.475 -60.2428 3
    endloop
  endfacet
  facet normal 0 0 1
    outer loop
      vertex 149.475 -60.2428 3
      vertex 144.5 -24.5 3
      vertex 149.092 -60.1519 3
    endloop
  endfacet
  facet normal 0 0 1
    outer loop
      vertex 149.092 -60.1519 3
      vertex 144.5 -24.5 3
      vertex 149.09 -60.1517 3
    endloop
  endfacet
  facet normal -0 0 1
    outer loop
      vertex 143.5 -58.5 3
      vertex 149.09 -60.1517 3
      vertex 144.5 -24.5 3
    endloop
  endfacet
  facet normal 0 0 1
    outer loop
      vertex 149.09 -60.1517 3
      vertex 143.5 -58.5 3
      vertex 149.089 -60.1515 3
    endloop
  endfacet
  facet normal 0 0 1
    outer loop
      vertex 149.089 -60.1515 3
      vertex 143.5 -58.5 3
      vertex 148.698 -60.1058 3
    endloop
  endfacet
  facet normal 0 0 1
    outer loop
      vertex 148.698 -60.1058 3
      vertex 143.5 -58.5 3
      vertex 148.302 -60.1058 3
    endloop
  endfacet
  facet normal 0 0 1
    outer loop
      vertex 148.302 -60.1058 3
      vertex 143.5 -58.5 3
      vertex 147.911 -60.1515 3
    endloop
  endfacet
  facet normal 0 0 1
    outer loop
      vertex 147.911 -60.1515 3
      vertex 143.5 -58.5 3
      vertex 147.91 -60.1517 3
    endloop
  endfacet
  facet normal 0 0 1
    outer loop
      vertex 147.91 -60.1517 3
      vertex 143.5 -58.5 3
      vertex 147.908 -60.1519 3
    endloop
  endfacet
  facet normal 0 0 1
    outer loop
      vertex 147.908 -60.1519 3
      vertex 143.5 -58.5 3
      vertex 147.525 -60.2428 3
    endloop
  endfacet
  facet normal 0 0 1
    outer loop
      vertex 147.525 -60.2428 3
      vertex 143.5 -58.5 3
      vertex 147.154 -60.3777 3
    endloop
  endfacet
  facet normal 0 0 1
    outer loop
      vertex 147.154 -60.3777 3
      vertex 143.5 -58.5 3
      vertex 147.153 -60.3781 3
    endloop
  endfacet
  facet normal 0 0 1
    outer loop
      vertex 147.153 -60.3781 3
      vertex 143.5 -58.5 3
      vertex 147.152 -60.3786 3
    endloop
  endfacet
  facet normal 0 0 1
    outer loop
      vertex 147.152 -60.3786 3
      vertex 143.5 -58.5 3
      vertex 146.8 -60.5555 3
    endloop
  endfacet
  facet normal 0 0 1
    outer loop
      vertex 146.8 -60.5555 3
      vertex 143.5 -58.5 3
      vertex 146.799 -60.5561 3
    endloop
  endfacet
  facet normal 0 0 1
    outer loop
      vertex 146.799 -60.5561 3
      vertex 143.5 -58.5 3
      vertex 146.47 -60.7728 3
    endloop
  endfacet
  facet normal 0 0 1
    outer loop
      vertex 146.47 -60.7728 3
      vertex 143.5 -58.5 3
      vertex 146.469 -60.7735 3
    endloop
  endfacet
  facet normal 0 0 1
    outer loop
      vertex 146.469 -60.7735 3
      vertex 143.5 -58.5 3
      vertex 146.167 -61.0269 3
    endloop
  endfacet
  facet normal 0 0 1
    outer loop
      vertex 146.167 -61.0269 3
      vertex 143.5 -58.5 3
      vertex 145.896 -61.3137 3
    endloop
  endfacet
  facet normal 0 0 1
    outer loop
      vertex 145.896 -61.3137 3
      vertex 143.5 -58.5 3
      vertex 145.895 -61.3145 3
    endloop
  endfacet
  facet normal 0 0 1
    outer loop
      vertex 145.895 -61.3145 3
      vertex 143.5 -58.5 3
      vertex 145.895 -61.3154 3
    endloop
  endfacet
  facet normal 0 0 1
    outer loop
      vertex 145.895 -61.3154 3
      vertex 143.5 -58.5 3
      vertex 145.659 -61.6317 3
    endloop
  endfacet
  facet normal 0 0 1
    outer loop
      vertex 145.659 -61.6317 3
      vertex 143.5 -58.5 3
      vertex 145.462 -61.9731 3
    endloop
  endfacet
  facet normal 0 0 1
    outer loop
      vertex 145.462 -61.9731 3
      vertex 143.5 -58.5 3
      vertex 145.462 -61.9741 3
    endloop
  endfacet
  facet normal 0 0 1
    outer loop
      vertex 145.462 -61.9741 3
      vertex 143.5 -58.5 3
      vertex 145.461 -61.9751 3
    endloop
  endfacet
  facet normal 0 0 1
    outer loop
      vertex 145.461 -61.9751 3
      vertex 143.5 -58.5 3
      vertex 145.305 -62.3371 3
    endloop
  endfacet
  facet normal 0 0 1
    outer loop
      vertex 145.305 -62.3371 3
      vertex 143.5 -58.5 3
      vertex 145.305 -62.3382 3
    endloop
  endfacet
  facet normal 0 0 1
    outer loop
      vertex 145.305 -62.3382 3
      vertex 143.5 -58.5 3
      vertex 145.192 -62.7159 3
    endloop
  endfacet
  facet normal 0 0 1
    outer loop
      vertex 145.191 -62.717 3
      vertex 143.5 -58.5 3
      vertex 145.123 -63.1053 3
    endloop
  endfacet
  facet normal 0 0 1
    outer loop
      vertex 145.192 -62.7159 3
      vertex 143.5 -58.5 3
      vertex 145.191 -62.717 3
    endloop
  endfacet
  facet normal 0 0 1
    outer loop
      vertex 153.5 -1.875 3
      vertex 144.5 -10.5 3
      vertex 144.5 -24.5 3
    endloop
  endfacet
  facet normal -0 0 1
    outer loop
      vertex 143.5 -0.400001 3
      vertex 144.5 -10.5 3
      vertex 151.14 -0.400001 3
    endloop
  endfacet
  facet normal 0 0 1
    outer loop
      vertex 144.5 -10.5 3
      vertex 143.5 -0.400001 3
      vertex 143.5 -10.5 3
    endloop
  endfacet
  facet normal -0 0 1
    outer loop
      vertex 151.9 -63.5012 3
      vertex 153.5 -68.5 3
      vertex 151.9 -63.5 3
    endloop
  endfacet
  facet normal -0 0 1
    outer loop
      vertex 151.877 -63.8947 3
      vertex 153.5 -68.5 3
      vertex 151.9 -63.5012 3
    endloop
  endfacet
  facet normal -0 0 1
    outer loop
      vertex 151.809 -64.283 3
      vertex 153.5 -68.5 3
      vertex 151.877 -63.8947 3
    endloop
  endfacet
  facet normal -0 0 1
    outer loop
      vertex 151.808 -64.2841 3
      vertex 153.5 -68.5 3
      vertex 151.809 -64.283 3
    endloop
  endfacet
  facet normal -0 0 1
    outer loop
      vertex 151.695 -64.6618 3
      vertex 153.5 -68.5 3
      vertex 151.808 -64.2841 3
    endloop
  endfacet
  facet normal -0 0 1
    outer loop
      vertex 151.695 -64.6629 3
      vertex 153.5 -68.5 3
      vertex 151.695 -64.6618 3
    endloop
  endfacet
  facet normal -0 0 1
    outer loop
      vertex 151.539 -65.0249 3
      vertex 153.5 -68.5 3
      vertex 151.695 -64.6629 3
    endloop
  endfacet
  facet normal -0 0 1
    outer loop
      vertex 151.538 -65.0259 3
      vertex 153.5 -68.5 3
      vertex 151.539 -65.0249 3
    endloop
  endfacet
  facet normal -0 0 1
    outer loop
      vertex 151.538 -65.0269 3
      vertex 153.5 -68.5 3
      vertex 151.538 -65.0259 3
    endloop
  endfacet
  facet normal -0 0 1
    outer loop
      vertex 151.341 -65.3683 3
      vertex 153.5 -68.5 3
      vertex 151.538 -65.0269 3
    endloop
  endfacet
  facet normal -0 0 1
    outer loop
      vertex 151.105 -65.6845 3
      vertex 153.5 -68.5 3
      vertex 151.341 -65.3683 3
    endloop
  endfacet
  facet normal -0 0 1
    outer loop
      vertex 151.105 -65.6855 3
      vertex 153.5 -68.5 3
      vertex 151.105 -65.6845 3
    endloop
  endfacet
  facet normal -0 0 1
    outer loop
      vertex 151.104 -65.6863 3
      vertex 153.5 -68.5 3
      vertex 151.105 -65.6855 3
    endloop
  endfacet
  facet normal -0 0 1
    outer loop
      vertex 150.833 -65.9731 3
      vertex 153.5 -68.5 3
      vertex 151.104 -65.6863 3
    endloop
  endfacet
  facet normal -0 0 1
    outer loop
      vertex 150.531 -66.2265 3
      vertex 153.5 -68.5 3
      vertex 150.833 -65.9731 3
    endloop
  endfacet
  facet normal -0 0 1
    outer loop
      vertex 150.53 -66.2272 3
      vertex 153.5 -68.5 3
      vertex 150.531 -66.2265 3
    endloop
  endfacet
  facet normal -0 0 1
    outer loop
      vertex 150.201 -66.4438 3
      vertex 153.5 -68.5 3
      vertex 150.53 -66.2272 3
    endloop
  endfacet
  facet normal -0 0 1
    outer loop
      vertex 150.2 -66.4445 3
      vertex 153.5 -68.5 3
      vertex 150.201 -66.4438 3
    endloop
  endfacet
  facet normal -0 0 1
    outer loop
      vertex 149.848 -66.6214 3
      vertex 153.5 -68.5 3
      vertex 150.2 -66.4445 3
    endloop
  endfacet
  facet normal -0 0 1
    outer loop
      vertex 149.847 -66.6219 3
      vertex 153.5 -68.5 3
      vertex 149.848 -66.6214 3
    endloop
  endfacet
  facet normal -0 0 1
    outer loop
      vertex 149.846 -66.6223 3
      vertex 153.5 -68.5 3
      vertex 149.847 -66.6219 3
    endloop
  endfacet
  facet normal -0 0 1
    outer loop
      vertex 149.475 -66.7572 3
      vertex 153.5 -68.5 3
      vertex 149.846 -66.6223 3
    endloop
  endfacet
  facet normal -0 0 1
    outer loop
      vertex 149.092 -66.8481 3
      vertex 153.5 -68.5 3
      vertex 149.475 -66.7572 3
    endloop
  endfacet
  facet normal -0 0 1
    outer loop
      vertex 149.09 -66.8484 3
      vertex 153.5 -68.5 3
      vertex 149.092 -66.8481 3
    endloop
  endfacet
  facet normal -0 0 1
    outer loop
      vertex 149.089 -66.8485 3
      vertex 153.5 -68.5 3
      vertex 149.09 -66.8484 3
    endloop
  endfacet
  facet normal -0 0 1
    outer loop
      vertex 148.698 -66.8942 3
      vertex 153.5 -68.5 3
      vertex 149.089 -66.8485 3
    endloop
  endfacet
  facet normal -0 0 1
    outer loop
      vertex 148.302 -66.8942 3
      vertex 153.5 -68.5 3
      vertex 148.698 -66.8942 3
    endloop
  endfacet
  facet normal 0 0 1
    outer loop
      vertex 147.911 -66.8485 3
      vertex 153.5 -68.5 3
      vertex 148.302 -66.8942 3
    endloop
  endfacet
  facet normal 0 0 1
    outer loop
      vertex 147.91 -66.8484 3
      vertex 153.5 -68.5 3
      vertex 147.911 -66.8485 3
    endloop
  endfacet
  facet normal 0 0 1
    outer loop
      vertex 147.908 -66.8481 3
      vertex 153.5 -68.5 3
      vertex 147.91 -66.8484 3
    endloop
  endfacet
  facet normal 0 0 1
    outer loop
      vertex 147.525 -66.7572 3
      vertex 153.5 -68.5 3
      vertex 147.908 -66.8481 3
    endloop
  endfacet
  facet normal 0 0 -1
    outer loop
      vertex 147.153 -66.6219 3
      vertex 147.525 -66.7572 3
      vertex 147.154 -66.6223 3
    endloop
  endfacet
  facet normal 0 0 -1
    outer loop
      vertex 146.8 -66.4445 3
      vertex 147.153 -66.6219 3
      vertex 147.152 -66.6214 3
    endloop
  endfacet
  facet normal 0 0 1
    outer loop
      vertex 145.895 -65.6855 3
      vertex 146.167 -65.9731 3
      vertex 145.896 -65.6863 3
    endloop
  endfacet
  facet normal 0 0 1
    outer loop
      vertex 145.659 -65.3683 3
      vertex 145.895 -65.6855 3
      vertex 145.895 -65.6845 3
    endloop
  endfacet
  facet normal 0 0 1
    outer loop
      vertex 145.192 -64.2841 3
      vertex 145.305 -64.6629 3
      vertex 145.305 -64.6618 3
    endloop
  endfacet
  facet normal 0 0 -1
    outer loop
      vertex 145.123 -63.8947 3
      vertex 145.192 -64.2841 3
      vertex 145.191 -64.283 3
    endloop
  endfacet
  facet normal 0 0 1
    outer loop
      vertex 145.123 -63.1053 3
      vertex 143.5 -58.5 3
      vertex 145.1 -63.4988 3
    endloop
  endfacet
  facet normal 0 0 1
    outer loop
      vertex 143.5 -58.5 3
      vertex 144.5 -24.5 3
      vertex 143.5 -24.5 3
    endloop
  endfacet
  facet normal 0 0 1
    outer loop
      vertex 145.1 -63.4988 3
      vertex 143.5 -58.5 3
      vertex 145.1 -63.5 3
    endloop
  endfacet
  facet normal 0 0 1
    outer loop
      vertex 143.5 -58.5 3
      vertex 145.1 -63.5012 3
      vertex 145.1 -63.5 3
    endloop
  endfacet
  facet normal 0 0 1
    outer loop
      vertex 143.5 -58.5 3
      vertex 145.123 -63.8947 3
      vertex 145.1 -63.5012 3
    endloop
  endfacet
  facet normal 0 0 1
    outer loop
      vertex 143.5 -58.5 3
      vertex 145.192 -64.2841 3
      vertex 145.123 -63.8947 3
    endloop
  endfacet
  facet normal 0 0 1
    outer loop
      vertex 72.3783 -58.7397 3
      vertex 143.5 -58.5 3
      vertex 72.4078 -58.5 3
    endloop
  endfacet
  facet normal 0 0 1
    outer loop
      vertex 72.3101 -59.1706 3
      vertex 143.5 -58.5 3
      vertex 72.3783 -58.7397 3
    endloop
  endfacet
  facet normal 0 0 1
    outer loop
      vertex 72.2268 -59.5989 3
      vertex 143.5 -58.5 3
      vertex 72.3101 -59.1706 3
    endloop
  endfacet
  facet normal 0 0 1
    outer loop
      vertex 72.1287 -60.024 3
      vertex 143.5 -58.5 3
      vertex 72.2268 -59.5989 3
    endloop
  endfacet
  facet normal 0 0 1
    outer loop
      vertex 72.0158 -60.4455 3
      vertex 143.5 -58.5 3
      vertex 72.1287 -60.024 3
    endloop
  endfacet
  facet normal 0 0 1
    outer loop
      vertex 143.5 -58.5 3
      vertex 72.0158 -60.4455 3
      vertex 145.192 -64.2841 3
    endloop
  endfacet
  facet normal -0 0 1
    outer loop
      vertex 71.8882 -60.8627 3
      vertex 145.192 -64.2841 3
      vertex 72.0158 -60.4455 3
    endloop
  endfacet
  facet normal -0 0 1
    outer loop
      vertex 71.7462 -61.2753 3
      vertex 145.192 -64.2841 3
      vertex 71.8882 -60.8627 3
    endloop
  endfacet
  facet normal 0 0 1
    outer loop
      vertex 145.192 -64.2841 3
      vertex 71.7462 -61.2753 3
      vertex 145.305 -64.6629 3
    endloop
  endfacet
  facet normal -0 0 1
    outer loop
      vertex 71.5898 -61.6826 3
      vertex 145.305 -64.6629 3
      vertex 71.7462 -61.2753 3
    endloop
  endfacet
  facet normal -0 0 1
    outer loop
      vertex 71.4193 -62.0842 3
      vertex 145.305 -64.6629 3
      vertex 71.5898 -61.6826 3
    endloop
  endfacet
  facet normal -0 0 1
    outer loop
      vertex 71.2349 -62.4796 3
      vertex 145.305 -64.6629 3
      vertex 71.4193 -62.0842 3
    endloop
  endfacet
  facet normal 0 0 1
    outer loop
      vertex 145.305 -64.6629 3
      vertex 71.2349 -62.4796 3
      vertex 145.461 -65.0249 3
    endloop
  endfacet
  facet normal 0 0 1
    outer loop
      vertex 145.461 -65.0249 3
      vertex 71.2349 -62.4796 3
      vertex 145.462 -65.0259 3
    endloop
  endfacet
  facet normal -0 0 1
    outer loop
      vertex 71.0368 -62.8684 3
      vertex 145.462 -65.0259 3
      vertex 71.2349 -62.4796 3
    endloop
  endfacet
  facet normal -0 0 1
    outer loop
      vertex 70.8253 -63.25 3
      vertex 145.462 -65.0259 3
      vertex 71.0368 -62.8684 3
    endloop
  endfacet
  facet normal -0 0 1
    outer loop
      vertex 70.6006 -63.624 3
      vertex 145.462 -65.0259 3
      vertex 70.8253 -63.25 3
    endloop
  endfacet
  facet normal 0 0 1
    outer loop
      vertex 145.462 -65.0259 3
      vertex 70.6006 -63.624 3
      vertex 145.462 -65.0269 3
    endloop
  endfacet
  facet normal 0 0 1
    outer loop
      vertex 145.462 -65.0269 3
      vertex 70.6006 -63.624 3
      vertex 145.659 -65.3683 3
    endloop
  endfacet
  facet normal -0 0 1
    outer loop
      vertex 70.363 -63.9899 3
      vertex 145.659 -65.3683 3
      vertex 70.6006 -63.624 3
    endloop
  endfacet
  facet normal -0 0 1
    outer loop
      vertex 70.1127 -64.3473 3
      vertex 145.659 -65.3683 3
      vertex 70.363 -63.9899 3
    endloop
  endfacet
  facet normal -0 0 1
    outer loop
      vertex 69.8501 -64.6958 3
      vertex 145.659 -65.3683 3
      vertex 70.1127 -64.3473 3
    endloop
  endfacet
  facet normal 0 0 1
    outer loop
      vertex 145.659 -65.3683 3
      vertex 69.8501 -64.6958 3
      vertex 145.895 -65.6855 3
    endloop
  endfacet
  facet normal -0 0 1
    outer loop
      vertex 69.5756 -65.0348 3
      vertex 145.895 -65.6855 3
      vertex 69.8501 -64.6958 3
    endloop
  endfacet
  facet normal -0 0 1
    outer loop
      vertex 69.2893 -65.3641 3
      vertex 145.895 -65.6855 3
      vertex 69.5756 -65.0348 3
    endloop
  endfacet
  facet normal -0 0 1
    outer loop
      vertex 68.9917 -65.6832 3
      vertex 145.895 -65.6855 3
      vertex 69.2893 -65.3641 3
    endloop
  endfacet
  facet normal 0 0 1
    outer loop
      vertex 145.895 -65.6855 3
      vertex 68.9917 -65.6832 3
      vertex 146.167 -65.9731 3
    endloop
  endfacet
  facet normal 0 0 1
    outer loop
      vertex 68.6832 -65.9917 3
      vertex 146.167 -65.9731 3
      vertex 68.9917 -65.6832 3
    endloop
  endfacet
  facet normal 0 0 1
    outer loop
      vertex 68.3641 -66.2893 3
      vertex 146.167 -65.9731 3
      vertex 68.6832 -65.9917 3
    endloop
  endfacet
  facet normal 0 0 1
    outer loop
      vertex 146.167 -65.9731 3
      vertex 68.3641 -66.2893 3
      vertex 146.469 -66.2265 3
    endloop
  endfacet
  facet normal 0 0 1
    outer loop
      vertex 68.0348 -66.5756 3
      vertex 146.469 -66.2265 3
      vertex 68.3641 -66.2893 3
    endloop
  endfacet
  facet normal 0 0 1
    outer loop
      vertex 146.469 -66.2265 3
      vertex 68.0348 -66.5756 3
      vertex 146.47 -66.2272 3
    endloop
  endfacet
  facet normal 0 0 1
    outer loop
      vertex 67.6958 -66.8501 3
      vertex 146.47 -66.2272 3
      vertex 68.0348 -66.5756 3
    endloop
  endfacet
  facet normal 0 0 1
    outer loop
      vertex 67.3473 -67.1127 3
      vertex 146.47 -66.2272 3
      vertex 67.6958 -66.8501 3
    endloop
  endfacet
  facet normal 0 0 1
    outer loop
      vertex 146.47 -66.2272 3
      vertex 67.3473 -67.1127 3
      vertex 146.799 -66.4438 3
    endloop
  endfacet
  facet normal 0 0 1
    outer loop
      vertex 66.9899 -67.363 3
      vertex 146.799 -66.4438 3
      vertex 67.3473 -67.1127 3
    endloop
  endfacet
  facet normal 0 0 1
    outer loop
      vertex 146.799 -66.4438 3
      vertex 66.9899 -67.363 3
      vertex 146.8 -66.4445 3
    endloop
  endfacet
  facet normal 0 0 1
    outer loop
      vertex 66.624 -67.6006 3
      vertex 146.8 -66.4445 3
      vertex 66.9899 -67.363 3
    endloop
  endfacet
  facet normal 0 0 1
    outer loop
      vertex 66.25 -67.8253 3
      vertex 146.8 -66.4445 3
      vertex 66.624 -67.6006 3
    endloop
  endfacet
  facet normal 0 0 1
    outer loop
      vertex 146.8 -66.4445 3
      vertex 66.25 -67.8253 3
      vertex 147.153 -66.6219 3
    endloop
  endfacet
  facet normal 0 0 1
    outer loop
      vertex 65.8684 -68.0368 3
      vertex 147.153 -66.6219 3
      vertex 66.25 -67.8253 3
    endloop
  endfacet
  facet normal 0 0 1
    outer loop
      vertex 65.4796 -68.2349 3
      vertex 147.153 -66.6219 3
      vertex 65.8684 -68.0368 3
    endloop
  endfacet
  facet normal 0 0 1
    outer loop
      vertex 65.0842 -68.4193 3
      vertex 147.153 -66.6219 3
      vertex 65.4796 -68.2349 3
    endloop
  endfacet
  facet normal 0 0 1
    outer loop
      vertex 147.153 -66.6219 3
      vertex 65.0842 -68.4193 3
      vertex 147.525 -66.7572 3
    endloop
  endfacet
  facet normal 0 0 1
    outer loop
      vertex 64.8941 -68.5 3
      vertex 147.525 -66.7572 3
      vertex 65.0842 -68.4193 3
    endloop
  endfacet
  facet normal 0 0 1
    outer loop
      vertex 147.525 -66.7572 3
      vertex 64.8941 -68.5 3
      vertex 153.5 -68.5 3
    endloop
  endfacet
  facet normal 0 0 1
    outer loop
      vertex 20 20.5 3
      vertex 14.9909 0.523492 3
      vertex 15 0 3
    endloop
  endfacet
  facet normal 0 0 1
    outer loop
      vertex 20 20.5 3
      vertex 14.9635 1.04635 3
      vertex 14.9909 0.523492 3
    endloop
  endfacet
  facet normal 0 0 1
    outer loop
      vertex 20 20.5 3
      vertex 14.9178 1.56793 3
      vertex 14.9635 1.04635 3
    endloop
  endfacet
  facet normal 0 0 1
    outer loop
      vertex 20 20.5 3
      vertex 14.854 2.0876 3
      vertex 14.9178 1.56793 3
    endloop
  endfacet
  facet normal 0 0 1
    outer loop
      vertex 20 20.5 3
      vertex 14.7721 2.60472 3
      vertex 14.854 2.0876 3
    endloop
  endfacet
  facet normal 0 0 1
    outer loop
      vertex 20 20.5 3
      vertex 14.6722 3.11868 3
      vertex 14.7721 2.60472 3
    endloop
  endfacet
  facet normal 0 0 1
    outer loop
      vertex 20 20.5 3
      vertex 14.5544 3.62883 3
      vertex 14.6722 3.11868 3
    endloop
  endfacet
  facet normal 0 0 1
    outer loop
      vertex 20 20.5 3
      vertex 14.4189 4.13456 3
      vertex 14.5544 3.62883 3
    endloop
  endfacet
  facet normal 0 0 1
    outer loop
      vertex 20 20.5 3
      vertex 14.2658 4.63525 3
      vertex 14.4189 4.13456 3
    endloop
  endfacet
  facet normal 0 0 1
    outer loop
      vertex 20 20.5 3
      vertex 14.0954 5.1303 3
      vertex 14.2658 4.63525 3
    endloop
  endfacet
  facet normal 0 0 1
    outer loop
      vertex 20 20.5 3
      vertex 13.9078 5.6191 3
      vertex 14.0954 5.1303 3
    endloop
  endfacet
  facet normal 0 0 1
    outer loop
      vertex 20 20.5 3
      vertex 13.7032 6.10105 3
      vertex 13.9078 5.6191 3
    endloop
  endfacet
  facet normal 0 0 1
    outer loop
      vertex 20 20.5 3
      vertex 13.4819 6.57557 3
      vertex 13.7032 6.10105 3
    endloop
  endfacet
  facet normal 0 0 1
    outer loop
      vertex 20 20.5 3
      vertex 13.2442 7.04207 3
      vertex 13.4819 6.57557 3
    endloop
  endfacet
  facet normal 0 0 1
    outer loop
      vertex 20 20.5 3
      vertex 12.9904 7.5 3
      vertex 13.2442 7.04207 3
    endloop
  endfacet
  facet normal 0 0 1
    outer loop
      vertex 20 20.5 3
      vertex 12.7207 7.94879 3
      vertex 12.9904 7.5 3
    endloop
  endfacet
  facet normal 0 0 1
    outer loop
      vertex 20 20.5 3
      vertex 12.4356 8.38789 3
      vertex 12.7207 7.94879 3
    endloop
  endfacet
  facet normal 0 0 1
    outer loop
      vertex 20 20.5 3
      vertex 12.1353 8.81678 3
      vertex 12.4356 8.38789 3
    endloop
  endfacet
  facet normal 0 0 1
    outer loop
      vertex 20 20.5 3
      vertex 11.8202 9.23492 3
      vertex 12.1353 8.81678 3
    endloop
  endfacet
  facet normal 0 0 1
    outer loop
      vertex 20 20.5 3
      vertex 11.4907 9.64181 3
      vertex 11.8202 9.23492 3
    endloop
  endfacet
  facet normal 0 0 1
    outer loop
      vertex 20 20.5 3
      vertex 11.1472 10.037 3
      vertex 11.4907 9.64181 3
    endloop
  endfacet
  facet normal 0 0 1
    outer loop
      vertex 20 20.5 3
      vertex 10.7901 10.4199 3
      vertex 11.1472 10.037 3
    endloop
  endfacet
  facet normal 0 0 1
    outer loop
      vertex 20 20.5 3
      vertex 10.4199 10.7901 3
      vertex 10.7901 10.4199 3
    endloop
  endfacet
  facet normal 0 0 1
    outer loop
      vertex 20 20.5 3
      vertex 10.037 11.1472 3
      vertex 10.4199 10.7901 3
    endloop
  endfacet
  facet normal 0 0 1
    outer loop
      vertex 20 20.5 3
      vertex 9.64181 11.4907 3
      vertex 10.037 11.1472 3
    endloop
  endfacet
  facet normal 0 0 1
    outer loop
      vertex 20 20.5 3
      vertex 9.23492 11.8202 3
      vertex 9.64181 11.4907 3
    endloop
  endfacet
  facet normal 0 0 1
    outer loop
      vertex 20 20.5 3
      vertex 8.81678 12.1353 3
      vertex 9.23492 11.8202 3
    endloop
  endfacet
  facet normal 0 0 1
    outer loop
      vertex 20 20.5 3
      vertex 8.38789 12.4356 3
      vertex 8.81678 12.1353 3
    endloop
  endfacet
  facet normal 0 0 1
    outer loop
      vertex 20 20.5 3
      vertex 7.94879 12.7207 3
      vertex 8.38789 12.4356 3
    endloop
  endfacet
  facet normal 0 0 1
    outer loop
      vertex 20 20.5 3
      vertex 7.5 12.9904 3
      vertex 7.94879 12.7207 3
    endloop
  endfacet
  facet normal 0 0 1
    outer loop
      vertex 20 20.5 3
      vertex 7.04207 13.2442 3
      vertex 7.5 12.9904 3
    endloop
  endfacet
  facet normal 0 0 1
    outer loop
      vertex 20 20.5 3
      vertex 6.57557 13.4819 3
      vertex 7.04207 13.2442 3
    endloop
  endfacet
  facet normal 0 0 1
    outer loop
      vertex 20 20.5 3
      vertex 6.10105 13.7032 3
      vertex 6.57557 13.4819 3
    endloop
  endfacet
  facet normal 0 0 1
    outer loop
      vertex 20 20.5 3
      vertex 5.6191 13.9078 3
      vertex 6.10105 13.7032 3
    endloop
  endfacet
  facet normal 0 0 1
    outer loop
      vertex 20 20.5 3
      vertex 5.1303 14.0954 3
      vertex 5.6191 13.9078 3
    endloop
  endfacet
  facet normal 0 0 1
    outer loop
      vertex 20 20.5 3
      vertex 4.63525 14.2658 3
      vertex 5.1303 14.0954 3
    endloop
  endfacet
  facet normal 0 0 1
    outer loop
      vertex 20 20.5 3
      vertex 4.13456 14.4189 3
      vertex 4.63525 14.2658 3
    endloop
  endfacet
  facet normal 0 0 1
    outer loop
      vertex 20 20.5 3
      vertex 3.62883 14.5544 3
      vertex 4.13456 14.4189 3
    endloop
  endfacet
  facet normal 0 0 1
    outer loop
      vertex 20 20.5 3
      vertex 3.11868 14.6722 3
      vertex 3.62883 14.5544 3
    endloop
  endfacet
  facet normal 0 0 1
    outer loop
      vertex 20 20.5 3
      vertex 2.60472 14.7721 3
      vertex 3.11868 14.6722 3
    endloop
  endfacet
  facet normal 0 0 1
    outer loop
      vertex 20 20.5 3
      vertex 2.0876 14.854 3
      vertex 2.60472 14.7721 3
    endloop
  endfacet
  facet normal 0 0 1
    outer loop
      vertex 20 20.5 3
      vertex 1.56793 14.9178 3
      vertex 2.0876 14.854 3
    endloop
  endfacet
  facet normal 0 0 1
    outer loop
      vertex 20 20.5 3
      vertex 1.04635 14.9635 3
      vertex 1.56793 14.9178 3
    endloop
  endfacet
  facet normal 0 0 1
    outer loop
      vertex 20 20.5 3
      vertex 0.523492 14.9909 3
      vertex 1.04635 14.9635 3
    endloop
  endfacet
  facet normal 0 0 1
    outer loop
      vertex 20 20.5 3
      vertex 0 15 3
      vertex 0.523492 14.9909 3
    endloop
  endfacet
  facet normal -0 0 1
    outer loop
      vertex -20.5 20.5 3
      vertex 0 15 3
      vertex 20 20.5 3
    endloop
  endfacet
  facet normal 0 0 1
    outer loop
      vertex 0 15 3
      vertex -20.5 20.5 3
      vertex -0.523493 14.9909 3
    endloop
  endfacet
  facet normal 0 0 1
    outer loop
      vertex -0.523493 14.9909 3
      vertex -20.5 20.5 3
      vertex -1.04635 14.9635 3
    endloop
  endfacet
  facet normal 0 0 1
    outer loop
      vertex -1.04635 14.9635 3
      vertex -20.5 20.5 3
      vertex -1.56793 14.9178 3
    endloop
  endfacet
  facet normal 0 0 1
    outer loop
      vertex -1.56793 14.9178 3
      vertex -20.5 20.5 3
      vertex -2.0876 14.854 3
    endloop
  endfacet
  facet normal 0 0 1
    outer loop
      vertex -2.0876 14.854 3
      vertex -20.5 20.5 3
      vertex -2.60472 14.7721 3
    endloop
  endfacet
  facet normal 0 0 1
    outer loop
      vertex -2.60472 14.7721 3
      vertex -20.5 20.5 3
      vertex -3.11868 14.6722 3
    endloop
  endfacet
  facet normal 0 0 1
    outer loop
      vertex -14.9909 0.523492 3
      vertex -20.5 20.5 3
      vertex -15 0 3
    endloop
  endfacet
  facet normal 0 0 1
    outer loop
      vertex -14.9635 1.04635 3
      vertex -20.5 20.5 3
      vertex -14.9909 0.523492 3
    endloop
  endfacet
  facet normal 0 0 1
    outer loop
      vertex -14.9178 1.56793 3
      vertex -20.5 20.5 3
      vertex -14.9635 1.04635 3
    endloop
  endfacet
  facet normal 0 0 1
    outer loop
      vertex -14.854 2.0876 3
      vertex -20.5 20.5 3
      vertex -14.9178 1.56793 3
    endloop
  endfacet
  facet normal 0 0 1
    outer loop
      vertex -14.7721 2.60472 3
      vertex -20.5 20.5 3
      vertex -14.854 2.0876 3
    endloop
  endfacet
  facet normal 0 0 1
    outer loop
      vertex -14.6722 3.11868 3
      vertex -20.5 20.5 3
      vertex -14.7721 2.60472 3
    endloop
  endfacet
  facet normal 0 0 1
    outer loop
      vertex -14.5544 3.62883 3
      vertex -20.5 20.5 3
      vertex -14.6722 3.11868 3
    endloop
  endfacet
  facet normal 0 0 1
    outer loop
      vertex -14.4189 4.13456 3
      vertex -20.5 20.5 3
      vertex -14.5544 3.62883 3
    endloop
  endfacet
  facet normal 0 0 1
    outer loop
      vertex -14.2658 4.63525 3
      vertex -20.5 20.5 3
      vertex -14.4189 4.13456 3
    endloop
  endfacet
  facet normal 0 0 1
    outer loop
      vertex -14.0954 5.1303 3
      vertex -20.5 20.5 3
      vertex -14.2658 4.63525 3
    endloop
  endfacet
  facet normal 0 0 1
    outer loop
      vertex -13.9078 5.6191 3
      vertex -20.5 20.5 3
      vertex -14.0954 5.1303 3
    endloop
  endfacet
  facet normal 0 0 1
    outer loop
      vertex -13.7032 6.10105 3
      vertex -20.5 20.5 3
      vertex -13.9078 5.6191 3
    endloop
  endfacet
  facet normal 0 0 1
    outer loop
      vertex -13.4819 6.57557 3
      vertex -20.5 20.5 3
      vertex -13.7032 6.10105 3
    endloop
  endfacet
  facet normal 0 0 1
    outer loop
      vertex -13.2442 7.04207 3
      vertex -20.5 20.5 3
      vertex -13.4819 6.57557 3
    endloop
  endfacet
  facet normal 0 0 1
    outer loop
      vertex -12.9904 7.5 3
      vertex -20.5 20.5 3
      vertex -13.2442 7.04207 3
    endloop
  endfacet
  facet normal 0 0 1
    outer loop
      vertex -12.7207 7.94879 3
      vertex -20.5 20.5 3
      vertex -12.9904 7.5 3
    endloop
  endfacet
  facet normal 0 0 1
    outer loop
      vertex -12.4356 8.38789 3
      vertex -20.5 20.5 3
      vertex -12.7207 7.94879 3
    endloop
  endfacet
  facet normal 0 0 1
    outer loop
      vertex -12.1353 8.81678 3
      vertex -20.5 20.5 3
      vertex -12.4356 8.38789 3
    endloop
  endfacet
  facet normal 0 0 1
    outer loop
      vertex -11.8202 9.23492 3
      vertex -20.5 20.5 3
      vertex -12.1353 8.81678 3
    endloop
  endfacet
  facet normal 0 0 1
    outer loop
      vertex -11.4907 9.64181 3
      vertex -20.5 20.5 3
      vertex -11.8202 9.23492 3
    endloop
  endfacet
  facet normal 0 0 1
    outer loop
      vertex -11.1472 10.037 3
      vertex -20.5 20.5 3
      vertex -11.4907 9.64181 3
    endloop
  endfacet
  facet normal 0 0 1
    outer loop
      vertex -10.7901 10.4199 3
      vertex -20.5 20.5 3
      vertex -11.1472 10.037 3
    endloop
  endfacet
  facet normal 0 0 1
    outer loop
      vertex -10.4199 10.7901 3
      vertex -20.5 20.5 3
      vertex -10.7901 10.4199 3
    endloop
  endfacet
  facet normal 0 0 1
    outer loop
      vertex -10.037 11.1472 3
      vertex -20.5 20.5 3
      vertex -10.4199 10.7901 3
    endloop
  endfacet
  facet normal 0 0 1
    outer loop
      vertex -9.64181 11.4907 3
      vertex -20.5 20.5 3
      vertex -10.037 11.1472 3
    endloop
  endfacet
  facet normal 0 0 1
    outer loop
      vertex -9.23492 11.8202 3
      vertex -20.5 20.5 3
      vertex -9.64181 11.4907 3
    endloop
  endfacet
  facet normal 0 0 1
    outer loop
      vertex -8.81678 12.1353 3
      vertex -20.5 20.5 3
      vertex -9.23492 11.8202 3
    endloop
  endfacet
  facet normal 0 0 1
    outer loop
      vertex -8.38789 12.4356 3
      vertex -20.5 20.5 3
      vertex -8.81678 12.1353 3
    endloop
  endfacet
  facet normal 0 0 1
    outer loop
      vertex -7.94879 12.7207 3
      vertex -20.5 20.5 3
      vertex -8.38789 12.4356 3
    endloop
  endfacet
  facet normal 0 0 1
    outer loop
      vertex -7.5 12.9904 3
      vertex -20.5 20.5 3
      vertex -7.94879 12.7207 3
    endloop
  endfacet
  facet normal 0 0 1
    outer loop
      vertex -7.04207 13.2442 3
      vertex -20.5 20.5 3
      vertex -7.5 12.9904 3
    endloop
  endfacet
  facet normal 0 0 1
    outer loop
      vertex -6.57557 13.4819 3
      vertex -20.5 20.5 3
      vertex -7.04207 13.2442 3
    endloop
  endfacet
  facet normal 0 0 1
    outer loop
      vertex -6.10105 13.7032 3
      vertex -20.5 20.5 3
      vertex -6.57557 13.4819 3
    endloop
  endfacet
  facet normal 0 0 1
    outer loop
      vertex -5.6191 13.9078 3
      vertex -20.5 20.5 3
      vertex -6.10105 13.7032 3
    endloop
  endfacet
  facet normal 0 0 1
    outer loop
      vertex -5.1303 14.0954 3
      vertex -20.5 20.5 3
      vertex -5.6191 13.9078 3
    endloop
  endfacet
  facet normal 0 0 1
    outer loop
      vertex -4.63526 14.2658 3
      vertex -20.5 20.5 3
      vertex -5.1303 14.0954 3
    endloop
  endfacet
  facet normal 0 0 1
    outer loop
      vertex -4.13456 14.4189 3
      vertex -20.5 20.5 3
      vertex -4.63526 14.2658 3
    endloop
  endfacet
  facet normal 0 0 1
    outer loop
      vertex -3.62883 14.5544 3
      vertex -20.5 20.5 3
      vertex -4.13456 14.4189 3
    endloop
  endfacet
  facet normal 0 0 1
    outer loop
      vertex -3.11868 14.6722 3
      vertex -20.5 20.5 3
      vertex -3.62883 14.5544 3
    endloop
  endfacet
  facet normal 0 0 1
    outer loop
      vertex 20 23.5 3
      vertex 90 23.5 3
      vertex 90 24.5 3
    endloop
  endfacet
  facet normal 0 0 1
    outer loop
      vertex 90 23.5 3
      vertex 20 23.5 3
      vertex 90 20.5 3
    endloop
  endfacet
  facet normal 0 0 1
    outer loop
      vertex 72.4078 -55.5 3
      vertex 72.3783 -58.7397 3
      vertex 72.4078 -58.5 3
    endloop
  endfacet
  facet normal 0 0 1
    outer loop
      vertex 72.4078 -55.5 3
      vertex 72.3101 -59.1706 3
      vertex 72.3783 -58.7397 3
    endloop
  endfacet
  facet normal 0 0 1
    outer loop
      vertex 72.4078 -55.5 3
      vertex 72.2268 -59.5989 3
      vertex 72.3101 -59.1706 3
    endloop
  endfacet
  facet normal 0 0 1
    outer loop
      vertex 72.4078 -55.5 3
      vertex 72.1287 -60.024 3
      vertex 72.2268 -59.5989 3
    endloop
  endfacet
  facet normal 0 0 1
    outer loop
      vertex 72.4078 -55.5 3
      vertex 72.0158 -60.4455 3
      vertex 72.1287 -60.024 3
    endloop
  endfacet
  facet normal 0 0 1
    outer loop
      vertex 72.4078 -55.5 3
      vertex 71.8882 -60.8627 3
      vertex 72.0158 -60.4455 3
    endloop
  endfacet
  facet normal 0 0 1
    outer loop
      vertex 72.4078 -55.5 3
      vertex 71.7462 -61.2753 3
      vertex 71.8882 -60.8627 3
    endloop
  endfacet
  facet normal 0 0 1
    outer loop
      vertex 72.4078 -55.5 3
      vertex 71.5898 -61.6826 3
      vertex 71.7462 -61.2753 3
    endloop
  endfacet
  facet normal 0 0 1
    outer loop
      vertex 72.4078 -55.5 3
      vertex 71.4193 -62.0842 3
      vertex 71.5898 -61.6826 3
    endloop
  endfacet
  facet normal 0 0 1
    outer loop
      vertex 72.4078 -55.5 3
      vertex 71.2349 -62.4796 3
      vertex 71.4193 -62.0842 3
    endloop
  endfacet
  facet normal 0 0 1
    outer loop
      vertex 72.4078 -55.5 3
      vertex 71.0368 -62.8684 3
      vertex 71.2349 -62.4796 3
    endloop
  endfacet
  facet normal 0 0 1
    outer loop
      vertex 72.4078 -55.5 3
      vertex 70.8253 -63.25 3
      vertex 71.0368 -62.8684 3
    endloop
  endfacet
  facet normal 0 0 1
    outer loop
      vertex 72.4078 -55.5 3
      vertex 70.6006 -63.624 3
      vertex 70.8253 -63.25 3
    endloop
  endfacet
  facet normal 0 0 1
    outer loop
      vertex 90 20.5 3
      vertex 47.5922 -55.5 3
      vertex 72.4078 -55.5 3
    endloop
  endfacet
  facet normal 0 0 1
    outer loop
      vertex 72.4078 -55.5 3
      vertex 47.5922 -55.5 3
      vertex 70.6006 -63.624 3
    endloop
  endfacet
  facet normal 0 0 1
    outer loop
      vertex 70.6006 -63.624 3
      vertex 47.5922 -55.5 3
      vertex 70.363 -63.9899 3
    endloop
  endfacet
  facet normal 0 0 1
    outer loop
      vertex 70.363 -63.9899 3
      vertex 47.5922 -55.5 3
      vertex 70.1127 -64.3473 3
    endloop
  endfacet
  facet normal 0 0 1
    outer loop
      vertex 70.1127 -64.3473 3
      vertex 47.5922 -55.5 3
      vertex 69.8501 -64.6958 3
    endloop
  endfacet
  facet normal 0 0 1
    outer loop
      vertex 69.8501 -64.6958 3
      vertex 47.5922 -55.5 3
      vertex 69.5756 -65.0348 3
    endloop
  endfacet
  facet normal 0 0 1
    outer loop
      vertex 69.5756 -65.0348 3
      vertex 47.5922 -55.5 3
      vertex 69.2893 -65.3641 3
    endloop
  endfacet
  facet normal 0 0 1
    outer loop
      vertex 69.2893 -65.3641 3
      vertex 47.5922 -55.5 3
      vertex 68.9917 -65.6832 3
    endloop
  endfacet
  facet normal 0 0 1
    outer loop
      vertex 68.9917 -65.6832 3
      vertex 47.5922 -55.5 3
      vertex 68.6832 -65.9917 3
    endloop
  endfacet
  facet normal 0 0 1
    outer loop
      vertex 68.6832 -65.9917 3
      vertex 47.5922 -55.5 3
      vertex 68.3641 -66.2893 3
    endloop
  endfacet
  facet normal 0 0 1
    outer loop
      vertex 68.3641 -66.2893 3
      vertex 47.5922 -55.5 3
      vertex 68.0348 -66.5756 3
    endloop
  endfacet
  facet normal 0 0 1
    outer loop
      vertex 68.0348 -66.5756 3
      vertex 47.5922 -55.5 3
      vertex 67.6958 -66.8501 3
    endloop
  endfacet
  facet normal 0 0 1
    outer loop
      vertex 67.6958 -66.8501 3
      vertex 47.5922 -55.5 3
      vertex 67.3473 -67.1127 3
    endloop
  endfacet
  facet normal 0 0 1
    outer loop
      vertex 67.3473 -67.1127 3
      vertex 47.5922 -55.5 3
      vertex 66.9899 -67.363 3
    endloop
  endfacet
  facet normal 0 0 1
    outer loop
      vertex 66.9899 -67.363 3
      vertex 47.5922 -55.5 3
      vertex 66.624 -67.6006 3
    endloop
  endfacet
  facet normal 0 0 1
    outer loop
      vertex 66.624 -67.6006 3
      vertex 47.5922 -55.5 3
      vertex 66.25 -67.8253 3
    endloop
  endfacet
  facet normal 0 0 1
    outer loop
      vertex 66.25 -67.8253 3
      vertex 47.5922 -55.5 3
      vertex 65.8684 -68.0368 3
    endloop
  endfacet
  facet normal 0 0 1
    outer loop
      vertex 65.8684 -68.0368 3
      vertex 47.5922 -55.5 3
      vertex 65.4796 -68.2349 3
    endloop
  endfacet
  facet normal 0 0 1
    outer loop
      vertex 65.4796 -68.2349 3
      vertex 47.5922 -55.5 3
      vertex 65.0842 -68.4193 3
    endloop
  endfacet
  facet normal 0 0 1
    outer loop
      vertex 65.0842 -68.4193 3
      vertex 47.5922 -55.5 3
      vertex 64.8941 -68.5 3
    endloop
  endfacet
  facet normal 0 0 1
    outer loop
      vertex 64.8941 -68.5 3
      vertex 47.5922 -55.5 3
      vertex 55.1059 -68.5 3
    endloop
  endfacet
  facet normal 0 0 1
    outer loop
      vertex 55.1059 -68.5 3
      vertex 47.5922 -55.5 3
      vertex 54.9158 -68.4193 3
    endloop
  endfacet
  facet normal 0 0 1
    outer loop
      vertex 54.9158 -68.4193 3
      vertex 47.5922 -55.5 3
      vertex 54.5204 -68.2349 3
    endloop
  endfacet
  facet normal 0 0 1
    outer loop
      vertex 54.5204 -68.2349 3
      vertex 47.5922 -55.5 3
      vertex 54.1316 -68.0368 3
    endloop
  endfacet
  facet normal 0 0 1
    outer loop
      vertex 54.1316 -68.0368 3
      vertex 47.5922 -55.5 3
      vertex 53.75 -67.8253 3
    endloop
  endfacet
  facet normal 0 0 1
    outer loop
      vertex 53.75 -67.8253 3
      vertex 47.5922 -55.5 3
      vertex 53.376 -67.6006 3
    endloop
  endfacet
  facet normal 0 0 1
    outer loop
      vertex 53.376 -67.6006 3
      vertex 47.5922 -55.5 3
      vertex 53.0101 -67.363 3
    endloop
  endfacet
  facet normal 0 0 1
    outer loop
      vertex 53.0101 -67.363 3
      vertex 47.5922 -55.5 3
      vertex 52.6527 -67.1127 3
    endloop
  endfacet
  facet normal 0 0 1
    outer loop
      vertex 52.6527 -67.1127 3
      vertex 47.5922 -55.5 3
      vertex 52.3042 -66.8501 3
    endloop
  endfacet
  facet normal 0 0 1
    outer loop
      vertex 52.3042 -66.8501 3
      vertex 47.5922 -55.5 3
      vertex 51.9652 -66.5756 3
    endloop
  endfacet
  facet normal 0 0 1
    outer loop
      vertex 51.9652 -66.5756 3
      vertex 47.5922 -55.5 3
      vertex 51.6359 -66.2893 3
    endloop
  endfacet
  facet normal 0 0 1
    outer loop
      vertex 51.6359 -66.2893 3
      vertex 47.5922 -55.5 3
      vertex 51.3168 -65.9917 3
    endloop
  endfacet
  facet normal 0 0 1
    outer loop
      vertex 51.3168 -65.9917 3
      vertex 47.5922 -55.5 3
      vertex 51.0083 -65.6832 3
    endloop
  endfacet
  facet normal 0 0 1
    outer loop
      vertex 51.0083 -65.6832 3
      vertex 47.5922 -55.5 3
      vertex 50.7107 -65.3641 3
    endloop
  endfacet
  facet normal 0 0 1
    outer loop
      vertex 50.7107 -65.3641 3
      vertex 47.5922 -55.5 3
      vertex 50.4244 -65.0348 3
    endloop
  endfacet
  facet normal 0 0 1
    outer loop
      vertex 50.4244 -65.0348 3
      vertex 47.5922 -55.5 3
      vertex 50.1499 -64.6958 3
    endloop
  endfacet
  facet normal 0 0 1
    outer loop
      vertex 50.1499 -64.6958 3
      vertex 47.5922 -55.5 3
      vertex 49.8873 -64.3473 3
    endloop
  endfacet
  facet normal 0 0 1
    outer loop
      vertex 49.8873 -64.3473 3
      vertex 47.5922 -55.5 3
      vertex 49.637 -63.9899 3
    endloop
  endfacet
  facet normal 0 0 1
    outer loop
      vertex 49.637 -63.9899 3
      vertex 47.5922 -55.5 3
      vertex 49.3994 -63.624 3
    endloop
  endfacet
  facet normal 0 0 1
    outer loop
      vertex 49.3994 -63.624 3
      vertex 47.5922 -55.5 3
      vertex 49.1747 -63.25 3
    endloop
  endfacet
  facet normal 0 0 1
    outer loop
      vertex 49.1747 -63.25 3
      vertex 47.5922 -55.5 3
      vertex 48.9632 -62.8684 3
    endloop
  endfacet
  facet normal 0 0 1
    outer loop
      vertex 48.9632 -62.8684 3
      vertex 47.5922 -55.5 3
      vertex 48.7651 -62.4796 3
    endloop
  endfacet
  facet normal 0 0 1
    outer loop
      vertex 48.7651 -62.4796 3
      vertex 47.5922 -55.5 3
      vertex 48.5807 -62.0842 3
    endloop
  endfacet
  facet normal 0 0 1
    outer loop
      vertex 48.5807 -62.0842 3
      vertex 47.5922 -55.5 3
      vertex 48.4102 -61.6826 3
    endloop
  endfacet
  facet normal 0 0 1
    outer loop
      vertex 48.4102 -61.6826 3
      vertex 47.5922 -55.5 3
      vertex 48.2538 -61.2753 3
    endloop
  endfacet
  facet normal 0 0 1
    outer loop
      vertex 48.2538 -61.2753 3
      vertex 47.5922 -55.5 3
      vertex 48.1118 -60.8627 3
    endloop
  endfacet
  facet normal 0 0 1
    outer loop
      vertex 48.1118 -60.8627 3
      vertex 47.5922 -55.5 3
      vertex 47.9842 -60.4455 3
    endloop
  endfacet
  facet normal 0 0 1
    outer loop
      vertex 47.9842 -60.4455 3
      vertex 47.5922 -55.5 3
      vertex 47.8713 -60.024 3
    endloop
  endfacet
  facet normal 0 0 1
    outer loop
      vertex 47.8713 -60.024 3
      vertex 47.5922 -55.5 3
      vertex 47.7732 -59.5989 3
    endloop
  endfacet
  facet normal 0 0 1
    outer loop
      vertex 47.7732 -59.5989 3
      vertex 47.5922 -55.5 3
      vertex 47.6899 -59.1706 3
    endloop
  endfacet
  facet normal 0 0 1
    outer loop
      vertex 47.6899 -59.1706 3
      vertex 47.5922 -55.5 3
      vertex 47.6217 -58.7397 3
    endloop
  endfacet
  facet normal 0 0 1
    outer loop
      vertex 20 23.5 3
      vertex 90 24.5 3
      vertex 20 24.5 3
    endloop
  endfacet
  facet normal 0 0 1
    outer loop
      vertex 90 20.5 3
      vertex 20 23.5 3
      vertex 20 20.5 3
    endloop
  endfacet
  facet normal 0 0 1
    outer loop
      vertex 90 20.5 3
      vertex 20 20.5 3
      vertex 15 0 3
    endloop
  endfacet
  facet normal 0 0 1
    outer loop
      vertex 90 20.5 3
      vertex 15 0 3
      vertex 14.9909 -0.523493 3
    endloop
  endfacet
  facet normal 0 0 1
    outer loop
      vertex 90 20.5 3
      vertex 14.9909 -0.523493 3
      vertex 14.9635 -1.04635 3
    endloop
  endfacet
  facet normal 0 0 1
    outer loop
      vertex 90 20.5 3
      vertex 14.9635 -1.04635 3
      vertex 14.9178 -1.56793 3
    endloop
  endfacet
  facet normal 0 0 1
    outer loop
      vertex 90 20.5 3
      vertex 14.9178 -1.56793 3
      vertex 14.854 -2.0876 3
    endloop
  endfacet
  facet normal 0 0 1
    outer loop
      vertex 90 20.5 3
      vertex 14.854 -2.0876 3
      vertex 14.7721 -2.60472 3
    endloop
  endfacet
  facet normal 0 0 1
    outer loop
      vertex 14.6722 -3.11868 3
      vertex 90 20.5 3
      vertex 14.7721 -2.60472 3
    endloop
  endfacet
  facet normal 0 0 1
    outer loop
      vertex 90 20.5 3
      vertex 14.6722 -3.11868 3
      vertex 47.5922 -55.5 3
    endloop
  endfacet
  facet normal -0 0 1
    outer loop
      vertex 14.5544 -3.62883 3
      vertex 47.5922 -55.5 3
      vertex 14.6722 -3.11868 3
    endloop
  endfacet
  facet normal -0 0 1
    outer loop
      vertex 14.4189 -4.13456 3
      vertex 47.5922 -55.5 3
      vertex 14.5544 -3.62883 3
    endloop
  endfacet
  facet normal -0 0 1
    outer loop
      vertex 14.2658 -4.63526 3
      vertex 47.5922 -55.5 3
      vertex 14.4189 -4.13456 3
    endloop
  endfacet
  facet normal -0 0 1
    outer loop
      vertex 14.0954 -5.1303 3
      vertex 47.5922 -55.5 3
      vertex 14.2658 -4.63526 3
    endloop
  endfacet
  facet normal -0 0 1
    outer loop
      vertex 13.9078 -5.6191 3
      vertex 47.5922 -55.5 3
      vertex 14.0954 -5.1303 3
    endloop
  endfacet
  facet normal -0 0 1
    outer loop
      vertex 13.7032 -6.10105 3
      vertex 47.5922 -55.5 3
      vertex 13.9078 -5.6191 3
    endloop
  endfacet
  facet normal -0 0 1
    outer loop
      vertex 13.4819 -6.57557 3
      vertex 47.5922 -55.5 3
      vertex 13.7032 -6.10105 3
    endloop
  endfacet
  facet normal -0 0 1
    outer loop
      vertex 13.2442 -7.04207 3
      vertex 47.5922 -55.5 3
      vertex 13.4819 -6.57557 3
    endloop
  endfacet
  facet normal -0 0 1
    outer loop
      vertex 12.9904 -7.5 3
      vertex 47.5922 -55.5 3
      vertex 13.2442 -7.04207 3
    endloop
  endfacet
  facet normal -0 0 1
    outer loop
      vertex 12.7207 -7.94879 3
      vertex 47.5922 -55.5 3
      vertex 12.9904 -7.5 3
    endloop
  endfacet
  facet normal -0 0 1
    outer loop
      vertex 12.4356 -8.38789 3
      vertex 47.5922 -55.5 3
      vertex 12.7207 -7.94879 3
    endloop
  endfacet
  facet normal -0 0 1
    outer loop
      vertex 12.1353 -8.81678 3
      vertex 47.5922 -55.5 3
      vertex 12.4356 -8.38789 3
    endloop
  endfacet
  facet normal -0 0 1
    outer loop
      vertex 11.8202 -9.23492 3
      vertex 47.5922 -55.5 3
      vertex 12.1353 -8.81678 3
    endloop
  endfacet
  facet normal -0 0 1
    outer loop
      vertex 11.4907 -9.64181 3
      vertex 47.5922 -55.5 3
      vertex 11.8202 -9.23492 3
    endloop
  endfacet
  facet normal -0 0 1
    outer loop
      vertex 11.1472 -10.037 3
      vertex 47.5922 -55.5 3
      vertex 11.4907 -9.64181 3
    endloop
  endfacet
  facet normal -0 0 1
    outer loop
      vertex 10.7901 -10.4199 3
      vertex 47.5922 -55.5 3
      vertex 11.1472 -10.037 3
    endloop
  endfacet
  facet normal -0 0 1
    outer loop
      vertex 10.4199 -10.7901 3
      vertex 47.5922 -55.5 3
      vertex 10.7901 -10.4199 3
    endloop
  endfacet
  facet normal -0 0 1
    outer loop
      vertex 10.037 -11.1472 3
      vertex 47.5922 -55.5 3
      vertex 10.4199 -10.7901 3
    endloop
  endfacet
  facet normal -0 0 1
    outer loop
      vertex 9.64181 -11.4907 3
      vertex 47.5922 -55.5 3
      vertex 10.037 -11.1472 3
    endloop
  endfacet
  facet normal -0 0 1
    outer loop
      vertex 9.23492 -11.8202 3
      vertex 47.5922 -55.5 3
      vertex 9.64181 -11.4907 3
    endloop
  endfacet
  facet normal -0 0 1
    outer loop
      vertex 8.81678 -12.1353 3
      vertex 47.5922 -55.5 3
      vertex 9.23492 -11.8202 3
    endloop
  endfacet
  facet normal -0 0 1
    outer loop
      vertex 8.38789 -12.4356 3
      vertex 47.5922 -55.5 3
      vertex 8.81678 -12.1353 3
    endloop
  endfacet
  facet normal -0 0 1
    outer loop
      vertex 7.94879 -12.7207 3
      vertex 47.5922 -55.5 3
      vertex 8.38789 -12.4356 3
    endloop
  endfacet
  facet normal -0 0 1
    outer loop
      vertex 7.5 -12.9904 3
      vertex 47.5922 -55.5 3
      vertex 7.94879 -12.7207 3
    endloop
  endfacet
  facet normal -0 0 1
    outer loop
      vertex 7.04207 -13.2442 3
      vertex 47.5922 -55.5 3
      vertex 7.5 -12.9904 3
    endloop
  endfacet
  facet normal -0 0 1
    outer loop
      vertex 6.57557 -13.4819 3
      vertex 47.5922 -55.5 3
      vertex 7.04207 -13.2442 3
    endloop
  endfacet
  facet normal -0 0 1
    outer loop
      vertex 6.10105 -13.7032 3
      vertex 47.5922 -55.5 3
      vertex 6.57557 -13.4819 3
    endloop
  endfacet
  facet normal -0 0 1
    outer loop
      vertex 5.6191 -13.9078 3
      vertex 47.5922 -55.5 3
      vertex 6.10105 -13.7032 3
    endloop
  endfacet
  facet normal -0 0 1
    outer loop
      vertex 5.1303 -14.0954 3
      vertex 47.5922 -55.5 3
      vertex 5.6191 -13.9078 3
    endloop
  endfacet
  facet normal -0 0 1
    outer loop
      vertex 4.63525 -14.2658 3
      vertex 47.5922 -55.5 3
      vertex 5.1303 -14.0954 3
    endloop
  endfacet
  facet normal -0 0 1
    outer loop
      vertex 4.13456 -14.4189 3
      vertex 47.5922 -55.5 3
      vertex 4.63525 -14.2658 3
    endloop
  endfacet
  facet normal 0 0 1
    outer loop
      vertex -20.5 -55.5 3
      vertex 4.13456 -14.4189 3
      vertex 3.62883 -14.5544 3
    endloop
  endfacet
  facet normal 0 0 1
    outer loop
      vertex -20.5 -55.5 3
      vertex 3.62883 -14.5544 3
      vertex 3.11868 -14.6722 3
    endloop
  endfacet
  facet normal 0 0 1
    outer loop
      vertex -20.5 -55.5 3
      vertex 3.11868 -14.6722 3
      vertex 2.60472 -14.7721 3
    endloop
  endfacet
  facet normal 0 0 1
    outer loop
      vertex -20.5 -55.5 3
      vertex 2.60472 -14.7721 3
      vertex 2.0876 -14.854 3
    endloop
  endfacet
  facet normal 0 0 1
    outer loop
      vertex -20.5 -55.5 3
      vertex 2.0876 -14.854 3
      vertex 1.56793 -14.9178 3
    endloop
  endfacet
  facet normal 0 0 1
    outer loop
      vertex -20.5 -55.5 3
      vertex 1.56793 -14.9178 3
      vertex 1.04635 -14.9635 3
    endloop
  endfacet
  facet normal 0 0 1
    outer loop
      vertex -20.5 -55.5 3
      vertex 1.04635 -14.9635 3
      vertex 0.523492 -14.9909 3
    endloop
  endfacet
  facet normal 0 0 1
    outer loop
      vertex -20.5 -55.5 3
      vertex 0.523492 -14.9909 3
      vertex 0 -15 3
    endloop
  endfacet
  facet normal 0 0 1
    outer loop
      vertex -20.5 -55.5 3
      vertex 0 -15 3
      vertex -0.523493 -14.9909 3
    endloop
  endfacet
  facet normal 0 0 1
    outer loop
      vertex -20.5 -55.5 3
      vertex -0.523493 -14.9909 3
      vertex -1.04635 -14.9635 3
    endloop
  endfacet
  facet normal 0 0 1
    outer loop
      vertex -20.5 -55.5 3
      vertex -1.04635 -14.9635 3
      vertex -1.56793 -14.9178 3
    endloop
  endfacet
  facet normal 0 0 1
    outer loop
      vertex -20.5 -55.5 3
      vertex -1.56793 -14.9178 3
      vertex -2.0876 -14.854 3
    endloop
  endfacet
  facet normal 0 0 1
    outer loop
      vertex -20.5 -55.5 3
      vertex -2.0876 -14.854 3
      vertex -2.60472 -14.7721 3
    endloop
  endfacet
  facet normal 0 0 1
    outer loop
      vertex -20.5 -55.5 3
      vertex -2.60472 -14.7721 3
      vertex -3.11868 -14.6722 3
    endloop
  endfacet
  facet normal 0 0 1
    outer loop
      vertex -20.5 -55.5 3
      vertex -3.11868 -14.6722 3
      vertex -3.62883 -14.5544 3
    endloop
  endfacet
  facet normal 0 0 1
    outer loop
      vertex -20.5 -55.5 3
      vertex -3.62883 -14.5544 3
      vertex -4.13456 -14.4189 3
    endloop
  endfacet
  facet normal 0 0 1
    outer loop
      vertex -20.5 -55.5 3
      vertex -4.13456 -14.4189 3
      vertex -4.63526 -14.2658 3
    endloop
  endfacet
  facet normal 0 0 1
    outer loop
      vertex -20.5 -55.5 3
      vertex -4.63526 -14.2658 3
      vertex -5.1303 -14.0954 3
    endloop
  endfacet
  facet normal 0 0 1
    outer loop
      vertex -20.5 -55.5 3
      vertex -5.1303 -14.0954 3
      vertex -5.6191 -13.9078 3
    endloop
  endfacet
  facet normal 0 0 1
    outer loop
      vertex -20.5 -55.5 3
      vertex -5.6191 -13.9078 3
      vertex -6.10105 -13.7032 3
    endloop
  endfacet
  facet normal 0 0 1
    outer loop
      vertex -20.5 -55.5 3
      vertex -6.10105 -13.7032 3
      vertex -6.57557 -13.4819 3
    endloop
  endfacet
  facet normal 0 0 1
    outer loop
      vertex -20.5 -55.5 3
      vertex -6.57557 -13.4819 3
      vertex -7.04207 -13.2442 3
    endloop
  endfacet
  facet normal 0 0 1
    outer loop
      vertex -20.5 -55.5 3
      vertex -7.04207 -13.2442 3
      vertex -7.5 -12.9904 3
    endloop
  endfacet
  facet normal 0 0 1
    outer loop
      vertex -20.5 -55.5 3
      vertex -7.5 -12.9904 3
      vertex -7.94879 -12.7207 3
    endloop
  endfacet
  facet normal 0 0 1
    outer loop
      vertex -20.5 -55.5 3
      vertex -7.94879 -12.7207 3
      vertex -8.38789 -12.4356 3
    endloop
  endfacet
  facet normal 0 0 1
    outer loop
      vertex -20.5 -55.5 3
      vertex -8.38789 -12.4356 3
      vertex -8.81678 -12.1353 3
    endloop
  endfacet
  facet normal 0 0 1
    outer loop
      vertex -20.5 -55.5 3
      vertex -8.81678 -12.1353 3
      vertex -9.23492 -11.8202 3
    endloop
  endfacet
  facet normal 0 0 1
    outer loop
      vertex -20.5 20.5 3
      vertex -14.9909 -0.523493 3
      vertex -15 0 3
    endloop
  endfacet
  facet normal 0 0 1
    outer loop
      vertex -20.5 20.5 3
      vertex -14.9635 -1.04635 3
      vertex -14.9909 -0.523493 3
    endloop
  endfacet
  facet normal 0 0 1
    outer loop
      vertex -20.5 20.5 3
      vertex -14.9178 -1.56793 3
      vertex -14.9635 -1.04635 3
    endloop
  endfacet
  facet normal 0 0 1
    outer loop
      vertex -20.5 20.5 3
      vertex -14.854 -2.0876 3
      vertex -14.9178 -1.56793 3
    endloop
  endfacet
  facet normal 0 0 1
    outer loop
      vertex -20.5 -55.5 3
      vertex -14.854 -2.0876 3
      vertex -20.5 20.5 3
    endloop
  endfacet
  facet normal 0 0 1
    outer loop
      vertex -14.854 -2.0876 3
      vertex -20.5 -55.5 3
      vertex -14.7721 -2.60472 3
    endloop
  endfacet
  facet normal 0 0 1
    outer loop
      vertex -14.7721 -2.60472 3
      vertex -20.5 -55.5 3
      vertex -14.6722 -3.11868 3
    endloop
  endfacet
  facet normal 0 0 1
    outer loop
      vertex 4.13456 -14.4189 3
      vertex -20.5 -55.5 3
      vertex 47.5922 -55.5 3
    endloop
  endfacet
  facet normal 0 0 1
    outer loop
      vertex -9.64181 -11.4907 3
      vertex -20.5 -55.5 3
      vertex -9.23492 -11.8202 3
    endloop
  endfacet
  facet normal 0 0 1
    outer loop
      vertex -10.037 -11.1472 3
      vertex -20.5 -55.5 3
      vertex -9.64181 -11.4907 3
    endloop
  endfacet
  facet normal 0 0 1
    outer loop
      vertex -10.4199 -10.7901 3
      vertex -20.5 -55.5 3
      vertex -10.037 -11.1472 3
    endloop
  endfacet
  facet normal 0 0 1
    outer loop
      vertex -10.7901 -10.4199 3
      vertex -20.5 -55.5 3
      vertex -10.4199 -10.7901 3
    endloop
  endfacet
  facet normal 0 0 1
    outer loop
      vertex -11.1472 -10.037 3
      vertex -20.5 -55.5 3
      vertex -10.7901 -10.4199 3
    endloop
  endfacet
  facet normal 0 0 1
    outer loop
      vertex -11.4907 -9.64181 3
      vertex -20.5 -55.5 3
      vertex -11.1472 -10.037 3
    endloop
  endfacet
  facet normal 0 0 1
    outer loop
      vertex -11.8202 -9.23492 3
      vertex -20.5 -55.5 3
      vertex -11.4907 -9.64181 3
    endloop
  endfacet
  facet normal 0 0 1
    outer loop
      vertex -12.1353 -8.81678 3
      vertex -20.5 -55.5 3
      vertex -11.8202 -9.23492 3
    endloop
  endfacet
  facet normal 0 0 1
    outer loop
      vertex -12.4356 -8.38789 3
      vertex -20.5 -55.5 3
      vertex -12.1353 -8.81678 3
    endloop
  endfacet
  facet normal 0 0 1
    outer loop
      vertex -12.7207 -7.94879 3
      vertex -20.5 -55.5 3
      vertex -12.4356 -8.38789 3
    endloop
  endfacet
  facet normal 0 0 1
    outer loop
      vertex -12.9904 -7.5 3
      vertex -20.5 -55.5 3
      vertex -12.7207 -7.94879 3
    endloop
  endfacet
  facet normal 0 0 1
    outer loop
      vertex -13.2442 -7.04207 3
      vertex -20.5 -55.5 3
      vertex -12.9904 -7.5 3
    endloop
  endfacet
  facet normal 0 0 1
    outer loop
      vertex -13.4819 -6.57557 3
      vertex -20.5 -55.5 3
      vertex -13.2442 -7.04207 3
    endloop
  endfacet
  facet normal 0 0 1
    outer loop
      vertex -13.7032 -6.10105 3
      vertex -20.5 -55.5 3
      vertex -13.4819 -6.57557 3
    endloop
  endfacet
  facet normal 0 0 1
    outer loop
      vertex -13.9078 -5.6191 3
      vertex -20.5 -55.5 3
      vertex -13.7032 -6.10105 3
    endloop
  endfacet
  facet normal 0 0 1
    outer loop
      vertex -14.0954 -5.1303 3
      vertex -20.5 -55.5 3
      vertex -13.9078 -5.6191 3
    endloop
  endfacet
  facet normal 0 0 1
    outer loop
      vertex -14.2658 -4.63526 3
      vertex -20.5 -55.5 3
      vertex -14.0954 -5.1303 3
    endloop
  endfacet
  facet normal 0 0 1
    outer loop
      vertex -14.4189 -4.13456 3
      vertex -20.5 -55.5 3
      vertex -14.2658 -4.63526 3
    endloop
  endfacet
  facet normal 0 0 1
    outer loop
      vertex -14.5544 -3.62883 3
      vertex -20.5 -55.5 3
      vertex -14.4189 -4.13456 3
    endloop
  endfacet
  facet normal 0 0 1
    outer loop
      vertex -14.6722 -3.11868 3
      vertex -20.5 -55.5 3
      vertex -14.5544 -3.62883 3
    endloop
  endfacet
  facet normal -0 0 1
    outer loop
      vertex 90 20.5 3
      vertex 140.5 -10.5 3
      vertex 140.5 20.5 3
    endloop
  endfacet
  facet normal 0 0 1
    outer loop
      vertex 140.5 -10.5 3
      vertex 90 20.5 3
      vertex 140.5 -24.5 3
    endloop
  endfacet
  facet normal 0 0 1
    outer loop
      vertex 72.4078 -55.5 3
      vertex 140.5 -24.5 3
      vertex 90 20.5 3
    endloop
  endfacet
  facet normal 0 0 1
    outer loop
      vertex 140.5 -24.5 3
      vertex 72.4078 -55.5 3
      vertex 140.5 -55.5 3
    endloop
  endfacet
  facet normal -0 0 1
    outer loop
      vertex 143.5 -10.5 3
      vertex 144.5 -24.5 3
      vertex 144.5 -10.5 3
    endloop
  endfacet
  facet normal 0 0 1
    outer loop
      vertex 143.5 -10.5 3
      vertex 143.5 -24.5 3
      vertex 144.5 -24.5 3
    endloop
  endfacet
  facet normal -0 0 1
    outer loop
      vertex 140.5 -10.5 3
      vertex 143.5 -24.5 3
      vertex 143.5 -10.5 3
    endloop
  endfacet
  facet normal 0 0 1
    outer loop
      vertex 143.5 -24.5 3
      vertex 140.5 -10.5 3
      vertex 140.5 -24.5 3
    endloop
  endfacet
  facet normal 0 0 1
    outer loop
      vertex 72.4924 -56.5638 3
      vertex 72.4924 -57.4362 3
      vertex 72.5 -57 3
    endloop
  endfacet
  facet normal 0 0 1
    outer loop
      vertex 72.4696 -56.128 3
      vertex 72.4924 -57.4362 3
      vertex 72.4924 -56.5638 3
    endloop
  endfacet
  facet normal 0 0 1
    outer loop
      vertex 72.4696 -56.128 3
      vertex 72.4696 -57.872 3
      vertex 72.4924 -57.4362 3
    endloop
  endfacet
  facet normal 0 0 1
    outer loop
      vertex 72.4315 -55.6934 3
      vertex 72.4696 -57.872 3
      vertex 72.4696 -56.128 3
    endloop
  endfacet
  facet normal 0 0 1
    outer loop
      vertex 72.4315 -55.6934 3
      vertex 72.4315 -58.3066 3
      vertex 72.4696 -57.872 3
    endloop
  endfacet
  facet normal 0 0 1
    outer loop
      vertex 72.4078 -55.5 3
      vertex 72.4315 -58.3066 3
      vertex 72.4315 -55.6934 3
    endloop
  endfacet
  facet normal 0 0 1
    outer loop
      vertex 72.4315 -58.3066 3
      vertex 72.4078 -55.5 3
      vertex 72.4078 -58.5 3
    endloop
  endfacet
  facet normal 0 0 1
    outer loop
      vertex 47.5922 -55.5 3
      vertex 47.5922 -58.5 3
      vertex 47.6217 -58.7397 3
    endloop
  endfacet
  facet normal -0 0 1
    outer loop
      vertex 47.5685 -55.6934 3
      vertex 47.5922 -58.5 3
      vertex 47.5922 -55.5 3
    endloop
  endfacet
  facet normal 0 0 1
    outer loop
      vertex 47.5685 -55.6934 3
      vertex 47.5685 -58.3066 3
      vertex 47.5922 -58.5 3
    endloop
  endfacet
  facet normal -0 0 1
    outer loop
      vertex 47.5304 -56.128 3
      vertex 47.5685 -58.3066 3
      vertex 47.5685 -55.6934 3
    endloop
  endfacet
  facet normal 0 0 1
    outer loop
      vertex 47.5304 -56.128 3
      vertex 47.5304 -57.872 3
      vertex 47.5685 -58.3066 3
    endloop
  endfacet
  facet normal -0 0 1
    outer loop
      vertex 47.5076 -56.5638 3
      vertex 47.5304 -57.872 3
      vertex 47.5304 -56.128 3
    endloop
  endfacet
  facet normal 0 0 1
    outer loop
      vertex 47.5076 -56.5638 3
      vertex 47.5076 -57.4362 3
      vertex 47.5304 -57.872 3
    endloop
  endfacet
  facet normal 0 -0 1
    outer loop
      vertex 47.5076 -57.4362 3
      vertex 47.5076 -56.5638 3
      vertex 47.5 -57 3
    endloop
  endfacet
  facet normal 0 0 1
    outer loop
      vertex 54.9158 -68.4193 3
      vertex 1.875 -68.5 3
      vertex 55.1059 -68.5 3
    endloop
  endfacet
  facet normal 0 0 1
    outer loop
      vertex 54.5204 -68.2349 3
      vertex 1.875 -68.5 3
      vertex 54.9158 -68.4193 3
    endloop
  endfacet
  facet normal 0 0 1
    outer loop
      vertex 54.1316 -68.0368 3
      vertex 1.875 -68.5 3
      vertex 54.5204 -68.2349 3
    endloop
  endfacet
  facet normal 0 0 1
    outer loop
      vertex 53.75 -67.8253 3
      vertex 1.875 -68.5 3
      vertex 54.1316 -68.0368 3
    endloop
  endfacet
  facet normal 0 0 1
    outer loop
      vertex 53.376 -67.6006 3
      vertex 1.875 -68.5 3
      vertex 53.75 -67.8253 3
    endloop
  endfacet
  facet normal 0 0 1
    outer loop
      vertex 53.0101 -67.363 3
      vertex 1.875 -68.5 3
      vertex 53.376 -67.6006 3
    endloop
  endfacet
  facet normal 0 0 1
    outer loop
      vertex 52.6527 -67.1127 3
      vertex 1.875 -68.5 3
      vertex 53.0101 -67.363 3
    endloop
  endfacet
  facet normal 0 0 1
    outer loop
      vertex 52.3042 -66.8501 3
      vertex 1.875 -68.5 3
      vertex 52.6527 -67.1127 3
    endloop
  endfacet
  facet normal 0 0 1
    outer loop
      vertex 51.9652 -66.5756 3
      vertex 1.875 -68.5 3
      vertex 52.3042 -66.8501 3
    endloop
  endfacet
  facet normal 0 0 1
    outer loop
      vertex 51.6359 -66.2893 3
      vertex 1.875 -68.5 3
      vertex 51.9652 -66.5756 3
    endloop
  endfacet
  facet normal 0 0 1
    outer loop
      vertex 51.3168 -65.9917 3
      vertex 1.875 -68.5 3
      vertex 51.6359 -66.2893 3
    endloop
  endfacet
  facet normal 0 0 1
    outer loop
      vertex 51.0083 -65.6832 3
      vertex 1.875 -68.5 3
      vertex 51.3168 -65.9917 3
    endloop
  endfacet
  facet normal 0 0 1
    outer loop
      vertex 50.7107 -65.3641 3
      vertex 1.875 -68.5 3
      vertex 51.0083 -65.6832 3
    endloop
  endfacet
  facet normal 0 0 1
    outer loop
      vertex 50.4244 -65.0348 3
      vertex 1.875 -68.5 3
      vertex 50.7107 -65.3641 3
    endloop
  endfacet
  facet normal 0 0 1
    outer loop
      vertex 50.1499 -64.6958 3
      vertex 1.875 -68.5 3
      vertex 50.4244 -65.0348 3
    endloop
  endfacet
  facet normal 0 0 1
    outer loop
      vertex 49.8873 -64.3473 3
      vertex 1.875 -68.5 3
      vertex 50.1499 -64.6958 3
    endloop
  endfacet
  facet normal 0 0 1
    outer loop
      vertex 49.637 -63.9899 3
      vertex 1.875 -68.5 3
      vertex 49.8873 -64.3473 3
    endloop
  endfacet
  facet normal 0 0 1
    outer loop
      vertex 49.3994 -63.624 3
      vertex 1.875 -68.5 3
      vertex 49.637 -63.9899 3
    endloop
  endfacet
  facet normal 0 0 1
    outer loop
      vertex 49.1747 -63.25 3
      vertex 1.875 -68.5 3
      vertex 49.3994 -63.624 3
    endloop
  endfacet
  facet normal 0 0 1
    outer loop
      vertex 48.9632 -62.8684 3
      vertex 1.875 -68.5 3
      vertex 49.1747 -63.25 3
    endloop
  endfacet
  facet normal 0 0 1
    outer loop
      vertex 48.7651 -62.4796 3
      vertex 1.875 -68.5 3
      vertex 48.9632 -62.8684 3
    endloop
  endfacet
  facet normal 0 0 1
    outer loop
      vertex 48.5807 -62.0842 3
      vertex 1.875 -68.5 3
      vertex 48.7651 -62.4796 3
    endloop
  endfacet
  facet normal 0 0 1
    outer loop
      vertex 48.4102 -61.6826 3
      vertex 1.875 -68.5 3
      vertex 48.5807 -62.0842 3
    endloop
  endfacet
  facet normal 0 0 1
    outer loop
      vertex 48.2538 -61.2753 3
      vertex 1.875 -68.5 3
      vertex 48.4102 -61.6826 3
    endloop
  endfacet
  facet normal 0 0 1
    outer loop
      vertex 48.1118 -60.8627 3
      vertex 1.875 -68.5 3
      vertex 48.2538 -61.2753 3
    endloop
  endfacet
  facet normal 0 0 1
    outer loop
      vertex 47.9842 -60.4455 3
      vertex 1.875 -68.5 3
      vertex 48.1118 -60.8627 3
    endloop
  endfacet
  facet normal 0 0 1
    outer loop
      vertex 47.8713 -60.024 3
      vertex 1.875 -68.5 3
      vertex 47.9842 -60.4455 3
    endloop
  endfacet
  facet normal 0 0 1
    outer loop
      vertex 47.7732 -59.5989 3
      vertex 1.875 -68.5 3
      vertex 47.8713 -60.024 3
    endloop
  endfacet
  facet normal 0 0 1
    outer loop
      vertex 47.6899 -59.1706 3
      vertex 1.875 -68.5 3
      vertex 47.7732 -59.5989 3
    endloop
  endfacet
  facet normal 0 0 1
    outer loop
      vertex 47.6217 -58.7397 3
      vertex 1.875 -68.5 3
      vertex 47.6899 -59.1706 3
    endloop
  endfacet
  facet normal 0 0 1
    outer loop
      vertex 47.5922 -58.5 3
      vertex 1.875 -68.5 3
      vertex 47.6217 -58.7397 3
    endloop
  endfacet
  facet normal -0 0 1
    outer loop
      vertex 0.4 -58.5 3
      vertex 1.875 -68.5 3
      vertex 47.5922 -58.5 3
    endloop
  endfacet
  facet normal 0 0 1
    outer loop
      vertex 1.875 -68.5 3
      vertex 0.4 -58.5 3
      vertex 0.4 -66.14 3
    endloop
  endfacet
  facet normal 0 -0 -1
    outer loop
      vertex -30.5 0 0
      vertex -13.7032 -6.10105 0
      vertex -33.5 -1.875 0
    endloop
  endfacet
  facet normal 0 0 -1
    outer loop
      vertex -14.7721 -2.60472 0
      vertex -26.8458 28.108 0
      vertex -26.8 28.5 0
    endloop
  endfacet
  facet normal 0 0 -1
    outer loop
      vertex -13.7032 -6.10105 0
      vertex -30.5 0 0
      vertex -13.9078 -5.6191 0
    endloop
  endfacet
  facet normal 0 -0 -1
    outer loop
      vertex -27.8267 26.939 0
      vertex -14.7721 -2.60472 0
      vertex -30.5 0 0
    endloop
  endfacet
  facet normal 0 0 -1
    outer loop
      vertex -13.9078 -5.6191 0
      vertex -30.5 0 0
      vertex -14.0954 -5.1303 0
    endloop
  endfacet
  facet normal 0 0 -1
    outer loop
      vertex -14.7721 -2.60472 0
      vertex -26.9808 27.737 0
      vertex -26.8458 28.108 0
    endloop
  endfacet
  facet normal 0 0 -1
    outer loop
      vertex -14.2658 -4.63526 0
      vertex -30.5 0 0
      vertex -14.4189 -4.13456 0
    endloop
  endfacet
  facet normal 0 0 -1
    outer loop
      vertex -14.7721 -2.60472 0
      vertex -27.1977 27.4073 0
      vertex -26.9808 27.737 0
    endloop
  endfacet
  facet normal 0 0 -1
    outer loop
      vertex -14.4189 -4.13456 0
      vertex -30.5 0 0
      vertex -14.5544 -3.62883 0
    endloop
  endfacet
  facet normal 0 0 -1
    outer loop
      vertex -14.7721 -2.60472 0
      vertex -27.4848 27.1364 0
      vertex -27.1977 27.4073 0
    endloop
  endfacet
  facet normal 0 0 -1
    outer loop
      vertex -14.5544 -3.62883 0
      vertex -30.5 0 0
      vertex -14.6722 -3.11868 0
    endloop
  endfacet
  facet normal 0 0 -1
    outer loop
      vertex -14.7721 -2.60472 0
      vertex -27.8267 26.939 0
      vertex -27.4848 27.1364 0
    endloop
  endfacet
  facet normal 0 0 -1
    outer loop
      vertex -14.0954 -5.1303 0
      vertex -30.5 0 0
      vertex -14.2658 -4.63526 0
    endloop
  endfacet
  facet normal 0 0 -1
    outer loop
      vertex -27.8267 26.939 0
      vertex -30.5 0 0
      vertex -28.2048 26.8258 0
    endloop
  endfacet
  facet normal 0 0 -1
    outer loop
      vertex -33.5 -1.875 0
      vertex -28.5988 -61.8029 0
      vertex -28.9876 -61.8714 0
    endloop
  endfacet
  facet normal 0 0 -1
    outer loop
      vertex -33.5 1.875 0
      vertex -28.2048 26.8258 0
      vertex -30.5 0 0
    endloop
  endfacet
  facet normal 0 0 -1
    outer loop
      vertex -33.5 -1.875 0
      vertex -28.9876 -61.8714 0
      vertex -29.35 -62.0278 0
    endloop
  endfacet
  facet normal 0 0 -1
    outer loop
      vertex -28.2048 26.8258 0
      vertex -33.5 1.875 0
      vertex -28.5988 26.8029 0
    endloop
  endfacet
  facet normal 0 0 -1
    outer loop
      vertex -33.5 -1.875 0
      vertex -29.35 -62.0278 0
      vertex -29.6666 -62.2635 0
    endloop
  endfacet
  facet normal -0 0 -1
    outer loop
      vertex -28.5988 26.8029 0
      vertex -33.5 1.875 0
      vertex -28.9876 26.8714 0
    endloop
  endfacet
  facet normal 0 0 -1
    outer loop
      vertex -33.5 -1.875 0
      vertex -29.6666 -62.2635 0
      vertex -29.9203 -62.5658 0
    endloop
  endfacet
  facet normal -0 0 -1
    outer loop
      vertex -28.9876 26.8714 0
      vertex -33.5 1.875 0
      vertex -29.35 27.0278 0
    endloop
  endfacet
  facet normal 0 0 -1
    outer loop
      vertex -33.5 -68.5 0
      vertex -29.9203 -62.5658 0
      vertex -30.0975 -62.9186 0
    endloop
  endfacet
  facet normal -0 0 -1
    outer loop
      vertex -29.35 27.0278 0
      vertex -33.5 1.875 0
      vertex -29.6666 27.2635 0
    endloop
  endfacet
  facet normal 0 0 -1
    outer loop
      vertex -33.5 -68.5 0
      vertex -30.0975 -62.9186 0
      vertex -30.1885 -63.3026 0
    endloop
  endfacet
  facet normal -0 0 -1
    outer loop
      vertex -29.6666 27.2635 0
      vertex -33.5 1.875 0
      vertex -29.9203 27.5658 0
    endloop
  endfacet
  facet normal 0 0 -1
    outer loop
      vertex 149.802 -62.4073 0
      vertex 153.5 -1.875 0
      vertex 150.019 -62.737 0
    endloop
  endfacet
  facet normal 0 0 -1
    outer loop
      vertex 150.5 0 0
      vertex 150.154 28.108 0
      vertex 150.2 28.5 0
    endloop
  endfacet
  facet normal 0 0 -1
    outer loop
      vertex 149.515 -62.1364 0
      vertex 153.5 -1.875 0
      vertex 149.802 -62.4073 0
    endloop
  endfacet
  facet normal 0 0 -1
    outer loop
      vertex 150.5 0 0
      vertex 150.019 27.737 0
      vertex 150.154 28.108 0
    endloop
  endfacet
  facet normal 0 0 -1
    outer loop
      vertex 149.173 -61.939 0
      vertex 153.5 -1.875 0
      vertex 149.515 -62.1364 0
    endloop
  endfacet
  facet normal 0 0 -1
    outer loop
      vertex 150.5 0 0
      vertex 149.802 27.4073 0
      vertex 150.019 27.737 0
    endloop
  endfacet
  facet normal 0 0 -1
    outer loop
      vertex 148.795 -61.8258 0
      vertex 153.5 -1.875 0
      vertex 149.173 -61.939 0
    endloop
  endfacet
  facet normal 0 0 -1
    outer loop
      vertex 150.5 0 0
      vertex 149.515 27.1364 0
      vertex 149.802 27.4073 0
    endloop
  endfacet
  facet normal 0 0 -1
    outer loop
      vertex 148.401 -61.8029 0
      vertex 153.5 -1.875 0
      vertex 148.795 -61.8258 0
    endloop
  endfacet
  facet normal 0 0 -1
    outer loop
      vertex 150.5 0 0
      vertex 149.173 26.939 0
      vertex 149.515 27.1364 0
    endloop
  endfacet
  facet normal 0 0 -1
    outer loop
      vertex 148.012 -61.8714 0
      vertex 153.5 -1.875 0
      vertex 148.401 -61.8029 0
    endloop
  endfacet
  facet normal 0 0 -1
    outer loop
      vertex 150.5 0 0
      vertex 148.795 26.8258 0
      vertex 149.173 26.939 0
    endloop
  endfacet
  facet normal 0 0 -1
    outer loop
      vertex 147.65 -62.0278 0
      vertex 153.5 -1.875 0
      vertex 148.012 -61.8714 0
    endloop
  endfacet
  facet normal 0 0 -1
    outer loop
      vertex 150.5 0 0
      vertex 148.401 26.8029 0
      vertex 148.795 26.8258 0
    endloop
  endfacet
  facet normal -0 0 -1
    outer loop
      vertex 153.5 -1.875 0
      vertex 147.65 -62.0278 0
      vertex 150.5 0 0
    endloop
  endfacet
  facet normal 0 0 -1
    outer loop
      vertex 150.5 0 0
      vertex 148.012 26.8714 0
      vertex 148.401 26.8029 0
    endloop
  endfacet
  facet normal 0 0 -1
    outer loop
      vertex 147.333 -62.2635 0
      vertex 150.5 0 0
      vertex 147.65 -62.0278 0
    endloop
  endfacet
  facet normal 0 0 -1
    outer loop
      vertex 150.5 0 0
      vertex 147.65 27.0278 0
      vertex 148.012 26.8714 0
    endloop
  endfacet
  facet normal 0 0 -1
    outer loop
      vertex 147.08 -62.5658 0
      vertex 150.5 0 0
      vertex 147.333 -62.2635 0
    endloop
  endfacet
  facet normal 0 0 -1
    outer loop
      vertex 150.5 0 0
      vertex 147.333 27.2635 0
      vertex 147.65 27.0278 0
    endloop
  endfacet
  facet normal 0 0 -1
    outer loop
      vertex 14.2658 -4.63526 0
      vertex 150.5 0 0
      vertex 147.08 -62.5658 0
    endloop
  endfacet
  facet normal 0 0 -1
    outer loop
      vertex 150.5 0 0
      vertex 147.08 27.5658 0
      vertex 147.333 27.2635 0
    endloop
  endfacet
  facet normal 0 0 -1
    outer loop
      vertex 14.0954 -5.1303 0
      vertex 147.08 -62.5658 0
      vertex 146.903 -62.9186 0
    endloop
  endfacet
  facet normal 0 -0 -1
    outer loop
      vertex 14.854 -2.0876 0
      vertex 150.5 0 0
      vertex 14.7721 -2.60472 0
    endloop
  endfacet
  facet normal 0 0 -1
    outer loop
      vertex 12.7207 -7.94879 0
      vertex 146.903 -62.9186 0
      vertex 146.811 -63.3026 0
    endloop
  endfacet
  facet normal 0 -0 -1
    outer loop
      vertex 14.9178 -1.56793 0
      vertex 150.5 0 0
      vertex 14.854 -2.0876 0
    endloop
  endfacet
  facet normal 0 0 -1
    outer loop
      vertex 150.154 -63.108 0
      vertex 153.5 -68.5 0
      vertex 150.2 -63.5 0
    endloop
  endfacet
  facet normal 0 0 -1
    outer loop
      vertex 150.019 -62.737 0
      vertex 153.5 -68.5 0
      vertex 150.154 -63.108 0
    endloop
  endfacet
  facet normal 0 0 -1
    outer loop
      vertex 153.5 -68.5 0
      vertex 150.154 -63.892 0
      vertex 150.2 -63.5 0
    endloop
  endfacet
  facet normal 0 0 -1
    outer loop
      vertex 153.5 -68.5 0
      vertex 150.019 -64.263 0
      vertex 150.154 -63.892 0
    endloop
  endfacet
  facet normal 0 0 -1
    outer loop
      vertex 153.5 -68.5 0
      vertex 149.802 -64.5927 0
      vertex 150.019 -64.263 0
    endloop
  endfacet
  facet normal 0 0 -1
    outer loop
      vertex 153.5 -68.5 0
      vertex 149.515 -64.8636 0
      vertex 149.802 -64.5927 0
    endloop
  endfacet
  facet normal 0 0 -1
    outer loop
      vertex 153.5 -68.5 0
      vertex 149.173 -65.061 0
      vertex 149.515 -64.8636 0
    endloop
  endfacet
  facet normal 0 0 -1
    outer loop
      vertex 153.5 -68.5 0
      vertex 148.795 -65.1742 0
      vertex 149.173 -65.061 0
    endloop
  endfacet
  facet normal 0 0 -1
    outer loop
      vertex 153.5 -68.5 0
      vertex 148.401 -65.1971 0
      vertex 148.795 -65.1742 0
    endloop
  endfacet
  facet normal 0 0 -1
    outer loop
      vertex 153.5 -68.5 0
      vertex 148.012 -65.1286 0
      vertex 148.401 -65.1971 0
    endloop
  endfacet
  facet normal 0 0 -1
    outer loop
      vertex 153.5 -68.5 0
      vertex 147.65 -64.9722 0
      vertex 148.012 -65.1286 0
    endloop
  endfacet
  facet normal 0 0 -1
    outer loop
      vertex 1.875 -68.5 0
      vertex 146.811 -63.3026 0
      vertex 146.811 -63.6974 0
    endloop
  endfacet
  facet normal 0 -0 -1
    outer loop
      vertex 14.9635 -1.04635 0
      vertex 150.5 0 0
      vertex 14.9178 -1.56793 0
    endloop
  endfacet
  facet normal 0 -0 -1
    outer loop
      vertex 14.9909 -0.523493 0
      vertex 150.5 0 0
      vertex 14.9635 -1.04635 0
    endloop
  endfacet
  facet normal 0 0 -1
    outer loop
      vertex 1.875 -68.5 0
      vertex 146.811 -63.6974 0
      vertex 146.903 -64.0814 0
    endloop
  endfacet
  facet normal 0 0 -1
    outer loop
      vertex 1.875 -68.5 0
      vertex 146.903 -64.0814 0
      vertex 147.08 -64.4342 0
    endloop
  endfacet
  facet normal 0 0 -1
    outer loop
      vertex 1.875 -68.5 0
      vertex 147.08 -64.4342 0
      vertex 147.333 -64.7365 0
    endloop
  endfacet
  facet normal 0 0 -1
    outer loop
      vertex 1.875 -68.5 0
      vertex 147.333 -64.7365 0
      vertex 147.65 -64.9722 0
    endloop
  endfacet
  facet normal 0 0 -1
    outer loop
      vertex 1.875 -68.5 0
      vertex 147.65 -64.9722 0
      vertex 153.5 -68.5 0
    endloop
  endfacet
  facet normal 0 0 -1
    outer loop
      vertex 150.5 0 0
      vertex 14.9635 1.04635 0
      vertex 146.903 27.9186 0
    endloop
  endfacet
  facet normal 0 0 -1
    outer loop
      vertex 14.9635 1.04635 0
      vertex 150.5 0 0
      vertex 14.9909 0.523492 0
    endloop
  endfacet
  facet normal 0 0 -1
    outer loop
      vertex 14.9909 0.523492 0
      vertex 150.5 0 0
      vertex 15 0 0
    endloop
  endfacet
  facet normal 0 0 -1
    outer loop
      vertex 150.5 0 0
      vertex 146.903 27.9186 0
      vertex 147.08 27.5658 0
    endloop
  endfacet
  facet normal 0 -0 -1
    outer loop
      vertex 15 0 0
      vertex 150.5 0 0
      vertex 14.9909 -0.523493 0
    endloop
  endfacet
  facet normal 0 0 -1
    outer loop
      vertex 150.5 0 0
      vertex 14.6722 -3.11868 0
      vertex 14.7721 -2.60472 0
    endloop
  endfacet
  facet normal 0 0 -1
    outer loop
      vertex 150.5 0 0
      vertex 14.5544 -3.62883 0
      vertex 14.6722 -3.11868 0
    endloop
  endfacet
  facet normal 0 0 -1
    outer loop
      vertex 150.5 0 0
      vertex 14.4189 -4.13456 0
      vertex 14.5544 -3.62883 0
    endloop
  endfacet
  facet normal 0 0 -1
    outer loop
      vertex 150.5 0 0
      vertex 14.2658 -4.63526 0
      vertex 14.4189 -4.13456 0
    endloop
  endfacet
  facet normal 0 0 -1
    outer loop
      vertex 147.08 -62.5658 0
      vertex 14.0954 -5.1303 0
      vertex 14.2658 -4.63526 0
    endloop
  endfacet
  facet normal 0 0 -1
    outer loop
      vertex 146.903 -62.9186 0
      vertex 13.9078 -5.6191 0
      vertex 14.0954 -5.1303 0
    endloop
  endfacet
  facet normal 0 0 -1
    outer loop
      vertex 146.903 -62.9186 0
      vertex 13.7032 -6.10105 0
      vertex 13.9078 -5.6191 0
    endloop
  endfacet
  facet normal 0 0 -1
    outer loop
      vertex 146.903 -62.9186 0
      vertex 13.4819 -6.57557 0
      vertex 13.7032 -6.10105 0
    endloop
  endfacet
  facet normal 0 0 -1
    outer loop
      vertex 146.903 -62.9186 0
      vertex 13.2442 -7.04207 0
      vertex 13.4819 -6.57557 0
    endloop
  endfacet
  facet normal 0 0 -1
    outer loop
      vertex 146.903 -62.9186 0
      vertex 12.9904 -7.5 0
      vertex 13.2442 -7.04207 0
    endloop
  endfacet
  facet normal 0 0 -1
    outer loop
      vertex 146.903 -62.9186 0
      vertex 12.7207 -7.94879 0
      vertex 12.9904 -7.5 0
    endloop
  endfacet
  facet normal 0 0 -1
    outer loop
      vertex 146.811 -63.3026 0
      vertex 12.4356 -8.38789 0
      vertex 12.7207 -7.94879 0
    endloop
  endfacet
  facet normal -0 0 -1
    outer loop
      vertex 146.811 -63.3026 0
      vertex 1.875 -68.5 0
      vertex 12.4356 -8.38789 0
    endloop
  endfacet
  facet normal 0 0 -1
    outer loop
      vertex 12.4356 -8.38789 0
      vertex 1.875 -68.5 0
      vertex 12.1353 -8.81678 0
    endloop
  endfacet
  facet normal 0 0 -1
    outer loop
      vertex 12.1353 -8.81678 0
      vertex 1.875 -68.5 0
      vertex 11.8202 -9.23492 0
    endloop
  endfacet
  facet normal 0 0 -1
    outer loop
      vertex 11.8202 -9.23492 0
      vertex 1.875 -68.5 0
      vertex 11.4907 -9.64181 0
    endloop
  endfacet
  facet normal 0 0 -1
    outer loop
      vertex 11.4907 -9.64181 0
      vertex 1.875 -68.5 0
      vertex 11.1472 -10.037 0
    endloop
  endfacet
  facet normal 0 0 -1
    outer loop
      vertex 11.1472 -10.037 0
      vertex 1.875 -68.5 0
      vertex 10.7901 -10.4199 0
    endloop
  endfacet
  facet normal 0 0 -1
    outer loop
      vertex 10.7901 -10.4199 0
      vertex 1.875 -68.5 0
      vertex 10.4199 -10.7901 0
    endloop
  endfacet
  facet normal 0 0 -1
    outer loop
      vertex 10.4199 -10.7901 0
      vertex 1.875 -68.5 0
      vertex 10.037 -11.1472 0
    endloop
  endfacet
  facet normal 0 0 -1
    outer loop
      vertex 10.037 -11.1472 0
      vertex 1.875 -68.5 0
      vertex 9.64181 -11.4907 0
    endloop
  endfacet
  facet normal 0 0 -1
    outer loop
      vertex 0 -65.5 0
      vertex 9.64181 -11.4907 0
      vertex 1.875 -68.5 0
    endloop
  endfacet
  facet normal 0 0 -1
    outer loop
      vertex 9.64181 -11.4907 0
      vertex 0 -65.5 0
      vertex 9.23492 -11.8202 0
    endloop
  endfacet
  facet normal 0 0 -1
    outer loop
      vertex 9.23492 -11.8202 0
      vertex 0 -65.5 0
      vertex 8.81678 -12.1353 0
    endloop
  endfacet
  facet normal 0 0 -1
    outer loop
      vertex 8.81678 -12.1353 0
      vertex 0 -65.5 0
      vertex 8.38789 -12.4356 0
    endloop
  endfacet
  facet normal 0 0 -1
    outer loop
      vertex 8.38789 -12.4356 0
      vertex 0 -65.5 0
      vertex 7.94879 -12.7207 0
    endloop
  endfacet
  facet normal 0 0 -1
    outer loop
      vertex 7.94879 -12.7207 0
      vertex 0 -65.5 0
      vertex 7.5 -12.9904 0
    endloop
  endfacet
  facet normal 0 0 -1
    outer loop
      vertex 7.5 -12.9904 0
      vertex 0 -65.5 0
      vertex 7.04207 -13.2442 0
    endloop
  endfacet
  facet normal 0 0 -1
    outer loop
      vertex 7.04207 -13.2442 0
      vertex 0 -65.5 0
      vertex 6.57557 -13.4819 0
    endloop
  endfacet
  facet normal 0 0 -1
    outer loop
      vertex 6.57557 -13.4819 0
      vertex 0 -65.5 0
      vertex 6.10105 -13.7032 0
    endloop
  endfacet
  facet normal 0 0 -1
    outer loop
      vertex 6.10105 -13.7032 0
      vertex 0 -65.5 0
      vertex 5.6191 -13.9078 0
    endloop
  endfacet
  facet normal 0 0 -1
    outer loop
      vertex 5.6191 -13.9078 0
      vertex 0 -65.5 0
      vertex 5.1303 -14.0954 0
    endloop
  endfacet
  facet normal 0 0 -1
    outer loop
      vertex 5.1303 -14.0954 0
      vertex 0 -65.5 0
      vertex 4.63525 -14.2658 0
    endloop
  endfacet
  facet normal 0 0 -1
    outer loop
      vertex 4.63525 -14.2658 0
      vertex 0 -65.5 0
      vertex 4.13456 -14.4189 0
    endloop
  endfacet
  facet normal 0 0 -1
    outer loop
      vertex 4.13456 -14.4189 0
      vertex 0 -65.5 0
      vertex 3.62883 -14.5544 0
    endloop
  endfacet
  facet normal 0 0 -1
    outer loop
      vertex 3.62883 -14.5544 0
      vertex 0 -65.5 0
      vertex 3.11868 -14.6722 0
    endloop
  endfacet
  facet normal 0 0 -1
    outer loop
      vertex 3.11868 -14.6722 0
      vertex 0 -65.5 0
      vertex 2.60472 -14.7721 0
    endloop
  endfacet
  facet normal 0 0 -1
    outer loop
      vertex 2.60472 -14.7721 0
      vertex 0 -65.5 0
      vertex 2.0876 -14.854 0
    endloop
  endfacet
  facet normal 0 0 -1
    outer loop
      vertex 2.0876 -14.854 0
      vertex 0 -65.5 0
      vertex 1.56793 -14.9178 0
    endloop
  endfacet
  facet normal 0 0 -1
    outer loop
      vertex 1.56793 -14.9178 0
      vertex 0 -65.5 0
      vertex 1.04635 -14.9635 0
    endloop
  endfacet
  facet normal 0 0 -1
    outer loop
      vertex 1.04635 -14.9635 0
      vertex 0 -65.5 0
      vertex 0.523492 -14.9909 0
    endloop
  endfacet
  facet normal 0 0 -1
    outer loop
      vertex 0 -65.5 0
      vertex 0 -15 0
      vertex 0.523492 -14.9909 0
    endloop
  endfacet
  facet normal 0 0 -1
    outer loop
      vertex 0 -65.5 0
      vertex -0.523493 -14.9909 0
      vertex 0 -15 0
    endloop
  endfacet
  facet normal 0 0 -1
    outer loop
      vertex 0 -65.5 0
      vertex -1.04635 -14.9635 0
      vertex -0.523493 -14.9909 0
    endloop
  endfacet
  facet normal 0 0 -1
    outer loop
      vertex 0 -65.5 0
      vertex -1.56793 -14.9178 0
      vertex -1.04635 -14.9635 0
    endloop
  endfacet
  facet normal 0 0 -1
    outer loop
      vertex -26.8458 -63.108 0
      vertex -1.875 -68.5 0
      vertex -26.8 -63.5 0
    endloop
  endfacet
  facet normal 0 0 -1
    outer loop
      vertex 0 -65.5 0
      vertex -2.0876 -14.854 0
      vertex -1.56793 -14.9178 0
    endloop
  endfacet
  facet normal 0 0 -1
    outer loop
      vertex 0 -65.5 0
      vertex -2.60472 -14.7721 0
      vertex -2.0876 -14.854 0
    endloop
  endfacet
  facet normal 0 0 -1
    outer loop
      vertex 0 -65.5 0
      vertex -3.11868 -14.6722 0
      vertex -2.60472 -14.7721 0
    endloop
  endfacet
  facet normal 0 0 -1
    outer loop
      vertex 0 -65.5 0
      vertex -3.62883 -14.5544 0
      vertex -3.11868 -14.6722 0
    endloop
  endfacet
  facet normal 0 0 -1
    outer loop
      vertex -1.875 -68.5 0
      vertex -26.8458 -63.108 0
      vertex 0 -65.5 0
    endloop
  endfacet
  facet normal 0 0 -1
    outer loop
      vertex 0 -65.5 0
      vertex -4.13456 -14.4189 0
      vertex -3.62883 -14.5544 0
    endloop
  endfacet
  facet normal 0 0 -1
    outer loop
      vertex -26.9808 -62.737 0
      vertex 0 -65.5 0
      vertex -26.8458 -63.108 0
    endloop
  endfacet
  facet normal 0 0 -1
    outer loop
      vertex -27.1977 -62.4073 0
      vertex 0 -65.5 0
      vertex -26.9808 -62.737 0
    endloop
  endfacet
  facet normal 0 0 -1
    outer loop
      vertex -27.4848 -62.1364 0
      vertex 0 -65.5 0
      vertex -27.1977 -62.4073 0
    endloop
  endfacet
  facet normal 0 0 -1
    outer loop
      vertex 0 -65.5 0
      vertex -27.4848 -62.1364 0
      vertex -4.13456 -14.4189 0
    endloop
  endfacet
  facet normal -0 0 -1
    outer loop
      vertex -4.13456 -14.4189 0
      vertex -27.4848 -62.1364 0
      vertex -4.63526 -14.2658 0
    endloop
  endfacet
  facet normal -0 0 -1
    outer loop
      vertex -4.63526 -14.2658 0
      vertex -27.4848 -62.1364 0
      vertex -5.1303 -14.0954 0
    endloop
  endfacet
  facet normal 0 0 -1
    outer loop
      vertex -27.8267 -61.939 0
      vertex -5.1303 -14.0954 0
      vertex -27.4848 -62.1364 0
    endloop
  endfacet
  facet normal -0 0 -1
    outer loop
      vertex -5.1303 -14.0954 0
      vertex -27.8267 -61.939 0
      vertex -5.6191 -13.9078 0
    endloop
  endfacet
  facet normal -0 0 -1
    outer loop
      vertex -5.6191 -13.9078 0
      vertex -27.8267 -61.939 0
      vertex -6.10105 -13.7032 0
    endloop
  endfacet
  facet normal -0 0 -1
    outer loop
      vertex -6.10105 -13.7032 0
      vertex -27.8267 -61.939 0
      vertex -6.57557 -13.4819 0
    endloop
  endfacet
  facet normal -0 0 -1
    outer loop
      vertex -6.57557 -13.4819 0
      vertex -27.8267 -61.939 0
      vertex -7.04207 -13.2442 0
    endloop
  endfacet
  facet normal -0 0 -1
    outer loop
      vertex -7.04207 -13.2442 0
      vertex -27.8267 -61.939 0
      vertex -7.5 -12.9904 0
    endloop
  endfacet
  facet normal 0 0 -1
    outer loop
      vertex -28.2048 -61.8258 0
      vertex -7.5 -12.9904 0
      vertex -27.8267 -61.939 0
    endloop
  endfacet
  facet normal -0 0 -1
    outer loop
      vertex -7.5 -12.9904 0
      vertex -28.2048 -61.8258 0
      vertex -7.94879 -12.7207 0
    endloop
  endfacet
  facet normal -0 0 -1
    outer loop
      vertex -7.94879 -12.7207 0
      vertex -28.2048 -61.8258 0
      vertex -8.38789 -12.4356 0
    endloop
  endfacet
  facet normal -0 0 -1
    outer loop
      vertex -8.38789 -12.4356 0
      vertex -28.2048 -61.8258 0
      vertex -8.81678 -12.1353 0
    endloop
  endfacet
  facet normal -0 0 -1
    outer loop
      vertex -8.81678 -12.1353 0
      vertex -28.2048 -61.8258 0
      vertex -9.23492 -11.8202 0
    endloop
  endfacet
  facet normal 0 0 -1
    outer loop
      vertex -28.5988 -61.8029 0
      vertex -9.23492 -11.8202 0
      vertex -28.2048 -61.8258 0
    endloop
  endfacet
  facet normal -0 0 -1
    outer loop
      vertex -9.23492 -11.8202 0
      vertex -28.5988 -61.8029 0
      vertex -9.64181 -11.4907 0
    endloop
  endfacet
  facet normal -0 0 -1
    outer loop
      vertex -9.64181 -11.4907 0
      vertex -28.5988 -61.8029 0
      vertex -10.037 -11.1472 0
    endloop
  endfacet
  facet normal -0 0 -1
    outer loop
      vertex -10.037 -11.1472 0
      vertex -28.5988 -61.8029 0
      vertex -10.4199 -10.7901 0
    endloop
  endfacet
  facet normal -0 0 -1
    outer loop
      vertex -10.4199 -10.7901 0
      vertex -28.5988 -61.8029 0
      vertex -10.7901 -10.4199 0
    endloop
  endfacet
  facet normal 0 0 -1
    outer loop
      vertex -33.5 -1.875 0
      vertex -10.7901 -10.4199 0
      vertex -28.5988 -61.8029 0
    endloop
  endfacet
  facet normal 0 0 -1
    outer loop
      vertex -10.7901 -10.4199 0
      vertex -33.5 -1.875 0
      vertex -11.1472 -10.037 0
    endloop
  endfacet
  facet normal 0 0 -1
    outer loop
      vertex -11.1472 -10.037 0
      vertex -33.5 -1.875 0
      vertex -11.4907 -9.64181 0
    endloop
  endfacet
  facet normal 0 0 -1
    outer loop
      vertex -11.4907 -9.64181 0
      vertex -33.5 -1.875 0
      vertex -11.8202 -9.23492 0
    endloop
  endfacet
  facet normal 0 0 -1
    outer loop
      vertex -11.8202 -9.23492 0
      vertex -33.5 -1.875 0
      vertex -12.1353 -8.81678 0
    endloop
  endfacet
  facet normal 0 0 -1
    outer loop
      vertex -12.1353 -8.81678 0
      vertex -33.5 -1.875 0
      vertex -12.4356 -8.38789 0
    endloop
  endfacet
  facet normal 0 0 -1
    outer loop
      vertex -12.4356 -8.38789 0
      vertex -33.5 -1.875 0
      vertex -12.7207 -7.94879 0
    endloop
  endfacet
  facet normal 0 0 -1
    outer loop
      vertex -12.7207 -7.94879 0
      vertex -33.5 -1.875 0
      vertex -12.9904 -7.5 0
    endloop
  endfacet
  facet normal 0 0 -1
    outer loop
      vertex -14.9635 -1.04635 0
      vertex -26.8 28.5 0
      vertex -14.9909 -0.523493 0
    endloop
  endfacet
  facet normal 0 0 -1
    outer loop
      vertex -14.9178 -1.56793 0
      vertex -26.8 28.5 0
      vertex -14.9635 -1.04635 0
    endloop
  endfacet
  facet normal 0 0 -1
    outer loop
      vertex -14.854 -2.0876 0
      vertex -26.8 28.5 0
      vertex -14.9178 -1.56793 0
    endloop
  endfacet
  facet normal 0 0 -1
    outer loop
      vertex -14.7721 -2.60472 0
      vertex -26.8 28.5 0
      vertex -14.854 -2.0876 0
    endloop
  endfacet
  facet normal 0 0 -1
    outer loop
      vertex -13.4819 -6.57557 0
      vertex -33.5 -1.875 0
      vertex -13.7032 -6.10105 0
    endloop
  endfacet
  facet normal 0 0 -1
    outer loop
      vertex -13.2442 -7.04207 0
      vertex -33.5 -1.875 0
      vertex -13.4819 -6.57557 0
    endloop
  endfacet
  facet normal 0 0 -1
    outer loop
      vertex -12.9904 -7.5 0
      vertex -33.5 -1.875 0
      vertex -13.2442 -7.04207 0
    endloop
  endfacet
  facet normal 0 0 -1
    outer loop
      vertex -1.875 -68.5 0
      vertex -26.8458 -63.892 0
      vertex -26.8 -63.5 0
    endloop
  endfacet
  facet normal 0 0 -1
    outer loop
      vertex -1.875 -68.5 0
      vertex -26.9808 -64.263 0
      vertex -26.8458 -63.892 0
    endloop
  endfacet
  facet normal 0 0 -1
    outer loop
      vertex -1.875 -68.5 0
      vertex -27.1977 -64.5927 0
      vertex -26.9808 -64.263 0
    endloop
  endfacet
  facet normal 0 0 -1
    outer loop
      vertex -1.875 -68.5 0
      vertex -27.4848 -64.8636 0
      vertex -27.1977 -64.5927 0
    endloop
  endfacet
  facet normal 0 0 -1
    outer loop
      vertex -1.875 -68.5 0
      vertex -27.8267 -65.061 0
      vertex -27.4848 -64.8636 0
    endloop
  endfacet
  facet normal 0 0 -1
    outer loop
      vertex -33.5 -68.5 0
      vertex -27.8267 -65.061 0
      vertex -1.875 -68.5 0
    endloop
  endfacet
  facet normal 0 0 -1
    outer loop
      vertex -27.8267 -65.061 0
      vertex -33.5 -68.5 0
      vertex -28.2048 -65.1742 0
    endloop
  endfacet
  facet normal 0 0 -1
    outer loop
      vertex -33.5 -68.5 0
      vertex -30.1885 -63.3026 0
      vertex -30.1885 -63.6974 0
    endloop
  endfacet
  facet normal -0 0 -1
    outer loop
      vertex -29.9203 27.5658 0
      vertex -33.5 1.875 0
      vertex -30.0975 27.9186 0
    endloop
  endfacet
  facet normal 0 0 -1
    outer loop
      vertex -33.5 33.5 0
      vertex -30.0975 27.9186 0
      vertex -33.5 1.875 0
    endloop
  endfacet
  facet normal 0 0 -1
    outer loop
      vertex -28.2048 -65.1742 0
      vertex -33.5 -68.5 0
      vertex -28.5988 -65.1971 0
    endloop
  endfacet
  facet normal 0 0 -1
    outer loop
      vertex -33.5 -68.5 0
      vertex -28.9876 -65.1286 0
      vertex -28.5988 -65.1971 0
    endloop
  endfacet
  facet normal 0 0 -1
    outer loop
      vertex -33.5 -68.5 0
      vertex -29.35 -64.9722 0
      vertex -28.9876 -65.1286 0
    endloop
  endfacet
  facet normal 0 0 -1
    outer loop
      vertex -33.5 -68.5 0
      vertex -29.6666 -64.7365 0
      vertex -29.35 -64.9722 0
    endloop
  endfacet
  facet normal 0 0 -1
    outer loop
      vertex -33.5 -68.5 0
      vertex -29.9203 -64.4342 0
      vertex -29.6666 -64.7365 0
    endloop
  endfacet
  facet normal 0 0 -1
    outer loop
      vertex -33.5 -68.5 0
      vertex -30.0975 -64.0814 0
      vertex -29.9203 -64.4342 0
    endloop
  endfacet
  facet normal 0 0 -1
    outer loop
      vertex -33.5 -68.5 0
      vertex -30.1885 -63.6974 0
      vertex -30.0975 -64.0814 0
    endloop
  endfacet
  facet normal -0 0 -1
    outer loop
      vertex -29.9203 -62.5658 0
      vertex -33.5 -68.5 0
      vertex -33.5 -1.875 0
    endloop
  endfacet
  facet normal 0 0 -1
    outer loop
      vertex -14.6722 -3.11868 0
      vertex -30.5 0 0
      vertex -14.7721 -2.60472 0
    endloop
  endfacet
  facet normal 0 0 -1
    outer loop
      vertex 150.2 28.5 0
      vertex 153.5 1.875 0
      vertex 150.5 0 0
    endloop
  endfacet
  facet normal 0 0 -1
    outer loop
      vertex 153.5 -68.5 0
      vertex 150.019 -62.737 0
      vertex 153.5 -1.875 0
    endloop
  endfacet
  facet normal 0 0 -1
    outer loop
      vertex 153.5 1.875 0
      vertex 150.2 28.5 0
      vertex 153.5 33.5 0
    endloop
  endfacet
  facet normal 0 0 -1
    outer loop
      vertex 150.154 28.892 0
      vertex 153.5 33.5 0
      vertex 150.2 28.5 0
    endloop
  endfacet
  facet normal 0 0 -1
    outer loop
      vertex 150.019 29.263 0
      vertex 153.5 33.5 0
      vertex 150.154 28.892 0
    endloop
  endfacet
  facet normal 0 0 -1
    outer loop
      vertex 149.802 29.5927 0
      vertex 153.5 33.5 0
      vertex 150.019 29.263 0
    endloop
  endfacet
  facet normal 0 0 -1
    outer loop
      vertex 149.515 29.8636 0
      vertex 153.5 33.5 0
      vertex 149.802 29.5927 0
    endloop
  endfacet
  facet normal 0 0 -1
    outer loop
      vertex 149.173 30.061 0
      vertex 153.5 33.5 0
      vertex 149.515 29.8636 0
    endloop
  endfacet
  facet normal 0 0 -1
    outer loop
      vertex 148.795 30.1742 0
      vertex 153.5 33.5 0
      vertex 149.173 30.061 0
    endloop
  endfacet
  facet normal 0 0 -1
    outer loop
      vertex 148.401 30.1971 0
      vertex 153.5 33.5 0
      vertex 148.795 30.1742 0
    endloop
  endfacet
  facet normal 0 0 -1
    outer loop
      vertex 148.012 30.1286 0
      vertex 153.5 33.5 0
      vertex 148.401 30.1971 0
    endloop
  endfacet
  facet normal 0 0 -1
    outer loop
      vertex 147.65 29.9722 0
      vertex 153.5 33.5 0
      vertex 148.012 30.1286 0
    endloop
  endfacet
  facet normal 0 0 -1
    outer loop
      vertex 14.9178 1.56793 0
      vertex 146.903 27.9186 0
      vertex 14.9635 1.04635 0
    endloop
  endfacet
  facet normal 0 0 -1
    outer loop
      vertex 14.854 2.0876 0
      vertex 146.903 27.9186 0
      vertex 14.9178 1.56793 0
    endloop
  endfacet
  facet normal -0 0 -1
    outer loop
      vertex 146.903 27.9186 0
      vertex 14.854 2.0876 0
      vertex 146.811 28.3026 0
    endloop
  endfacet
  facet normal 0 0 -1
    outer loop
      vertex 14.7721 2.60472 0
      vertex 146.811 28.3026 0
      vertex 14.854 2.0876 0
    endloop
  endfacet
  facet normal 0 0 -1
    outer loop
      vertex 14.6722 3.11868 0
      vertex 146.811 28.3026 0
      vertex 14.7721 2.60472 0
    endloop
  endfacet
  facet normal 0 0 -1
    outer loop
      vertex 14.5544 3.62883 0
      vertex 146.811 28.3026 0
      vertex 14.6722 3.11868 0
    endloop
  endfacet
  facet normal 0 0 -1
    outer loop
      vertex 14.4189 4.13456 0
      vertex 146.811 28.3026 0
      vertex 14.5544 3.62883 0
    endloop
  endfacet
  facet normal 0 0 -1
    outer loop
      vertex 14.2658 4.63525 0
      vertex 146.811 28.3026 0
      vertex 14.4189 4.13456 0
    endloop
  endfacet
  facet normal 0 0 -1
    outer loop
      vertex 14.0954 5.1303 0
      vertex 146.811 28.3026 0
      vertex 14.2658 4.63525 0
    endloop
  endfacet
  facet normal -0 0 -1
    outer loop
      vertex 146.811 28.3026 0
      vertex 14.0954 5.1303 0
      vertex 146.811 28.6974 0
    endloop
  endfacet
  facet normal 0 0 -1
    outer loop
      vertex 13.9078 5.6191 0
      vertex 146.811 28.6974 0
      vertex 14.0954 5.1303 0
    endloop
  endfacet
  facet normal 0 0 -1
    outer loop
      vertex 13.7032 6.10105 0
      vertex 146.811 28.6974 0
      vertex 13.9078 5.6191 0
    endloop
  endfacet
  facet normal 0 0 -1
    outer loop
      vertex 13.4819 6.57557 0
      vertex 146.811 28.6974 0
      vertex 13.7032 6.10105 0
    endloop
  endfacet
  facet normal 0 0 -1
    outer loop
      vertex 13.2442 7.04207 0
      vertex 146.811 28.6974 0
      vertex 13.4819 6.57557 0
    endloop
  endfacet
  facet normal 0 0 -1
    outer loop
      vertex 12.9904 7.5 0
      vertex 146.811 28.6974 0
      vertex 13.2442 7.04207 0
    endloop
  endfacet
  facet normal -0 0 -1
    outer loop
      vertex 146.811 28.6974 0
      vertex 12.9904 7.5 0
      vertex 146.903 29.0814 0
    endloop
  endfacet
  facet normal 0 0 -1
    outer loop
      vertex 12.7207 7.94879 0
      vertex 146.903 29.0814 0
      vertex 12.9904 7.5 0
    endloop
  endfacet
  facet normal 0 0 -1
    outer loop
      vertex 12.4356 8.38789 0
      vertex 146.903 29.0814 0
      vertex 12.7207 7.94879 0
    endloop
  endfacet
  facet normal 0 0 -1
    outer loop
      vertex 1.875 33.5 0
      vertex 146.903 29.0814 0
      vertex 12.4356 8.38789 0
    endloop
  endfacet
  facet normal 0 0 -1
    outer loop
      vertex 146.903 29.0814 0
      vertex 1.875 33.5 0
      vertex 147.08 29.4342 0
    endloop
  endfacet
  facet normal 0 0 -1
    outer loop
      vertex 147.08 29.4342 0
      vertex 1.875 33.5 0
      vertex 147.333 29.7365 0
    endloop
  endfacet
  facet normal 0 0 -1
    outer loop
      vertex 147.333 29.7365 0
      vertex 1.875 33.5 0
      vertex 147.65 29.9722 0
    endloop
  endfacet
  facet normal 0 0 -1
    outer loop
      vertex 1.875 33.5 0
      vertex 12.4356 8.38789 0
      vertex 12.1353 8.81678 0
    endloop
  endfacet
  facet normal 0 0 -1
    outer loop
      vertex 1.875 33.5 0
      vertex 12.1353 8.81678 0
      vertex 11.8202 9.23492 0
    endloop
  endfacet
  facet normal 0 0 -1
    outer loop
      vertex 1.875 33.5 0
      vertex 11.8202 9.23492 0
      vertex 11.4907 9.64181 0
    endloop
  endfacet
  facet normal 0 0 -1
    outer loop
      vertex 1.875 33.5 0
      vertex 11.4907 9.64181 0
      vertex 11.1472 10.037 0
    endloop
  endfacet
  facet normal 0 0 -1
    outer loop
      vertex 1.875 33.5 0
      vertex 11.1472 10.037 0
      vertex 10.7901 10.4199 0
    endloop
  endfacet
  facet normal 0 0 -1
    outer loop
      vertex 1.875 33.5 0
      vertex 10.7901 10.4199 0
      vertex 10.4199 10.7901 0
    endloop
  endfacet
  facet normal 0 0 -1
    outer loop
      vertex 1.875 33.5 0
      vertex 10.4199 10.7901 0
      vertex 10.037 11.1472 0
    endloop
  endfacet
  facet normal 0 0 -1
    outer loop
      vertex 1.875 33.5 0
      vertex 10.037 11.1472 0
      vertex 9.64181 11.4907 0
    endloop
  endfacet
  facet normal 0 0 -1
    outer loop
      vertex 1.875 33.5 0
      vertex 9.64181 11.4907 0
      vertex 9.23492 11.8202 0
    endloop
  endfacet
  facet normal 0 0 -1
    outer loop
      vertex 1.875 33.5 0
      vertex 9.23492 11.8202 0
      vertex 8.81678 12.1353 0
    endloop
  endfacet
  facet normal 0 0 -1
    outer loop
      vertex 1.875 33.5 0
      vertex 8.81678 12.1353 0
      vertex 8.38789 12.4356 0
    endloop
  endfacet
  facet normal 0 0 -1
    outer loop
      vertex 1.875 33.5 0
      vertex 8.38789 12.4356 0
      vertex 7.94879 12.7207 0
    endloop
  endfacet
  facet normal 0 0 -1
    outer loop
      vertex 1.875 33.5 0
      vertex 7.94879 12.7207 0
      vertex 7.5 12.9904 0
    endloop
  endfacet
  facet normal 0 0 -1
    outer loop
      vertex 1.875 33.5 0
      vertex 7.5 12.9904 0
      vertex 7.04207 13.2442 0
    endloop
  endfacet
  facet normal 0 0 -1
    outer loop
      vertex 1.875 33.5 0
      vertex 7.04207 13.2442 0
      vertex 6.57557 13.4819 0
    endloop
  endfacet
  facet normal 0 0 -1
    outer loop
      vertex 1.875 33.5 0
      vertex 6.57557 13.4819 0
      vertex 6.10105 13.7032 0
    endloop
  endfacet
  facet normal 0 0 -1
    outer loop
      vertex 0 30.5 0
      vertex 6.10105 13.7032 0
      vertex 5.6191 13.9078 0
    endloop
  endfacet
  facet normal 0 0 -1
    outer loop
      vertex 0 30.5 0
      vertex 5.6191 13.9078 0
      vertex 5.1303 14.0954 0
    endloop
  endfacet
  facet normal 0 0 -1
    outer loop
      vertex 0 30.5 0
      vertex 5.1303 14.0954 0
      vertex 4.63525 14.2658 0
    endloop
  endfacet
  facet normal 0 0 -1
    outer loop
      vertex 0 30.5 0
      vertex 4.63525 14.2658 0
      vertex 4.13456 14.4189 0
    endloop
  endfacet
  facet normal 0 0 -1
    outer loop
      vertex 0 30.5 0
      vertex 4.13456 14.4189 0
      vertex 3.62883 14.5544 0
    endloop
  endfacet
  facet normal 0 0 -1
    outer loop
      vertex 0 30.5 0
      vertex 3.62883 14.5544 0
      vertex 3.11868 14.6722 0
    endloop
  endfacet
  facet normal 0 0 -1
    outer loop
      vertex 0 30.5 0
      vertex 3.11868 14.6722 0
      vertex 2.60472 14.7721 0
    endloop
  endfacet
  facet normal 0 0 -1
    outer loop
      vertex 0 30.5 0
      vertex 2.60472 14.7721 0
      vertex 2.0876 14.854 0
    endloop
  endfacet
  facet normal 0 0 -1
    outer loop
      vertex 147.65 29.9722 0
      vertex 1.875 33.5 0
      vertex 153.5 33.5 0
    endloop
  endfacet
  facet normal 0 0 -1
    outer loop
      vertex 0 30.5 0
      vertex 2.0876 14.854 0
      vertex 1.56793 14.9178 0
    endloop
  endfacet
  facet normal 0 0 -1
    outer loop
      vertex 0 30.5 0
      vertex 1.56793 14.9178 0
      vertex 1.04635 14.9635 0
    endloop
  endfacet
  facet normal 0 0 -1
    outer loop
      vertex 0 30.5 0
      vertex 1.04635 14.9635 0
      vertex 0.523492 14.9909 0
    endloop
  endfacet
  facet normal 0 0 -1
    outer loop
      vertex 0 30.5 0
      vertex 0.523492 14.9909 0
      vertex 0 15 0
    endloop
  endfacet
  facet normal 0 0 -1
    outer loop
      vertex 6.10105 13.7032 0
      vertex 0 30.5 0
      vertex 1.875 33.5 0
    endloop
  endfacet
  facet normal 0 0 -1
    outer loop
      vertex -0.523493 14.9909 0
      vertex 0 30.5 0
      vertex 0 15 0
    endloop
  endfacet
  facet normal 0 0 -1
    outer loop
      vertex -1.04635 14.9635 0
      vertex 0 30.5 0
      vertex -0.523493 14.9909 0
    endloop
  endfacet
  facet normal 0 0 -1
    outer loop
      vertex -1.56793 14.9178 0
      vertex 0 30.5 0
      vertex -1.04635 14.9635 0
    endloop
  endfacet
  facet normal 0 0 -1
    outer loop
      vertex -2.0876 14.854 0
      vertex 0 30.5 0
      vertex -1.56793 14.9178 0
    endloop
  endfacet
  facet normal 0 0 -1
    outer loop
      vertex -2.60472 14.7721 0
      vertex 0 30.5 0
      vertex -2.0876 14.854 0
    endloop
  endfacet
  facet normal 0 0 -1
    outer loop
      vertex -3.11868 14.6722 0
      vertex 0 30.5 0
      vertex -2.60472 14.7721 0
    endloop
  endfacet
  facet normal 0 0 -1
    outer loop
      vertex -3.62883 14.5544 0
      vertex 0 30.5 0
      vertex -3.11868 14.6722 0
    endloop
  endfacet
  facet normal 0 0 -1
    outer loop
      vertex -4.13456 14.4189 0
      vertex 0 30.5 0
      vertex -3.62883 14.5544 0
    endloop
  endfacet
  facet normal 0 0 -1
    outer loop
      vertex -4.63526 14.2658 0
      vertex 0 30.5 0
      vertex -4.13456 14.4189 0
    endloop
  endfacet
  facet normal 0 0 -1
    outer loop
      vertex -5.1303 14.0954 0
      vertex 0 30.5 0
      vertex -4.63526 14.2658 0
    endloop
  endfacet
  facet normal 0 0 -1
    outer loop
      vertex -5.6191 13.9078 0
      vertex 0 30.5 0
      vertex -5.1303 14.0954 0
    endloop
  endfacet
  facet normal 0 0 -1
    outer loop
      vertex -6.10105 13.7032 0
      vertex 0 30.5 0
      vertex -5.6191 13.9078 0
    endloop
  endfacet
  facet normal -0 0 -1
    outer loop
      vertex 0 30.5 0
      vertex -6.10105 13.7032 0
      vertex -1.875 33.5 0
    endloop
  endfacet
  facet normal 0 0 -1
    outer loop
      vertex -6.57557 13.4819 0
      vertex -1.875 33.5 0
      vertex -6.10105 13.7032 0
    endloop
  endfacet
  facet normal 0 0 -1
    outer loop
      vertex -7.04207 13.2442 0
      vertex -1.875 33.5 0
      vertex -6.57557 13.4819 0
    endloop
  endfacet
  facet normal 0 0 -1
    outer loop
      vertex -26.8 28.5 0
      vertex -7.04207 13.2442 0
      vertex -7.5 12.9904 0
    endloop
  endfacet
  facet normal 0 0 -1
    outer loop
      vertex -26.8 28.5 0
      vertex -7.5 12.9904 0
      vertex -7.94879 12.7207 0
    endloop
  endfacet
  facet normal 0 0 -1
    outer loop
      vertex -26.8 28.5 0
      vertex -7.94879 12.7207 0
      vertex -8.38789 12.4356 0
    endloop
  endfacet
  facet normal 0 0 -1
    outer loop
      vertex -26.8 28.5 0
      vertex -8.38789 12.4356 0
      vertex -8.81678 12.1353 0
    endloop
  endfacet
  facet normal 0 0 -1
    outer loop
      vertex -26.8 28.5 0
      vertex -8.81678 12.1353 0
      vertex -9.23492 11.8202 0
    endloop
  endfacet
  facet normal 0 0 -1
    outer loop
      vertex -26.8 28.5 0
      vertex -9.23492 11.8202 0
      vertex -9.64181 11.4907 0
    endloop
  endfacet
  facet normal 0 0 -1
    outer loop
      vertex -26.8 28.5 0
      vertex -9.64181 11.4907 0
      vertex -10.037 11.1472 0
    endloop
  endfacet
  facet normal 0 0 -1
    outer loop
      vertex -26.8 28.5 0
      vertex -10.037 11.1472 0
      vertex -10.4199 10.7901 0
    endloop
  endfacet
  facet normal 0 0 -1
    outer loop
      vertex -26.8 28.5 0
      vertex -10.4199 10.7901 0
      vertex -10.7901 10.4199 0
    endloop
  endfacet
  facet normal 0 0 -1
    outer loop
      vertex -26.8 28.5 0
      vertex -10.7901 10.4199 0
      vertex -11.1472 10.037 0
    endloop
  endfacet
  facet normal 0 0 -1
    outer loop
      vertex -26.8 28.5 0
      vertex -11.1472 10.037 0
      vertex -11.4907 9.64181 0
    endloop
  endfacet
  facet normal 0 0 -1
    outer loop
      vertex -26.8 28.5 0
      vertex -11.4907 9.64181 0
      vertex -11.8202 9.23492 0
    endloop
  endfacet
  facet normal 0 0 -1
    outer loop
      vertex -26.8 28.5 0
      vertex -11.8202 9.23492 0
      vertex -12.1353 8.81678 0
    endloop
  endfacet
  facet normal 0 0 -1
    outer loop
      vertex -26.8 28.5 0
      vertex -12.1353 8.81678 0
      vertex -12.4356 8.38789 0
    endloop
  endfacet
  facet normal 0 0 -1
    outer loop
      vertex -26.8 28.5 0
      vertex -12.4356 8.38789 0
      vertex -12.7207 7.94879 0
    endloop
  endfacet
  facet normal 0 0 -1
    outer loop
      vertex -26.8 28.5 0
      vertex -12.7207 7.94879 0
      vertex -12.9904 7.5 0
    endloop
  endfacet
  facet normal 0 0 -1
    outer loop
      vertex -26.8 28.5 0
      vertex -12.9904 7.5 0
      vertex -13.2442 7.04207 0
    endloop
  endfacet
  facet normal 0 0 -1
    outer loop
      vertex -26.8 28.5 0
      vertex -13.2442 7.04207 0
      vertex -13.4819 6.57557 0
    endloop
  endfacet
  facet normal 0 0 -1
    outer loop
      vertex -26.8 28.5 0
      vertex -13.4819 6.57557 0
      vertex -13.7032 6.10105 0
    endloop
  endfacet
  facet normal 0 0 -1
    outer loop
      vertex -14.9909 -0.523493 0
      vertex -26.8 28.5 0
      vertex -15 0 0
    endloop
  endfacet
  facet normal 0 0 -1
    outer loop
      vertex -15 0 0
      vertex -26.8 28.5 0
      vertex -14.9909 0.523492 0
    endloop
  endfacet
  facet normal 0 0 -1
    outer loop
      vertex -14.9909 0.523492 0
      vertex -26.8 28.5 0
      vertex -14.9635 1.04635 0
    endloop
  endfacet
  facet normal 0 0 -1
    outer loop
      vertex -14.9635 1.04635 0
      vertex -26.8 28.5 0
      vertex -14.9178 1.56793 0
    endloop
  endfacet
  facet normal 0 0 -1
    outer loop
      vertex -14.9178 1.56793 0
      vertex -26.8 28.5 0
      vertex -14.854 2.0876 0
    endloop
  endfacet
  facet normal 0 0 -1
    outer loop
      vertex -14.854 2.0876 0
      vertex -26.8 28.5 0
      vertex -14.7721 2.60472 0
    endloop
  endfacet
  facet normal 0 0 -1
    outer loop
      vertex -26.8 28.5 0
      vertex -14.6722 3.11868 0
      vertex -14.7721 2.60472 0
    endloop
  endfacet
  facet normal 0 0 -1
    outer loop
      vertex -26.8 28.5 0
      vertex -14.5544 3.62883 0
      vertex -14.6722 3.11868 0
    endloop
  endfacet
  facet normal 0 0 -1
    outer loop
      vertex -26.8 28.5 0
      vertex -14.4189 4.13456 0
      vertex -14.5544 3.62883 0
    endloop
  endfacet
  facet normal 0 0 -1
    outer loop
      vertex -26.8 28.5 0
      vertex -14.2658 4.63525 0
      vertex -14.4189 4.13456 0
    endloop
  endfacet
  facet normal 0 0 -1
    outer loop
      vertex -26.8 28.5 0
      vertex -14.0954 5.1303 0
      vertex -14.2658 4.63525 0
    endloop
  endfacet
  facet normal 0 0 -1
    outer loop
      vertex -26.8 28.5 0
      vertex -13.9078 5.6191 0
      vertex -14.0954 5.1303 0
    endloop
  endfacet
  facet normal 0 0 -1
    outer loop
      vertex -26.8 28.5 0
      vertex -13.7032 6.10105 0
      vertex -13.9078 5.6191 0
    endloop
  endfacet
  facet normal 0 0 -1
    outer loop
      vertex -7.04207 13.2442 0
      vertex -26.8 28.5 0
      vertex -1.875 33.5 0
    endloop
  endfacet
  facet normal 0 0 -1
    outer loop
      vertex -26.8458 28.892 0
      vertex -1.875 33.5 0
      vertex -26.8 28.5 0
    endloop
  endfacet
  facet normal 0 0 -1
    outer loop
      vertex -26.9808 29.263 0
      vertex -1.875 33.5 0
      vertex -26.8458 28.892 0
    endloop
  endfacet
  facet normal 0 0 -1
    outer loop
      vertex -27.1977 29.5927 0
      vertex -1.875 33.5 0
      vertex -26.9808 29.263 0
    endloop
  endfacet
  facet normal 0 0 -1
    outer loop
      vertex -27.4848 29.8636 0
      vertex -1.875 33.5 0
      vertex -27.1977 29.5927 0
    endloop
  endfacet
  facet normal 0 0 -1
    outer loop
      vertex -27.8267 30.061 0
      vertex -1.875 33.5 0
      vertex -27.4848 29.8636 0
    endloop
  endfacet
  facet normal 0 0 -1
    outer loop
      vertex -33.5 33.5 0
      vertex -27.8267 30.061 0
      vertex -28.2048 30.1742 0
    endloop
  endfacet
  facet normal 0 0 -1
    outer loop
      vertex -33.5 33.5 0
      vertex -28.2048 30.1742 0
      vertex -28.5988 30.1971 0
    endloop
  endfacet
  facet normal 0 0 -1
    outer loop
      vertex -30.0975 27.9186 0
      vertex -33.5 33.5 0
      vertex -30.1885 28.3026 0
    endloop
  endfacet
  facet normal 0 0 -1
    outer loop
      vertex -27.8267 30.061 0
      vertex -33.5 33.5 0
      vertex -1.875 33.5 0
    endloop
  endfacet
  facet normal 0 0 -1
    outer loop
      vertex -28.9876 30.1286 0
      vertex -33.5 33.5 0
      vertex -28.5988 30.1971 0
    endloop
  endfacet
  facet normal 0 0 -1
    outer loop
      vertex -29.35 29.9722 0
      vertex -33.5 33.5 0
      vertex -28.9876 30.1286 0
    endloop
  endfacet
  facet normal 0 0 -1
    outer loop
      vertex -29.6666 29.7365 0
      vertex -33.5 33.5 0
      vertex -29.35 29.9722 0
    endloop
  endfacet
  facet normal 0 0 -1
    outer loop
      vertex -29.9203 29.4342 0
      vertex -33.5 33.5 0
      vertex -29.6666 29.7365 0
    endloop
  endfacet
  facet normal 0 0 -1
    outer loop
      vertex -30.0975 29.0814 0
      vertex -33.5 33.5 0
      vertex -29.9203 29.4342 0
    endloop
  endfacet
  facet normal 0 0 -1
    outer loop
      vertex -30.1885 28.6974 0
      vertex -33.5 33.5 0
      vertex -30.0975 29.0814 0
    endloop
  endfacet
  facet normal 0 0 -1
    outer loop
      vertex -30.1885 28.3026 0
      vertex -33.5 33.5 0
      vertex -30.1885 28.6974 0
    endloop
  endfacet
  facet normal -1 0 0
    outer loop
      vertex -33.5 1.875 0
      vertex -33.5 33.5 3
      vertex -33.5 33.5 0
    endloop
  endfacet
  facet normal -1 -0 0
    outer loop
      vertex -33.5 33.5 3
      vertex -33.5 1.875 0
      vertex -33.5 1.875 3
    endloop
  endfacet
  facet normal -1 0 0
    outer loop
      vertex -33.5 -68.5 0
      vertex -33.5 -1.875 3
      vertex -33.5 -1.875 0
    endloop
  endfacet
  facet normal -1 -0 0
    outer loop
      vertex -33.5 -1.875 3
      vertex -33.5 -68.5 0
      vertex -33.5 -68.5 3
    endloop
  endfacet
  facet normal 0 1 -0
    outer loop
      vertex -1.875 33.5 0
      vertex -33.5 33.5 3
      vertex -1.875 33.5 3
    endloop
  endfacet
  facet normal 0 1 0
    outer loop
      vertex -33.5 33.5 3
      vertex -1.875 33.5 0
      vertex -33.5 33.5 0
    endloop
  endfacet
  facet normal 0 1 -0
    outer loop
      vertex 153.5 33.5 0
      vertex 1.875 33.5 3
      vertex 153.5 33.5 3
    endloop
  endfacet
  facet normal 0 1 0
    outer loop
      vertex 1.875 33.5 3
      vertex 153.5 33.5 0
      vertex 1.875 33.5 0
    endloop
  endfacet
  facet normal 0 -1 0
    outer loop
      vertex -33.5 -68.5 0
      vertex -1.875 -68.5 3
      vertex -33.5 -68.5 3
    endloop
  endfacet
  facet normal 0 -1 -0
    outer loop
      vertex -1.875 -68.5 3
      vertex -33.5 -68.5 0
      vertex -1.875 -68.5 0
    endloop
  endfacet
  facet normal 0 -1 0
    outer loop
      vertex 1.875 -68.5 0
      vertex 55.1059 -68.5 3
      vertex 1.875 -68.5 3
    endloop
  endfacet
  facet normal 0 -1 -0
    outer loop
      vertex 55.1059 -68.5 3
      vertex 1.875 -68.5 0
      vertex 64.8941 -68.5 3
    endloop
  endfacet
  facet normal 0 -1 0
    outer loop
      vertex 153.5 -68.5 0
      vertex 64.8941 -68.5 3
      vertex 1.875 -68.5 0
    endloop
  endfacet
  facet normal 0 -1 0
    outer loop
      vertex 64.8941 -68.5 3
      vertex 153.5 -68.5 0
      vertex 153.5 -68.5 3
    endloop
  endfacet
  facet normal 1 0 0
    outer loop
      vertex 143.5 23.5 9
      vertex 143.5 0.4 3.4
      vertex 143.5 23.5 3
    endloop
  endfacet
  facet normal 1 -0 0
    outer loop
      vertex 143.5 -10.5 9
      vertex 143.5 0.4 3.4
      vertex 143.5 23.5 9
    endloop
  endfacet
  facet normal 1 0 0
    outer loop
      vertex 143.5 0.4 3.4
      vertex 143.5 -10.5 9
      vertex 143.5 -0.400001 3.4
    endloop
  endfacet
  facet normal 1 0 0
    outer loop
      vertex 143.5 -10.5 3
      vertex 143.5 -0.400001 3.4
      vertex 143.5 -10.5 9
    endloop
  endfacet
  facet normal 1 0 0
    outer loop
      vertex 143.5 -0.400001 3.4
      vertex 143.5 -10.5 3
      vertex 143.5 -0.400001 3
    endloop
  endfacet
  facet normal 1 0 0
    outer loop
      vertex 143.5 23.5 3
      vertex 143.5 0.4 3.4
      vertex 143.5 0.4 3
    endloop
  endfacet
  facet normal 1 -0 0
    outer loop
      vertex 143.5 -58.5 9
      vertex 143.5 -24.5 3
      vertex 143.5 -24.5 9
    endloop
  endfacet
  facet normal 1 0 0
    outer loop
      vertex 143.5 -24.5 3
      vertex 143.5 -58.5 9
      vertex 143.5 -58.5 3
    endloop
  endfacet
  facet normal 1 0 0
    outer loop
      vertex 143.5 -0.400001 3
      vertex 143.5 0.4 3
      vertex 143.5 0.4 3.4
    endloop
  endfacet
  facet normal 1 0 0
    outer loop
      vertex 143.5 -0.400001 3
      vertex 143.5 0.4 3.4
      vertex 143.5 -0.400001 3.4
    endloop
  endfacet
  facet normal 1 0 0
    outer loop
      vertex 143.5 0.4 3
      vertex 143.5 -0.400001 3
      vertex 143.5 0.4 2.4
    endloop
  endfacet
  facet normal 1 0 0
    outer loop
      vertex 143.5 0.4 2.4
      vertex 143.5 -0.400001 3
      vertex 143.5 -0.400001 2.4
    endloop
  endfacet
  facet normal 0 0 1
    outer loop
      vertex 20 23.5 9
      vertex -20.5 20.5 9
      vertex 20 20.5 9
    endloop
  endfacet
  facet normal 0 0 1
    outer loop
      vertex -20.5 20.5 9
      vertex -23.5 23.5 9
      vertex -20.5 -55.5 9
    endloop
  endfacet
  facet normal -0 0 1
    outer loop
      vertex -23.5 23.5 9
      vertex -20.5 20.5 9
      vertex 20 23.5 9
    endloop
  endfacet
  facet normal 0 0 1
    outer loop
      vertex 47.5076 -56.5638 9
      vertex -20.5 -55.5 9
      vertex 47.5 -57 9
    endloop
  endfacet
  facet normal 0 0 1
    outer loop
      vertex 47.5304 -56.128 9
      vertex -20.5 -55.5 9
      vertex 47.5076 -56.5638 9
    endloop
  endfacet
  facet normal 0 0 1
    outer loop
      vertex 47.5685 -55.6934 9
      vertex -20.5 -55.5 9
      vertex 47.5304 -56.128 9
    endloop
  endfacet
  facet normal -0 0 1
    outer loop
      vertex -20.5 -55.5 9
      vertex 47.5685 -55.6934 9
      vertex 47.5922 -55.5 9
    endloop
  endfacet
  facet normal 0 0 1
    outer loop
      vertex -20.5 -55.5 9
      vertex 47.5076 -57.4362 9
      vertex 47.5 -57 9
    endloop
  endfacet
  facet normal 0 0 1
    outer loop
      vertex -20.5 -55.5 9
      vertex 47.5304 -57.872 9
      vertex 47.5076 -57.4362 9
    endloop
  endfacet
  facet normal 0 0 1
    outer loop
      vertex -20.5 -55.5 9
      vertex 47.5685 -58.3066 9
      vertex 47.5304 -57.872 9
    endloop
  endfacet
  facet normal 0 0 1
    outer loop
      vertex -20.5 -55.5 9
      vertex 47.5922 -58.5 9
      vertex 47.5685 -58.3066 9
    endloop
  endfacet
  facet normal 0 0 1
    outer loop
      vertex -20.5 -55.5 9
      vertex -23.5 -58.5 9
      vertex 47.5922 -58.5 9
    endloop
  endfacet
  facet normal 0 0 1
    outer loop
      vertex -23.5 -58.5 9
      vertex -20.5 -55.5 9
      vertex -23.5 23.5 9
    endloop
  endfacet
  facet normal 0 0 1
    outer loop
      vertex 143.5 23.5 9
      vertex 140.5 20.5 9
      vertex 143.5 -10.5 9
    endloop
  endfacet
  facet normal -0 0 1
    outer loop
      vertex 90 23.5 9
      vertex 140.5 20.5 9
      vertex 143.5 23.5 9
    endloop
  endfacet
  facet normal 0 0 1
    outer loop
      vertex 140.5 20.5 9
      vertex 90 23.5 9
      vertex 90 20.5 9
    endloop
  endfacet
  facet normal 0 0 1
    outer loop
      vertex 143.5 -10.5 9
      vertex 140.5 20.5 9
      vertex 140.5 -10.5 9
    endloop
  endfacet
  facet normal 0 0 1
    outer loop
      vertex 140.5 -55.5 9
      vertex 72.4924 -56.5638 9
      vertex 72.5 -57 9
    endloop
  endfacet
  facet normal 0 0 1
    outer loop
      vertex 140.5 -55.5 9
      vertex 72.4696 -56.128 9
      vertex 72.4924 -56.5638 9
    endloop
  endfacet
  facet normal 0 0 1
    outer loop
      vertex 140.5 -55.5 9
      vertex 72.4315 -55.6934 9
      vertex 72.4696 -56.128 9
    endloop
  endfacet
  facet normal 0 -0 1
    outer loop
      vertex 72.4315 -55.6934 9
      vertex 140.5 -55.5 9
      vertex 72.4078 -55.5 9
    endloop
  endfacet
  facet normal 0 0 1
    outer loop
      vertex 140.5 -55.5 9
      vertex 143.5 -24.5 9
      vertex 140.5 -24.5 9
    endloop
  endfacet
  facet normal 0 0 1
    outer loop
      vertex 143.5 -24.5 9
      vertex 140.5 -55.5 9
      vertex 143.5 -58.5 9
    endloop
  endfacet
  facet normal 0 0 1
    outer loop
      vertex 72.4924 -57.4362 9
      vertex 140.5 -55.5 9
      vertex 72.5 -57 9
    endloop
  endfacet
  facet normal 0 0 1
    outer loop
      vertex 72.4696 -57.872 9
      vertex 140.5 -55.5 9
      vertex 72.4924 -57.4362 9
    endloop
  endfacet
  facet normal 0 0 1
    outer loop
      vertex 72.4315 -58.3066 9
      vertex 140.5 -55.5 9
      vertex 72.4696 -57.872 9
    endloop
  endfacet
  facet normal 0 0 1
    outer loop
      vertex 72.4078 -58.5 9
      vertex 140.5 -55.5 9
      vertex 72.4315 -58.3066 9
    endloop
  endfacet
  facet normal 0 0 1
    outer loop
      vertex 140.5 -55.5 9
      vertex 72.4078 -58.5 9
      vertex 143.5 -58.5 9
    endloop
  endfacet
  facet normal -1 0 0
    outer loop
      vertex -23.5 -0.400001 3
      vertex -23.5 -58.5 3
      vertex -23.5 -0.400001 3.4
    endloop
  endfacet
  facet normal -1 0 0
    outer loop
      vertex -23.5 0.4 3.4
      vertex -23.5 23.5 3
      vertex -23.5 0.4 3
    endloop
  endfacet
  facet normal -1 0 0
    outer loop
      vertex -23.5 23.5 3
      vertex -23.5 0.4 3.4
      vertex -23.5 23.5 9
    endloop
  endfacet
  facet normal -1 0 0
    outer loop
      vertex -23.5 -0.400001 3.4
      vertex -23.5 23.5 9
      vertex -23.5 0.4 3.4
    endloop
  endfacet
  facet normal -1 0 0
    outer loop
      vertex -23.5 -58.5 9
      vertex -23.5 -0.400001 3.4
      vertex -23.5 -58.5 3
    endloop
  endfacet
  facet normal -1 0 0
    outer loop
      vertex -23.5 -0.400001 3.4
      vertex -23.5 -58.5 9
      vertex -23.5 23.5 9
    endloop
  endfacet
  facet normal -1 0 0
    outer loop
      vertex -23.5 -0.400001 3
      vertex -23.5 0.4 3
      vertex -23.5 0.4 2.4
    endloop
  endfacet
  facet normal -1 0 0
    outer loop
      vertex -23.5 -0.400001 3
      vertex -23.5 0.4 2.4
      vertex -23.5 -0.400001 2.4
    endloop
  endfacet
  facet normal -1 0 0
    outer loop
      vertex -23.5 0.4 3
      vertex -23.5 -0.400001 3
      vertex -23.5 0.4 3.4
    endloop
  endfacet
  facet normal -1 -0 0
    outer loop
      vertex -23.5 0.4 3.4
      vertex -23.5 -0.400001 3
      vertex -23.5 -0.400001 3.4
    endloop
  endfacet
  facet normal 0 1 0
    outer loop
      vertex -0.400001 23.5 3.4
      vertex 20 23.5 9
      vertex 0.4 23.5 3.4
    endloop
  endfacet
  facet normal 0 1 -0
    outer loop
      vertex 20 23.5 3
      vertex 0.4 23.5 3.4
      vertex 20 23.5 9
    endloop
  endfacet
  facet normal 0 1 0
    outer loop
      vertex 0.4 23.5 3.4
      vertex 20 23.5 3
      vertex 0.4 23.5 3
    endloop
  endfacet
  facet normal 0 1 0
    outer loop
      vertex 20 23.5 9
      vertex -0.400001 23.5 3.4
      vertex -23.5 23.5 9
    endloop
  endfacet
  facet normal 0 1 0
    outer loop
      vertex -23.5 23.5 3
      vertex -0.400001 23.5 3.4
      vertex -0.400001 23.5 3
    endloop
  endfacet
  facet normal 0 1 0
    outer loop
      vertex -0.400001 23.5 3.4
      vertex -23.5 23.5 3
      vertex -23.5 23.5 9
    endloop
  endfacet
  facet normal 0 1 -0
    outer loop
      vertex 143.5 23.5 3
      vertex 90 23.5 9
      vertex 143.5 23.5 9
    endloop
  endfacet
  facet normal 0 1 0
    outer loop
      vertex 90 23.5 9
      vertex 143.5 23.5 3
      vertex 90 23.5 3
    endloop
  endfacet
  facet normal 0 1 -0
    outer loop
      vertex 0.4 23.5 3
      vertex -0.400001 23.5 3.4
      vertex 0.4 23.5 3.4
    endloop
  endfacet
  facet normal 0 1 0
    outer loop
      vertex 0.4 23.5 3
      vertex -0.400001 23.5 3
      vertex -0.400001 23.5 3.4
    endloop
  endfacet
  facet normal 0 1 -0
    outer loop
      vertex 0.4 23.5 2.4
      vertex -0.400001 23.5 3
      vertex 0.4 23.5 3
    endloop
  endfacet
  facet normal 0 1 0
    outer loop
      vertex -0.400001 23.5 3
      vertex 0.4 23.5 2.4
      vertex -0.400001 23.5 2.4
    endloop
  endfacet
  facet normal 0 -1 0
    outer loop
      vertex 0.4 -58.5 3.4
      vertex -23.5 -58.5 9
      vertex -0.400001 -58.5 3.4
    endloop
  endfacet
  facet normal 0 -1 0
    outer loop
      vertex -23.5 -58.5 3
      vertex -0.400001 -58.5 3.4
      vertex -23.5 -58.5 9
    endloop
  endfacet
  facet normal 0 -1 -0
    outer loop
      vertex -0.400001 -58.5 3.4
      vertex -23.5 -58.5 3
      vertex -0.400001 -58.5 3
    endloop
  endfacet
  facet normal 0 -1 0
    outer loop
      vertex -23.5 -58.5 9
      vertex 0.4 -58.5 3.4
      vertex 47.5922 -58.5 9
    endloop
  endfacet
  facet normal 0 -1 0
    outer loop
      vertex 47.5922 -58.5 3
      vertex 0.4 -58.5 3.4
      vertex 0.4 -58.5 3
    endloop
  endfacet
  facet normal 0 -1 0
    outer loop
      vertex 0.4 -58.5 3.4
      vertex 47.5922 -58.5 3
      vertex 47.5922 -58.5 9
    endloop
  endfacet
  facet normal 0 -1 0
    outer loop
      vertex 72.4078 -58.5 3
      vertex 143.5 -58.5 9
      vertex 72.4078 -58.5 9
    endloop
  endfacet
  facet normal 0 -1 -0
    outer loop
      vertex 143.5 -58.5 9
      vertex 72.4078 -58.5 3
      vertex 143.5 -58.5 3
    endloop
  endfacet
  facet normal 0 -1 0
    outer loop
      vertex -0.400001 -58.5 3
      vertex 0.4 -58.5 3.4
      vertex -0.400001 -58.5 3.4
    endloop
  endfacet
  facet normal 0 -1 0
    outer loop
      vertex -0.400001 -58.5 3
      vertex 0.4 -58.5 3
      vertex 0.4 -58.5 3.4
    endloop
  endfacet
  facet normal 0 -1 0
    outer loop
      vertex -0.400001 -58.5 2.4
      vertex 0.4 -58.5 3
      vertex -0.400001 -58.5 3
    endloop
  endfacet
  facet normal 0 -1 -0
    outer loop
      vertex 0.4 -58.5 3
      vertex -0.400001 -58.5 2.4
      vertex 0.4 -58.5 2.4
    endloop
  endfacet
  facet normal -0.0580239 -0.998315 0
    outer loop
      vertex -28.5988 -61.8029 0
      vertex -28.2048 -61.8258 1.3
      vertex -28.5988 -61.8029 1.3
    endloop
  endfacet
  facet normal -0.0580239 -0.998315 -0
    outer loop
      vertex -28.2048 -61.8258 1.3
      vertex -28.5988 -61.8029 0
      vertex -28.2048 -61.8258 0
    endloop
  endfacet
  facet normal -0.939719 -0.341946 0
    outer loop
      vertex -26.8458 -63.108 0
      vertex -26.9808 -62.737 1.3
      vertex -26.9808 -62.737 0
    endloop
  endfacet
  facet normal -0.939719 -0.341946 0
    outer loop
      vertex -26.9808 -62.737 1.3
      vertex -26.8458 -63.108 0
      vertex -26.8458 -63.108 1.3
    endloop
  endfacet
  facet normal -0.993244 -0.116047 0
    outer loop
      vertex -26.8 -63.5 0
      vertex -26.8458 -63.108 1.3
      vertex -26.8458 -63.108 0
    endloop
  endfacet
  facet normal -0.993244 -0.116047 0
    outer loop
      vertex -26.8458 -63.108 1.3
      vertex -26.8 -63.5 0
      vertex -26.8 -63.5 1.3
    endloop
  endfacet
  facet normal -0.286813 0.957987 0
    outer loop
      vertex -27.8267 -65.061 0
      vertex -28.2048 -65.1742 1.3
      vertex -27.8267 -65.061 1.3
    endloop
  endfacet
  facet normal -0.286813 0.957987 0
    outer loop
      vertex -28.2048 -65.1742 1.3
      vertex -27.8267 -65.061 0
      vertex -28.2048 -65.1742 0
    endloop
  endfacet
  facet normal 1 -0 0
    outer loop
      vertex -30.1885 -63.6974 1.3
      vertex -30.1885 -63.3026 0
      vertex -30.1885 -63.3026 1.3
    endloop
  endfacet
  facet normal 1 0 0
    outer loop
      vertex -30.1885 -63.3026 0
      vertex -30.1885 -63.6974 1.3
      vertex -30.1885 -63.6974 0
    endloop
  endfacet
  facet normal -0.286813 -0.957987 0
    outer loop
      vertex -28.2048 -61.8258 0
      vertex -27.8267 -61.939 1.3
      vertex -28.2048 -61.8258 1.3
    endloop
  endfacet
  facet normal -0.286813 -0.957987 -0
    outer loop
      vertex -27.8267 -61.939 1.3
      vertex -28.2048 -61.8258 0
      vertex -27.8267 -61.939 0
    endloop
  endfacet
  facet normal 0.765994 -0.642847 0
    outer loop
      vertex -29.9203 -62.5658 1.3
      vertex -29.6666 -62.2635 0
      vertex -29.6666 -62.2635 1.3
    endloop
  endfacet
  facet normal 0.765994 -0.642847 0
    outer loop
      vertex -29.6666 -62.2635 0
      vertex -29.9203 -62.5658 1.3
      vertex -29.9203 -62.5658 0
    endloop
  endfacet
  facet normal -0.0580239 0.998315 0
    outer loop
      vertex -28.2048 -65.1742 0
      vertex -28.5988 -65.1971 1.3
      vertex -28.2048 -65.1742 1.3
    endloop
  endfacet
  facet normal -0.0580239 0.998315 0
    outer loop
      vertex -28.5988 -65.1971 1.3
      vertex -28.2048 -65.1742 0
      vertex -28.5988 -65.1971 0
    endloop
  endfacet
  facet normal -0.993244 0.116047 0
    outer loop
      vertex -26.8458 -63.892 0
      vertex -26.8 -63.5 1.3
      vertex -26.8 -63.5 0
    endloop
  endfacet
  facet normal -0.993244 0.116047 0
    outer loop
      vertex -26.8 -63.5 1.3
      vertex -26.8458 -63.892 0
      vertex -26.8458 -63.892 1.3
    endloop
  endfacet
  facet normal -0.686289 0.727329 0
    outer loop
      vertex -27.1977 -64.5927 0
      vertex -27.4848 -64.8636 1.3
      vertex -27.1977 -64.5927 1.3
    endloop
  endfacet
  facet normal -0.686289 0.727329 0
    outer loop
      vertex -27.4848 -64.8636 1.3
      vertex -27.1977 -64.5927 0
      vertex -27.4848 -64.8636 0
    endloop
  endfacet
  facet normal -0.835426 -0.549603 0
    outer loop
      vertex -26.9808 -62.737 0
      vertex -27.1977 -62.4073 1.3
      vertex -27.1977 -62.4073 0
    endloop
  endfacet
  facet normal -0.835426 -0.549603 0
    outer loop
      vertex -27.1977 -62.4073 1.3
      vertex -26.9808 -62.737 0
      vertex -26.9808 -62.737 1.3
    endloop
  endfacet
  facet normal 0.173511 0.984832 -0
    outer loop
      vertex -28.5988 -65.1971 0
      vertex -28.9876 -65.1286 1.3
      vertex -28.5988 -65.1971 1.3
    endloop
  endfacet
  facet normal 0.173511 0.984832 0
    outer loop
      vertex -28.9876 -65.1286 1.3
      vertex -28.5988 -65.1971 0
      vertex -28.9876 -65.1286 0
    endloop
  endfacet
  facet normal 0.396242 -0.918146 0
    outer loop
      vertex -29.35 -62.0278 0
      vertex -28.9876 -61.8714 1.3
      vertex -29.35 -62.0278 1.3
    endloop
  endfacet
  facet normal 0.396242 -0.918146 0
    outer loop
      vertex -28.9876 -61.8714 1.3
      vertex -29.35 -62.0278 0
      vertex -28.9876 -61.8714 0
    endloop
  endfacet
  facet normal 0.893615 -0.448834 0
    outer loop
      vertex -30.0975 -62.9186 1.3
      vertex -29.9203 -62.5658 0
      vertex -29.9203 -62.5658 1.3
    endloop
  endfacet
  facet normal 0.893615 -0.448834 0
    outer loop
      vertex -29.9203 -62.5658 0
      vertex -30.0975 -62.9186 1.3
      vertex -30.0975 -62.9186 0
    endloop
  endfacet
  facet normal 0.765994 0.642847 0
    outer loop
      vertex -29.6666 -64.7365 1.3
      vertex -29.9203 -64.4342 0
      vertex -29.9203 -64.4342 1.3
    endloop
  endfacet
  facet normal 0.765994 0.642847 0
    outer loop
      vertex -29.9203 -64.4342 0
      vertex -29.6666 -64.7365 1.3
      vertex -29.6666 -64.7365 0
    endloop
  endfacet
  facet normal -0.939719 0.341946 0
    outer loop
      vertex -26.9808 -64.263 0
      vertex -26.8458 -63.892 1.3
      vertex -26.8458 -63.892 0
    endloop
  endfacet
  facet normal -0.939719 0.341946 0
    outer loop
      vertex -26.8458 -63.892 1.3
      vertex -26.9808 -64.263 0
      vertex -26.9808 -64.263 1.3
    endloop
  endfacet
  facet normal -0.835426 0.549603 0
    outer loop
      vertex -27.1977 -64.5927 0
      vertex -26.9808 -64.263 1.3
      vertex -26.9808 -64.263 0
    endloop
  endfacet
  facet normal -0.835426 0.549603 0
    outer loop
      vertex -26.9808 -64.263 1.3
      vertex -27.1977 -64.5927 0
      vertex -27.1977 -64.5927 1.3
    endloop
  endfacet
  facet normal 0.597159 0.802123 -0
    outer loop
      vertex -29.35 -64.9722 0
      vertex -29.6666 -64.7365 1.3
      vertex -29.35 -64.9722 1.3
    endloop
  endfacet
  facet normal 0.597159 0.802123 0
    outer loop
      vertex -29.6666 -64.7365 1.3
      vertex -29.35 -64.9722 0
      vertex -29.6666 -64.7365 0
    endloop
  endfacet
  facet normal 0.173511 -0.984832 0
    outer loop
      vertex -28.9876 -61.8714 0
      vertex -28.5988 -61.8029 1.3
      vertex -28.9876 -61.8714 1.3
    endloop
  endfacet
  facet normal 0.173511 -0.984832 0
    outer loop
      vertex -28.5988 -61.8029 1.3
      vertex -28.9876 -61.8714 0
      vertex -28.5988 -61.8029 0
    endloop
  endfacet
  facet normal -0.500007 -0.866021 0
    outer loop
      vertex -27.8267 -61.939 0
      vertex -27.4848 -62.1364 1.3
      vertex -27.8267 -61.939 1.3
    endloop
  endfacet
  facet normal -0.500007 -0.866021 -0
    outer loop
      vertex -27.4848 -62.1364 1.3
      vertex -27.8267 -61.939 0
      vertex -27.4848 -62.1364 0
    endloop
  endfacet
  facet normal -0.686289 -0.727329 0
    outer loop
      vertex -27.4848 -62.1364 0
      vertex -27.1977 -62.4073 1.3
      vertex -27.4848 -62.1364 1.3
    endloop
  endfacet
  facet normal -0.686289 -0.727329 -0
    outer loop
      vertex -27.1977 -62.4073 1.3
      vertex -27.4848 -62.1364 0
      vertex -27.1977 -62.4073 0
    endloop
  endfacet
  facet normal 0.893615 0.448834 0
    outer loop
      vertex -29.9203 -64.4342 1.3
      vertex -30.0975 -64.0814 0
      vertex -30.0975 -64.0814 1.3
    endloop
  endfacet
  facet normal 0.893615 0.448834 0
    outer loop
      vertex -30.0975 -64.0814 0
      vertex -29.9203 -64.4342 1.3
      vertex -29.9203 -64.4342 0
    endloop
  endfacet
  facet normal -0.500007 0.866021 0
    outer loop
      vertex -27.4848 -64.8636 0
      vertex -27.8267 -65.061 1.3
      vertex -27.4848 -64.8636 1.3
    endloop
  endfacet
  facet normal -0.500007 0.866021 0
    outer loop
      vertex -27.8267 -65.061 1.3
      vertex -27.4848 -64.8636 0
      vertex -27.8267 -65.061 0
    endloop
  endfacet
  facet normal 0.597159 -0.802123 0
    outer loop
      vertex -29.6666 -62.2635 0
      vertex -29.35 -62.0278 1.3
      vertex -29.6666 -62.2635 1.3
    endloop
  endfacet
  facet normal 0.597159 -0.802123 0
    outer loop
      vertex -29.35 -62.0278 1.3
      vertex -29.6666 -62.2635 0
      vertex -29.35 -62.0278 0
    endloop
  endfacet
  facet normal 0.97305 0.230593 0
    outer loop
      vertex -30.0975 -64.0814 1.3
      vertex -30.1885 -63.6974 0
      vertex -30.1885 -63.6974 1.3
    endloop
  endfacet
  facet normal 0.97305 0.230593 0
    outer loop
      vertex -30.1885 -63.6974 0
      vertex -30.0975 -64.0814 1.3
      vertex -30.0975 -64.0814 0
    endloop
  endfacet
  facet normal 0.97305 -0.230593 0
    outer loop
      vertex -30.1885 -63.3026 1.3
      vertex -30.0975 -62.9186 0
      vertex -30.0975 -62.9186 1.3
    endloop
  endfacet
  facet normal 0.97305 -0.230593 0
    outer loop
      vertex -30.0975 -62.9186 0
      vertex -30.1885 -63.3026 1.3
      vertex -30.1885 -63.3026 0
    endloop
  endfacet
  facet normal 0.396242 0.918146 -0
    outer loop
      vertex -28.9876 -65.1286 0
      vertex -29.35 -64.9722 1.3
      vertex -28.9876 -65.1286 1.3
    endloop
  endfacet
  facet normal 0.396242 0.918146 0
    outer loop
      vertex -29.35 -64.9722 1.3
      vertex -28.9876 -65.1286 0
      vertex -29.35 -64.9722 0
    endloop
  endfacet
  facet normal -0.706514 -0.0411596 0.706501
    outer loop
      vertex -26.8 -63.5 1.3
      vertex -25.1001 -63.4988 3
      vertex -26.8115 -63.3026 1.3
    endloop
  endfacet
  facet normal -0.705882 -0.0588235 0.705882
    outer loop
      vertex -25.1001 -63.4988 3
      vertex -26.8 -63.5 1.3
      vertex -25.1 -63.5 3
    endloop
  endfacet
  facet normal 0.649788 0.280378 0.706515
    outer loop
      vertex -31.5388 -65.0249 3
      vertex -30.0975 -64.0814 1.3
      vertex -31.695 -64.6629 3
    endloop
  endfacet
  facet normal 0.705882 0.0588235 0.705882
    outer loop
      vertex -31.8999 -63.5012 3
      vertex -30.2 -63.5 1.3
      vertex -31.9 -63.5 3
    endloop
  endfacet
  facet normal 0.706514 0.0411596 0.706501
    outer loop
      vertex -30.2 -63.5 1.3
      vertex -31.8999 -63.5012 3
      vertex -30.1885 -63.6974 1.3
    endloop
  endfacet
  facet normal 0.081963 0.702949 0.706502
    outer loop
      vertex -28.7952 -65.1742 1.3
      vertex -29.0893 -66.8485 3
      vertex -28.5988 -65.1971 1.3
    endloop
  endfacet
  facet normal 0.0641306 0.705436 0.705866
    outer loop
      vertex -29.0893 -66.8485 3
      vertex -28.7952 -65.1742 1.3
      vertex -29.0904 -66.8484 3
    endloop
  endfacet
  facet normal -0.45489 0.542134 0.706516
    outer loop
      vertex -26.4688 -66.2265 3
      vertex -26.1668 -65.9731 3
      vertex -27.3334 -64.7365 1.3
    endloop
  endfacet
  facet normal -0.607194 0.364316 0.706109
    outer loop
      vertex -26.9808 -64.263 1.3
      vertex -25.4622 -65.0269 3
      vertex -25.4616 -65.0259 3
    endloop
  endfacet
  facet normal -0.612811 0.354013 0.706497
    outer loop
      vertex -25.4622 -65.0269 3
      vertex -26.9808 -64.263 1.3
      vertex -27.0797 -64.4342 1.3
    endloop
  endfacet
  facet normal -0.316482 -0.632964 0.706537
    outer loop
      vertex -27.8267 -61.939 1.3
      vertex -27.1523 -60.3786 3
      vertex -27.1533 -60.3781 3
    endloop
  endfacet
  facet normal -0.317788 -0.632356 0.706496
    outer loop
      vertex -27.1523 -60.3786 3
      vertex -27.8267 -61.939 1.3
      vertex -27.65 -62.0278 1.3
    endloop
  endfacet
  facet normal -0.567644 -0.422638 0.706511
    outer loop
      vertex -25.6593 -61.6317 3
      vertex -25.8948 -61.3154 3
      vertex -27.0797 -62.5658 1.3
    endloop
  endfacet
  facet normal -0.241858 0.66511 0.706493
    outer loop
      vertex -27.8267 -65.061 1.3
      vertex -27.1544 -66.6223 3
      vertex -27.1533 -66.6219 3
    endloop
  endfacet
  facet normal -0.242086 0.66502 0.7065
    outer loop
      vertex -27.1544 -66.6223 3
      vertex -27.8267 -65.061 1.3
      vertex -28.0124 -65.1286 1.3
    endloop
  endfacet
  facet normal -0.567675 0.422622 0.706495
    outer loop
      vertex -27.1977 -64.5927 1.3
      vertex -25.8948 -65.6845 3
      vertex -27.0797 -64.4342 1.3
    endloop
  endfacet
  facet normal -0.610104 0.366062 0.702689
    outer loop
      vertex -25.8948 -65.6845 3
      vertex -27.1977 -64.5927 1.3
      vertex -25.8954 -65.6855 3
    endloop
  endfacet
  facet normal 0.317788 0.632356 0.706496
    outer loop
      vertex -29.8477 -66.6214 3
      vertex -29.1733 -65.061 1.3
      vertex -29.35 -64.9722 1.3
    endloop
  endfacet
  facet normal 0.316482 0.632964 0.706537
    outer loop
      vertex -29.1733 -65.061 1.3
      vertex -29.8477 -66.6214 3
      vertex -29.8467 -66.6219 3
    endloop
  endfacet
  facet normal -0.163183 0.688635 0.706508
    outer loop
      vertex -27.9085 -66.8481 3
      vertex -27.5249 -66.7572 3
      vertex -28.0124 -65.1286 1.3
    endloop
  endfacet
  facet normal -0.567583 0.422725 0.706507
    outer loop
      vertex -25.8948 -65.6845 3
      vertex -25.6593 -65.3683 3
      vertex -27.0797 -64.4342 1.3
    endloop
  endfacet
  facet normal 0.649788 -0.280378 0.706515
    outer loop
      vertex -30.0975 -62.9186 1.3
      vertex -31.5388 -61.9751 3
      vertex -31.695 -62.3371 3
    endloop
  endfacet
  facet normal 0.706513 0.041116 0.706505
    outer loop
      vertex -31.877 -63.8947 3
      vertex -30.1885 -63.6974 1.3
      vertex -31.8999 -63.5012 3
    endloop
  endfacet
  facet normal -0.0641306 0.705436 0.705866
    outer loop
      vertex -28.2048 -65.1742 1.3
      vertex -27.9107 -66.8485 3
      vertex -27.9096 -66.8484 3
    endloop
  endfacet
  facet normal -0.081963 0.702949 0.706502
    outer loop
      vertex -27.9107 -66.8485 3
      vertex -28.2048 -65.1742 1.3
      vertex -28.4012 -65.1971 1.3
    endloop
  endfacet
  facet normal -0.612892 0.35384 0.706513
    outer loop
      vertex -25.6593 -65.3683 3
      vertex -25.4622 -65.0269 3
      vertex -27.0797 -64.4342 1.3
    endloop
  endfacet
  facet normal 0.514744 0.485668 0.706516
    outer loop
      vertex -30.8332 -65.9731 3
      vertex -29.6666 -64.7365 1.3
      vertex -31.1038 -65.6863 3
    endloop
  endfacet
  facet normal 0.082033 -0.702935 0.706508
    outer loop
      vertex -28.5988 -61.8029 1.3
      vertex -28.6977 -60.1058 3
      vertex -29.0893 -60.1515 3
    endloop
  endfacet
  facet normal -0.500943 0.500943 0.70577
    outer loop
      vertex -27.1977 -64.5927 1.3
      vertex -25.8962 -65.6863 3
      vertex -25.8954 -65.6855 3
    endloop
  endfacet
  facet normal -0.514707 0.485715 0.706511
    outer loop
      vertex -25.8962 -65.6863 3
      vertex -27.1977 -64.5927 1.3
      vertex -27.3334 -64.7365 1.3
    endloop
  endfacet
  facet normal 0.388752 0.591361 0.706515
    outer loop
      vertex -30.201 -66.4438 3
      vertex -29.35 -64.9722 1.3
      vertex -29.5152 -64.8636 1.3
    endloop
  endfacet
  facet normal 0.406263 0.580376 0.705772
    outer loop
      vertex -29.35 -64.9722 1.3
      vertex -30.201 -66.4438 3
      vertex -30.2 -66.4445 3
    endloop
  endfacet
  facet normal 0.514744 -0.485668 0.706516
    outer loop
      vertex -29.6666 -62.2635 1.3
      vertex -30.8332 -61.0269 3
      vertex -31.1038 -61.3137 3
    endloop
  endfacet
  facet normal 0.567675 0.422622 0.706495
    outer loop
      vertex -31.1052 -65.6845 3
      vertex -29.8023 -64.5927 1.3
      vertex -29.9203 -64.4342 1.3
    endloop
  endfacet
  facet normal 0.610104 0.366062 0.702689
    outer loop
      vertex -29.8023 -64.5927 1.3
      vertex -31.1052 -65.6845 3
      vertex -31.1046 -65.6855 3
    endloop
  endfacet
  facet normal -0.126495 -0.695721 0.707087
    outer loop
      vertex -27.9107 -60.1515 3
      vertex -28.2048 -61.8258 1.3
      vertex -27.9096 -60.1517 3
    endloop
  endfacet
  facet normal -0.081963 -0.702949 0.706502
    outer loop
      vertex -28.2048 -61.8258 1.3
      vertex -27.9107 -60.1515 3
      vertex -28.4012 -61.8029 1.3
    endloop
  endfacet
  facet normal 0.567583 0.422725 0.706507
    outer loop
      vertex -31.1052 -65.6845 3
      vertex -29.9203 -64.4342 1.3
      vertex -31.3407 -65.3683 3
    endloop
  endfacet
  facet normal -0.696974 -0.122774 0.706508
    outer loop
      vertex -25.123 -63.1053 3
      vertex -25.1914 -62.717 3
      vertex -26.8115 -63.3026 1.3
    endloop
  endfacet
  facet normal 0.677975 0.202963 0.70651
    outer loop
      vertex -31.6953 -64.6618 3
      vertex -30.0975 -64.0814 1.3
      vertex -30.1542 -63.892 1.3
    endloop
  endfacet
  facet normal 0.683353 0.186369 0.7059
    outer loop
      vertex -30.0975 -64.0814 1.3
      vertex -31.6953 -64.6618 3
      vertex -31.695 -64.6629 3
    endloop
  endfacet
  facet normal -0.696955 0.122845 0.706515
    outer loop
      vertex -26.8458 -63.892 1.3
      vertex -25.1914 -64.283 3
      vertex -26.8115 -63.6974 1.3
    endloop
  endfacet
  facet normal -0.69618 0.126578 0.706619
    outer loop
      vertex -25.1914 -64.283 3
      vertex -26.8458 -63.892 1.3
      vertex -25.1916 -64.2841 3
    endloop
  endfacet
  facet normal 0.696955 0.122845 0.706515
    outer loop
      vertex -31.8086 -64.283 3
      vertex -30.1542 -63.892 1.3
      vertex -30.1885 -63.6974 1.3
    endloop
  endfacet
  facet normal 0.69618 0.126578 0.706619
    outer loop
      vertex -30.1542 -63.892 1.3
      vertex -31.8086 -64.283 3
      vertex -31.8084 -64.2841 3
    endloop
  endfacet
  facet normal -0.696974 0.122774 0.706508
    outer loop
      vertex -25.1914 -64.283 3
      vertex -25.123 -63.8947 3
      vertex -26.8115 -63.6974 1.3
    endloop
  endfacet
  facet normal 0.590124 -0.393416 0.704967
    outer loop
      vertex -31.1052 -61.3154 3
      vertex -29.8023 -62.4073 1.3
      vertex -31.1046 -61.3145 3
    endloop
  endfacet
  facet normal 0.567665 -0.422615 0.706508
    outer loop
      vertex -29.8023 -62.4073 1.3
      vertex -31.1052 -61.3154 3
      vertex -29.9203 -62.5658 1.3
    endloop
  endfacet
  facet normal 0.45489 -0.542134 0.706516
    outer loop
      vertex -29.6666 -62.2635 1.3
      vertex -30.5312 -60.7735 3
      vertex -30.8332 -61.0269 3
    endloop
  endfacet
  facet normal -0.514744 0.485668 0.706516
    outer loop
      vertex -26.1668 -65.9731 3
      vertex -25.8962 -65.6863 3
      vertex -27.3334 -64.7365 1.3
    endloop
  endfacet
  facet normal -0.677975 0.202963 0.70651
    outer loop
      vertex -26.9025 -64.0814 1.3
      vertex -25.3047 -64.6618 3
      vertex -26.8458 -63.892 1.3
    endloop
  endfacet
  facet normal -0.683353 0.186369 0.7059
    outer loop
      vertex -25.3047 -64.6618 3
      vertex -26.9025 -64.0814 1.3
      vertex -25.305 -64.6629 3
    endloop
  endfacet
  facet normal -0.590124 -0.393416 0.704967
    outer loop
      vertex -27.1977 -62.4073 1.3
      vertex -25.8948 -61.3154 3
      vertex -25.8954 -61.3145 3
    endloop
  endfacet
  facet normal -0.567665 -0.422615 0.706508
    outer loop
      vertex -25.8948 -61.3154 3
      vertex -27.1977 -62.4073 1.3
      vertex -27.0797 -62.5658 1.3
    endloop
  endfacet
  facet normal -0.363824 -0.606373 0.707067
    outer loop
      vertex -27.65 -62.0278 1.3
      vertex -26.799 -60.5561 3
      vertex -26.8 -60.5555 3
    endloop
  endfacet
  facet normal -0.388743 -0.591347 0.706532
    outer loop
      vertex -26.799 -60.5561 3
      vertex -27.65 -62.0278 1.3
      vertex -27.4848 -62.1364 1.3
    endloop
  endfacet
  facet normal 0.388915 0.591273 0.706499
    outer loop
      vertex -30.201 -66.4438 3
      vertex -29.5152 -64.8636 1.3
      vertex -30.5303 -66.2272 3
    endloop
  endfacet
  facet normal 0.69618 -0.126578 0.706619
    outer loop
      vertex -31.8086 -62.717 3
      vertex -30.1542 -63.108 1.3
      vertex -31.8084 -62.7159 3
    endloop
  endfacet
  facet normal 0.696955 -0.122845 0.706515
    outer loop
      vertex -30.1542 -63.108 1.3
      vertex -31.8086 -62.717 3
      vertex -30.1885 -63.3026 1.3
    endloop
  endfacet
  facet normal 0.612811 0.354013 0.706497
    outer loop
      vertex -30.0192 -64.263 1.3
      vertex -31.5378 -65.0269 3
      vertex -29.9203 -64.4342 1.3
    endloop
  endfacet
  facet normal 0.607194 0.364316 0.706109
    outer loop
      vertex -31.5378 -65.0269 3
      vertex -30.0192 -64.263 1.3
      vertex -31.5384 -65.0259 3
    endloop
  endfacet
  facet normal -0.082033 -0.702935 0.706508
    outer loop
      vertex -27.9107 -60.1515 3
      vertex -28.3023 -60.1058 3
      vertex -28.4012 -61.8029 1.3
    endloop
  endfacet
  facet normal -0.705882 0.0588235 0.705882
    outer loop
      vertex -26.8 -63.5 1.3
      vertex -25.1001 -63.5012 3
      vertex -25.1 -63.5 3
    endloop
  endfacet
  facet normal -0.706514 0.0411596 0.706501
    outer loop
      vertex -25.1001 -63.5012 3
      vertex -26.8 -63.5 1.3
      vertex -26.8115 -63.6974 1.3
    endloop
  endfacet
  facet normal -0.677956 -0.20301 0.706515
    outer loop
      vertex -25.1916 -62.7159 3
      vertex -25.3047 -62.3382 3
      vertex -26.8458 -63.108 1.3
    endloop
  endfacet
  facet normal -0.69618 -0.126578 0.706619
    outer loop
      vertex -26.8458 -63.108 1.3
      vertex -25.1914 -62.717 3
      vertex -25.1916 -62.7159 3
    endloop
  endfacet
  facet normal -0.696955 -0.122845 0.706515
    outer loop
      vertex -25.1914 -62.717 3
      vertex -26.8458 -63.108 1.3
      vertex -26.8115 -63.3026 1.3
    endloop
  endfacet
  facet normal -0.649788 0.280378 0.706515
    outer loop
      vertex -25.4612 -65.0249 3
      vertex -25.305 -64.6629 3
      vertex -26.9025 -64.0814 1.3
    endloop
  endfacet
  facet normal -0.706513 -0.041116 0.706505
    outer loop
      vertex -25.1001 -63.4988 3
      vertex -25.123 -63.1053 3
      vertex -26.8115 -63.3026 1.3
    endloop
  endfacet
  facet normal -0.706513 0.041116 0.706505
    outer loop
      vertex -25.123 -63.8947 3
      vertex -25.1001 -63.5012 3
      vertex -26.8115 -63.6974 1.3
    endloop
  endfacet
  facet normal 0.696974 0.122774 0.706508
    outer loop
      vertex -31.8086 -64.283 3
      vertex -30.1885 -63.6974 1.3
      vertex -31.877 -63.8947 3
    endloop
  endfacet
  facet normal 0.706513 -0.041116 0.706505
    outer loop
      vertex -30.1885 -63.3026 1.3
      vertex -31.877 -63.1053 3
      vertex -31.8999 -63.4988 3
    endloop
  endfacet
  facet normal 0.696974 -0.122774 0.706508
    outer loop
      vertex -30.1885 -63.3026 1.3
      vertex -31.8086 -62.717 3
      vertex -31.877 -63.1053 3
    endloop
  endfacet
  facet normal -0.45489 -0.542134 0.706516
    outer loop
      vertex -26.1668 -61.0269 3
      vertex -26.4688 -60.7735 3
      vertex -27.3334 -62.2635 1.3
    endloop
  endfacet
  facet normal 0.705882 -0.0588235 0.705882
    outer loop
      vertex -30.2 -63.5 1.3
      vertex -31.8999 -63.4988 3
      vertex -31.9 -63.5 3
    endloop
  endfacet
  facet normal 0.706514 -0.0411596 0.706501
    outer loop
      vertex -31.8999 -63.4988 3
      vertex -30.2 -63.5 1.3
      vertex -30.1885 -63.3026 1.3
    endloop
  endfacet
  facet normal 0.317568 -0.632443 0.706517
    outer loop
      vertex -29.35 -62.0278 1.3
      vertex -29.8477 -60.3786 3
      vertex -30.2 -60.5555 3
    endloop
  endfacet
  facet normal -0.455035 0.542032 0.706501
    outer loop
      vertex -27.4848 -64.8636 1.3
      vertex -26.4688 -66.2265 3
      vertex -27.3334 -64.7365 1.3
    endloop
  endfacet
  facet normal -0.434176 0.558227 0.707018
    outer loop
      vertex -26.4688 -66.2265 3
      vertex -27.4848 -64.8636 1.3
      vertex -26.4697 -66.2272 3
    endloop
  endfacet
  facet normal 0.677956 0.20301 0.706515
    outer loop
      vertex -31.6953 -64.6618 3
      vertex -30.1542 -63.892 1.3
      vertex -31.8084 -64.2841 3
    endloop
  endfacet
  facet normal 0.082033 0.702935 0.706508
    outer loop
      vertex -28.6977 -66.8942 3
      vertex -28.5988 -65.1971 1.3
      vertex -29.0893 -66.8485 3
    endloop
  endfacet
  facet normal 0.389038 -0.591187 0.706503
    outer loop
      vertex -29.5152 -62.1364 1.3
      vertex -30.201 -60.5561 3
      vertex -30.5303 -60.7728 3
    endloop
  endfacet
  facet normal 0.514707 -0.485715 0.706511
    outer loop
      vertex -31.1038 -61.3137 3
      vertex -29.8023 -62.4073 1.3
      vertex -29.6666 -62.2635 1.3
    endloop
  endfacet
  facet normal 0.500943 -0.500943 0.70577
    outer loop
      vertex -29.8023 -62.4073 1.3
      vertex -31.1038 -61.3137 3
      vertex -31.1046 -61.3145 3
    endloop
  endfacet
  facet normal 0.612892 -0.35384 0.706513
    outer loop
      vertex -29.9203 -62.5658 1.3
      vertex -31.3407 -61.6317 3
      vertex -31.5378 -61.9731 3
    endloop
  endfacet
  facet normal 0.514707 0.485715 0.706511
    outer loop
      vertex -29.8023 -64.5927 1.3
      vertex -31.1038 -65.6863 3
      vertex -29.6666 -64.7365 1.3
    endloop
  endfacet
  facet normal 0.500943 0.500943 0.70577
    outer loop
      vertex -31.1038 -65.6863 3
      vertex -29.8023 -64.5927 1.3
      vertex -31.1046 -65.6855 3
    endloop
  endfacet
  facet normal 0.45489 0.542134 0.706516
    outer loop
      vertex -30.5312 -66.2265 3
      vertex -29.6666 -64.7365 1.3
      vertex -30.8332 -65.9731 3
    endloop
  endfacet
  facet normal -0.242128 0.665 0.706504
    outer loop
      vertex -27.5249 -66.7572 3
      vertex -27.1544 -66.6223 3
      vertex -28.0124 -65.1286 1.3
    endloop
  endfacet
  facet normal -0.126495 -0.695721 0.707087
    outer loop
      vertex -28.2048 -61.8258 1.3
      vertex -27.9085 -60.1519 3
      vertex -27.9096 -60.1517 3
    endloop
  endfacet
  facet normal -0.16321 -0.688631 0.706505
    outer loop
      vertex -27.9085 -60.1519 3
      vertex -28.2048 -61.8258 1.3
      vertex -28.0124 -61.8714 1.3
    endloop
  endfacet
  facet normal -0.163183 -0.688635 0.706508
    outer loop
      vertex -27.5249 -60.2428 3
      vertex -27.9085 -60.1519 3
      vertex -28.0124 -61.8714 1.3
    endloop
  endfacet
  facet normal 0.242086 0.66502 0.7065
    outer loop
      vertex -29.1733 -65.061 1.3
      vertex -29.8456 -66.6223 3
      vertex -28.9876 -65.1286 1.3
    endloop
  endfacet
  facet normal 0.241858 0.66511 0.706493
    outer loop
      vertex -29.8456 -66.6223 3
      vertex -29.1733 -65.061 1.3
      vertex -29.8467 -66.6219 3
    endloop
  endfacet
  facet normal 0.567644 -0.422638 0.706511
    outer loop
      vertex -29.9203 -62.5658 1.3
      vertex -31.1052 -61.3154 3
      vertex -31.3407 -61.6317 3
    endloop
  endfacet
  facet normal -0.649788 -0.280378 0.706515
    outer loop
      vertex -25.305 -62.3371 3
      vertex -25.4612 -61.9751 3
      vertex -26.9025 -62.9186 1.3
    endloop
  endfacet
  facet normal -0.242128 -0.665 0.706504
    outer loop
      vertex -27.1544 -60.3777 3
      vertex -27.5249 -60.2428 3
      vertex -28.0124 -61.8714 1.3
    endloop
  endfacet
  facet normal 0 0.70771 0.706503
    outer loop
      vertex -28.4012 -65.1971 1.3
      vertex -28.6977 -66.8942 3
      vertex -28.3023 -66.8942 3
    endloop
  endfacet
  facet normal 0 0.70771 0.706503
    outer loop
      vertex -28.6977 -66.8942 3
      vertex -28.4012 -65.1971 1.3
      vertex -28.5988 -65.1971 1.3
    endloop
  endfacet
  facet normal 0.683353 -0.186369 0.7059
    outer loop
      vertex -31.6953 -62.3382 3
      vertex -30.0975 -62.9186 1.3
      vertex -31.695 -62.3371 3
    endloop
  endfacet
  facet normal 0.677975 -0.202963 0.70651
    outer loop
      vertex -30.0975 -62.9186 1.3
      vertex -31.6953 -62.3382 3
      vertex -30.1542 -63.108 1.3
    endloop
  endfacet
  facet normal 0.612892 0.35384 0.706513
    outer loop
      vertex -31.3407 -65.3683 3
      vertex -29.9203 -64.4342 1.3
      vertex -31.5378 -65.0269 3
    endloop
  endfacet
  facet normal -0.317568 -0.632443 0.706517
    outer loop
      vertex -26.8 -60.5555 3
      vertex -27.1523 -60.3786 3
      vertex -27.65 -62.0278 1.3
    endloop
  endfacet
  facet normal -0.082033 0.702935 0.706508
    outer loop
      vertex -28.3023 -66.8942 3
      vertex -27.9107 -66.8485 3
      vertex -28.4012 -65.1971 1.3
    endloop
  endfacet
  facet normal -0.677956 0.20301 0.706515
    outer loop
      vertex -25.3047 -64.6618 3
      vertex -25.1916 -64.2841 3
      vertex -26.8458 -63.892 1.3
    endloop
  endfacet
  facet normal -0.514744 -0.485668 0.706516
    outer loop
      vertex -25.8962 -61.3137 3
      vertex -26.1668 -61.0269 3
      vertex -27.3334 -62.2635 1.3
    endloop
  endfacet
  facet normal -0.64988 0.280207 0.706498
    outer loop
      vertex -26.9808 -64.263 1.3
      vertex -25.4612 -65.0249 3
      vertex -26.9025 -64.0814 1.3
    endloop
  endfacet
  facet normal -0.657716 0.263086 0.70583
    outer loop
      vertex -25.4612 -65.0249 3
      vertex -26.9808 -64.263 1.3
      vertex -25.4616 -65.0259 3
    endloop
  endfacet
  facet normal 0 -0.70771 0.706503
    outer loop
      vertex -28.5988 -61.8029 1.3
      vertex -28.3023 -60.1058 3
      vertex -28.6977 -60.1058 3
    endloop
  endfacet
  facet normal 0 -0.70771 0.706503
    outer loop
      vertex -28.3023 -60.1058 3
      vertex -28.5988 -61.8029 1.3
      vertex -28.4012 -61.8029 1.3
    endloop
  endfacet
  facet normal 0.677956 -0.20301 0.706515
    outer loop
      vertex -30.1542 -63.108 1.3
      vertex -31.6953 -62.3382 3
      vertex -31.8084 -62.7159 3
    endloop
  endfacet
  facet normal 0.455035 0.542032 0.706501
    outer loop
      vertex -30.5312 -66.2265 3
      vertex -29.5152 -64.8636 1.3
      vertex -29.6666 -64.7365 1.3
    endloop
  endfacet
  facet normal 0.434176 0.558227 0.707018
    outer loop
      vertex -29.5152 -64.8636 1.3
      vertex -30.5312 -66.2265 3
      vertex -30.5303 -66.2272 3
    endloop
  endfacet
  facet normal 0.612811 -0.354013 0.706497
    outer loop
      vertex -31.5378 -61.9731 3
      vertex -30.0192 -62.737 1.3
      vertex -29.9203 -62.5658 1.3
    endloop
  endfacet
  facet normal 0.607194 -0.364316 0.706109
    outer loop
      vertex -30.0192 -62.737 1.3
      vertex -31.5378 -61.9731 3
      vertex -31.5384 -61.9741 3
    endloop
  endfacet
  facet normal 0.657716 -0.263086 0.70583
    outer loop
      vertex -31.5388 -61.9751 3
      vertex -30.0192 -62.737 1.3
      vertex -31.5384 -61.9741 3
    endloop
  endfacet
  facet normal 0.64988 -0.280207 0.706498
    outer loop
      vertex -30.0192 -62.737 1.3
      vertex -31.5388 -61.9751 3
      vertex -30.0975 -62.9186 1.3
    endloop
  endfacet
  facet normal 0.242128 0.665 0.706504
    outer loop
      vertex -29.4751 -66.7572 3
      vertex -28.9876 -65.1286 1.3
      vertex -29.8456 -66.6223 3
    endloop
  endfacet
  facet normal -0.607194 -0.364316 0.706109
    outer loop
      vertex -25.4622 -61.9731 3
      vertex -26.9808 -62.737 1.3
      vertex -25.4616 -61.9741 3
    endloop
  endfacet
  facet normal -0.612811 -0.354013 0.706497
    outer loop
      vertex -26.9808 -62.737 1.3
      vertex -25.4622 -61.9731 3
      vertex -27.0797 -62.5658 1.3
    endloop
  endfacet
  facet normal -0.388752 0.591361 0.706515
    outer loop
      vertex -27.65 -64.9722 1.3
      vertex -26.799 -66.4438 3
      vertex -27.4848 -64.8636 1.3
    endloop
  endfacet
  facet normal -0.406263 0.580376 0.705772
    outer loop
      vertex -26.799 -66.4438 3
      vertex -27.65 -64.9722 1.3
      vertex -26.8 -66.4445 3
    endloop
  endfacet
  facet normal -0.241858 -0.66511 0.706493
    outer loop
      vertex -27.1544 -60.3777 3
      vertex -27.8267 -61.939 1.3
      vertex -27.1533 -60.3781 3
    endloop
  endfacet
  facet normal -0.242086 -0.66502 0.7065
    outer loop
      vertex -27.8267 -61.939 1.3
      vertex -27.1544 -60.3777 3
      vertex -28.0124 -61.8714 1.3
    endloop
  endfacet
  facet normal 0.081963 -0.702949 0.706502
    outer loop
      vertex -29.0893 -60.1515 3
      vertex -28.7952 -61.8258 1.3
      vertex -28.5988 -61.8029 1.3
    endloop
  endfacet
  facet normal 0.126495 -0.695721 0.707087
    outer loop
      vertex -28.7952 -61.8258 1.3
      vertex -29.0893 -60.1515 3
      vertex -29.0904 -60.1517 3
    endloop
  endfacet
  facet normal -0.657716 -0.263086 0.70583
    outer loop
      vertex -26.9808 -62.737 1.3
      vertex -25.4612 -61.9751 3
      vertex -25.4616 -61.9741 3
    endloop
  endfacet
  facet normal -0.64988 -0.280207 0.706498
    outer loop
      vertex -25.4612 -61.9751 3
      vertex -26.9808 -62.737 1.3
      vertex -26.9025 -62.9186 1.3
    endloop
  endfacet
  facet normal 0.434176 -0.558227 0.707018
    outer loop
      vertex -30.5312 -60.7735 3
      vertex -29.5152 -62.1364 1.3
      vertex -30.5303 -60.7728 3
    endloop
  endfacet
  facet normal 0.455035 -0.542032 0.706501
    outer loop
      vertex -29.5152 -62.1364 1.3
      vertex -30.5312 -60.7735 3
      vertex -29.6666 -62.2635 1.3
    endloop
  endfacet
  facet normal -0.612892 -0.35384 0.706513
    outer loop
      vertex -25.4622 -61.9731 3
      vertex -25.6593 -61.6317 3
      vertex -27.0797 -62.5658 1.3
    endloop
  endfacet
  facet normal 0.316482 -0.632964 0.706537
    outer loop
      vertex -29.8477 -60.3786 3
      vertex -29.1733 -61.939 1.3
      vertex -29.8467 -60.3781 3
    endloop
  endfacet
  facet normal 0.317788 -0.632356 0.706496
    outer loop
      vertex -29.1733 -61.939 1.3
      vertex -29.8477 -60.3786 3
      vertex -29.35 -62.0278 1.3
    endloop
  endfacet
  facet normal -0.500943 -0.500943 0.70577
    outer loop
      vertex -25.8962 -61.3137 3
      vertex -27.1977 -62.4073 1.3
      vertex -25.8954 -61.3145 3
    endloop
  endfacet
  facet normal -0.514707 -0.485715 0.706511
    outer loop
      vertex -27.1977 -62.4073 1.3
      vertex -25.8962 -61.3137 3
      vertex -27.3334 -62.2635 1.3
    endloop
  endfacet
  facet normal -0.389038 -0.591187 0.706503
    outer loop
      vertex -26.4697 -60.7728 3
      vertex -26.799 -60.5561 3
      vertex -27.4848 -62.1364 1.3
    endloop
  endfacet
  facet normal 0.163183 0.688635 0.706508
    outer loop
      vertex -29.0915 -66.8481 3
      vertex -28.9876 -65.1286 1.3
      vertex -29.4751 -66.7572 3
    endloop
  endfacet
  facet normal -0.683353 -0.186369 0.7059
    outer loop
      vertex -26.9025 -62.9186 1.3
      vertex -25.3047 -62.3382 3
      vertex -25.305 -62.3371 3
    endloop
  endfacet
  facet normal -0.677975 -0.202963 0.70651
    outer loop
      vertex -25.3047 -62.3382 3
      vertex -26.9025 -62.9186 1.3
      vertex -26.8458 -63.108 1.3
    endloop
  endfacet
  facet normal -0.317568 0.632443 0.706517
    outer loop
      vertex -27.1523 -66.6214 3
      vertex -26.8 -66.4445 3
      vertex -27.65 -64.9722 1.3
    endloop
  endfacet
  facet normal -0.16321 0.688631 0.706505
    outer loop
      vertex -28.2048 -65.1742 1.3
      vertex -27.9085 -66.8481 3
      vertex -28.0124 -65.1286 1.3
    endloop
  endfacet
  facet normal -0.186442 0.683621 0.705621
    outer loop
      vertex -27.9085 -66.8481 3
      vertex -28.2048 -65.1742 1.3
      vertex -27.9096 -66.8484 3
    endloop
  endfacet
  facet normal -0.317788 0.632356 0.706496
    outer loop
      vertex -27.8267 -65.061 1.3
      vertex -27.1523 -66.6214 3
      vertex -27.65 -64.9722 1.3
    endloop
  endfacet
  facet normal -0.316482 0.632964 0.706537
    outer loop
      vertex -27.1523 -66.6214 3
      vertex -27.8267 -65.061 1.3
      vertex -27.1533 -66.6219 3
    endloop
  endfacet
  facet normal 0.242086 -0.66502 0.7065
    outer loop
      vertex -29.8456 -60.3777 3
      vertex -29.1733 -61.939 1.3
      vertex -28.9876 -61.8714 1.3
    endloop
  endfacet
  facet normal 0.241858 -0.66511 0.706493
    outer loop
      vertex -29.1733 -61.939 1.3
      vertex -29.8456 -60.3777 3
      vertex -29.8467 -60.3781 3
    endloop
  endfacet
  facet normal 0.64988 0.280207 0.706498
    outer loop
      vertex -31.5388 -65.0249 3
      vertex -30.0192 -64.263 1.3
      vertex -30.0975 -64.0814 1.3
    endloop
  endfacet
  facet normal 0.657716 0.263086 0.70583
    outer loop
      vertex -30.0192 -64.263 1.3
      vertex -31.5388 -65.0249 3
      vertex -31.5384 -65.0259 3
    endloop
  endfacet
  facet normal 0.363824 -0.606373 0.707067
    outer loop
      vertex -30.201 -60.5561 3
      vertex -29.35 -62.0278 1.3
      vertex -30.2 -60.5555 3
    endloop
  endfacet
  facet normal 0.388743 -0.591347 0.706532
    outer loop
      vertex -29.35 -62.0278 1.3
      vertex -30.201 -60.5561 3
      vertex -29.5152 -62.1364 1.3
    endloop
  endfacet
  facet normal 0.242128 -0.665 0.706504
    outer loop
      vertex -28.9876 -61.8714 1.3
      vertex -29.4751 -60.2428 3
      vertex -29.8456 -60.3777 3
    endloop
  endfacet
  facet normal 0.126495 -0.695721 0.707087
    outer loop
      vertex -29.0915 -60.1519 3
      vertex -28.7952 -61.8258 1.3
      vertex -29.0904 -60.1517 3
    endloop
  endfacet
  facet normal 0.16321 -0.688631 0.706505
    outer loop
      vertex -28.7952 -61.8258 1.3
      vertex -29.0915 -60.1519 3
      vertex -28.9876 -61.8714 1.3
    endloop
  endfacet
  facet normal -0.388915 0.591273 0.706499
    outer loop
      vertex -26.799 -66.4438 3
      vertex -26.4697 -66.2272 3
      vertex -27.4848 -64.8636 1.3
    endloop
  endfacet
  facet normal 0.317568 0.632443 0.706517
    outer loop
      vertex -29.8477 -66.6214 3
      vertex -29.35 -64.9722 1.3
      vertex -30.2 -66.4445 3
    endloop
  endfacet
  facet normal 0.16321 0.688631 0.706505
    outer loop
      vertex -29.0915 -66.8481 3
      vertex -28.7952 -65.1742 1.3
      vertex -28.9876 -65.1286 1.3
    endloop
  endfacet
  facet normal 0.186442 0.683621 0.705621
    outer loop
      vertex -28.7952 -65.1742 1.3
      vertex -29.0915 -66.8481 3
      vertex -29.0904 -66.8484 3
    endloop
  endfacet
  facet normal 0 -0 1
    outer loop
      vertex -30.1885 -63.6974 1.3
      vertex -30.1885 -63.3026 1.3
      vertex -30.2 -63.5 1.3
    endloop
  endfacet
  facet normal -0 -0 1
    outer loop
      vertex -30.1542 -63.892 1.3
      vertex -30.0975 -64.0814 1.3
      vertex -30.1885 -63.6974 1.3
    endloop
  endfacet
  facet normal 0 -0 1
    outer loop
      vertex -27.0797 -64.4342 1.3
      vertex -26.9808 -64.263 1.3
      vertex -27.1977 -64.5927 1.3
    endloop
  endfacet
  facet normal -0 -0 1
    outer loop
      vertex -28.7952 -65.1742 1.3
      vertex -28.5988 -65.1971 1.3
      vertex -28.9876 -65.1286 1.3
    endloop
  endfacet
  facet normal 0 -0 1
    outer loop
      vertex -28.4012 -65.1971 1.3
      vertex -28.2048 -65.1742 1.3
      vertex -28.5988 -65.1971 1.3
    endloop
  endfacet
  facet normal -0 -0 1
    outer loop
      vertex -29.5152 -64.8636 1.3
      vertex -29.35 -64.9722 1.3
      vertex -29.6666 -64.7365 1.3
    endloop
  endfacet
  facet normal -0 -0 1
    outer loop
      vertex -29.1733 -65.061 1.3
      vertex -28.9876 -65.1286 1.3
      vertex -29.35 -64.9722 1.3
    endloop
  endfacet
  facet normal 0 -0 1
    outer loop
      vertex -26.9025 -64.0814 1.3
      vertex -26.8458 -63.892 1.3
      vertex -26.9808 -64.263 1.3
    endloop
  endfacet
  facet normal 0 -0 1
    outer loop
      vertex -26.8115 -63.6974 1.3
      vertex -26.8 -63.5 1.3
      vertex -26.8458 -63.892 1.3
    endloop
  endfacet
  facet normal 0 0 1
    outer loop
      vertex -27.8267 -61.939 1.3
      vertex -28.0124 -61.8714 1.3
      vertex -28.2048 -61.8258 1.3
    endloop
  endfacet
  facet normal 0 0 1
    outer loop
      vertex -27.4848 -62.1364 1.3
      vertex -27.65 -62.0278 1.3
      vertex -27.8267 -61.939 1.3
    endloop
  endfacet
  facet normal 0 0 1
    outer loop
      vertex -29.6666 -62.2635 1.3
      vertex -29.8023 -62.4073 1.3
      vertex -29.9203 -62.5658 1.3
    endloop
  endfacet
  facet normal -0 -0 1
    outer loop
      vertex -29.8023 -64.5927 1.3
      vertex -29.6666 -64.7365 1.3
      vertex -29.9203 -64.4342 1.3
    endloop
  endfacet
  facet normal 0 0 1
    outer loop
      vertex -28.2048 -61.8258 1.3
      vertex -28.4012 -61.8029 1.3
      vertex -28.5988 -61.8029 1.3
    endloop
  endfacet
  facet normal 0 0 1
    outer loop
      vertex -30.0975 -62.9186 1.3
      vertex -30.1542 -63.108 1.3
      vertex -30.1885 -63.3026 1.3
    endloop
  endfacet
  facet normal 0 -0 1
    outer loop
      vertex -27.65 -64.9722 1.3
      vertex -27.4848 -64.8636 1.3
      vertex -27.8267 -65.061 1.3
    endloop
  endfacet
  facet normal 0 -0 1
    outer loop
      vertex -27.3334 -64.7365 1.3
      vertex -27.1977 -64.5927 1.3
      vertex -27.4848 -64.8636 1.3
    endloop
  endfacet
  facet normal 0 0 1
    outer loop
      vertex -29.9203 -62.5658 1.3
      vertex -30.0192 -62.737 1.3
      vertex -30.0975 -62.9186 1.3
    endloop
  endfacet
  facet normal 0 0 1
    outer loop
      vertex -26.8 -63.5 1.3
      vertex -26.8115 -63.3026 1.3
      vertex -26.8458 -63.108 1.3
    endloop
  endfacet
  facet normal 0 0 1
    outer loop
      vertex -28.5988 -61.8029 1.3
      vertex -28.7952 -61.8258 1.3
      vertex -28.9876 -61.8714 1.3
    endloop
  endfacet
  facet normal -0 -0 1
    outer loop
      vertex -30.0192 -64.263 1.3
      vertex -29.9203 -64.4342 1.3
      vertex -30.0975 -64.0814 1.3
    endloop
  endfacet
  facet normal 0 0 1
    outer loop
      vertex -26.9808 -62.737 1.3
      vertex -27.0797 -62.5658 1.3
      vertex -27.1977 -62.4073 1.3
    endloop
  endfacet
  facet normal 0 0 1
    outer loop
      vertex -26.8458 -63.108 1.3
      vertex -26.9025 -62.9186 1.3
      vertex -26.9808 -62.737 1.3
    endloop
  endfacet
  facet normal 0 0 1
    outer loop
      vertex -29.35 -62.0278 1.3
      vertex -29.5152 -62.1364 1.3
      vertex -29.6666 -62.2635 1.3
    endloop
  endfacet
  facet normal 0 0 1
    outer loop
      vertex -27.1977 -62.4073 1.3
      vertex -27.3334 -62.2635 1.3
      vertex -27.4848 -62.1364 1.3
    endloop
  endfacet
  facet normal 0 -0 1
    outer loop
      vertex -28.0124 -65.1286 1.3
      vertex -27.8267 -65.061 1.3
      vertex -28.2048 -65.1742 1.3
    endloop
  endfacet
  facet normal 0 0 1
    outer loop
      vertex -28.9876 -61.8714 1.3
      vertex -29.1733 -61.939 1.3
      vertex -29.35 -62.0278 1.3
    endloop
  endfacet
  facet normal -0.434176 -0.558227 0.707018
    outer loop
      vertex -27.4848 -62.1364 1.3
      vertex -26.4688 -60.7735 3
      vertex -26.4697 -60.7728 3
    endloop
  endfacet
  facet normal -0.455035 -0.542032 0.706501
    outer loop
      vertex -26.4688 -60.7735 3
      vertex -27.4848 -62.1364 1.3
      vertex -27.3334 -62.2635 1.3
    endloop
  endfacet
  facet normal 0.163183 -0.688635 0.706508
    outer loop
      vertex -28.9876 -61.8714 1.3
      vertex -29.0915 -60.1519 3
      vertex -29.4751 -60.2428 3
    endloop
  endfacet
  facet normal -0.0580239 -0.998315 0
    outer loop
      vertex -28.5988 30.1971 0
      vertex -28.2048 30.1742 1.3
      vertex -28.5988 30.1971 1.3
    endloop
  endfacet
  facet normal -0.0580239 -0.998315 -0
    outer loop
      vertex -28.2048 30.1742 1.3
      vertex -28.5988 30.1971 0
      vertex -28.2048 30.1742 0
    endloop
  endfacet
  facet normal -0.939719 -0.341946 0
    outer loop
      vertex -26.8458 28.892 0
      vertex -26.9808 29.263 1.3
      vertex -26.9808 29.263 0
    endloop
  endfacet
  facet normal -0.939719 -0.341946 0
    outer loop
      vertex -26.9808 29.263 1.3
      vertex -26.8458 28.892 0
      vertex -26.8458 28.892 1.3
    endloop
  endfacet
  facet normal -0.993244 -0.116047 0
    outer loop
      vertex -26.8 28.5 0
      vertex -26.8458 28.892 1.3
      vertex -26.8458 28.892 0
    endloop
  endfacet
  facet normal -0.993244 -0.116047 0
    outer loop
      vertex -26.8458 28.892 1.3
      vertex -26.8 28.5 0
      vertex -26.8 28.5 1.3
    endloop
  endfacet
  facet normal -0.286813 0.957987 0
    outer loop
      vertex -27.8267 26.939 0
      vertex -28.2048 26.8258 1.3
      vertex -27.8267 26.939 1.3
    endloop
  endfacet
  facet normal -0.286813 0.957987 0
    outer loop
      vertex -28.2048 26.8258 1.3
      vertex -27.8267 26.939 0
      vertex -28.2048 26.8258 0
    endloop
  endfacet
  facet normal 1 -0 0
    outer loop
      vertex -30.1885 28.3026 1.3
      vertex -30.1885 28.6974 0
      vertex -30.1885 28.6974 1.3
    endloop
  endfacet
  facet normal 1 0 0
    outer loop
      vertex -30.1885 28.6974 0
      vertex -30.1885 28.3026 1.3
      vertex -30.1885 28.3026 0
    endloop
  endfacet
  facet normal -0.286813 -0.957987 0
    outer loop
      vertex -28.2048 30.1742 0
      vertex -27.8267 30.061 1.3
      vertex -28.2048 30.1742 1.3
    endloop
  endfacet
  facet normal -0.286813 -0.957987 -0
    outer loop
      vertex -27.8267 30.061 1.3
      vertex -28.2048 30.1742 0
      vertex -27.8267 30.061 0
    endloop
  endfacet
  facet normal 0.765994 -0.642847 0
    outer loop
      vertex -29.9203 29.4342 1.3
      vertex -29.6666 29.7365 0
      vertex -29.6666 29.7365 1.3
    endloop
  endfacet
  facet normal 0.765994 -0.642847 0
    outer loop
      vertex -29.6666 29.7365 0
      vertex -29.9203 29.4342 1.3
      vertex -29.9203 29.4342 0
    endloop
  endfacet
  facet normal -0.993244 0.116047 0
    outer loop
      vertex -26.8458 28.108 0
      vertex -26.8 28.5 1.3
      vertex -26.8 28.5 0
    endloop
  endfacet
  facet normal -0.993244 0.116047 0
    outer loop
      vertex -26.8 28.5 1.3
      vertex -26.8458 28.108 0
      vertex -26.8458 28.108 1.3
    endloop
  endfacet
  facet normal -0.686289 0.727329 0
    outer loop
      vertex -27.1977 27.4073 0
      vertex -27.4848 27.1364 1.3
      vertex -27.1977 27.4073 1.3
    endloop
  endfacet
  facet normal -0.686289 0.727329 0
    outer loop
      vertex -27.4848 27.1364 1.3
      vertex -27.1977 27.4073 0
      vertex -27.4848 27.1364 0
    endloop
  endfacet
  facet normal 0.396242 0.918146 -0
    outer loop
      vertex -28.9876 26.8714 0
      vertex -29.35 27.0278 1.3
      vertex -28.9876 26.8714 1.3
    endloop
  endfacet
  facet normal 0.396242 0.918146 0
    outer loop
      vertex -29.35 27.0278 1.3
      vertex -28.9876 26.8714 0
      vertex -29.35 27.0278 0
    endloop
  endfacet
  facet normal 0.173511 0.984832 -0
    outer loop
      vertex -28.5988 26.8029 0
      vertex -28.9876 26.8714 1.3
      vertex -28.5988 26.8029 1.3
    endloop
  endfacet
  facet normal 0.173511 0.984832 0
    outer loop
      vertex -28.9876 26.8714 1.3
      vertex -28.5988 26.8029 0
      vertex -28.9876 26.8714 0
    endloop
  endfacet
  facet normal 0.396242 -0.918146 0
    outer loop
      vertex -29.35 29.9722 0
      vertex -28.9876 30.1286 1.3
      vertex -29.35 29.9722 1.3
    endloop
  endfacet
  facet normal 0.396242 -0.918146 0
    outer loop
      vertex -28.9876 30.1286 1.3
      vertex -29.35 29.9722 0
      vertex -28.9876 30.1286 0
    endloop
  endfacet
  facet normal 0.893615 -0.448834 0
    outer loop
      vertex -30.0975 29.0814 1.3
      vertex -29.9203 29.4342 0
      vertex -29.9203 29.4342 1.3
    endloop
  endfacet
  facet normal 0.893615 -0.448834 0
    outer loop
      vertex -29.9203 29.4342 0
      vertex -30.0975 29.0814 1.3
      vertex -30.0975 29.0814 0
    endloop
  endfacet
  facet normal 0.765994 0.642847 0
    outer loop
      vertex -29.6666 27.2635 1.3
      vertex -29.9203 27.5658 0
      vertex -29.9203 27.5658 1.3
    endloop
  endfacet
  facet normal 0.765994 0.642847 0
    outer loop
      vertex -29.9203 27.5658 0
      vertex -29.6666 27.2635 1.3
      vertex -29.6666 27.2635 0
    endloop
  endfacet
  facet normal -0.939719 0.341946 0
    outer loop
      vertex -26.9808 27.737 0
      vertex -26.8458 28.108 1.3
      vertex -26.8458 28.108 0
    endloop
  endfacet
  facet normal -0.939719 0.341946 0
    outer loop
      vertex -26.8458 28.108 1.3
      vertex -26.9808 27.737 0
      vertex -26.9808 27.737 1.3
    endloop
  endfacet
  facet normal -0.835426 0.549603 0
    outer loop
      vertex -27.1977 27.4073 0
      vertex -26.9808 27.737 1.3
      vertex -26.9808 27.737 0
    endloop
  endfacet
  facet normal -0.835426 0.549603 0
    outer loop
      vertex -26.9808 27.737 1.3
      vertex -27.1977 27.4073 0
      vertex -27.1977 27.4073 1.3
    endloop
  endfacet
  facet normal -0.0580239 0.998315 0
    outer loop
      vertex -28.2048 26.8258 0
      vertex -28.5988 26.8029 1.3
      vertex -28.2048 26.8258 1.3
    endloop
  endfacet
  facet normal -0.0580239 0.998315 0
    outer loop
      vertex -28.5988 26.8029 1.3
      vertex -28.2048 26.8258 0
      vertex -28.5988 26.8029 0
    endloop
  endfacet
  facet normal 0.597159 0.802123 -0
    outer loop
      vertex -29.35 27.0278 0
      vertex -29.6666 27.2635 1.3
      vertex -29.35 27.0278 1.3
    endloop
  endfacet
  facet normal 0.597159 0.802123 0
    outer loop
      vertex -29.6666 27.2635 1.3
      vertex -29.35 27.0278 0
      vertex -29.6666 27.2635 0
    endloop
  endfacet
  facet normal 0.173511 -0.984832 0
    outer loop
      vertex -28.9876 30.1286 0
      vertex -28.5988 30.1971 1.3
      vertex -28.9876 30.1286 1.3
    endloop
  endfacet
  facet normal 0.173511 -0.984832 0
    outer loop
      vertex -28.5988 30.1971 1.3
      vertex -28.9876 30.1286 0
      vertex -28.5988 30.1971 0
    endloop
  endfacet
  facet normal -0.500007 -0.866021 0
    outer loop
      vertex -27.8267 30.061 0
      vertex -27.4848 29.8636 1.3
      vertex -27.8267 30.061 1.3
    endloop
  endfacet
  facet normal -0.500007 -0.866021 -0
    outer loop
      vertex -27.4848 29.8636 1.3
      vertex -27.8267 30.061 0
      vertex -27.4848 29.8636 0
    endloop
  endfacet
  facet normal -0.686289 -0.727329 0
    outer loop
      vertex -27.4848 29.8636 0
      vertex -27.1977 29.5927 1.3
      vertex -27.4848 29.8636 1.3
    endloop
  endfacet
  facet normal -0.686289 -0.727329 -0
    outer loop
      vertex -27.1977 29.5927 1.3
      vertex -27.4848 29.8636 0
      vertex -27.1977 29.5927 0
    endloop
  endfacet
  facet normal 0.893615 0.448834 0
    outer loop
      vertex -29.9203 27.5658 1.3
      vertex -30.0975 27.9186 0
      vertex -30.0975 27.9186 1.3
    endloop
  endfacet
  facet normal 0.893615 0.448834 0
    outer loop
      vertex -30.0975 27.9186 0
      vertex -29.9203 27.5658 1.3
      vertex -29.9203 27.5658 0
    endloop
  endfacet
  facet normal -0.500007 0.866021 0
    outer loop
      vertex -27.4848 27.1364 0
      vertex -27.8267 26.939 1.3
      vertex -27.4848 27.1364 1.3
    endloop
  endfacet
  facet normal -0.500007 0.866021 0
    outer loop
      vertex -27.8267 26.939 1.3
      vertex -27.4848 27.1364 0
      vertex -27.8267 26.939 0
    endloop
  endfacet
  facet normal -0.835426 -0.549603 0
    outer loop
      vertex -26.9808 29.263 0
      vertex -27.1977 29.5927 1.3
      vertex -27.1977 29.5927 0
    endloop
  endfacet
  facet normal -0.835426 -0.549603 0
    outer loop
      vertex -27.1977 29.5927 1.3
      vertex -26.9808 29.263 0
      vertex -26.9808 29.263 1.3
    endloop
  endfacet
  facet normal 0.597159 -0.802123 0
    outer loop
      vertex -29.6666 29.7365 0
      vertex -29.35 29.9722 1.3
      vertex -29.6666 29.7365 1.3
    endloop
  endfacet
  facet normal 0.597159 -0.802123 0
    outer loop
      vertex -29.35 29.9722 1.3
      vertex -29.6666 29.7365 0
      vertex -29.35 29.9722 0
    endloop
  endfacet
  facet normal 0.97305 0.230593 0
    outer loop
      vertex -30.0975 27.9186 1.3
      vertex -30.1885 28.3026 0
      vertex -30.1885 28.3026 1.3
    endloop
  endfacet
  facet normal 0.97305 0.230593 0
    outer loop
      vertex -30.1885 28.3026 0
      vertex -30.0975 27.9186 1.3
      vertex -30.0975 27.9186 0
    endloop
  endfacet
  facet normal 0.97305 -0.230593 0
    outer loop
      vertex -30.1885 28.6974 1.3
      vertex -30.0975 29.0814 0
      vertex -30.0975 29.0814 1.3
    endloop
  endfacet
  facet normal 0.97305 -0.230593 0
    outer loop
      vertex -30.0975 29.0814 0
      vertex -30.1885 28.6974 1.3
      vertex -30.1885 28.6974 0
    endloop
  endfacet
  facet normal -0.706514 -0.0411596 0.706501
    outer loop
      vertex -26.8 28.5 1.3
      vertex -25.1001 28.5012 3
      vertex -26.8115 28.6974 1.3
    endloop
  endfacet
  facet normal -0.705882 -0.0588235 0.705882
    outer loop
      vertex -25.1001 28.5012 3
      vertex -26.8 28.5 1.3
      vertex -25.1 28.5 3
    endloop
  endfacet
  facet normal 0.649788 0.280378 0.706515
    outer loop
      vertex -31.5388 26.9751 3
      vertex -30.0975 27.9186 1.3
      vertex -31.695 27.3371 3
    endloop
  endfacet
  facet normal 0.705882 0.0588235 0.705882
    outer loop
      vertex -31.8999 28.4988 3
      vertex -30.2 28.5 1.3
      vertex -31.9 28.5 3
    endloop
  endfacet
  facet normal 0.706514 0.0411596 0.706501
    outer loop
      vertex -30.2 28.5 1.3
      vertex -31.8999 28.4988 3
      vertex -30.1885 28.3026 1.3
    endloop
  endfacet
  facet normal 0.081963 0.702949 0.706502
    outer loop
      vertex -28.7952 26.8258 1.3
      vertex -29.0893 25.1515 3
      vertex -28.5988 26.8029 1.3
    endloop
  endfacet
  facet normal 0.126495 0.695721 0.707087
    outer loop
      vertex -29.0893 25.1515 3
      vertex -28.7952 26.8258 1.3
      vertex -29.0904 25.1517 3
    endloop
  endfacet
  facet normal -0.388743 0.591347 0.706532
    outer loop
      vertex -27.65 27.0278 1.3
      vertex -26.799 25.5561 3
      vertex -27.4848 27.1364 1.3
    endloop
  endfacet
  facet normal -0.363824 0.606373 0.707067
    outer loop
      vertex -26.799 25.5561 3
      vertex -27.65 27.0278 1.3
      vertex -26.8 25.5555 3
    endloop
  endfacet
  facet normal -0.45489 0.542134 0.706516
    outer loop
      vertex -26.4688 25.7735 3
      vertex -26.1668 26.0269 3
      vertex -27.3334 27.2635 1.3
    endloop
  endfacet
  facet normal -0.607194 0.364316 0.706109
    outer loop
      vertex -26.9808 27.737 1.3
      vertex -25.4622 26.9731 3
      vertex -25.4616 26.9741 3
    endloop
  endfacet
  facet normal -0.612811 0.354013 0.706497
    outer loop
      vertex -25.4622 26.9731 3
      vertex -26.9808 27.737 1.3
      vertex -27.0797 27.5658 1.3
    endloop
  endfacet
  facet normal -0.316482 -0.632964 0.706537
    outer loop
      vertex -27.8267 30.061 1.3
      vertex -27.1523 31.6214 3
      vertex -27.1533 31.6219 3
    endloop
  endfacet
  facet normal -0.317788 -0.632356 0.706496
    outer loop
      vertex -27.1523 31.6214 3
      vertex -27.8267 30.061 1.3
      vertex -27.65 29.9722 1.3
    endloop
  endfacet
  facet normal -0.567644 -0.422638 0.706511
    outer loop
      vertex -25.6593 30.3683 3
      vertex -25.8948 30.6846 3
      vertex -27.0797 29.4342 1.3
    endloop
  endfacet
  facet normal 0.64988 0.280207 0.706498
    outer loop
      vertex -31.5388 26.9751 3
      vertex -30.0192 27.737 1.3
      vertex -30.0975 27.9186 1.3
    endloop
  endfacet
  facet normal 0.657716 0.263086 0.70583
    outer loop
      vertex -30.0192 27.737 1.3
      vertex -31.5388 26.9751 3
      vertex -31.5384 26.9741 3
    endloop
  endfacet
  facet normal -0.241858 0.66511 0.706493
    outer loop
      vertex -27.8267 26.939 1.3
      vertex -27.1544 25.3777 3
      vertex -27.1533 25.3781 3
    endloop
  endfacet
  facet normal -0.242086 0.66502 0.7065
    outer loop
      vertex -27.1544 25.3777 3
      vertex -27.8267 26.939 1.3
      vertex -28.0124 26.8714 1.3
    endloop
  endfacet
  facet normal -0.567665 0.422615 0.706508
    outer loop
      vertex -27.1977 27.4073 1.3
      vertex -25.8948 26.3154 3
      vertex -27.0797 27.5658 1.3
    endloop
  endfacet
  facet normal -0.590124 0.393416 0.704967
    outer loop
      vertex -25.8948 26.3154 3
      vertex -27.1977 27.4073 1.3
      vertex -25.8954 26.3145 3
    endloop
  endfacet
  facet normal -0.163183 0.688635 0.706508
    outer loop
      vertex -27.9085 25.1519 3
      vertex -27.5249 25.2428 3
      vertex -28.0124 26.8714 1.3
    endloop
  endfacet
  facet normal -0.567644 0.422638 0.706511
    outer loop
      vertex -25.8948 26.3154 3
      vertex -25.6593 26.6317 3
      vertex -27.0797 27.5658 1.3
    endloop
  endfacet
  facet normal 0.649788 -0.280378 0.706515
    outer loop
      vertex -30.0975 29.0814 1.3
      vertex -31.5388 30.0249 3
      vertex -31.695 29.6629 3
    endloop
  endfacet
  facet normal 0.706513 0.041116 0.706505
    outer loop
      vertex -31.877 28.1053 3
      vertex -30.1885 28.3026 1.3
      vertex -31.8999 28.4988 3
    endloop
  endfacet
  facet normal -0.612892 0.35384 0.706513
    outer loop
      vertex -25.6593 26.6317 3
      vertex -25.4622 26.9731 3
      vertex -27.0797 27.5658 1.3
    endloop
  endfacet
  facet normal -0.500943 -0.500943 0.70577
    outer loop
      vertex -25.8962 30.6863 3
      vertex -27.1977 29.5927 1.3
      vertex -25.8954 30.6855 3
    endloop
  endfacet
  facet normal -0.514707 -0.485715 0.706511
    outer loop
      vertex -27.1977 29.5927 1.3
      vertex -25.8962 30.6863 3
      vertex -27.3334 29.7365 1.3
    endloop
  endfacet
  facet normal 0.514744 0.485668 0.706516
    outer loop
      vertex -30.8332 26.0269 3
      vertex -29.6666 27.2635 1.3
      vertex -31.1038 26.3137 3
    endloop
  endfacet
  facet normal 0.082033 -0.702935 0.706508
    outer loop
      vertex -28.5988 30.1971 1.3
      vertex -28.6977 31.8942 3
      vertex -29.0893 31.8485 3
    endloop
  endfacet
  facet normal -0.500943 0.500943 0.70577
    outer loop
      vertex -27.1977 27.4073 1.3
      vertex -25.8962 26.3137 3
      vertex -25.8954 26.3145 3
    endloop
  endfacet
  facet normal -0.514707 0.485715 0.706511
    outer loop
      vertex -25.8962 26.3137 3
      vertex -27.1977 27.4073 1.3
      vertex -27.3334 27.2635 1.3
    endloop
  endfacet
  facet normal -0.434176 -0.558227 0.707018
    outer loop
      vertex -27.4848 29.8636 1.3
      vertex -26.4688 31.2265 3
      vertex -26.4697 31.2272 3
    endloop
  endfacet
  facet normal -0.455035 -0.542032 0.706501
    outer loop
      vertex -26.4688 31.2265 3
      vertex -27.4848 29.8636 1.3
      vertex -27.3334 29.7365 1.3
    endloop
  endfacet
  facet normal 0.514744 -0.485668 0.706516
    outer loop
      vertex -29.6666 29.7365 1.3
      vertex -30.8332 30.9731 3
      vertex -31.1038 30.6863 3
    endloop
  endfacet
  facet normal 0.567665 0.422615 0.706508
    outer loop
      vertex -31.1052 26.3154 3
      vertex -29.8023 27.4073 1.3
      vertex -29.9203 27.5658 1.3
    endloop
  endfacet
  facet normal 0.590124 0.393416 0.704967
    outer loop
      vertex -29.8023 27.4073 1.3
      vertex -31.1052 26.3154 3
      vertex -31.1046 26.3145 3
    endloop
  endfacet
  facet normal 0.567644 0.422638 0.706511
    outer loop
      vertex -31.1052 26.3154 3
      vertex -29.9203 27.5658 1.3
      vertex -31.3407 26.6317 3
    endloop
  endfacet
  facet normal -0.696974 -0.122774 0.706508
    outer loop
      vertex -25.123 28.8947 3
      vertex -25.1914 29.283 3
      vertex -26.8115 28.6974 1.3
    endloop
  endfacet
  facet normal 0.677975 0.202963 0.70651
    outer loop
      vertex -31.6953 27.3382 3
      vertex -30.0975 27.9186 1.3
      vertex -30.1542 28.108 1.3
    endloop
  endfacet
  facet normal 0.683353 0.186369 0.7059
    outer loop
      vertex -30.0975 27.9186 1.3
      vertex -31.6953 27.3382 3
      vertex -31.695 27.3371 3
    endloop
  endfacet
  facet normal -0.696955 0.122845 0.706515
    outer loop
      vertex -26.8458 28.108 1.3
      vertex -25.1914 27.717 3
      vertex -26.8115 28.3026 1.3
    endloop
  endfacet
  facet normal -0.69618 0.126578 0.706619
    outer loop
      vertex -25.1914 27.717 3
      vertex -26.8458 28.108 1.3
      vertex -25.1916 27.7159 3
    endloop
  endfacet
  facet normal 0.696955 0.122845 0.706515
    outer loop
      vertex -31.8086 27.717 3
      vertex -30.1542 28.108 1.3
      vertex -30.1885 28.3026 1.3
    endloop
  endfacet
  facet normal 0.69618 0.126578 0.706619
    outer loop
      vertex -30.1542 28.108 1.3
      vertex -31.8086 27.717 3
      vertex -31.8084 27.7159 3
    endloop
  endfacet
  facet normal -0.696974 0.122774 0.706508
    outer loop
      vertex -25.1914 27.717 3
      vertex -25.123 28.1053 3
      vertex -26.8115 28.3026 1.3
    endloop
  endfacet
  facet normal 0.590124 -0.393416 0.704967
    outer loop
      vertex -31.1052 30.6846 3
      vertex -29.8023 29.5927 1.3
      vertex -31.1046 30.6855 3
    endloop
  endfacet
  facet normal 0.567665 -0.422615 0.706508
    outer loop
      vertex -29.8023 29.5927 1.3
      vertex -31.1052 30.6846 3
      vertex -29.9203 29.4342 1.3
    endloop
  endfacet
  facet normal 0.45489 -0.542134 0.706516
    outer loop
      vertex -29.6666 29.7365 1.3
      vertex -30.5312 31.2265 3
      vertex -30.8332 30.9731 3
    endloop
  endfacet
  facet normal -0.514744 0.485668 0.706516
    outer loop
      vertex -26.1668 26.0269 3
      vertex -25.8962 26.3137 3
      vertex -27.3334 27.2635 1.3
    endloop
  endfacet
  facet normal -0.677975 0.202963 0.70651
    outer loop
      vertex -26.9025 27.9186 1.3
      vertex -25.3047 27.3382 3
      vertex -26.8458 28.108 1.3
    endloop
  endfacet
  facet normal -0.683353 0.186369 0.7059
    outer loop
      vertex -25.3047 27.3382 3
      vertex -26.9025 27.9186 1.3
      vertex -25.305 27.3371 3
    endloop
  endfacet
  facet normal -0.590124 -0.393416 0.704967
    outer loop
      vertex -27.1977 29.5927 1.3
      vertex -25.8948 30.6846 3
      vertex -25.8954 30.6855 3
    endloop
  endfacet
  facet normal -0.567665 -0.422615 0.706508
    outer loop
      vertex -25.8948 30.6846 3
      vertex -27.1977 29.5927 1.3
      vertex -27.0797 29.4342 1.3
    endloop
  endfacet
  facet normal 0.612811 0.354013 0.706497
    outer loop
      vertex -30.0192 27.737 1.3
      vertex -31.5378 26.9731 3
      vertex -29.9203 27.5658 1.3
    endloop
  endfacet
  facet normal 0.607194 0.364316 0.706109
    outer loop
      vertex -31.5378 26.9731 3
      vertex -30.0192 27.737 1.3
      vertex -31.5384 26.9741 3
    endloop
  endfacet
  facet normal 0.434176 -0.558227 0.707018
    outer loop
      vertex -30.5312 31.2265 3
      vertex -29.5152 29.8636 1.3
      vertex -30.5303 31.2272 3
    endloop
  endfacet
  facet normal 0.455035 -0.542032 0.706501
    outer loop
      vertex -29.5152 29.8636 1.3
      vertex -30.5312 31.2265 3
      vertex -29.6666 29.7365 1.3
    endloop
  endfacet
  facet normal 0.317788 0.632356 0.706496
    outer loop
      vertex -29.8477 25.3786 3
      vertex -29.1733 26.939 1.3
      vertex -29.35 27.0278 1.3
    endloop
  endfacet
  facet normal 0.316482 0.632964 0.706537
    outer loop
      vertex -29.1733 26.939 1.3
      vertex -29.8477 25.3786 3
      vertex -29.8467 25.3781 3
    endloop
  endfacet
  facet normal 0.69618 -0.126578 0.706619
    outer loop
      vertex -31.8086 29.283 3
      vertex -30.1542 28.892 1.3
      vertex -31.8084 29.2841 3
    endloop
  endfacet
  facet normal 0.696955 -0.122845 0.706515
    outer loop
      vertex -30.1542 28.892 1.3
      vertex -31.8086 29.283 3
      vertex -30.1885 28.6974 1.3
    endloop
  endfacet
  facet normal 0.317568 0.632443 0.706517
    outer loop
      vertex -29.8477 25.3786 3
      vertex -29.35 27.0278 1.3
      vertex -30.2 25.5555 3
    endloop
  endfacet
  facet normal -0.705882 0.0588235 0.705882
    outer loop
      vertex -26.8 28.5 1.3
      vertex -25.1001 28.4988 3
      vertex -25.1 28.5 3
    endloop
  endfacet
  facet normal -0.706514 0.0411596 0.706501
    outer loop
      vertex -25.1001 28.4988 3
      vertex -26.8 28.5 1.3
      vertex -26.8115 28.3026 1.3
    endloop
  endfacet
  facet normal -0.677956 -0.20301 0.706515
    outer loop
      vertex -25.1916 29.2841 3
      vertex -25.3047 29.6618 3
      vertex -26.8458 28.892 1.3
    endloop
  endfacet
  facet normal -0.69618 -0.126578 0.706619
    outer loop
      vertex -26.8458 28.892 1.3
      vertex -25.1914 29.283 3
      vertex -25.1916 29.2841 3
    endloop
  endfacet
  facet normal -0.696955 -0.122845 0.706515
    outer loop
      vertex -25.1914 29.283 3
      vertex -26.8458 28.892 1.3
      vertex -26.8115 28.6974 1.3
    endloop
  endfacet
  facet normal -0.649788 0.280378 0.706515
    outer loop
      vertex -25.4612 26.9751 3
      vertex -25.305 27.3371 3
      vertex -26.9025 27.9186 1.3
    endloop
  endfacet
  facet normal -0.706513 -0.041116 0.706505
    outer loop
      vertex -25.1001 28.5012 3
      vertex -25.123 28.8947 3
      vertex -26.8115 28.6974 1.3
    endloop
  endfacet
  facet normal -0.706513 0.041116 0.706505
    outer loop
      vertex -25.123 28.1053 3
      vertex -25.1001 28.4988 3
      vertex -26.8115 28.3026 1.3
    endloop
  endfacet
  facet normal 0.696974 0.122774 0.706508
    outer loop
      vertex -31.8086 27.717 3
      vertex -30.1885 28.3026 1.3
      vertex -31.877 28.1053 3
    endloop
  endfacet
  facet normal 0.706513 -0.041116 0.706505
    outer loop
      vertex -30.1885 28.6974 1.3
      vertex -31.877 28.8947 3
      vertex -31.8999 28.5012 3
    endloop
  endfacet
  facet normal 0.696974 -0.122774 0.706508
    outer loop
      vertex -30.1885 28.6974 1.3
      vertex -31.8086 29.283 3
      vertex -31.877 28.8947 3
    endloop
  endfacet
  facet normal 0.242086 -0.66502 0.7065
    outer loop
      vertex -29.8456 31.6223 3
      vertex -29.1733 30.061 1.3
      vertex -28.9876 30.1286 1.3
    endloop
  endfacet
  facet normal 0.241858 -0.66511 0.706493
    outer loop
      vertex -29.1733 30.061 1.3
      vertex -29.8456 31.6223 3
      vertex -29.8467 31.6219 3
    endloop
  endfacet
  facet normal 0.705882 -0.0588235 0.705882
    outer loop
      vertex -30.2 28.5 1.3
      vertex -31.8999 28.5012 3
      vertex -31.9 28.5 3
    endloop
  endfacet
  facet normal 0.706514 -0.0411596 0.706501
    outer loop
      vertex -31.8999 28.5012 3
      vertex -30.2 28.5 1.3
      vertex -30.1885 28.6974 1.3
    endloop
  endfacet
  facet normal -0.16321 0.688631 0.706505
    outer loop
      vertex -28.2048 26.8258 1.3
      vertex -27.9085 25.1519 3
      vertex -28.0124 26.8714 1.3
    endloop
  endfacet
  facet normal -0.126495 0.695721 0.707087
    outer loop
      vertex -27.9085 25.1519 3
      vertex -28.2048 26.8258 1.3
      vertex -27.9096 25.1517 3
    endloop
  endfacet
  facet normal 0.677956 0.20301 0.706515
    outer loop
      vertex -31.6953 27.3382 3
      vertex -30.1542 28.108 1.3
      vertex -31.8084 27.7159 3
    endloop
  endfacet
  facet normal 0.082033 0.702935 0.706508
    outer loop
      vertex -28.6977 25.1058 3
      vertex -28.5988 26.8029 1.3
      vertex -29.0893 25.1515 3
    endloop
  endfacet
  facet normal -0.45489 -0.542134 0.706516
    outer loop
      vertex -26.1668 30.9731 3
      vertex -26.4688 31.2265 3
      vertex -27.3334 29.7365 1.3
    endloop
  endfacet
  facet normal -0.317568 0.632443 0.706517
    outer loop
      vertex -27.1523 25.3786 3
      vertex -26.8 25.5555 3
      vertex -27.65 27.0278 1.3
    endloop
  endfacet
  facet normal 0.514707 -0.485715 0.706511
    outer loop
      vertex -31.1038 30.6863 3
      vertex -29.8023 29.5927 1.3
      vertex -29.6666 29.7365 1.3
    endloop
  endfacet
  facet normal 0.500943 -0.500943 0.70577
    outer loop
      vertex -29.8023 29.5927 1.3
      vertex -31.1038 30.6863 3
      vertex -31.1046 30.6855 3
    endloop
  endfacet
  facet normal 0.612892 -0.35384 0.706513
    outer loop
      vertex -29.9203 29.4342 1.3
      vertex -31.3407 30.3683 3
      vertex -31.5378 30.0269 3
    endloop
  endfacet
  facet normal 0.514707 0.485715 0.706511
    outer loop
      vertex -29.8023 27.4073 1.3
      vertex -31.1038 26.3137 3
      vertex -29.6666 27.2635 1.3
    endloop
  endfacet
  facet normal 0.500943 0.500943 0.70577
    outer loop
      vertex -31.1038 26.3137 3
      vertex -29.8023 27.4073 1.3
      vertex -31.1046 26.3145 3
    endloop
  endfacet
  facet normal 0.45489 0.542134 0.706516
    outer loop
      vertex -30.5312 25.7735 3
      vertex -29.6666 27.2635 1.3
      vertex -30.8332 26.0269 3
    endloop
  endfacet
  facet normal -0.242128 0.665 0.706504
    outer loop
      vertex -27.5249 25.2428 3
      vertex -27.1544 25.3777 3
      vertex -28.0124 26.8714 1.3
    endloop
  endfacet
  facet normal -0.126495 -0.695721 0.707087
    outer loop
      vertex -28.2048 30.1742 1.3
      vertex -27.9085 31.8481 3
      vertex -27.9096 31.8483 3
    endloop
  endfacet
  facet normal -0.16321 -0.688631 0.706505
    outer loop
      vertex -27.9085 31.8481 3
      vertex -28.2048 30.1742 1.3
      vertex -28.0124 30.1286 1.3
    endloop
  endfacet
  facet normal -0.163183 -0.688635 0.706508
    outer loop
      vertex -27.5249 31.7572 3
      vertex -27.9085 31.8481 3
      vertex -28.0124 30.1286 1.3
    endloop
  endfacet
  facet normal 0.242086 0.66502 0.7065
    outer loop
      vertex -29.1733 26.939 1.3
      vertex -29.8456 25.3777 3
      vertex -28.9876 26.8714 1.3
    endloop
  endfacet
  facet normal 0.241858 0.66511 0.706493
    outer loop
      vertex -29.8456 25.3777 3
      vertex -29.1733 26.939 1.3
      vertex -29.8467 25.3781 3
    endloop
  endfacet
  facet normal 0.567644 -0.422638 0.706511
    outer loop
      vertex -29.9203 29.4342 1.3
      vertex -31.1052 30.6846 3
      vertex -31.3407 30.3683 3
    endloop
  endfacet
  facet normal -0.649788 -0.280378 0.706515
    outer loop
      vertex -25.305 29.6629 3
      vertex -25.4612 30.0249 3
      vertex -26.9025 29.0814 1.3
    endloop
  endfacet
  facet normal -0.242128 -0.665 0.706504
    outer loop
      vertex -27.1544 31.6223 3
      vertex -27.5249 31.7572 3
      vertex -28.0124 30.1286 1.3
    endloop
  endfacet
  facet normal 0 0.70771 0.706503
    outer loop
      vertex -28.4012 26.8029 1.3
      vertex -28.6977 25.1058 3
      vertex -28.3023 25.1058 3
    endloop
  endfacet
  facet normal 0 0.70771 0.706503
    outer loop
      vertex -28.6977 25.1058 3
      vertex -28.4012 26.8029 1.3
      vertex -28.5988 26.8029 1.3
    endloop
  endfacet
  facet normal 0.683353 -0.186369 0.7059
    outer loop
      vertex -31.6953 29.6618 3
      vertex -30.0975 29.0814 1.3
      vertex -31.695 29.6629 3
    endloop
  endfacet
  facet normal 0.677975 -0.202963 0.70651
    outer loop
      vertex -30.0975 29.0814 1.3
      vertex -31.6953 29.6618 3
      vertex -30.1542 28.892 1.3
    endloop
  endfacet
  facet normal -0.126495 0.695721 0.707087
    outer loop
      vertex -28.2048 26.8258 1.3
      vertex -27.9107 25.1515 3
      vertex -27.9096 25.1517 3
    endloop
  endfacet
  facet normal -0.081963 0.702949 0.706502
    outer loop
      vertex -27.9107 25.1515 3
      vertex -28.2048 26.8258 1.3
      vertex -28.4012 26.8029 1.3
    endloop
  endfacet
  facet normal 0.163183 -0.688635 0.706508
    outer loop
      vertex -28.9876 30.1286 1.3
      vertex -29.0915 31.8481 3
      vertex -29.4751 31.7572 3
    endloop
  endfacet
  facet normal 0.612892 0.35384 0.706513
    outer loop
      vertex -31.3407 26.6317 3
      vertex -29.9203 27.5658 1.3
      vertex -31.5378 26.9731 3
    endloop
  endfacet
  facet normal -0.317568 -0.632443 0.706517
    outer loop
      vertex -26.8 31.4445 3
      vertex -27.1523 31.6214 3
      vertex -27.65 29.9722 1.3
    endloop
  endfacet
  facet normal -0.082033 0.702935 0.706508
    outer loop
      vertex -28.3023 25.1058 3
      vertex -27.9107 25.1515 3
      vertex -28.4012 26.8029 1.3
    endloop
  endfacet
  facet normal -0.677956 0.20301 0.706515
    outer loop
      vertex -25.3047 27.3382 3
      vertex -25.1916 27.7159 3
      vertex -26.8458 28.108 1.3
    endloop
  endfacet
  facet normal -0.317788 0.632356 0.706496
    outer loop
      vertex -27.8267 26.939 1.3
      vertex -27.1523 25.3786 3
      vertex -27.65 27.0278 1.3
    endloop
  endfacet
  facet normal -0.316482 0.632964 0.706537
    outer loop
      vertex -27.1523 25.3786 3
      vertex -27.8267 26.939 1.3
      vertex -27.1533 25.3781 3
    endloop
  endfacet
  facet normal 0.388743 0.591347 0.706532
    outer loop
      vertex -30.201 25.5561 3
      vertex -29.35 27.0278 1.3
      vertex -29.5152 27.1364 1.3
    endloop
  endfacet
  facet normal 0.363824 0.606373 0.707067
    outer loop
      vertex -29.35 27.0278 1.3
      vertex -30.201 25.5561 3
      vertex -30.2 25.5555 3
    endloop
  endfacet
  facet normal -0.64988 0.280207 0.706498
    outer loop
      vertex -26.9808 27.737 1.3
      vertex -25.4612 26.9751 3
      vertex -26.9025 27.9186 1.3
    endloop
  endfacet
  facet normal -0.657716 0.263086 0.70583
    outer loop
      vertex -25.4612 26.9751 3
      vertex -26.9808 27.737 1.3
      vertex -25.4616 26.9741 3
    endloop
  endfacet
  facet normal 0.677956 -0.20301 0.706515
    outer loop
      vertex -30.1542 28.892 1.3
      vertex -31.6953 29.6618 3
      vertex -31.8084 29.2841 3
    endloop
  endfacet
  facet normal 0.612811 -0.354013 0.706497
    outer loop
      vertex -31.5378 30.0269 3
      vertex -30.0192 29.263 1.3
      vertex -29.9203 29.4342 1.3
    endloop
  endfacet
  facet normal 0.607194 -0.364316 0.706109
    outer loop
      vertex -30.0192 29.263 1.3
      vertex -31.5378 30.0269 3
      vertex -31.5384 30.0259 3
    endloop
  endfacet
  facet normal 0.657716 -0.263086 0.70583
    outer loop
      vertex -31.5388 30.0249 3
      vertex -30.0192 29.263 1.3
      vertex -31.5384 30.0259 3
    endloop
  endfacet
  facet normal 0.64988 -0.280207 0.706498
    outer loop
      vertex -30.0192 29.263 1.3
      vertex -31.5388 30.0249 3
      vertex -30.0975 29.0814 1.3
    endloop
  endfacet
  facet normal 0.242128 0.665 0.706504
    outer loop
      vertex -29.4751 25.2428 3
      vertex -28.9876 26.8714 1.3
      vertex -29.8456 25.3777 3
    endloop
  endfacet
  facet normal -0.514744 -0.485668 0.706516
    outer loop
      vertex -25.8962 30.6863 3
      vertex -26.1668 30.9731 3
      vertex -27.3334 29.7365 1.3
    endloop
  endfacet
  facet normal -0.607194 -0.364316 0.706109
    outer loop
      vertex -25.4622 30.0269 3
      vertex -26.9808 29.263 1.3
      vertex -25.4616 30.0259 3
    endloop
  endfacet
  facet normal -0.612811 -0.354013 0.706497
    outer loop
      vertex -26.9808 29.263 1.3
      vertex -25.4622 30.0269 3
      vertex -27.0797 29.4342 1.3
    endloop
  endfacet
  facet normal 0.16321 0.688631 0.706505
    outer loop
      vertex -29.0915 25.1519 3
      vertex -28.7952 26.8258 1.3
      vertex -28.9876 26.8714 1.3
    endloop
  endfacet
  facet normal 0.126495 0.695721 0.707087
    outer loop
      vertex -28.7952 26.8258 1.3
      vertex -29.0915 25.1519 3
      vertex -29.0904 25.1517 3
    endloop
  endfacet
  facet normal 0.389038 -0.591187 0.706503
    outer loop
      vertex -29.5152 29.8636 1.3
      vertex -30.201 31.4439 3
      vertex -30.5303 31.2272 3
    endloop
  endfacet
  facet normal -0.241858 -0.66511 0.706493
    outer loop
      vertex -27.1544 31.6223 3
      vertex -27.8267 30.061 1.3
      vertex -27.1533 31.6219 3
    endloop
  endfacet
  facet normal -0.242086 -0.66502 0.7065
    outer loop
      vertex -27.8267 30.061 1.3
      vertex -27.1544 31.6223 3
      vertex -28.0124 30.1286 1.3
    endloop
  endfacet
  facet normal 0.389038 0.591187 0.706503
    outer loop
      vertex -30.201 25.5561 3
      vertex -29.5152 27.1364 1.3
      vertex -30.5303 25.7728 3
    endloop
  endfacet
  facet normal 0.455035 0.542032 0.706501
    outer loop
      vertex -30.5312 25.7735 3
      vertex -29.5152 27.1364 1.3
      vertex -29.6666 27.2635 1.3
    endloop
  endfacet
  facet normal 0.434176 0.558227 0.707018
    outer loop
      vertex -29.5152 27.1364 1.3
      vertex -30.5312 25.7735 3
      vertex -30.5303 25.7728 3
    endloop
  endfacet
  facet normal 0.081963 -0.702949 0.706502
    outer loop
      vertex -29.0893 31.8485 3
      vertex -28.7952 30.1742 1.3
      vertex -28.5988 30.1971 1.3
    endloop
  endfacet
  facet normal 0.126495 -0.695721 0.707087
    outer loop
      vertex -28.7952 30.1742 1.3
      vertex -29.0893 31.8485 3
      vertex -29.0904 31.8483 3
    endloop
  endfacet
  facet normal -0.657716 -0.263086 0.70583
    outer loop
      vertex -26.9808 29.263 1.3
      vertex -25.4612 30.0249 3
      vertex -25.4616 30.0259 3
    endloop
  endfacet
  facet normal -0.64988 -0.280207 0.706498
    outer loop
      vertex -25.4612 30.0249 3
      vertex -26.9808 29.263 1.3
      vertex -26.9025 29.0814 1.3
    endloop
  endfacet
  facet normal -0.363824 -0.606373 0.707067
    outer loop
      vertex -27.65 29.9722 1.3
      vertex -26.799 31.4439 3
      vertex -26.8 31.4445 3
    endloop
  endfacet
  facet normal -0.388743 -0.591347 0.706532
    outer loop
      vertex -26.799 31.4439 3
      vertex -27.65 29.9722 1.3
      vertex -27.4848 29.8636 1.3
    endloop
  endfacet
  facet normal -0.612892 -0.35384 0.706513
    outer loop
      vertex -25.4622 30.0269 3
      vertex -25.6593 30.3683 3
      vertex -27.0797 29.4342 1.3
    endloop
  endfacet
  facet normal 0.126495 -0.695721 0.707087
    outer loop
      vertex -29.0915 31.8481 3
      vertex -28.7952 30.1742 1.3
      vertex -29.0904 31.8483 3
    endloop
  endfacet
  facet normal 0.16321 -0.688631 0.706505
    outer loop
      vertex -28.7952 30.1742 1.3
      vertex -29.0915 31.8481 3
      vertex -28.9876 30.1286 1.3
    endloop
  endfacet
  facet normal 0.363824 -0.606373 0.707067
    outer loop
      vertex -30.201 31.4439 3
      vertex -29.35 29.9722 1.3
      vertex -30.2 31.4445 3
    endloop
  endfacet
  facet normal 0.388743 -0.591347 0.706532
    outer loop
      vertex -29.35 29.9722 1.3
      vertex -30.201 31.4439 3
      vertex -29.5152 29.8636 1.3
    endloop
  endfacet
  facet normal -0.126495 -0.695721 0.707087
    outer loop
      vertex -27.9107 31.8485 3
      vertex -28.2048 30.1742 1.3
      vertex -27.9096 31.8483 3
    endloop
  endfacet
  facet normal -0.081963 -0.702949 0.706502
    outer loop
      vertex -28.2048 30.1742 1.3
      vertex -27.9107 31.8485 3
      vertex -28.4012 30.1971 1.3
    endloop
  endfacet
  facet normal 0.163183 0.688635 0.706508
    outer loop
      vertex -29.0915 25.1519 3
      vertex -28.9876 26.8714 1.3
      vertex -29.4751 25.2428 3
    endloop
  endfacet
  facet normal -0.683353 -0.186369 0.7059
    outer loop
      vertex -26.9025 29.0814 1.3
      vertex -25.3047 29.6618 3
      vertex -25.305 29.6629 3
    endloop
  endfacet
  facet normal -0.677975 -0.202963 0.70651
    outer loop
      vertex -25.3047 29.6618 3
      vertex -26.9025 29.0814 1.3
      vertex -26.8458 28.892 1.3
    endloop
  endfacet
  facet normal 0.242128 -0.665 0.706504
    outer loop
      vertex -28.9876 30.1286 1.3
      vertex -29.4751 31.7572 3
      vertex -29.8456 31.6223 3
    endloop
  endfacet
  facet normal 0.317568 -0.632443 0.706517
    outer loop
      vertex -29.35 29.9722 1.3
      vertex -29.8477 31.6214 3
      vertex -30.2 31.4445 3
    endloop
  endfacet
  facet normal -0.082033 -0.702935 0.706508
    outer loop
      vertex -27.9107 31.8485 3
      vertex -28.3023 31.8942 3
      vertex -28.4012 30.1971 1.3
    endloop
  endfacet
  facet normal 0 -0.70771 0.706503
    outer loop
      vertex -28.5988 30.1971 1.3
      vertex -28.3023 31.8942 3
      vertex -28.6977 31.8942 3
    endloop
  endfacet
  facet normal 0 -0.70771 0.706503
    outer loop
      vertex -28.3023 31.8942 3
      vertex -28.5988 30.1971 1.3
      vertex -28.4012 30.1971 1.3
    endloop
  endfacet
  facet normal -0.455035 0.542032 0.706501
    outer loop
      vertex -27.4848 27.1364 1.3
      vertex -26.4688 25.7735 3
      vertex -27.3334 27.2635 1.3
    endloop
  endfacet
  facet normal -0.434176 0.558227 0.707018
    outer loop
      vertex -26.4688 25.7735 3
      vertex -27.4848 27.1364 1.3
      vertex -26.4697 25.7728 3
    endloop
  endfacet
  facet normal -0.389038 -0.591187 0.706503
    outer loop
      vertex -26.4697 31.2272 3
      vertex -26.799 31.4439 3
      vertex -27.4848 29.8636 1.3
    endloop
  endfacet
  facet normal -0.389038 0.591187 0.706503
    outer loop
      vertex -26.799 25.5561 3
      vertex -26.4697 25.7728 3
      vertex -27.4848 27.1364 1.3
    endloop
  endfacet
  facet normal 0 0 1
    outer loop
      vertex -26.8 28.5 1.3
      vertex -26.8115 28.6974 1.3
      vertex -26.8458 28.892 1.3
    endloop
  endfacet
  facet normal 0 0 1
    outer loop
      vertex -27.8267 30.061 1.3
      vertex -28.0124 30.1286 1.3
      vertex -28.2048 30.1742 1.3
    endloop
  endfacet
  facet normal 0 0 1
    outer loop
      vertex -27.4848 29.8636 1.3
      vertex -27.65 29.9722 1.3
      vertex -27.8267 30.061 1.3
    endloop
  endfacet
  facet normal 0 0 1
    outer loop
      vertex -29.35 29.9722 1.3
      vertex -29.5152 29.8636 1.3
      vertex -29.6666 29.7365 1.3
    endloop
  endfacet
  facet normal 0 0 1
    outer loop
      vertex -28.9876 30.1286 1.3
      vertex -29.1733 30.061 1.3
      vertex -29.35 29.9722 1.3
    endloop
  endfacet
  facet normal -0 -0 1
    outer loop
      vertex -30.0192 27.737 1.3
      vertex -29.9203 27.5658 1.3
      vertex -30.0975 27.9186 1.3
    endloop
  endfacet
  facet normal 0 -0 1
    outer loop
      vertex -28.0124 26.8714 1.3
      vertex -27.8267 26.939 1.3
      vertex -28.2048 26.8258 1.3
    endloop
  endfacet
  facet normal 0 -0 1
    outer loop
      vertex -27.65 27.0278 1.3
      vertex -27.4848 27.1364 1.3
      vertex -27.8267 26.939 1.3
    endloop
  endfacet
  facet normal 0 -0 1
    outer loop
      vertex -27.0797 27.5658 1.3
      vertex -26.9808 27.737 1.3
      vertex -27.1977 27.4073 1.3
    endloop
  endfacet
  facet normal 0 -0 1
    outer loop
      vertex -28.4012 26.8029 1.3
      vertex -28.2048 26.8258 1.3
      vertex -28.5988 26.8029 1.3
    endloop
  endfacet
  facet normal 0 0 1
    outer loop
      vertex -29.6666 29.7365 1.3
      vertex -29.8023 29.5927 1.3
      vertex -29.9203 29.4342 1.3
    endloop
  endfacet
  facet normal 0 0 1
    outer loop
      vertex -27.1977 29.5927 1.3
      vertex -27.3334 29.7365 1.3
      vertex -27.4848 29.8636 1.3
    endloop
  endfacet
  facet normal 0 -0 1
    outer loop
      vertex -26.9025 27.9186 1.3
      vertex -26.8458 28.108 1.3
      vertex -26.9808 27.737 1.3
    endloop
  endfacet
  facet normal 0 -0 1
    outer loop
      vertex -27.3334 27.2635 1.3
      vertex -27.1977 27.4073 1.3
      vertex -27.4848 27.1364 1.3
    endloop
  endfacet
  facet normal 0 0 1
    outer loop
      vertex -26.9808 29.263 1.3
      vertex -27.0797 29.4342 1.3
      vertex -27.1977 29.5927 1.3
    endloop
  endfacet
  facet normal 0 0 1
    outer loop
      vertex -26.8458 28.892 1.3
      vertex -26.9025 29.0814 1.3
      vertex -26.9808 29.263 1.3
    endloop
  endfacet
  facet normal -0 -0 1
    outer loop
      vertex -29.8023 27.4073 1.3
      vertex -29.6666 27.2635 1.3
      vertex -29.9203 27.5658 1.3
    endloop
  endfacet
  facet normal -0 -0 1
    outer loop
      vertex -30.1542 28.108 1.3
      vertex -30.0975 27.9186 1.3
      vertex -30.1885 28.3026 1.3
    endloop
  endfacet
  facet normal 0 -0 1
    outer loop
      vertex -26.8115 28.3026 1.3
      vertex -26.8 28.5 1.3
      vertex -26.8458 28.108 1.3
    endloop
  endfacet
  facet normal 0 -0 1
    outer loop
      vertex -30.1885 28.3026 1.3
      vertex -30.1885 28.6974 1.3
      vertex -30.2 28.5 1.3
    endloop
  endfacet
  facet normal -0 -0 1
    outer loop
      vertex -28.7952 26.8258 1.3
      vertex -28.5988 26.8029 1.3
      vertex -28.9876 26.8714 1.3
    endloop
  endfacet
  facet normal 0 0 1
    outer loop
      vertex -28.2048 30.1742 1.3
      vertex -28.4012 30.1971 1.3
      vertex -28.5988 30.1971 1.3
    endloop
  endfacet
  facet normal 0 0 1
    outer loop
      vertex -30.0975 29.0814 1.3
      vertex -30.1542 28.892 1.3
      vertex -30.1885 28.6974 1.3
    endloop
  endfacet
  facet normal -0 -0 1
    outer loop
      vertex -29.5152 27.1364 1.3
      vertex -29.35 27.0278 1.3
      vertex -29.6666 27.2635 1.3
    endloop
  endfacet
  facet normal 0 0 1
    outer loop
      vertex -28.5988 30.1971 1.3
      vertex -28.7952 30.1742 1.3
      vertex -28.9876 30.1286 1.3
    endloop
  endfacet
  facet normal -0 -0 1
    outer loop
      vertex -29.1733 26.939 1.3
      vertex -28.9876 26.8714 1.3
      vertex -29.35 27.0278 1.3
    endloop
  endfacet
  facet normal 0 0 1
    outer loop
      vertex -29.9203 29.4342 1.3
      vertex -30.0192 29.263 1.3
      vertex -30.0975 29.0814 1.3
    endloop
  endfacet
  facet normal 0.316482 -0.632964 0.706537
    outer loop
      vertex -29.8477 31.6214 3
      vertex -29.1733 30.061 1.3
      vertex -29.8467 31.6219 3
    endloop
  endfacet
  facet normal 0.317788 -0.632356 0.706496
    outer loop
      vertex -29.1733 30.061 1.3
      vertex -29.8477 31.6214 3
      vertex -29.35 29.9722 1.3
    endloop
  endfacet
  facet normal -0.0580239 -0.998315 0
    outer loop
      vertex 148.401 -61.8029 0
      vertex 148.795 -61.8258 1.3
      vertex 148.401 -61.8029 1.3
    endloop
  endfacet
  facet normal -0.0580239 -0.998315 -0
    outer loop
      vertex 148.795 -61.8258 1.3
      vertex 148.401 -61.8029 0
      vertex 148.795 -61.8258 0
    endloop
  endfacet
  facet normal -0.939719 -0.341946 0
    outer loop
      vertex 150.154 -63.108 0
      vertex 150.019 -62.737 1.3
      vertex 150.019 -62.737 0
    endloop
  endfacet
  facet normal -0.939719 -0.341946 0
    outer loop
      vertex 150.019 -62.737 1.3
      vertex 150.154 -63.108 0
      vertex 150.154 -63.108 1.3
    endloop
  endfacet
  facet normal -0.993185 -0.116547 0
    outer loop
      vertex 150.2 -63.5 0
      vertex 150.154 -63.108 1.3
      vertex 150.154 -63.108 0
    endloop
  endfacet
  facet normal -0.993185 -0.116547 0
    outer loop
      vertex 150.154 -63.108 1.3
      vertex 150.2 -63.5 0
      vertex 150.2 -63.5 1.3
    endloop
  endfacet
  facet normal -0.286883 0.957966 0
    outer loop
      vertex 149.173 -65.061 0
      vertex 148.795 -65.1742 1.3
      vertex 149.173 -65.061 1.3
    endloop
  endfacet
  facet normal -0.286883 0.957966 0
    outer loop
      vertex 148.795 -65.1742 1.3
      vertex 149.173 -65.061 0
      vertex 148.795 -65.1742 0
    endloop
  endfacet
  facet normal 1 -0 0
    outer loop
      vertex 146.811 -63.6974 1.3
      vertex 146.811 -63.3026 0
      vertex 146.811 -63.3026 1.3
    endloop
  endfacet
  facet normal 1 0 0
    outer loop
      vertex 146.811 -63.3026 0
      vertex 146.811 -63.6974 1.3
      vertex 146.811 -63.6974 0
    endloop
  endfacet
  facet normal -0.286883 -0.957966 0
    outer loop
      vertex 148.795 -61.8258 0
      vertex 149.173 -61.939 1.3
      vertex 148.795 -61.8258 1.3
    endloop
  endfacet
  facet normal -0.286883 -0.957966 -0
    outer loop
      vertex 149.173 -61.939 1.3
      vertex 148.795 -61.8258 0
      vertex 149.173 -61.939 0
    endloop
  endfacet
  facet normal 0.766868 -0.641805 0
    outer loop
      vertex 147.08 -62.5658 1.3
      vertex 147.333 -62.2635 0
      vertex 147.333 -62.2635 1.3
    endloop
  endfacet
  facet normal 0.766868 -0.641805 0
    outer loop
      vertex 147.333 -62.2635 0
      vertex 147.08 -62.5658 1.3
      vertex 147.08 -62.5658 0
    endloop
  endfacet
  facet normal -0.0580239 0.998315 0
    outer loop
      vertex 148.795 -65.1742 0
      vertex 148.401 -65.1971 1.3
      vertex 148.795 -65.1742 1.3
    endloop
  endfacet
  facet normal -0.0580239 0.998315 0
    outer loop
      vertex 148.401 -65.1971 1.3
      vertex 148.795 -65.1742 0
      vertex 148.401 -65.1971 0
    endloop
  endfacet
  facet normal -0.993185 0.116547 0
    outer loop
      vertex 150.154 -63.892 0
      vertex 150.2 -63.5 1.3
      vertex 150.2 -63.5 0
    endloop
  endfacet
  facet normal -0.993185 0.116547 0
    outer loop
      vertex 150.2 -63.5 1.3
      vertex 150.154 -63.892 0
      vertex 150.154 -63.892 1.3
    endloop
  endfacet
  facet normal -0.686415 0.72721 0
    outer loop
      vertex 149.802 -64.5927 0
      vertex 149.515 -64.8636 1.3
      vertex 149.802 -64.5927 1.3
    endloop
  endfacet
  facet normal -0.686415 0.72721 0
    outer loop
      vertex 149.515 -64.8636 1.3
      vertex 149.802 -64.5927 0
      vertex 149.515 -64.8636 0
    endloop
  endfacet
  facet normal 0.173424 0.984847 -0
    outer loop
      vertex 148.401 -65.1971 0
      vertex 148.012 -65.1286 1.3
      vertex 148.401 -65.1971 1.3
    endloop
  endfacet
  facet normal 0.173424 0.984847 0
    outer loop
      vertex 148.012 -65.1286 1.3
      vertex 148.401 -65.1971 0
      vertex 148.012 -65.1286 0
    endloop
  endfacet
  facet normal 0.396611 -0.917987 0
    outer loop
      vertex 147.65 -62.0278 0
      vertex 148.012 -61.8714 1.3
      vertex 147.65 -62.0278 1.3
    endloop
  endfacet
  facet normal 0.396611 -0.917987 0
    outer loop
      vertex 148.012 -61.8714 1.3
      vertex 147.65 -62.0278 0
      vertex 148.012 -61.8714 0
    endloop
  endfacet
  facet normal 0.766868 0.641805 0
    outer loop
      vertex 147.333 -64.7365 1.3
      vertex 147.08 -64.4342 0
      vertex 147.08 -64.4342 1.3
    endloop
  endfacet
  facet normal 0.766868 0.641805 0
    outer loop
      vertex 147.08 -64.4342 0
      vertex 147.333 -64.7365 1.3
      vertex 147.333 -64.7365 0
    endloop
  endfacet
  facet normal -0.939719 0.341946 0
    outer loop
      vertex 150.019 -64.263 0
      vertex 150.154 -63.892 1.3
      vertex 150.154 -63.892 0
    endloop
  endfacet
  facet normal -0.939719 0.341946 0
    outer loop
      vertex 150.154 -63.892 1.3
      vertex 150.019 -64.263 0
      vertex 150.019 -64.263 1.3
    endloop
  endfacet
  facet normal -0.83531 0.549779 0
    outer loop
      vertex 149.802 -64.5927 0
      vertex 150.019 -64.263 1.3
      vertex 150.019 -64.263 0
    endloop
  endfacet
  facet normal -0.83531 0.549779 0
    outer loop
      vertex 150.019 -64.263 1.3
      vertex 149.802 -64.5927 0
      vertex 149.802 -64.5927 1.3
    endloop
  endfacet
  facet normal 0.596674 0.802484 -0
    outer loop
      vertex 147.65 -64.9722 0
      vertex 147.333 -64.7365 1.3
      vertex 147.65 -64.9722 1.3
    endloop
  endfacet
  facet normal 0.596674 0.802484 0
    outer loop
      vertex 147.333 -64.7365 1.3
      vertex 147.65 -64.9722 0
      vertex 147.333 -64.7365 0
    endloop
  endfacet
  facet normal 0.173424 -0.984847 0
    outer loop
      vertex 148.012 -61.8714 0
      vertex 148.401 -61.8029 1.3
      vertex 148.012 -61.8714 1.3
    endloop
  endfacet
  facet normal 0.173424 -0.984847 0
    outer loop
      vertex 148.401 -61.8029 1.3
      vertex 148.012 -61.8714 0
      vertex 148.401 -61.8029 0
    endloop
  endfacet
  facet normal 0.893818 -0.448429 0
    outer loop
      vertex 146.903 -62.9186 1.3
      vertex 147.08 -62.5658 0
      vertex 147.08 -62.5658 1.3
    endloop
  endfacet
  facet normal 0.893818 -0.448429 0
    outer loop
      vertex 147.08 -62.5658 0
      vertex 146.903 -62.9186 1.3
      vertex 146.903 -62.9186 0
    endloop
  endfacet
  facet normal -0.499898 -0.866084 0
    outer loop
      vertex 149.173 -61.939 0
      vertex 149.515 -62.1364 1.3
      vertex 149.173 -61.939 1.3
    endloop
  endfacet
  facet normal -0.499898 -0.866084 -0
    outer loop
      vertex 149.515 -62.1364 1.3
      vertex 149.173 -61.939 0
      vertex 149.515 -62.1364 0
    endloop
  endfacet
  facet normal -0.686415 -0.72721 0
    outer loop
      vertex 149.515 -62.1364 0
      vertex 149.802 -62.4073 1.3
      vertex 149.515 -62.1364 1.3
    endloop
  endfacet
  facet normal -0.686415 -0.72721 -0
    outer loop
      vertex 149.802 -62.4073 1.3
      vertex 149.515 -62.1364 0
      vertex 149.802 -62.4073 0
    endloop
  endfacet
  facet normal 0.893818 0.448429 0
    outer loop
      vertex 147.08 -64.4342 1.3
      vertex 146.903 -64.0814 0
      vertex 146.903 -64.0814 1.3
    endloop
  endfacet
  facet normal 0.893818 0.448429 0
    outer loop
      vertex 146.903 -64.0814 0
      vertex 147.08 -64.4342 1.3
      vertex 147.08 -64.4342 0
    endloop
  endfacet
  facet normal -0.499898 0.866084 0
    outer loop
      vertex 149.515 -64.8636 0
      vertex 149.173 -65.061 1.3
      vertex 149.515 -64.8636 1.3
    endloop
  endfacet
  facet normal -0.499898 0.866084 0
    outer loop
      vertex 149.173 -65.061 1.3
      vertex 149.515 -64.8636 0
      vertex 149.173 -65.061 0
    endloop
  endfacet
  facet normal -0.83531 -0.549779 0
    outer loop
      vertex 150.019 -62.737 0
      vertex 149.802 -62.4073 1.3
      vertex 149.802 -62.4073 0
    endloop
  endfacet
  facet normal -0.83531 -0.549779 0
    outer loop
      vertex 149.802 -62.4073 1.3
      vertex 150.019 -62.737 0
      vertex 150.019 -62.737 1.3
    endloop
  endfacet
  facet normal 0.596674 -0.802484 0
    outer loop
      vertex 147.333 -62.2635 0
      vertex 147.65 -62.0278 1.3
      vertex 147.333 -62.2635 1.3
    endloop
  endfacet
  facet normal 0.596674 -0.802484 0
    outer loop
      vertex 147.65 -62.0278 1.3
      vertex 147.333 -62.2635 0
      vertex 147.65 -62.0278 0
    endloop
  endfacet
  facet normal 0.972479 0.23299 0
    outer loop
      vertex 146.903 -64.0814 1.3
      vertex 146.811 -63.6974 0
      vertex 146.811 -63.6974 1.3
    endloop
  endfacet
  facet normal 0.972479 0.23299 0
    outer loop
      vertex 146.811 -63.6974 0
      vertex 146.903 -64.0814 1.3
      vertex 146.903 -64.0814 0
    endloop
  endfacet
  facet normal 0.972479 -0.23299 0
    outer loop
      vertex 146.811 -63.3026 1.3
      vertex 146.903 -62.9186 0
      vertex 146.903 -62.9186 1.3
    endloop
  endfacet
  facet normal 0.972479 -0.23299 0
    outer loop
      vertex 146.903 -62.9186 0
      vertex 146.811 -63.3026 1.3
      vertex 146.811 -63.3026 0
    endloop
  endfacet
  facet normal 0.396611 0.917987 -0
    outer loop
      vertex 148.012 -65.1286 0
      vertex 147.65 -64.9722 1.3
      vertex 148.012 -65.1286 1.3
    endloop
  endfacet
  facet normal 0.396611 0.917987 0
    outer loop
      vertex 147.65 -64.9722 1.3
      vertex 148.012 -65.1286 0
      vertex 147.65 -64.9722 0
    endloop
  endfacet
  facet normal -0.706545 -0.0393718 0.706572
    outer loop
      vertex 150.2 -63.5 1.3
      vertex 151.9 -63.4988 3
      vertex 150.189 -63.3026 1.3
    endloop
  endfacet
  facet normal -0.707107 0 0.707107
    outer loop
      vertex 151.9 -63.4988 3
      vertex 150.2 -63.5 1.3
      vertex 151.9 -63.5 3
    endloop
  endfacet
  facet normal 0.649822 0.280034 0.706621
    outer loop
      vertex 145.461 -65.0249 3
      vertex 146.903 -64.0814 1.3
      vertex 145.305 -64.6629 3
    endloop
  endfacet
  facet normal 0.707107 -0 0.707107
    outer loop
      vertex 145.1 -63.5012 3
      vertex 146.8 -63.5 1.3
      vertex 145.1 -63.5 3
    endloop
  endfacet
  facet normal 0.706545 0.0393718 0.706572
    outer loop
      vertex 146.8 -63.5 1.3
      vertex 145.1 -63.5012 3
      vertex 146.811 -63.6974 1.3
    endloop
  endfacet
  facet normal 0.0821277 0.702927 0.706504
    outer loop
      vertex 148.205 -65.1742 1.3
      vertex 147.911 -66.8485 3
      vertex 148.401 -65.1971 1.3
    endloop
  endfacet
  facet normal 0.0704582 0.704582 0.706116
    outer loop
      vertex 147.911 -66.8485 3
      vertex 148.205 -65.1742 1.3
      vertex 147.91 -66.8484 3
    endloop
  endfacet
  facet normal -0.389087 0.591155 0.706504
    outer loop
      vertex 149.35 -64.9722 1.3
      vertex 150.201 -66.4438 3
      vertex 149.515 -64.8636 1.3
    endloop
  endfacet
  facet normal -0.406263 0.580376 0.705772
    outer loop
      vertex 150.201 -66.4438 3
      vertex 149.35 -64.9722 1.3
      vertex 150.2 -66.4445 3
    endloop
  endfacet
  facet normal -0.454942 0.542196 0.706436
    outer loop
      vertex 150.531 -66.2265 3
      vertex 150.833 -65.9731 3
      vertex 149.667 -64.7365 1.3
    endloop
  endfacet
  facet normal -0.745689 0 0.666295
    outer loop
      vertex 150.019 -64.263 1.3
      vertex 151.538 -65.0269 3
      vertex 151.538 -65.0259 3
    endloop
  endfacet
  facet normal -0.612601 0.354249 0.70656
    outer loop
      vertex 151.538 -65.0269 3
      vertex 150.019 -64.263 1.3
      vertex 149.92 -64.4342 1.3
    endloop
  endfacet
  facet normal -0.316457 -0.632915 0.706593
    outer loop
      vertex 149.173 -61.939 1.3
      vertex 149.848 -60.3786 3
      vertex 149.847 -60.3781 3
    endloop
  endfacet
  facet normal -0.317327 -0.632509 0.706566
    outer loop
      vertex 149.848 -60.3786 3
      vertex 149.173 -61.939 1.3
      vertex 149.35 -62.0278 1.3
    endloop
  endfacet
  facet normal -0.567151 -0.423167 0.70659
    outer loop
      vertex 151.341 -61.6317 3
      vertex 151.105 -61.3154 3
      vertex 149.92 -62.5658 1.3
    endloop
  endfacet
  facet normal 0.650226 0.279282 0.706546
    outer loop
      vertex 145.461 -65.0249 3
      vertex 146.981 -64.263 1.3
      vertex 146.903 -64.0814 1.3
    endloop
  endfacet
  facet normal 0.512871 0.512871 0.688424
    outer loop
      vertex 146.981 -64.263 1.3
      vertex 145.461 -65.0249 3
      vertex 145.462 -65.0259 3
    endloop
  endfacet
  facet normal -0.262646 0.656614 0.707019
    outer loop
      vertex 149.173 -65.061 1.3
      vertex 149.846 -66.6223 3
      vertex 149.847 -66.6219 3
    endloop
  endfacet
  facet normal -0.242869 0.664655 0.706575
    outer loop
      vertex 149.846 -66.6223 3
      vertex 149.173 -65.061 1.3
      vertex 148.988 -65.1286 1.3
    endloop
  endfacet
  facet normal -0.567661 0.422612 0.706512
    outer loop
      vertex 149.802 -64.5927 1.3
      vertex 151.105 -65.6845 3
      vertex 149.92 -64.4342 1.3
    endloop
  endfacet
  facet normal -0.793681 0 0.608334
    outer loop
      vertex 151.105 -65.6845 3
      vertex 149.802 -64.5927 1.3
      vertex 151.105 -65.6855 3
    endloop
  endfacet
  facet normal -0.163429 0.688594 0.706491
    outer loop
      vertex 149.092 -66.8481 3
      vertex 149.475 -66.7572 3
      vertex 148.988 -65.1286 1.3
    endloop
  endfacet
  facet normal -0.56709 0.423255 0.706586
    outer loop
      vertex 151.105 -65.6845 3
      vertex 151.341 -65.3683 3
      vertex 149.92 -64.4342 1.3
    endloop
  endfacet
  facet normal 0.649822 -0.280034 0.706621
    outer loop
      vertex 146.903 -62.9186 1.3
      vertex 145.461 -61.9751 3
      vertex 145.305 -62.3371 3
    endloop
  endfacet
  facet normal 0.706601 0.0413007 0.706406
    outer loop
      vertex 145.123 -63.8947 3
      vertex 146.811 -63.6974 1.3
      vertex 145.1 -63.5012 3
    endloop
  endfacet
  facet normal -0.61288 0.353653 0.706617
    outer loop
      vertex 151.341 -65.3683 3
      vertex 151.538 -65.0269 3
      vertex 149.92 -64.4342 1.3
    endloop
  endfacet
  facet normal -0.445993 -0.557492 0.700209
    outer loop
      vertex 151.104 -61.3137 3
      vertex 149.802 -62.4073 1.3
      vertex 151.105 -61.3145 3
    endloop
  endfacet
  facet normal -0.515866 -0.484297 0.706639
    outer loop
      vertex 149.802 -62.4073 1.3
      vertex 151.104 -61.3137 3
      vertex 149.667 -62.2635 1.3
    endloop
  endfacet
  facet normal 0.514441 0.4861 0.70644
    outer loop
      vertex 146.167 -65.9731 3
      vertex 147.333 -64.7365 1.3
      vertex 145.896 -65.6863 3
    endloop
  endfacet
  facet normal 0.0821573 -0.702921 0.706507
    outer loop
      vertex 148.401 -61.8029 1.3
      vertex 148.302 -60.1058 3
      vertex 147.911 -60.1515 3
    endloop
  endfacet
  facet normal -0.445993 0.557492 0.700209
    outer loop
      vertex 149.802 -64.5927 1.3
      vertex 151.104 -65.6863 3
      vertex 151.105 -65.6855 3
    endloop
  endfacet
  facet normal -0.515866 0.484297 0.706639
    outer loop
      vertex 151.104 -65.6863 3
      vertex 149.802 -64.5927 1.3
      vertex 149.667 -64.7365 1.3
    endloop
  endfacet
  facet normal -0.405598 -0.579426 0.706934
    outer loop
      vertex 149.515 -62.1364 1.3
      vertex 150.531 -60.7735 3
      vertex 150.53 -60.7728 3
    endloop
  endfacet
  facet normal -0.453954 -0.542887 0.70654
    outer loop
      vertex 150.531 -60.7735 3
      vertex 149.515 -62.1364 1.3
      vertex 149.667 -62.2635 1.3
    endloop
  endfacet
  facet normal 0.514441 -0.4861 0.70644
    outer loop
      vertex 147.333 -62.2635 1.3
      vertex 146.167 -61.0269 3
      vertex 145.896 -61.3137 3
    endloop
  endfacet
  facet normal 0.567661 0.422612 0.706512
    outer loop
      vertex 145.895 -65.6845 3
      vertex 147.198 -64.5927 1.3
      vertex 147.08 -64.4342 1.3
    endloop
  endfacet
  facet normal 0.793681 0 0.608334
    outer loop
      vertex 147.198 -64.5927 1.3
      vertex 145.895 -65.6845 3
      vertex 145.895 -65.6855 3
    endloop
  endfacet
  facet normal 0.56709 0.423255 0.706586
    outer loop
      vertex 145.895 -65.6845 3
      vertex 147.08 -64.4342 1.3
      vertex 145.659 -65.3683 3
    endloop
  endfacet
  facet normal -0.697177 -0.122091 0.706426
    outer loop
      vertex 151.877 -63.1053 3
      vertex 151.809 -62.717 3
      vertex 150.189 -63.3026 1.3
    endloop
  endfacet
  facet normal 0.677613 0.203928 0.706579
    outer loop
      vertex 145.305 -64.6618 3
      vertex 146.903 -64.0814 1.3
      vertex 146.846 -63.892 1.3
    endloop
  endfacet
  facet normal 0.728628 0 0.68491
    outer loop
      vertex 146.903 -64.0814 1.3
      vertex 145.305 -64.6618 3
      vertex 145.305 -64.6629 3
    endloop
  endfacet
  facet normal -0.696334 0.12524 0.706707
    outer loop
      vertex 150.154 -63.892 1.3
      vertex 151.809 -64.283 3
      vertex 150.189 -63.6974 1.3
    endloop
  endfacet
  facet normal -0.556843 0.506221 0.658534
    outer loop
      vertex 151.809 -64.283 3
      vertex 150.154 -63.892 1.3
      vertex 151.808 -64.2841 3
    endloop
  endfacet
  facet normal 0.696334 0.12524 0.706707
    outer loop
      vertex 145.191 -64.283 3
      vertex 146.846 -63.892 1.3
      vertex 146.811 -63.6974 1.3
    endloop
  endfacet
  facet normal 0.556843 0.506221 0.658534
    outer loop
      vertex 146.846 -63.892 1.3
      vertex 145.191 -64.283 3
      vertex 145.192 -64.2841 3
    endloop
  endfacet
  facet normal -0.697177 0.122091 0.706426
    outer loop
      vertex 151.809 -64.283 3
      vertex 151.877 -63.8947 3
      vertex 150.189 -63.6974 1.3
    endloop
  endfacet
  facet normal 0.793681 -0 0.608334
    outer loop
      vertex 145.895 -61.3154 3
      vertex 147.198 -62.4073 1.3
      vertex 145.895 -61.3145 3
    endloop
  endfacet
  facet normal 0.567651 -0.422605 0.706525
    outer loop
      vertex 147.198 -62.4073 1.3
      vertex 145.895 -61.3154 3
      vertex 147.08 -62.5658 1.3
    endloop
  endfacet
  facet normal 0.454942 -0.542196 0.706436
    outer loop
      vertex 147.333 -62.2635 1.3
      vertex 146.469 -60.7735 3
      vertex 146.167 -61.0269 3
    endloop
  endfacet
  facet normal -0.514441 0.4861 0.70644
    outer loop
      vertex 150.833 -65.9731 3
      vertex 151.104 -65.6863 3
      vertex 149.667 -64.7365 1.3
    endloop
  endfacet
  facet normal -0.677613 0.203928 0.706579
    outer loop
      vertex 150.097 -64.0814 1.3
      vertex 151.695 -64.6618 3
      vertex 150.154 -63.892 1.3
    endloop
  endfacet
  facet normal -0.728628 0 0.68491
    outer loop
      vertex 151.695 -64.6618 3
      vertex 150.097 -64.0814 1.3
      vertex 151.695 -64.6629 3
    endloop
  endfacet
  facet normal -0.793681 0 0.608334
    outer loop
      vertex 149.802 -62.4073 1.3
      vertex 151.105 -61.3154 3
      vertex 151.105 -61.3145 3
    endloop
  endfacet
  facet normal -0.567651 -0.422605 0.706525
    outer loop
      vertex 151.105 -61.3154 3
      vertex 149.802 -62.4073 1.3
      vertex 149.92 -62.5658 1.3
    endloop
  endfacet
  facet normal 0.612601 0.354249 0.70656
    outer loop
      vertex 146.981 -64.263 1.3
      vertex 145.462 -65.0269 3
      vertex 147.08 -64.4342 1.3
    endloop
  endfacet
  facet normal 0.745689 -0 0.666295
    outer loop
      vertex 145.462 -65.0269 3
      vertex 146.981 -64.263 1.3
      vertex 145.462 -65.0259 3
    endloop
  endfacet
  facet normal 0.405598 -0.579426 0.706934
    outer loop
      vertex 146.469 -60.7735 3
      vertex 147.485 -62.1364 1.3
      vertex 146.47 -60.7728 3
    endloop
  endfacet
  facet normal 0.453954 -0.542887 0.70654
    outer loop
      vertex 147.485 -62.1364 1.3
      vertex 146.469 -60.7735 3
      vertex 147.333 -62.2635 1.3
    endloop
  endfacet
  facet normal 0.317327 0.632509 0.706566
    outer loop
      vertex 147.152 -66.6214 3
      vertex 147.827 -65.061 1.3
      vertex 147.65 -64.9722 1.3
    endloop
  endfacet
  facet normal 0.316457 0.632915 0.706593
    outer loop
      vertex 147.827 -65.061 1.3
      vertex 147.152 -66.6214 3
      vertex 147.153 -66.6219 3
    endloop
  endfacet
  facet normal 0.556843 -0.506221 0.658534
    outer loop
      vertex 145.191 -62.717 3
      vertex 146.846 -63.108 1.3
      vertex 145.192 -62.7159 3
    endloop
  endfacet
  facet normal 0.696334 -0.12524 0.706707
    outer loop
      vertex 146.846 -63.108 1.3
      vertex 145.191 -62.717 3
      vertex 146.811 -63.3026 1.3
    endloop
  endfacet
  facet normal 0.317781 0.632328 0.706524
    outer loop
      vertex 147.152 -66.6214 3
      vertex 147.65 -64.9722 1.3
      vertex 146.8 -66.4445 3
    endloop
  endfacet
  facet normal -0.707107 0 0.707107
    outer loop
      vertex 150.2 -63.5 1.3
      vertex 151.9 -63.5012 3
      vertex 151.9 -63.5 3
    endloop
  endfacet
  facet normal -0.706545 0.0393718 0.706572
    outer loop
      vertex 151.9 -63.5012 3
      vertex 150.2 -63.5 1.3
      vertex 150.189 -63.6974 1.3
    endloop
  endfacet
  facet normal -0.678039 -0.202855 0.70648
    outer loop
      vertex 151.808 -62.7159 3
      vertex 151.695 -62.3382 3
      vertex 150.154 -63.108 1.3
    endloop
  endfacet
  facet normal -0.556843 -0.506221 0.658534
    outer loop
      vertex 150.154 -63.108 1.3
      vertex 151.809 -62.717 3
      vertex 151.808 -62.7159 3
    endloop
  endfacet
  facet normal -0.696334 -0.12524 0.706707
    outer loop
      vertex 151.809 -62.717 3
      vertex 150.154 -63.108 1.3
      vertex 150.189 -63.3026 1.3
    endloop
  endfacet
  facet normal -0.649822 0.280034 0.706621
    outer loop
      vertex 151.539 -65.0249 3
      vertex 151.695 -64.6629 3
      vertex 150.097 -64.0814 1.3
    endloop
  endfacet
  facet normal -0.706601 -0.0413007 0.706406
    outer loop
      vertex 151.9 -63.4988 3
      vertex 151.877 -63.1053 3
      vertex 150.189 -63.3026 1.3
    endloop
  endfacet
  facet normal -0.706601 0.0413007 0.706406
    outer loop
      vertex 151.877 -63.8947 3
      vertex 151.9 -63.5012 3
      vertex 150.189 -63.6974 1.3
    endloop
  endfacet
  facet normal 0.697177 0.122091 0.706426
    outer loop
      vertex 145.191 -64.283 3
      vertex 146.811 -63.6974 1.3
      vertex 145.123 -63.8947 3
    endloop
  endfacet
  facet normal 0.706601 -0.0413007 0.706406
    outer loop
      vertex 146.811 -63.3026 1.3
      vertex 145.123 -63.1053 3
      vertex 145.1 -63.4988 3
    endloop
  endfacet
  facet normal 0.697177 -0.122091 0.706426
    outer loop
      vertex 146.811 -63.3026 1.3
      vertex 145.191 -62.717 3
      vertex 145.123 -63.1053 3
    endloop
  endfacet
  facet normal 0.242869 -0.664655 0.706575
    outer loop
      vertex 147.154 -60.3777 3
      vertex 147.827 -61.939 1.3
      vertex 148.012 -61.8714 1.3
    endloop
  endfacet
  facet normal 0.262646 -0.656614 0.707019
    outer loop
      vertex 147.827 -61.939 1.3
      vertex 147.154 -60.3777 3
      vertex 147.153 -60.3781 3
    endloop
  endfacet
  facet normal 0.707107 0 0.707107
    outer loop
      vertex 146.8 -63.5 1.3
      vertex 145.1 -63.4988 3
      vertex 145.1 -63.5 3
    endloop
  endfacet
  facet normal 0.706545 -0.0393718 0.706572
    outer loop
      vertex 145.1 -63.4988 3
      vertex 146.8 -63.5 1.3
      vertex 146.811 -63.3026 1.3
    endloop
  endfacet
  facet normal -0.162718 0.688699 0.706553
    outer loop
      vertex 148.795 -65.1742 1.3
      vertex 149.092 -66.8481 3
      vertex 148.988 -65.1286 1.3
    endloop
  endfacet
  facet normal -0.10491 0.699399 0.70699
    outer loop
      vertex 149.092 -66.8481 3
      vertex 148.795 -65.1742 1.3
      vertex 149.09 -66.8484 3
    endloop
  endfacet
  facet normal 0.678039 0.202855 0.70648
    outer loop
      vertex 145.305 -64.6618 3
      vertex 146.846 -63.892 1.3
      vertex 145.192 -64.2841 3
    endloop
  endfacet
  facet normal 0.0821573 0.702921 0.706507
    outer loop
      vertex 148.302 -66.8942 3
      vertex 148.401 -65.1971 1.3
      vertex 147.911 -66.8485 3
    endloop
  endfacet
  facet normal -0.454942 -0.542196 0.706436
    outer loop
      vertex 150.833 -61.0269 3
      vertex 150.531 -60.7735 3
      vertex 149.667 -62.2635 1.3
    endloop
  endfacet
  facet normal -0.317781 0.632328 0.706524
    outer loop
      vertex 149.848 -66.6214 3
      vertex 150.2 -66.4445 3
      vertex 149.35 -64.9722 1.3
    endloop
  endfacet
  facet normal 0.515866 -0.484297 0.706639
    outer loop
      vertex 145.896 -61.3137 3
      vertex 147.198 -62.4073 1.3
      vertex 147.333 -62.2635 1.3
    endloop
  endfacet
  facet normal 0.445993 -0.557492 0.700209
    outer loop
      vertex 147.198 -62.4073 1.3
      vertex 145.896 -61.3137 3
      vertex 145.895 -61.3145 3
    endloop
  endfacet
  facet normal 0.61288 -0.353653 0.706617
    outer loop
      vertex 147.08 -62.5658 1.3
      vertex 145.659 -61.6317 3
      vertex 145.462 -61.9731 3
    endloop
  endfacet
  facet normal 0.515866 0.484297 0.706639
    outer loop
      vertex 147.198 -64.5927 1.3
      vertex 145.896 -65.6863 3
      vertex 147.333 -64.7365 1.3
    endloop
  endfacet
  facet normal 0.445993 0.557492 0.700209
    outer loop
      vertex 145.896 -65.6863 3
      vertex 147.198 -64.5927 1.3
      vertex 145.895 -65.6855 3
    endloop
  endfacet
  facet normal 0.454942 0.542196 0.706436
    outer loop
      vertex 146.469 -66.2265 3
      vertex 147.333 -64.7365 1.3
      vertex 146.167 -65.9731 3
    endloop
  endfacet
  facet normal -0.241849 0.66513 0.706478
    outer loop
      vertex 149.475 -66.7572 3
      vertex 149.846 -66.6223 3
      vertex 148.988 -65.1286 1.3
    endloop
  endfacet
  facet normal -0.0704603 -0.704603 0.706095
    outer loop
      vertex 148.795 -61.8258 1.3
      vertex 149.092 -60.1519 3
      vertex 149.09 -60.1517 3
    endloop
  endfacet
  facet normal -0.162718 -0.688699 0.706553
    outer loop
      vertex 149.092 -60.1519 3
      vertex 148.795 -61.8258 1.3
      vertex 148.988 -61.8714 1.3
    endloop
  endfacet
  facet normal -0.163429 -0.688594 0.706491
    outer loop
      vertex 149.475 -60.2428 3
      vertex 149.092 -60.1519 3
      vertex 148.988 -61.8714 1.3
    endloop
  endfacet
  facet normal 0.242869 0.664655 0.706575
    outer loop
      vertex 147.827 -65.061 1.3
      vertex 147.154 -66.6223 3
      vertex 148.012 -65.1286 1.3
    endloop
  endfacet
  facet normal 0.262646 0.656614 0.707019
    outer loop
      vertex 147.154 -66.6223 3
      vertex 147.827 -65.061 1.3
      vertex 147.153 -66.6219 3
    endloop
  endfacet
  facet normal 0.567151 -0.423167 0.70659
    outer loop
      vertex 147.08 -62.5658 1.3
      vertex 145.895 -61.3154 3
      vertex 145.659 -61.6317 3
    endloop
  endfacet
  facet normal -0.649822 -0.280034 0.706621
    outer loop
      vertex 151.695 -62.3371 3
      vertex 151.539 -61.9751 3
      vertex 150.097 -62.9186 1.3
    endloop
  endfacet
  facet normal -0.241849 -0.66513 0.706478
    outer loop
      vertex 149.846 -60.3777 3
      vertex 149.475 -60.2428 3
      vertex 148.988 -61.8714 1.3
    endloop
  endfacet
  facet normal 0 0.70771 0.706503
    outer loop
      vertex 148.599 -65.1971 1.3
      vertex 148.302 -66.8942 3
      vertex 148.698 -66.8942 3
    endloop
  endfacet
  facet normal 0 0.70771 0.706503
    outer loop
      vertex 148.302 -66.8942 3
      vertex 148.599 -65.1971 1.3
      vertex 148.401 -65.1971 1.3
    endloop
  endfacet
  facet normal 0.728628 -0 0.68491
    outer loop
      vertex 145.305 -62.3382 3
      vertex 146.903 -62.9186 1.3
      vertex 145.305 -62.3371 3
    endloop
  endfacet
  facet normal 0.677613 -0.203928 0.706579
    outer loop
      vertex 146.903 -62.9186 1.3
      vertex 145.305 -62.3382 3
      vertex 146.846 -63.108 1.3
    endloop
  endfacet
  facet normal -0.0704582 0.704582 0.706116
    outer loop
      vertex 148.795 -65.1742 1.3
      vertex 149.089 -66.8485 3
      vertex 149.09 -66.8484 3
    endloop
  endfacet
  facet normal -0.0821277 0.702927 0.706504
    outer loop
      vertex 149.089 -66.8485 3
      vertex 148.795 -65.1742 1.3
      vertex 148.599 -65.1971 1.3
    endloop
  endfacet
  facet normal 0.163429 -0.688594 0.706491
    outer loop
      vertex 148.012 -61.8714 1.3
      vertex 147.908 -60.1519 3
      vertex 147.525 -60.2428 3
    endloop
  endfacet
  facet normal 0.61288 0.353653 0.706617
    outer loop
      vertex 145.659 -65.3683 3
      vertex 147.08 -64.4342 1.3
      vertex 145.462 -65.0269 3
    endloop
  endfacet
  facet normal -0.317781 -0.632328 0.706524
    outer loop
      vertex 150.2 -60.5555 3
      vertex 149.848 -60.3786 3
      vertex 149.35 -62.0278 1.3
    endloop
  endfacet
  facet normal -0.0821573 0.702921 0.706507
    outer loop
      vertex 148.698 -66.8942 3
      vertex 149.089 -66.8485 3
      vertex 148.599 -65.1971 1.3
    endloop
  endfacet
  facet normal -0.678039 0.202855 0.70648
    outer loop
      vertex 151.695 -64.6618 3
      vertex 151.808 -64.2841 3
      vertex 150.154 -63.892 1.3
    endloop
  endfacet
  facet normal -0.317327 0.632509 0.706566
    outer loop
      vertex 149.173 -65.061 1.3
      vertex 149.848 -66.6214 3
      vertex 149.35 -64.9722 1.3
    endloop
  endfacet
  facet normal -0.316457 0.632915 0.706593
    outer loop
      vertex 149.848 -66.6214 3
      vertex 149.173 -65.061 1.3
      vertex 149.847 -66.6219 3
    endloop
  endfacet
  facet normal 0.389087 0.591155 0.706504
    outer loop
      vertex 146.799 -66.4438 3
      vertex 147.65 -64.9722 1.3
      vertex 147.485 -64.8636 1.3
    endloop
  endfacet
  facet normal 0.406263 0.580376 0.705772
    outer loop
      vertex 147.65 -64.9722 1.3
      vertex 146.799 -66.4438 3
      vertex 146.8 -66.4445 3
    endloop
  endfacet
  facet normal -0.650226 0.279282 0.706546
    outer loop
      vertex 150.019 -64.263 1.3
      vertex 151.539 -65.0249 3
      vertex 150.097 -64.0814 1.3
    endloop
  endfacet
  facet normal -0.512871 0.512871 0.688424
    outer loop
      vertex 151.539 -65.0249 3
      vertex 150.019 -64.263 1.3
      vertex 151.538 -65.0259 3
    endloop
  endfacet
  facet normal 0.678039 -0.202855 0.70648
    outer loop
      vertex 146.846 -63.108 1.3
      vertex 145.305 -62.3382 3
      vertex 145.192 -62.7159 3
    endloop
  endfacet
  facet normal 0.612601 -0.354249 0.70656
    outer loop
      vertex 145.462 -61.9731 3
      vertex 146.981 -62.737 1.3
      vertex 147.08 -62.5658 1.3
    endloop
  endfacet
  facet normal 0.745689 0 0.666295
    outer loop
      vertex 146.981 -62.737 1.3
      vertex 145.462 -61.9731 3
      vertex 145.462 -61.9741 3
    endloop
  endfacet
  facet normal 0.512871 -0.512871 0.688424
    outer loop
      vertex 145.461 -61.9751 3
      vertex 146.981 -62.737 1.3
      vertex 145.462 -61.9741 3
    endloop
  endfacet
  facet normal 0.650226 -0.279282 0.706546
    outer loop
      vertex 146.981 -62.737 1.3
      vertex 145.461 -61.9751 3
      vertex 146.903 -62.9186 1.3
    endloop
  endfacet
  facet normal 0.241849 0.66513 0.706478
    outer loop
      vertex 147.525 -66.7572 3
      vertex 148.012 -65.1286 1.3
      vertex 147.154 -66.6223 3
    endloop
  endfacet
  facet normal -0.514441 -0.4861 0.70644
    outer loop
      vertex 151.104 -61.3137 3
      vertex 150.833 -61.0269 3
      vertex 149.667 -62.2635 1.3
    endloop
  endfacet
  facet normal -0.745689 0 0.666295
    outer loop
      vertex 151.538 -61.9731 3
      vertex 150.019 -62.737 1.3
      vertex 151.538 -61.9741 3
    endloop
  endfacet
  facet normal -0.612601 -0.354249 0.70656
    outer loop
      vertex 150.019 -62.737 1.3
      vertex 151.538 -61.9731 3
      vertex 149.92 -62.5658 1.3
    endloop
  endfacet
  facet normal 0.162718 0.688699 0.706553
    outer loop
      vertex 147.908 -66.8481 3
      vertex 148.205 -65.1742 1.3
      vertex 148.012 -65.1286 1.3
    endloop
  endfacet
  facet normal 0.10491 0.699399 0.70699
    outer loop
      vertex 148.205 -65.1742 1.3
      vertex 147.908 -66.8481 3
      vertex 147.91 -66.8484 3
    endloop
  endfacet
  facet normal 0.389287 -0.591027 0.7065
    outer loop
      vertex 147.485 -62.1364 1.3
      vertex 146.799 -60.5561 3
      vertex 146.47 -60.7728 3
    endloop
  endfacet
  facet normal -0.262646 -0.656614 0.707019
    outer loop
      vertex 149.846 -60.3777 3
      vertex 149.173 -61.939 1.3
      vertex 149.847 -60.3781 3
    endloop
  endfacet
  facet normal -0.242869 -0.664655 0.706575
    outer loop
      vertex 149.173 -61.939 1.3
      vertex 149.846 -60.3777 3
      vertex 148.988 -61.8714 1.3
    endloop
  endfacet
  facet normal 0.389164 0.591113 0.706496
    outer loop
      vertex 146.799 -66.4438 3
      vertex 147.485 -64.8636 1.3
      vertex 146.47 -66.2272 3
    endloop
  endfacet
  facet normal 0.453954 0.542887 0.70654
    outer loop
      vertex 146.469 -66.2265 3
      vertex 147.485 -64.8636 1.3
      vertex 147.333 -64.7365 1.3
    endloop
  endfacet
  facet normal 0.405598 0.579426 0.706934
    outer loop
      vertex 147.485 -64.8636 1.3
      vertex 146.469 -66.2265 3
      vertex 146.47 -66.2272 3
    endloop
  endfacet
  facet normal 0.0821277 -0.702927 0.706504
    outer loop
      vertex 147.911 -60.1515 3
      vertex 148.205 -61.8258 1.3
      vertex 148.401 -61.8029 1.3
    endloop
  endfacet
  facet normal 0.138698 -0.693489 0.706991
    outer loop
      vertex 148.205 -61.8258 1.3
      vertex 147.911 -60.1515 3
      vertex 147.91 -60.1517 3
    endloop
  endfacet
  facet normal -0.512871 -0.512871 0.688424
    outer loop
      vertex 150.019 -62.737 1.3
      vertex 151.539 -61.9751 3
      vertex 151.538 -61.9741 3
    endloop
  endfacet
  facet normal -0.650226 -0.279282 0.706546
    outer loop
      vertex 151.539 -61.9751 3
      vertex 150.019 -62.737 1.3
      vertex 150.097 -62.9186 1.3
    endloop
  endfacet
  facet normal -0.363824 -0.606373 0.707067
    outer loop
      vertex 149.35 -62.0278 1.3
      vertex 150.201 -60.5561 3
      vertex 150.2 -60.5555 3
    endloop
  endfacet
  facet normal -0.389078 -0.59114 0.706521
    outer loop
      vertex 150.201 -60.5561 3
      vertex 149.35 -62.0278 1.3
      vertex 149.515 -62.1364 1.3
    endloop
  endfacet
  facet normal -0.61288 -0.353653 0.706617
    outer loop
      vertex 151.538 -61.9731 3
      vertex 151.341 -61.6317 3
      vertex 149.92 -62.5658 1.3
    endloop
  endfacet
  facet normal 0.0704603 -0.704603 0.706095
    outer loop
      vertex 147.908 -60.1519 3
      vertex 148.205 -61.8258 1.3
      vertex 147.91 -60.1517 3
    endloop
  endfacet
  facet normal 0.162718 -0.688699 0.706553
    outer loop
      vertex 148.205 -61.8258 1.3
      vertex 147.908 -60.1519 3
      vertex 148.012 -61.8714 1.3
    endloop
  endfacet
  facet normal 0.363824 -0.606373 0.707067
    outer loop
      vertex 146.799 -60.5561 3
      vertex 147.65 -62.0278 1.3
      vertex 146.8 -60.5555 3
    endloop
  endfacet
  facet normal 0.389078 -0.59114 0.706521
    outer loop
      vertex 147.65 -62.0278 1.3
      vertex 146.799 -60.5561 3
      vertex 147.485 -62.1364 1.3
    endloop
  endfacet
  facet normal -0.138698 -0.693489 0.706991
    outer loop
      vertex 149.089 -60.1515 3
      vertex 148.795 -61.8258 1.3
      vertex 149.09 -60.1517 3
    endloop
  endfacet
  facet normal -0.0821277 -0.702927 0.706504
    outer loop
      vertex 148.795 -61.8258 1.3
      vertex 149.089 -60.1515 3
      vertex 148.599 -61.8029 1.3
    endloop
  endfacet
  facet normal 0.163429 0.688594 0.706491
    outer loop
      vertex 147.908 -66.8481 3
      vertex 148.012 -65.1286 1.3
      vertex 147.525 -66.7572 3
    endloop
  endfacet
  facet normal -0.728628 0 0.68491
    outer loop
      vertex 150.097 -62.9186 1.3
      vertex 151.695 -62.3382 3
      vertex 151.695 -62.3371 3
    endloop
  endfacet
  facet normal -0.677613 -0.203928 0.706579
    outer loop
      vertex 151.695 -62.3382 3
      vertex 150.097 -62.9186 1.3
      vertex 150.154 -63.108 1.3
    endloop
  endfacet
  facet normal 0.241849 -0.66513 0.706478
    outer loop
      vertex 148.012 -61.8714 1.3
      vertex 147.525 -60.2428 3
      vertex 147.154 -60.3777 3
    endloop
  endfacet
  facet normal 0.317781 -0.632328 0.706524
    outer loop
      vertex 147.65 -62.0278 1.3
      vertex 147.152 -60.3786 3
      vertex 146.8 -60.5555 3
    endloop
  endfacet
  facet normal -0.0821573 -0.702921 0.706507
    outer loop
      vertex 149.089 -60.1515 3
      vertex 148.698 -60.1058 3
      vertex 148.599 -61.8029 1.3
    endloop
  endfacet
  facet normal 0 -0.70771 0.706503
    outer loop
      vertex 148.401 -61.8029 1.3
      vertex 148.698 -60.1058 3
      vertex 148.302 -60.1058 3
    endloop
  endfacet
  facet normal 0 -0.70771 0.706503
    outer loop
      vertex 148.698 -60.1058 3
      vertex 148.401 -61.8029 1.3
      vertex 148.599 -61.8029 1.3
    endloop
  endfacet
  facet normal -0.453954 0.542887 0.70654
    outer loop
      vertex 149.515 -64.8636 1.3
      vertex 150.531 -66.2265 3
      vertex 149.667 -64.7365 1.3
    endloop
  endfacet
  facet normal -0.405598 0.579426 0.706934
    outer loop
      vertex 150.531 -66.2265 3
      vertex 149.515 -64.8636 1.3
      vertex 150.53 -66.2272 3
    endloop
  endfacet
  facet normal -0.389287 -0.591027 0.7065
    outer loop
      vertex 150.53 -60.7728 3
      vertex 150.201 -60.5561 3
      vertex 149.515 -62.1364 1.3
    endloop
  endfacet
  facet normal -0.389164 0.591113 0.706496
    outer loop
      vertex 150.201 -66.4438 3
      vertex 150.53 -66.2272 3
      vertex 149.515 -64.8636 1.3
    endloop
  endfacet
  facet normal 0 0 1
    outer loop
      vertex 150.2 -63.5 1.3
      vertex 150.189 -63.3026 1.3
      vertex 150.154 -63.108 1.3
    endloop
  endfacet
  facet normal 0 -0 1
    outer loop
      vertex 146.811 -63.6974 1.3
      vertex 146.811 -63.3026 1.3
      vertex 146.8 -63.5 1.3
    endloop
  endfacet
  facet normal -0 -0 1
    outer loop
      vertex 146.846 -63.892 1.3
      vertex 146.903 -64.0814 1.3
      vertex 146.811 -63.6974 1.3
    endloop
  endfacet
  facet normal 0 0 1
    outer loop
      vertex 149.173 -61.939 1.3
      vertex 148.988 -61.8714 1.3
      vertex 148.795 -61.8258 1.3
    endloop
  endfacet
  facet normal 0 0 1
    outer loop
      vertex 149.515 -62.1364 1.3
      vertex 149.35 -62.0278 1.3
      vertex 149.173 -61.939 1.3
    endloop
  endfacet
  facet normal -0 -0 1
    outer loop
      vertex 148.205 -65.1742 1.3
      vertex 148.401 -65.1971 1.3
      vertex 148.012 -65.1286 1.3
    endloop
  endfacet
  facet normal 0 -0 1
    outer loop
      vertex 148.599 -65.1971 1.3
      vertex 148.795 -65.1742 1.3
      vertex 148.401 -65.1971 1.3
    endloop
  endfacet
  facet normal 0 -0 1
    outer loop
      vertex 149.35 -64.9722 1.3
      vertex 149.515 -64.8636 1.3
      vertex 149.173 -65.061 1.3
    endloop
  endfacet
  facet normal 0 -0 1
    outer loop
      vertex 149.667 -64.7365 1.3
      vertex 149.802 -64.5927 1.3
      vertex 149.515 -64.8636 1.3
    endloop
  endfacet
  facet normal 0 -0 1
    outer loop
      vertex 149.92 -64.4342 1.3
      vertex 150.019 -64.263 1.3
      vertex 149.802 -64.5927 1.3
    endloop
  endfacet
  facet normal 0 -0 1
    outer loop
      vertex 150.097 -64.0814 1.3
      vertex 150.154 -63.892 1.3
      vertex 150.019 -64.263 1.3
    endloop
  endfacet
  facet normal -0 -0 1
    outer loop
      vertex 147.198 -64.5927 1.3
      vertex 147.333 -64.7365 1.3
      vertex 147.08 -64.4342 1.3
    endloop
  endfacet
  facet normal 0 0 1
    outer loop
      vertex 147.333 -62.2635 1.3
      vertex 147.198 -62.4073 1.3
      vertex 147.08 -62.5658 1.3
    endloop
  endfacet
  facet normal -0 -0 1
    outer loop
      vertex 147.485 -64.8636 1.3
      vertex 147.65 -64.9722 1.3
      vertex 147.333 -64.7365 1.3
    endloop
  endfacet
  facet normal 0 0 1
    outer loop
      vertex 148.795 -61.8258 1.3
      vertex 148.599 -61.8029 1.3
      vertex 148.401 -61.8029 1.3
    endloop
  endfacet
  facet normal -0 -0 1
    outer loop
      vertex 147.827 -65.061 1.3
      vertex 148.012 -65.1286 1.3
      vertex 147.65 -64.9722 1.3
    endloop
  endfacet
  facet normal -0 -0 1
    outer loop
      vertex 146.981 -64.263 1.3
      vertex 147.08 -64.4342 1.3
      vertex 146.903 -64.0814 1.3
    endloop
  endfacet
  facet normal 0 0 1
    outer loop
      vertex 146.903 -62.9186 1.3
      vertex 146.846 -63.108 1.3
      vertex 146.811 -63.3026 1.3
    endloop
  endfacet
  facet normal 0 -0 1
    outer loop
      vertex 148.988 -65.1286 1.3
      vertex 149.173 -65.061 1.3
      vertex 148.795 -65.1742 1.3
    endloop
  endfacet
  facet normal 0 0 1
    outer loop
      vertex 148.012 -61.8714 1.3
      vertex 147.827 -61.939 1.3
      vertex 147.65 -62.0278 1.3
    endloop
  endfacet
  facet normal 0 0 1
    outer loop
      vertex 148.401 -61.8029 1.3
      vertex 148.205 -61.8258 1.3
      vertex 148.012 -61.8714 1.3
    endloop
  endfacet
  facet normal 0 0 1
    outer loop
      vertex 147.08 -62.5658 1.3
      vertex 146.981 -62.737 1.3
      vertex 146.903 -62.9186 1.3
    endloop
  endfacet
  facet normal 0 0 1
    outer loop
      vertex 150.019 -62.737 1.3
      vertex 149.92 -62.5658 1.3
      vertex 149.802 -62.4073 1.3
    endloop
  endfacet
  facet normal 0 0 1
    outer loop
      vertex 147.65 -62.0278 1.3
      vertex 147.485 -62.1364 1.3
      vertex 147.333 -62.2635 1.3
    endloop
  endfacet
  facet normal 0 -0 1
    outer loop
      vertex 150.189 -63.6974 1.3
      vertex 150.2 -63.5 1.3
      vertex 150.154 -63.892 1.3
    endloop
  endfacet
  facet normal 0 0 1
    outer loop
      vertex 150.154 -63.108 1.3
      vertex 150.097 -62.9186 1.3
      vertex 150.019 -62.737 1.3
    endloop
  endfacet
  facet normal 0 0 1
    outer loop
      vertex 149.802 -62.4073 1.3
      vertex 149.667 -62.2635 1.3
      vertex 149.515 -62.1364 1.3
    endloop
  endfacet
  facet normal 0.316457 -0.632915 0.706593
    outer loop
      vertex 147.152 -60.3786 3
      vertex 147.827 -61.939 1.3
      vertex 147.153 -60.3781 3
    endloop
  endfacet
  facet normal 0.317327 -0.632509 0.706566
    outer loop
      vertex 147.827 -61.939 1.3
      vertex 147.152 -60.3786 3
      vertex 147.65 -62.0278 1.3
    endloop
  endfacet
  facet normal -0.0580239 -0.998315 0
    outer loop
      vertex 148.401 30.1971 0
      vertex 148.795 30.1742 1.3
      vertex 148.401 30.1971 1.3
    endloop
  endfacet
  facet normal -0.0580239 -0.998315 -0
    outer loop
      vertex 148.795 30.1742 1.3
      vertex 148.401 30.1971 0
      vertex 148.795 30.1742 0
    endloop
  endfacet
  facet normal -0.939719 -0.341946 0
    outer loop
      vertex 150.154 28.892 0
      vertex 150.019 29.263 1.3
      vertex 150.019 29.263 0
    endloop
  endfacet
  facet normal -0.939719 -0.341946 0
    outer loop
      vertex 150.019 29.263 1.3
      vertex 150.154 28.892 0
      vertex 150.154 28.892 1.3
    endloop
  endfacet
  facet normal -0.993185 -0.116547 0
    outer loop
      vertex 150.2 28.5 0
      vertex 150.154 28.892 1.3
      vertex 150.154 28.892 0
    endloop
  endfacet
  facet normal -0.993185 -0.116547 0
    outer loop
      vertex 150.154 28.892 1.3
      vertex 150.2 28.5 0
      vertex 150.2 28.5 1.3
    endloop
  endfacet
  facet normal -0.286883 0.957966 0
    outer loop
      vertex 149.173 26.939 0
      vertex 148.795 26.8258 1.3
      vertex 149.173 26.939 1.3
    endloop
  endfacet
  facet normal -0.286883 0.957966 0
    outer loop
      vertex 148.795 26.8258 1.3
      vertex 149.173 26.939 0
      vertex 148.795 26.8258 0
    endloop
  endfacet
  facet normal 1 -0 0
    outer loop
      vertex 146.811 28.3026 1.3
      vertex 146.811 28.6974 0
      vertex 146.811 28.6974 1.3
    endloop
  endfacet
  facet normal 1 0 0
    outer loop
      vertex 146.811 28.6974 0
      vertex 146.811 28.3026 1.3
      vertex 146.811 28.3026 0
    endloop
  endfacet
  facet normal -0.286883 -0.957966 0
    outer loop
      vertex 148.795 30.1742 0
      vertex 149.173 30.061 1.3
      vertex 148.795 30.1742 1.3
    endloop
  endfacet
  facet normal -0.286883 -0.957966 -0
    outer loop
      vertex 149.173 30.061 1.3
      vertex 148.795 30.1742 0
      vertex 149.173 30.061 0
    endloop
  endfacet
  facet normal 0.766868 -0.641805 0
    outer loop
      vertex 147.08 29.4342 1.3
      vertex 147.333 29.7365 0
      vertex 147.333 29.7365 1.3
    endloop
  endfacet
  facet normal 0.766868 -0.641805 0
    outer loop
      vertex 147.333 29.7365 0
      vertex 147.08 29.4342 1.3
      vertex 147.08 29.4342 0
    endloop
  endfacet
  facet normal -0.993185 0.116547 0
    outer loop
      vertex 150.154 28.108 0
      vertex 150.2 28.5 1.3
      vertex 150.2 28.5 0
    endloop
  endfacet
  facet normal -0.993185 0.116547 0
    outer loop
      vertex 150.2 28.5 1.3
      vertex 150.154 28.108 0
      vertex 150.154 28.108 1.3
    endloop
  endfacet
  facet normal -0.686415 0.72721 0
    outer loop
      vertex 149.802 27.4073 0
      vertex 149.515 27.1364 1.3
      vertex 149.802 27.4073 1.3
    endloop
  endfacet
  facet normal -0.686415 0.72721 0
    outer loop
      vertex 149.515 27.1364 1.3
      vertex 149.802 27.4073 0
      vertex 149.515 27.1364 0
    endloop
  endfacet
  facet normal -0.83531 -0.549779 0
    outer loop
      vertex 150.019 29.263 0
      vertex 149.802 29.5927 1.3
      vertex 149.802 29.5927 0
    endloop
  endfacet
  facet normal -0.83531 -0.549779 0
    outer loop
      vertex 149.802 29.5927 1.3
      vertex 150.019 29.263 0
      vertex 150.019 29.263 1.3
    endloop
  endfacet
  facet normal 0.396611 0.917987 -0
    outer loop
      vertex 148.012 26.8714 0
      vertex 147.65 27.0278 1.3
      vertex 148.012 26.8714 1.3
    endloop
  endfacet
  facet normal 0.396611 0.917987 0
    outer loop
      vertex 147.65 27.0278 1.3
      vertex 148.012 26.8714 0
      vertex 147.65 27.0278 0
    endloop
  endfacet
  facet normal 0.173424 0.984847 -0
    outer loop
      vertex 148.401 26.8029 0
      vertex 148.012 26.8714 1.3
      vertex 148.401 26.8029 1.3
    endloop
  endfacet
  facet normal 0.173424 0.984847 0
    outer loop
      vertex 148.012 26.8714 1.3
      vertex 148.401 26.8029 0
      vertex 148.012 26.8714 0
    endloop
  endfacet
  facet normal 0.396611 -0.917987 0
    outer loop
      vertex 147.65 29.9722 0
      vertex 148.012 30.1286 1.3
      vertex 147.65 29.9722 1.3
    endloop
  endfacet
  facet normal 0.396611 -0.917987 0
    outer loop
      vertex 148.012 30.1286 1.3
      vertex 147.65 29.9722 0
      vertex 148.012 30.1286 0
    endloop
  endfacet
  facet normal 0.766868 0.641805 0
    outer loop
      vertex 147.333 27.2635 1.3
      vertex 147.08 27.5658 0
      vertex 147.08 27.5658 1.3
    endloop
  endfacet
  facet normal 0.766868 0.641805 0
    outer loop
      vertex 147.08 27.5658 0
      vertex 147.333 27.2635 1.3
      vertex 147.333 27.2635 0
    endloop
  endfacet
  facet normal -0.939719 0.341946 0
    outer loop
      vertex 150.019 27.737 0
      vertex 150.154 28.108 1.3
      vertex 150.154 28.108 0
    endloop
  endfacet
  facet normal -0.939719 0.341946 0
    outer loop
      vertex 150.154 28.108 1.3
      vertex 150.019 27.737 0
      vertex 150.019 27.737 1.3
    endloop
  endfacet
  facet normal -0.83531 0.549779 0
    outer loop
      vertex 149.802 27.4073 0
      vertex 150.019 27.737 1.3
      vertex 150.019 27.737 0
    endloop
  endfacet
  facet normal -0.83531 0.549779 0
    outer loop
      vertex 150.019 27.737 1.3
      vertex 149.802 27.4073 0
      vertex 149.802 27.4073 1.3
    endloop
  endfacet
  facet normal -0.0580239 0.998315 0
    outer loop
      vertex 148.795 26.8258 0
      vertex 148.401 26.8029 1.3
      vertex 148.795 26.8258 1.3
    endloop
  endfacet
  facet normal -0.0580239 0.998315 0
    outer loop
      vertex 148.401 26.8029 1.3
      vertex 148.795 26.8258 0
      vertex 148.401 26.8029 0
    endloop
  endfacet
  facet normal 0.596674 0.802484 -0
    outer loop
      vertex 147.65 27.0278 0
      vertex 147.333 27.2635 1.3
      vertex 147.65 27.0278 1.3
    endloop
  endfacet
  facet normal 0.596674 0.802484 0
    outer loop
      vertex 147.333 27.2635 1.3
      vertex 147.65 27.0278 0
      vertex 147.333 27.2635 0
    endloop
  endfacet
  facet normal 0.173424 -0.984847 0
    outer loop
      vertex 148.012 30.1286 0
      vertex 148.401 30.1971 1.3
      vertex 148.012 30.1286 1.3
    endloop
  endfacet
  facet normal 0.173424 -0.984847 0
    outer loop
      vertex 148.401 30.1971 1.3
      vertex 148.012 30.1286 0
      vertex 148.401 30.1971 0
    endloop
  endfacet
  facet normal 0.893818 -0.448429 0
    outer loop
      vertex 146.903 29.0814 1.3
      vertex 147.08 29.4342 0
      vertex 147.08 29.4342 1.3
    endloop
  endfacet
  facet normal 0.893818 -0.448429 0
    outer loop
      vertex 147.08 29.4342 0
      vertex 146.903 29.0814 1.3
      vertex 146.903 29.0814 0
    endloop
  endfacet
  facet normal -0.499898 -0.866084 0
    outer loop
      vertex 149.173 30.061 0
      vertex 149.515 29.8636 1.3
      vertex 149.173 30.061 1.3
    endloop
  endfacet
  facet normal -0.499898 -0.866084 -0
    outer loop
      vertex 149.515 29.8636 1.3
      vertex 149.173 30.061 0
      vertex 149.515 29.8636 0
    endloop
  endfacet
  facet normal -0.686415 -0.72721 0
    outer loop
      vertex 149.515 29.8636 0
      vertex 149.802 29.5927 1.3
      vertex 149.515 29.8636 1.3
    endloop
  endfacet
  facet normal -0.686415 -0.72721 -0
    outer loop
      vertex 149.802 29.5927 1.3
      vertex 149.515 29.8636 0
      vertex 149.802 29.5927 0
    endloop
  endfacet
  facet normal 0.893818 0.448429 0
    outer loop
      vertex 147.08 27.5658 1.3
      vertex 146.903 27.9186 0
      vertex 146.903 27.9186 1.3
    endloop
  endfacet
  facet normal 0.893818 0.448429 0
    outer loop
      vertex 146.903 27.9186 0
      vertex 147.08 27.5658 1.3
      vertex 147.08 27.5658 0
    endloop
  endfacet
  facet normal -0.499898 0.866084 0
    outer loop
      vertex 149.515 27.1364 0
      vertex 149.173 26.939 1.3
      vertex 149.515 27.1364 1.3
    endloop
  endfacet
  facet normal -0.499898 0.866084 0
    outer loop
      vertex 149.173 26.939 1.3
      vertex 149.515 27.1364 0
      vertex 149.173 26.939 0
    endloop
  endfacet
  facet normal 0.596674 -0.802484 0
    outer loop
      vertex 147.333 29.7365 0
      vertex 147.65 29.9722 1.3
      vertex 147.333 29.7365 1.3
    endloop
  endfacet
  facet normal 0.596674 -0.802484 0
    outer loop
      vertex 147.65 29.9722 1.3
      vertex 147.333 29.7365 0
      vertex 147.65 29.9722 0
    endloop
  endfacet
  facet normal 0.972479 0.23299 0
    outer loop
      vertex 146.903 27.9186 1.3
      vertex 146.811 28.3026 0
      vertex 146.811 28.3026 1.3
    endloop
  endfacet
  facet normal 0.972479 0.23299 0
    outer loop
      vertex 146.811 28.3026 0
      vertex 146.903 27.9186 1.3
      vertex 146.903 27.9186 0
    endloop
  endfacet
  facet normal 0.972479 -0.23299 0
    outer loop
      vertex 146.811 28.6974 1.3
      vertex 146.903 29.0814 0
      vertex 146.903 29.0814 1.3
    endloop
  endfacet
  facet normal 0.972479 -0.23299 0
    outer loop
      vertex 146.903 29.0814 0
      vertex 146.811 28.6974 1.3
      vertex 146.811 28.6974 0
    endloop
  endfacet
  facet normal -0.706545 -0.0393718 0.706572
    outer loop
      vertex 150.2 28.5 1.3
      vertex 151.9 28.5012 3
      vertex 150.189 28.6974 1.3
    endloop
  endfacet
  facet normal -0.707107 0 0.707107
    outer loop
      vertex 151.9 28.5012 3
      vertex 150.2 28.5 1.3
      vertex 151.9 28.5 3
    endloop
  endfacet
  facet normal 0.649822 0.280034 0.706621
    outer loop
      vertex 145.461 26.9751 3
      vertex 146.903 27.9186 1.3
      vertex 145.305 27.3371 3
    endloop
  endfacet
  facet normal 0.707107 -0 0.707107
    outer loop
      vertex 145.1 28.4988 3
      vertex 146.8 28.5 1.3
      vertex 145.1 28.5 3
    endloop
  endfacet
  facet normal 0.706545 0.0393718 0.706572
    outer loop
      vertex 146.8 28.5 1.3
      vertex 145.1 28.4988 3
      vertex 146.811 28.3026 1.3
    endloop
  endfacet
  facet normal 0.0821277 0.702927 0.706504
    outer loop
      vertex 148.205 26.8258 1.3
      vertex 147.911 25.1515 3
      vertex 148.401 26.8029 1.3
    endloop
  endfacet
  facet normal 0.138698 0.693489 0.706991
    outer loop
      vertex 147.911 25.1515 3
      vertex 148.205 26.8258 1.3
      vertex 147.91 25.1517 3
    endloop
  endfacet
  facet normal -0.389078 0.59114 0.706521
    outer loop
      vertex 149.35 27.0278 1.3
      vertex 150.201 25.5561 3
      vertex 149.515 27.1364 1.3
    endloop
  endfacet
  facet normal -0.363824 0.606373 0.707067
    outer loop
      vertex 150.201 25.5561 3
      vertex 149.35 27.0278 1.3
      vertex 150.2 25.5555 3
    endloop
  endfacet
  facet normal -0.454942 0.542196 0.706436
    outer loop
      vertex 150.531 25.7735 3
      vertex 150.833 26.0269 3
      vertex 149.667 27.2635 1.3
    endloop
  endfacet
  facet normal -0.745689 0 0.666295
    outer loop
      vertex 150.019 27.737 1.3
      vertex 151.538 26.9731 3
      vertex 151.538 26.9741 3
    endloop
  endfacet
  facet normal -0.612601 0.354249 0.70656
    outer loop
      vertex 151.538 26.9731 3
      vertex 150.019 27.737 1.3
      vertex 149.92 27.5658 1.3
    endloop
  endfacet
  facet normal -0.316457 -0.632915 0.706593
    outer loop
      vertex 149.173 30.061 1.3
      vertex 149.848 31.6214 3
      vertex 149.847 31.6219 3
    endloop
  endfacet
  facet normal -0.317327 -0.632509 0.706566
    outer loop
      vertex 149.848 31.6214 3
      vertex 149.173 30.061 1.3
      vertex 149.35 29.9722 1.3
    endloop
  endfacet
  facet normal -0.567151 -0.423167 0.70659
    outer loop
      vertex 151.341 30.3683 3
      vertex 151.105 30.6846 3
      vertex 149.92 29.4342 1.3
    endloop
  endfacet
  facet normal 0.650226 0.279282 0.706546
    outer loop
      vertex 145.461 26.9751 3
      vertex 146.981 27.737 1.3
      vertex 146.903 27.9186 1.3
    endloop
  endfacet
  facet normal 0.512871 0.512871 0.688424
    outer loop
      vertex 146.981 27.737 1.3
      vertex 145.461 26.9751 3
      vertex 145.462 26.9741 3
    endloop
  endfacet
  facet normal -0.262646 0.656614 0.707019
    outer loop
      vertex 149.173 26.939 1.3
      vertex 149.846 25.3777 3
      vertex 149.847 25.3781 3
    endloop
  endfacet
  facet normal -0.242869 0.664655 0.706575
    outer loop
      vertex 149.846 25.3777 3
      vertex 149.173 26.939 1.3
      vertex 148.988 26.8714 1.3
    endloop
  endfacet
  facet normal -0.567651 0.422605 0.706525
    outer loop
      vertex 149.802 27.4073 1.3
      vertex 151.105 26.3154 3
      vertex 149.92 27.5658 1.3
    endloop
  endfacet
  facet normal -0.793681 0 0.608334
    outer loop
      vertex 151.105 26.3154 3
      vertex 149.802 27.4073 1.3
      vertex 151.105 26.3145 3
    endloop
  endfacet
  facet normal -0.163429 0.688594 0.706491
    outer loop
      vertex 149.092 25.1519 3
      vertex 149.475 25.2428 3
      vertex 148.988 26.8714 1.3
    endloop
  endfacet
  facet normal -0.567151 0.423167 0.70659
    outer loop
      vertex 151.105 26.3154 3
      vertex 151.341 26.6317 3
      vertex 149.92 27.5658 1.3
    endloop
  endfacet
  facet normal 0.649822 -0.280034 0.706621
    outer loop
      vertex 146.903 29.0814 1.3
      vertex 145.461 30.0249 3
      vertex 145.305 29.6629 3
    endloop
  endfacet
  facet normal 0.706601 0.0413007 0.706406
    outer loop
      vertex 145.123 28.1053 3
      vertex 146.811 28.3026 1.3
      vertex 145.1 28.4988 3
    endloop
  endfacet
  facet normal -0.61288 0.353653 0.706617
    outer loop
      vertex 151.341 26.6317 3
      vertex 151.538 26.9731 3
      vertex 149.92 27.5658 1.3
    endloop
  endfacet
  facet normal -0.445993 -0.557492 0.700209
    outer loop
      vertex 151.104 30.6863 3
      vertex 149.802 29.5927 1.3
      vertex 151.105 30.6855 3
    endloop
  endfacet
  facet normal -0.515866 -0.484297 0.706639
    outer loop
      vertex 149.802 29.5927 1.3
      vertex 151.104 30.6863 3
      vertex 149.667 29.7365 1.3
    endloop
  endfacet
  facet normal 0.514441 0.4861 0.70644
    outer loop
      vertex 146.167 26.0269 3
      vertex 147.333 27.2635 1.3
      vertex 145.896 26.3137 3
    endloop
  endfacet
  facet normal 0.0821573 -0.702921 0.706507
    outer loop
      vertex 148.401 30.1971 1.3
      vertex 148.302 31.8942 3
      vertex 147.911 31.8485 3
    endloop
  endfacet
  facet normal -0.445993 0.557492 0.700209
    outer loop
      vertex 149.802 27.4073 1.3
      vertex 151.104 26.3137 3
      vertex 151.105 26.3145 3
    endloop
  endfacet
  facet normal -0.515866 0.484297 0.706639
    outer loop
      vertex 151.104 26.3137 3
      vertex 149.802 27.4073 1.3
      vertex 149.667 27.2635 1.3
    endloop
  endfacet
  facet normal -0.405598 -0.579426 0.706934
    outer loop
      vertex 149.515 29.8636 1.3
      vertex 150.531 31.2265 3
      vertex 150.53 31.2272 3
    endloop
  endfacet
  facet normal -0.453954 -0.542887 0.70654
    outer loop
      vertex 150.531 31.2265 3
      vertex 149.515 29.8636 1.3
      vertex 149.667 29.7365 1.3
    endloop
  endfacet
  facet normal 0.514441 -0.4861 0.70644
    outer loop
      vertex 147.333 29.7365 1.3
      vertex 146.167 30.9731 3
      vertex 145.896 30.6863 3
    endloop
  endfacet
  facet normal 0.567651 0.422605 0.706525
    outer loop
      vertex 145.895 26.3154 3
      vertex 147.198 27.4073 1.3
      vertex 147.08 27.5658 1.3
    endloop
  endfacet
  facet normal 0.793681 0 0.608334
    outer loop
      vertex 147.198 27.4073 1.3
      vertex 145.895 26.3154 3
      vertex 145.895 26.3145 3
    endloop
  endfacet
  facet normal 0.567151 0.423167 0.70659
    outer loop
      vertex 145.895 26.3154 3
      vertex 147.08 27.5658 1.3
      vertex 145.659 26.6317 3
    endloop
  endfacet
  facet normal -0.697177 -0.122091 0.706426
    outer loop
      vertex 151.877 28.8947 3
      vertex 151.809 29.283 3
      vertex 150.189 28.6974 1.3
    endloop
  endfacet
  facet normal 0.677613 0.203928 0.706579
    outer loop
      vertex 145.305 27.3382 3
      vertex 146.903 27.9186 1.3
      vertex 146.846 28.108 1.3
    endloop
  endfacet
  facet normal 0.728628 0 0.68491
    outer loop
      vertex 146.903 27.9186 1.3
      vertex 145.305 27.3382 3
      vertex 145.305 27.3371 3
    endloop
  endfacet
  facet normal -0.696334 0.12524 0.706707
    outer loop
      vertex 150.154 28.108 1.3
      vertex 151.809 27.717 3
      vertex 150.189 28.3026 1.3
    endloop
  endfacet
  facet normal -0.556843 0.506221 0.658534
    outer loop
      vertex 151.809 27.717 3
      vertex 150.154 28.108 1.3
      vertex 151.808 27.7159 3
    endloop
  endfacet
  facet normal 0.696334 0.12524 0.706707
    outer loop
      vertex 145.191 27.717 3
      vertex 146.846 28.108 1.3
      vertex 146.811 28.3026 1.3
    endloop
  endfacet
  facet normal 0.556843 0.506221 0.658534
    outer loop
      vertex 146.846 28.108 1.3
      vertex 145.191 27.717 3
      vertex 145.192 27.7159 3
    endloop
  endfacet
  facet normal -0.697177 0.122091 0.706426
    outer loop
      vertex 151.809 27.717 3
      vertex 151.877 28.1053 3
      vertex 150.189 28.3026 1.3
    endloop
  endfacet
  facet normal 0.793681 -0 0.608334
    outer loop
      vertex 145.895 30.6846 3
      vertex 147.198 29.5927 1.3
      vertex 145.895 30.6855 3
    endloop
  endfacet
  facet normal 0.567651 -0.422605 0.706525
    outer loop
      vertex 147.198 29.5927 1.3
      vertex 145.895 30.6846 3
      vertex 147.08 29.4342 1.3
    endloop
  endfacet
  facet normal 0.454942 -0.542196 0.706436
    outer loop
      vertex 147.333 29.7365 1.3
      vertex 146.469 31.2265 3
      vertex 146.167 30.9731 3
    endloop
  endfacet
  facet normal -0.514441 0.4861 0.70644
    outer loop
      vertex 150.833 26.0269 3
      vertex 151.104 26.3137 3
      vertex 149.667 27.2635 1.3
    endloop
  endfacet
  facet normal -0.677613 0.203928 0.706579
    outer loop
      vertex 150.097 27.9186 1.3
      vertex 151.695 27.3382 3
      vertex 150.154 28.108 1.3
    endloop
  endfacet
  facet normal -0.728628 0 0.68491
    outer loop
      vertex 151.695 27.3382 3
      vertex 150.097 27.9186 1.3
      vertex 151.695 27.3371 3
    endloop
  endfacet
  facet normal -0.793681 0 0.608334
    outer loop
      vertex 149.802 29.5927 1.3
      vertex 151.105 30.6846 3
      vertex 151.105 30.6855 3
    endloop
  endfacet
  facet normal -0.567651 -0.422605 0.706525
    outer loop
      vertex 151.105 30.6846 3
      vertex 149.802 29.5927 1.3
      vertex 149.92 29.4342 1.3
    endloop
  endfacet
  facet normal 0.612601 0.354249 0.70656
    outer loop
      vertex 146.981 27.737 1.3
      vertex 145.462 26.9731 3
      vertex 147.08 27.5658 1.3
    endloop
  endfacet
  facet normal 0.745689 -0 0.666295
    outer loop
      vertex 145.462 26.9731 3
      vertex 146.981 27.737 1.3
      vertex 145.462 26.9741 3
    endloop
  endfacet
  facet normal 0.405598 -0.579426 0.706934
    outer loop
      vertex 146.469 31.2265 3
      vertex 147.485 29.8636 1.3
      vertex 146.47 31.2272 3
    endloop
  endfacet
  facet normal 0.453954 -0.542887 0.70654
    outer loop
      vertex 147.485 29.8636 1.3
      vertex 146.469 31.2265 3
      vertex 147.333 29.7365 1.3
    endloop
  endfacet
  facet normal 0.317327 0.632509 0.706566
    outer loop
      vertex 147.152 25.3786 3
      vertex 147.827 26.939 1.3
      vertex 147.65 27.0278 1.3
    endloop
  endfacet
  facet normal 0.316457 0.632915 0.706593
    outer loop
      vertex 147.827 26.939 1.3
      vertex 147.152 25.3786 3
      vertex 147.153 25.3781 3
    endloop
  endfacet
  facet normal 0.556843 -0.506221 0.658534
    outer loop
      vertex 145.191 29.283 3
      vertex 146.846 28.892 1.3
      vertex 145.192 29.2841 3
    endloop
  endfacet
  facet normal 0.696334 -0.12524 0.706707
    outer loop
      vertex 146.846 28.892 1.3
      vertex 145.191 29.283 3
      vertex 146.811 28.6974 1.3
    endloop
  endfacet
  facet normal 0.317781 0.632328 0.706524
    outer loop
      vertex 147.152 25.3786 3
      vertex 147.65 27.0278 1.3
      vertex 146.8 25.5555 3
    endloop
  endfacet
  facet normal -0.707107 0 0.707107
    outer loop
      vertex 150.2 28.5 1.3
      vertex 151.9 28.4988 3
      vertex 151.9 28.5 3
    endloop
  endfacet
  facet normal -0.706545 0.0393718 0.706572
    outer loop
      vertex 151.9 28.4988 3
      vertex 150.2 28.5 1.3
      vertex 150.189 28.3026 1.3
    endloop
  endfacet
  facet normal -0.678039 -0.202855 0.70648
    outer loop
      vertex 151.808 29.2841 3
      vertex 151.695 29.6618 3
      vertex 150.154 28.892 1.3
    endloop
  endfacet
  facet normal -0.556843 -0.506221 0.658534
    outer loop
      vertex 150.154 28.892 1.3
      vertex 151.809 29.283 3
      vertex 151.808 29.2841 3
    endloop
  endfacet
  facet normal -0.696334 -0.12524 0.706707
    outer loop
      vertex 151.809 29.283 3
      vertex 150.154 28.892 1.3
      vertex 150.189 28.6974 1.3
    endloop
  endfacet
  facet normal -0.649822 0.280034 0.706621
    outer loop
      vertex 151.539 26.9751 3
      vertex 151.695 27.3371 3
      vertex 150.097 27.9186 1.3
    endloop
  endfacet
  facet normal -0.706601 -0.0413007 0.706406
    outer loop
      vertex 151.9 28.5012 3
      vertex 151.877 28.8947 3
      vertex 150.189 28.6974 1.3
    endloop
  endfacet
  facet normal -0.706601 0.0413007 0.706406
    outer loop
      vertex 151.877 28.1053 3
      vertex 151.9 28.4988 3
      vertex 150.189 28.3026 1.3
    endloop
  endfacet
  facet normal 0.697177 0.122091 0.706426
    outer loop
      vertex 145.191 27.717 3
      vertex 146.811 28.3026 1.3
      vertex 145.123 28.1053 3
    endloop
  endfacet
  facet normal 0.706601 -0.0413007 0.706406
    outer loop
      vertex 146.811 28.6974 1.3
      vertex 145.123 28.8947 3
      vertex 145.1 28.5012 3
    endloop
  endfacet
  facet normal 0.697177 -0.122091 0.706426
    outer loop
      vertex 146.811 28.6974 1.3
      vertex 145.191 29.283 3
      vertex 145.123 28.8947 3
    endloop
  endfacet
  facet normal 0.242869 -0.664655 0.706575
    outer loop
      vertex 147.154 31.6223 3
      vertex 147.827 30.061 1.3
      vertex 148.012 30.1286 1.3
    endloop
  endfacet
  facet normal 0.262646 -0.656614 0.707019
    outer loop
      vertex 147.827 30.061 1.3
      vertex 147.154 31.6223 3
      vertex 147.153 31.6219 3
    endloop
  endfacet
  facet normal 0.707107 0 0.707107
    outer loop
      vertex 146.8 28.5 1.3
      vertex 145.1 28.5012 3
      vertex 145.1 28.5 3
    endloop
  endfacet
  facet normal 0.706545 -0.0393718 0.706572
    outer loop
      vertex 145.1 28.5012 3
      vertex 146.8 28.5 1.3
      vertex 146.811 28.6974 1.3
    endloop
  endfacet
  facet normal -0.162718 0.688699 0.706553
    outer loop
      vertex 148.795 26.8258 1.3
      vertex 149.092 25.1519 3
      vertex 148.988 26.8714 1.3
    endloop
  endfacet
  facet normal -0.0704603 0.704603 0.706095
    outer loop
      vertex 149.092 25.1519 3
      vertex 148.795 26.8258 1.3
      vertex 149.09 25.1517 3
    endloop
  endfacet
  facet normal 0.678039 0.202855 0.70648
    outer loop
      vertex 145.305 27.3382 3
      vertex 146.846 28.108 1.3
      vertex 145.192 27.7159 3
    endloop
  endfacet
  facet normal 0.0821573 0.702921 0.706507
    outer loop
      vertex 148.302 25.1058 3
      vertex 148.401 26.8029 1.3
      vertex 147.911 25.1515 3
    endloop
  endfacet
  facet normal -0.454942 -0.542196 0.706436
    outer loop
      vertex 150.833 30.9731 3
      vertex 150.531 31.2265 3
      vertex 149.667 29.7365 1.3
    endloop
  endfacet
  facet normal -0.317781 0.632328 0.706524
    outer loop
      vertex 149.848 25.3786 3
      vertex 150.2 25.5555 3
      vertex 149.35 27.0278 1.3
    endloop
  endfacet
  facet normal 0.515866 -0.484297 0.706639
    outer loop
      vertex 145.896 30.6863 3
      vertex 147.198 29.5927 1.3
      vertex 147.333 29.7365 1.3
    endloop
  endfacet
  facet normal 0.445993 -0.557492 0.700209
    outer loop
      vertex 147.198 29.5927 1.3
      vertex 145.896 30.6863 3
      vertex 145.895 30.6855 3
    endloop
  endfacet
  facet normal 0.61288 -0.353653 0.706617
    outer loop
      vertex 147.08 29.4342 1.3
      vertex 145.659 30.3683 3
      vertex 145.462 30.0269 3
    endloop
  endfacet
  facet normal 0.515866 0.484297 0.706639
    outer loop
      vertex 147.198 27.4073 1.3
      vertex 145.896 26.3137 3
      vertex 147.333 27.2635 1.3
    endloop
  endfacet
  facet normal 0.445993 0.557492 0.700209
    outer loop
      vertex 145.896 26.3137 3
      vertex 147.198 27.4073 1.3
      vertex 145.895 26.3145 3
    endloop
  endfacet
  facet normal 0.454942 0.542196 0.706436
    outer loop
      vertex 146.469 25.7735 3
      vertex 147.333 27.2635 1.3
      vertex 146.167 26.0269 3
    endloop
  endfacet
  facet normal -0.241849 0.66513 0.706478
    outer loop
      vertex 149.475 25.2428 3
      vertex 149.846 25.3777 3
      vertex 148.988 26.8714 1.3
    endloop
  endfacet
  facet normal -0.0704603 -0.704603 0.706095
    outer loop
      vertex 148.795 30.1742 1.3
      vertex 149.092 31.8481 3
      vertex 149.09 31.8483 3
    endloop
  endfacet
  facet normal -0.162718 -0.688699 0.706553
    outer loop
      vertex 149.092 31.8481 3
      vertex 148.795 30.1742 1.3
      vertex 148.988 30.1286 1.3
    endloop
  endfacet
  facet normal -0.163429 -0.688594 0.706491
    outer loop
      vertex 149.475 31.7572 3
      vertex 149.092 31.8481 3
      vertex 148.988 30.1286 1.3
    endloop
  endfacet
  facet normal 0.242869 0.664655 0.706575
    outer loop
      vertex 147.827 26.939 1.3
      vertex 147.154 25.3777 3
      vertex 148.012 26.8714 1.3
    endloop
  endfacet
  facet normal 0.262646 0.656614 0.707019
    outer loop
      vertex 147.154 25.3777 3
      vertex 147.827 26.939 1.3
      vertex 147.153 25.3781 3
    endloop
  endfacet
  facet normal 0.567151 -0.423167 0.70659
    outer loop
      vertex 147.08 29.4342 1.3
      vertex 145.895 30.6846 3
      vertex 145.659 30.3683 3
    endloop
  endfacet
  facet normal -0.649822 -0.280034 0.706621
    outer loop
      vertex 151.695 29.6629 3
      vertex 151.539 30.0249 3
      vertex 150.097 29.0814 1.3
    endloop
  endfacet
  facet normal -0.241849 -0.66513 0.706478
    outer loop
      vertex 149.846 31.6223 3
      vertex 149.475 31.7572 3
      vertex 148.988 30.1286 1.3
    endloop
  endfacet
  facet normal 0 0.70771 0.706503
    outer loop
      vertex 148.599 26.8029 1.3
      vertex 148.302 25.1058 3
      vertex 148.698 25.1058 3
    endloop
  endfacet
  facet normal 0 0.70771 0.706503
    outer loop
      vertex 148.302 25.1058 3
      vertex 148.599 26.8029 1.3
      vertex 148.401 26.8029 1.3
    endloop
  endfacet
  facet normal 0.728628 -0 0.68491
    outer loop
      vertex 145.305 29.6618 3
      vertex 146.903 29.0814 1.3
      vertex 145.305 29.6629 3
    endloop
  endfacet
  facet normal 0.677613 -0.203928 0.706579
    outer loop
      vertex 146.903 29.0814 1.3
      vertex 145.305 29.6618 3
      vertex 146.846 28.892 1.3
    endloop
  endfacet
  facet normal -0.138698 0.693489 0.706991
    outer loop
      vertex 148.795 26.8258 1.3
      vertex 149.089 25.1515 3
      vertex 149.09 25.1517 3
    endloop
  endfacet
  facet normal -0.0821277 0.702927 0.706504
    outer loop
      vertex 149.089 25.1515 3
      vertex 148.795 26.8258 1.3
      vertex 148.599 26.8029 1.3
    endloop
  endfacet
  facet normal 0.163429 -0.688594 0.706491
    outer loop
      vertex 148.012 30.1286 1.3
      vertex 147.908 31.8481 3
      vertex 147.525 31.7572 3
    endloop
  endfacet
  facet normal 0.61288 0.353653 0.706617
    outer loop
      vertex 145.659 26.6317 3
      vertex 147.08 27.5658 1.3
      vertex 145.462 26.9731 3
    endloop
  endfacet
  facet normal -0.317781 -0.632328 0.706524
    outer loop
      vertex 150.2 31.4445 3
      vertex 149.848 31.6214 3
      vertex 149.35 29.9722 1.3
    endloop
  endfacet
  facet normal -0.0821573 0.702921 0.706507
    outer loop
      vertex 148.698 25.1058 3
      vertex 149.089 25.1515 3
      vertex 148.599 26.8029 1.3
    endloop
  endfacet
  facet normal -0.678039 0.202855 0.70648
    outer loop
      vertex 151.695 27.3382 3
      vertex 151.808 27.7159 3
      vertex 150.154 28.108 1.3
    endloop
  endfacet
  facet normal -0.317327 0.632509 0.706566
    outer loop
      vertex 149.173 26.939 1.3
      vertex 149.848 25.3786 3
      vertex 149.35 27.0278 1.3
    endloop
  endfacet
  facet normal -0.316457 0.632915 0.706593
    outer loop
      vertex 149.848 25.3786 3
      vertex 149.173 26.939 1.3
      vertex 149.847 25.3781 3
    endloop
  endfacet
  facet normal 0.389078 0.59114 0.706521
    outer loop
      vertex 146.799 25.5561 3
      vertex 147.65 27.0278 1.3
      vertex 147.485 27.1364 1.3
    endloop
  endfacet
  facet normal 0.363824 0.606373 0.707067
    outer loop
      vertex 147.65 27.0278 1.3
      vertex 146.799 25.5561 3
      vertex 146.8 25.5555 3
    endloop
  endfacet
  facet normal -0.650226 0.279282 0.706546
    outer loop
      vertex 150.019 27.737 1.3
      vertex 151.539 26.9751 3
      vertex 150.097 27.9186 1.3
    endloop
  endfacet
  facet normal -0.512871 0.512871 0.688424
    outer loop
      vertex 151.539 26.9751 3
      vertex 150.019 27.737 1.3
      vertex 151.538 26.9741 3
    endloop
  endfacet
  facet normal 0.678039 -0.202855 0.70648
    outer loop
      vertex 146.846 28.892 1.3
      vertex 145.305 29.6618 3
      vertex 145.192 29.2841 3
    endloop
  endfacet
  facet normal 0.612601 -0.354249 0.70656
    outer loop
      vertex 145.462 30.0269 3
      vertex 146.981 29.263 1.3
      vertex 147.08 29.4342 1.3
    endloop
  endfacet
  facet normal 0.745689 0 0.666295
    outer loop
      vertex 146.981 29.263 1.3
      vertex 145.462 30.0269 3
      vertex 145.462 30.0259 3
    endloop
  endfacet
  facet normal 0.512871 -0.512871 0.688424
    outer loop
      vertex 145.461 30.0249 3
      vertex 146.981 29.263 1.3
      vertex 145.462 30.0259 3
    endloop
  endfacet
  facet normal 0.650226 -0.279282 0.706546
    outer loop
      vertex 146.981 29.263 1.3
      vertex 145.461 30.0249 3
      vertex 146.903 29.0814 1.3
    endloop
  endfacet
  facet normal 0.241849 0.66513 0.706478
    outer loop
      vertex 147.525 25.2428 3
      vertex 148.012 26.8714 1.3
      vertex 147.154 25.3777 3
    endloop
  endfacet
  facet normal -0.514441 -0.4861 0.70644
    outer loop
      vertex 151.104 30.6863 3
      vertex 150.833 30.9731 3
      vertex 149.667 29.7365 1.3
    endloop
  endfacet
  facet normal -0.745689 0 0.666295
    outer loop
      vertex 151.538 30.0269 3
      vertex 150.019 29.263 1.3
      vertex 151.538 30.0259 3
    endloop
  endfacet
  facet normal -0.612601 -0.354249 0.70656
    outer loop
      vertex 150.019 29.263 1.3
      vertex 151.538 30.0269 3
      vertex 149.92 29.4342 1.3
    endloop
  endfacet
  facet normal 0.162718 0.688699 0.706553
    outer loop
      vertex 147.908 25.1519 3
      vertex 148.205 26.8258 1.3
      vertex 148.012 26.8714 1.3
    endloop
  endfacet
  facet normal 0.0704603 0.704603 0.706095
    outer loop
      vertex 148.205 26.8258 1.3
      vertex 147.908 25.1519 3
      vertex 147.91 25.1517 3
    endloop
  endfacet
  facet normal 0.389287 -0.591027 0.7065
    outer loop
      vertex 147.485 29.8636 1.3
      vertex 146.799 31.4439 3
      vertex 146.47 31.2272 3
    endloop
  endfacet
  facet normal -0.262646 -0.656614 0.707019
    outer loop
      vertex 149.846 31.6223 3
      vertex 149.173 30.061 1.3
      vertex 149.847 31.6219 3
    endloop
  endfacet
  facet normal -0.242869 -0.664655 0.706575
    outer loop
      vertex 149.173 30.061 1.3
      vertex 149.846 31.6223 3
      vertex 148.988 30.1286 1.3
    endloop
  endfacet
  facet normal 0.389287 0.591027 0.7065
    outer loop
      vertex 146.799 25.5561 3
      vertex 147.485 27.1364 1.3
      vertex 146.47 25.7728 3
    endloop
  endfacet
  facet normal 0.453954 0.542887 0.70654
    outer loop
      vertex 146.469 25.7735 3
      vertex 147.485 27.1364 1.3
      vertex 147.333 27.2635 1.3
    endloop
  endfacet
  facet normal 0.405598 0.579426 0.706934
    outer loop
      vertex 147.485 27.1364 1.3
      vertex 146.469 25.7735 3
      vertex 146.47 25.7728 3
    endloop
  endfacet
  facet normal 0.0821277 -0.702927 0.706504
    outer loop
      vertex 147.911 31.8485 3
      vertex 148.205 30.1742 1.3
      vertex 148.401 30.1971 1.3
    endloop
  endfacet
  facet normal 0.138698 -0.693489 0.706991
    outer loop
      vertex 148.205 30.1742 1.3
      vertex 147.911 31.8485 3
      vertex 147.91 31.8483 3
    endloop
  endfacet
  facet normal -0.512871 -0.512871 0.688424
    outer loop
      vertex 150.019 29.263 1.3
      vertex 151.539 30.0249 3
      vertex 151.538 30.0259 3
    endloop
  endfacet
  facet normal -0.650226 -0.279282 0.706546
    outer loop
      vertex 151.539 30.0249 3
      vertex 150.019 29.263 1.3
      vertex 150.097 29.0814 1.3
    endloop
  endfacet
  facet normal -0.363824 -0.606373 0.707067
    outer loop
      vertex 149.35 29.9722 1.3
      vertex 150.201 31.4439 3
      vertex 150.2 31.4445 3
    endloop
  endfacet
  facet normal -0.389078 -0.59114 0.706521
    outer loop
      vertex 150.201 31.4439 3
      vertex 149.35 29.9722 1.3
      vertex 149.515 29.8636 1.3
    endloop
  endfacet
  facet normal -0.61288 -0.353653 0.706617
    outer loop
      vertex 151.538 30.0269 3
      vertex 151.341 30.3683 3
      vertex 149.92 29.4342 1.3
    endloop
  endfacet
  facet normal 0.0704603 -0.704603 0.706095
    outer loop
      vertex 147.908 31.8481 3
      vertex 148.205 30.1742 1.3
      vertex 147.91 31.8483 3
    endloop
  endfacet
  facet normal 0.162718 -0.688699 0.706553
    outer loop
      vertex 148.205 30.1742 1.3
      vertex 147.908 31.8481 3
      vertex 148.012 30.1286 1.3
    endloop
  endfacet
  facet normal 0.363824 -0.606373 0.707067
    outer loop
      vertex 146.799 31.4439 3
      vertex 147.65 29.9722 1.3
      vertex 146.8 31.4445 3
    endloop
  endfacet
  facet normal 0.389078 -0.59114 0.706521
    outer loop
      vertex 147.65 29.9722 1.3
      vertex 146.799 31.4439 3
      vertex 147.485 29.8636 1.3
    endloop
  endfacet
  facet normal -0.138698 -0.693489 0.706991
    outer loop
      vertex 149.089 31.8485 3
      vertex 148.795 30.1742 1.3
      vertex 149.09 31.8483 3
    endloop
  endfacet
  facet normal -0.0821277 -0.702927 0.706504
    outer loop
      vertex 148.795 30.1742 1.3
      vertex 149.089 31.8485 3
      vertex 148.599 30.1971 1.3
    endloop
  endfacet
  facet normal 0.163429 0.688594 0.706491
    outer loop
      vertex 147.908 25.1519 3
      vertex 148.012 26.8714 1.3
      vertex 147.525 25.2428 3
    endloop
  endfacet
  facet normal -0.728628 0 0.68491
    outer loop
      vertex 150.097 29.0814 1.3
      vertex 151.695 29.6618 3
      vertex 151.695 29.6629 3
    endloop
  endfacet
  facet normal -0.677613 -0.203928 0.706579
    outer loop
      vertex 151.695 29.6618 3
      vertex 150.097 29.0814 1.3
      vertex 150.154 28.892 1.3
    endloop
  endfacet
  facet normal 0.241849 -0.66513 0.706478
    outer loop
      vertex 148.012 30.1286 1.3
      vertex 147.525 31.7572 3
      vertex 147.154 31.6223 3
    endloop
  endfacet
  facet normal 0.317781 -0.632328 0.706524
    outer loop
      vertex 147.65 29.9722 1.3
      vertex 147.152 31.6214 3
      vertex 146.8 31.4445 3
    endloop
  endfacet
  facet normal -0.0821573 -0.702921 0.706507
    outer loop
      vertex 149.089 31.8485 3
      vertex 148.698 31.8942 3
      vertex 148.599 30.1971 1.3
    endloop
  endfacet
  facet normal 0 -0.70771 0.706503
    outer loop
      vertex 148.401 30.1971 1.3
      vertex 148.698 31.8942 3
      vertex 148.302 31.8942 3
    endloop
  endfacet
  facet normal 0 -0.70771 0.706503
    outer loop
      vertex 148.698 31.8942 3
      vertex 148.401 30.1971 1.3
      vertex 148.599 30.1971 1.3
    endloop
  endfacet
  facet normal -0.453954 0.542887 0.70654
    outer loop
      vertex 149.515 27.1364 1.3
      vertex 150.531 25.7735 3
      vertex 149.667 27.2635 1.3
    endloop
  endfacet
  facet normal -0.405598 0.579426 0.706934
    outer loop
      vertex 150.531 25.7735 3
      vertex 149.515 27.1364 1.3
      vertex 150.53 25.7728 3
    endloop
  endfacet
  facet normal -0.389287 -0.591027 0.7065
    outer loop
      vertex 150.53 31.2272 3
      vertex 150.201 31.4439 3
      vertex 149.515 29.8636 1.3
    endloop
  endfacet
  facet normal -0.389287 0.591027 0.7065
    outer loop
      vertex 150.201 25.5561 3
      vertex 150.53 25.7728 3
      vertex 149.515 27.1364 1.3
    endloop
  endfacet
  facet normal 0 0 1
    outer loop
      vertex 150.2 28.5 1.3
      vertex 150.189 28.6974 1.3
      vertex 150.154 28.892 1.3
    endloop
  endfacet
  facet normal 0 -0 1
    outer loop
      vertex 146.811 28.3026 1.3
      vertex 146.811 28.6974 1.3
      vertex 146.8 28.5 1.3
    endloop
  endfacet
  facet normal -0 -0 1
    outer loop
      vertex 146.846 28.108 1.3
      vertex 146.903 27.9186 1.3
      vertex 146.811 28.3026 1.3
    endloop
  endfacet
  facet normal 0 0 1
    outer loop
      vertex 149.173 30.061 1.3
      vertex 148.988 30.1286 1.3
      vertex 148.795 30.1742 1.3
    endloop
  endfacet
  facet normal 0 0 1
    outer loop
      vertex 149.515 29.8636 1.3
      vertex 149.35 29.9722 1.3
      vertex 149.173 30.061 1.3
    endloop
  endfacet
  facet normal -0 -0 1
    outer loop
      vertex 148.205 26.8258 1.3
      vertex 148.401 26.8029 1.3
      vertex 148.012 26.8714 1.3
    endloop
  endfacet
  facet normal 0 -0 1
    outer loop
      vertex 148.599 26.8029 1.3
      vertex 148.795 26.8258 1.3
      vertex 148.401 26.8029 1.3
    endloop
  endfacet
  facet normal 0 -0 1
    outer loop
      vertex 149.35 27.0278 1.3
      vertex 149.515 27.1364 1.3
      vertex 149.173 26.939 1.3
    endloop
  endfacet
  facet normal 0 -0 1
    outer loop
      vertex 149.667 27.2635 1.3
      vertex 149.802 27.4073 1.3
      vertex 149.515 27.1364 1.3
    endloop
  endfacet
  facet normal 0 -0 1
    outer loop
      vertex 148.988 26.8714 1.3
      vertex 149.173 26.939 1.3
      vertex 148.795 26.8258 1.3
    endloop
  endfacet
  facet normal 0 -0 1
    outer loop
      vertex 149.92 27.5658 1.3
      vertex 150.019 27.737 1.3
      vertex 149.802 27.4073 1.3
    endloop
  endfacet
  facet normal 0 0 1
    outer loop
      vertex 147.333 29.7365 1.3
      vertex 147.198 29.5927 1.3
      vertex 147.08 29.4342 1.3
    endloop
  endfacet
  facet normal 0 0 1
    outer loop
      vertex 149.802 29.5927 1.3
      vertex 149.667 29.7365 1.3
      vertex 149.515 29.8636 1.3
    endloop
  endfacet
  facet normal 0 -0 1
    outer loop
      vertex 150.097 27.9186 1.3
      vertex 150.154 28.108 1.3
      vertex 150.019 27.737 1.3
    endloop
  endfacet
  facet normal 0 0 1
    outer loop
      vertex 150.019 29.263 1.3
      vertex 149.92 29.4342 1.3
      vertex 149.802 29.5927 1.3
    endloop
  endfacet
  facet normal 0 0 1
    outer loop
      vertex 150.154 28.892 1.3
      vertex 150.097 29.0814 1.3
      vertex 150.019 29.263 1.3
    endloop
  endfacet
  facet normal -0 -0 1
    outer loop
      vertex 147.198 27.4073 1.3
      vertex 147.333 27.2635 1.3
      vertex 147.08 27.5658 1.3
    endloop
  endfacet
  facet normal -0 -0 1
    outer loop
      vertex 146.981 27.737 1.3
      vertex 147.08 27.5658 1.3
      vertex 146.903 27.9186 1.3
    endloop
  endfacet
  facet normal 0 -0 1
    outer loop
      vertex 150.189 28.3026 1.3
      vertex 150.2 28.5 1.3
      vertex 150.154 28.108 1.3
    endloop
  endfacet
  facet normal 0 0 1
    outer loop
      vertex 147.08 29.4342 1.3
      vertex 146.981 29.263 1.3
      vertex 146.903 29.0814 1.3
    endloop
  endfacet
  facet normal 0 0 1
    outer loop
      vertex 147.65 29.9722 1.3
      vertex 147.485 29.8636 1.3
      vertex 147.333 29.7365 1.3
    endloop
  endfacet
  facet normal -0 -0 1
    outer loop
      vertex 147.827 26.939 1.3
      vertex 148.012 26.8714 1.3
      vertex 147.65 27.0278 1.3
    endloop
  endfacet
  facet normal 0 0 1
    outer loop
      vertex 146.903 29.0814 1.3
      vertex 146.846 28.892 1.3
      vertex 146.811 28.6974 1.3
    endloop
  endfacet
  facet normal 0 0 1
    outer loop
      vertex 148.795 30.1742 1.3
      vertex 148.599 30.1971 1.3
      vertex 148.401 30.1971 1.3
    endloop
  endfacet
  facet normal -0 -0 1
    outer loop
      vertex 147.485 27.1364 1.3
      vertex 147.65 27.0278 1.3
      vertex 147.333 27.2635 1.3
    endloop
  endfacet
  facet normal 0 0 1
    outer loop
      vertex 148.012 30.1286 1.3
      vertex 147.827 30.061 1.3
      vertex 147.65 29.9722 1.3
    endloop
  endfacet
  facet normal 0 0 1
    outer loop
      vertex 148.401 30.1971 1.3
      vertex 148.205 30.1742 1.3
      vertex 148.012 30.1286 1.3
    endloop
  endfacet
  facet normal 0.316457 -0.632915 0.706593
    outer loop
      vertex 147.152 31.6214 3
      vertex 147.827 30.061 1.3
      vertex 147.153 31.6219 3
    endloop
  endfacet
  facet normal 0.317327 -0.632509 0.706566
    outer loop
      vertex 147.827 30.061 1.3
      vertex 147.152 31.6214 3
      vertex 147.65 29.9722 1.3
    endloop
  endfacet
  facet normal -0.847998 -0.529999 0
    outer loop
      vertex 0 -65.5 0
      vertex 0.4 -66.14 2.4
      vertex 0 -65.5 2.4
    endloop
  endfacet
  facet normal -0.847998 -0.529999 -2.09215e-16
    outer loop
      vertex 1.875 -68.5 0
      vertex 0.4 -66.14 2.4
      vertex 0 -65.5 0
    endloop
  endfacet
  facet normal -0.847998 -0.529999 -0
    outer loop
      vertex 1.875 -68.5 3
      vertex 0.4 -66.14 2.4
      vertex 1.875 -68.5 0
    endloop
  endfacet
  facet normal -0.847998 -0.529999 0
    outer loop
      vertex 0.4 -66.14 2.4
      vertex 1.875 -68.5 3
      vertex 0.4 -66.14 3
    endloop
  endfacet
  facet normal 0.847998 -0.529999 0
    outer loop
      vertex -0.400001 -66.14 3
      vertex -1.875 -68.5 3
      vertex -0.400001 -66.14 2.4
    endloop
  endfacet
  facet normal 0.847998 -0.53 0
    outer loop
      vertex -0.400001 -66.14 2.4
      vertex 0 -65.5 0
      vertex 0 -65.5 2.4
    endloop
  endfacet
  facet normal 0.847998 -0.529999 0
    outer loop
      vertex -1.875 -68.5 0
      vertex -0.400001 -66.14 2.4
      vertex -1.875 -68.5 3
    endloop
  endfacet
  facet normal 0.847998 -0.529999 3.53333e-07
    outer loop
      vertex -0.400001 -66.14 2.4
      vertex -1.875 -68.5 0
      vertex 0 -65.5 0
    endloop
  endfacet
  facet normal 0.847998 0.529999 -0
    outer loop
      vertex -0.400001 31.14 2.4
      vertex -1.875 33.5 3
      vertex -0.400001 31.14 3
    endloop
  endfacet
  facet normal 0.847998 0.529999 0
    outer loop
      vertex -1.875 33.5 3
      vertex -0.400001 31.14 2.4
      vertex -1.875 33.5 0
    endloop
  endfacet
  facet normal 0.847998 0.53 -0
    outer loop
      vertex 0 30.5 0
      vertex -0.400001 31.14 2.4
      vertex 0 30.5 2.4
    endloop
  endfacet
  facet normal 0.847998 0.529999 3.53333e-07
    outer loop
      vertex -0.400001 31.14 2.4
      vertex 0 30.5 0
      vertex -1.875 33.5 0
    endloop
  endfacet
  facet normal -0.847998 0.529999 0
    outer loop
      vertex 1.875 33.5 0
      vertex 0.4 31.14 2.4
      vertex 1.875 33.5 3
    endloop
  endfacet
  facet normal -0.847998 0.529999 -1.04607e-16
    outer loop
      vertex 0 30.5 0
      vertex 0.4 31.14 2.4
      vertex 1.875 33.5 0
    endloop
  endfacet
  facet normal -0.847998 0.529999 0
    outer loop
      vertex 0.4 31.14 2.4
      vertex 0 30.5 0
      vertex 0 30.5 2.4
    endloop
  endfacet
  facet normal -0.847998 0.529999 0
    outer loop
      vertex 1.875 33.5 3
      vertex 0.4 31.14 2.4
      vertex 0.4 31.14 3
    endloop
  endfacet
  facet normal -0.53 0.847998 0
    outer loop
      vertex -30.5 0 2.4
      vertex -30.5 0 0
      vertex -31.14 -0.400001 2.4
    endloop
  endfacet
  facet normal -0.529999 0.847998 0
    outer loop
      vertex -31.14 -0.400001 2.4
      vertex -33.5 -1.875 3
      vertex -31.14 -0.400001 3
    endloop
  endfacet
  facet normal -0.529999 0.847998 3.53333e-07
    outer loop
      vertex -33.5 -1.875 0
      vertex -31.14 -0.400001 2.4
      vertex -30.5 0 0
    endloop
  endfacet
  facet normal -0.529999 0.847998 0
    outer loop
      vertex -31.14 -0.400001 2.4
      vertex -33.5 -1.875 0
      vertex -33.5 -1.875 3
    endloop
  endfacet
  facet normal -0.529999 -0.847998 0
    outer loop
      vertex -33.5 1.875 3
      vertex -31.14 0.4 2.4
      vertex -31.14 0.4 3
    endloop
  endfacet
  facet normal -0.529999 -0.847998 0
    outer loop
      vertex -33.5 1.875 0
      vertex -31.14 0.4 2.4
      vertex -33.5 1.875 3
    endloop
  endfacet
  facet normal -0.529999 -0.847998 -1.04607e-16
    outer loop
      vertex -30.5 0 0
      vertex -31.14 0.4 2.4
      vertex -33.5 1.875 0
    endloop
  endfacet
  facet normal -0.529999 -0.847998 0
    outer loop
      vertex -31.14 0.4 2.4
      vertex -30.5 0 0
      vertex -30.5 0 2.4
    endloop
  endfacet
  facet normal 0.529999 -0.847998 0
    outer loop
      vertex 150.5 0 2.4
      vertex 150.5 0 0
      vertex 151.14 0.4 2.4
    endloop
  endfacet
  facet normal 0.529999 -0.847998 0
    outer loop
      vertex 151.14 0.4 2.4
      vertex 153.5 1.875 3
      vertex 151.14 0.4 3
    endloop
  endfacet
  facet normal 0.529999 -0.847998 2.92901e-15
    outer loop
      vertex 153.5 1.875 0
      vertex 151.14 0.4 2.4
      vertex 150.5 0 0
    endloop
  endfacet
  facet normal 0.529999 -0.847998 0
    outer loop
      vertex 151.14 0.4 2.4
      vertex 153.5 1.875 0
      vertex 153.5 1.875 3
    endloop
  endfacet
  facet normal 0.529999 0.847998 0
    outer loop
      vertex 153.5 -1.875 3
      vertex 151.14 -0.400001 2.4
      vertex 151.14 -0.400001 3
    endloop
  endfacet
  facet normal 0.529999 0.847998 -0
    outer loop
      vertex 153.5 -1.875 0
      vertex 151.14 -0.400001 2.4
      vertex 153.5 -1.875 3
    endloop
  endfacet
  facet normal 0.529999 0.847998 3.53333e-07
    outer loop
      vertex 150.5 0 0
      vertex 151.14 -0.400001 2.4
      vertex 153.5 -1.875 0
    endloop
  endfacet
  facet normal 0.53 0.847998 0
    outer loop
      vertex 151.14 -0.400001 2.4
      vertex 150.5 0 0
      vertex 150.5 0 2.4
    endloop
  endfacet
  facet normal -1 0 0
    outer loop
      vertex 140.5 -10.5 3
      vertex 140.5 20.5 9
      vertex 140.5 20.5 3
    endloop
  endfacet
  facet normal -1 -0 0
    outer loop
      vertex 140.5 20.5 9
      vertex 140.5 -10.5 3
      vertex 140.5 -10.5 9
    endloop
  endfacet
  facet normal -1 0 0
    outer loop
      vertex 140.5 -55.5 3
      vertex 140.5 -24.5 9
      vertex 140.5 -24.5 3
    endloop
  endfacet
  facet normal -1 -0 0
    outer loop
      vertex 140.5 -24.5 9
      vertex 140.5 -55.5 3
      vertex 140.5 -55.5 9
    endloop
  endfacet
  facet normal 1 -0 0
    outer loop
      vertex -20.5 -55.5 9
      vertex -20.5 20.5 3
      vertex -20.5 20.5 9
    endloop
  endfacet
  facet normal 1 0 0
    outer loop
      vertex -20.5 20.5 3
      vertex -20.5 -55.5 9
      vertex -20.5 -55.5 3
    endloop
  endfacet
  facet normal 0 -1 0
    outer loop
      vertex 90 20.5 3
      vertex 140.5 20.5 9
      vertex 90 20.5 9
    endloop
  endfacet
  facet normal 0 -1 -0
    outer loop
      vertex 140.5 20.5 9
      vertex 90 20.5 3
      vertex 140.5 20.5 3
    endloop
  endfacet
  facet normal 0 -1 0
    outer loop
      vertex -20.5 20.5 3
      vertex 20 20.5 9
      vertex -20.5 20.5 9
    endloop
  endfacet
  facet normal 0 -1 -0
    outer loop
      vertex 20 20.5 9
      vertex -20.5 20.5 3
      vertex 20 20.5 3
    endloop
  endfacet
  facet normal 0 1 -0
    outer loop
      vertex 140.5 -55.5 3
      vertex 72.4078 -55.5 9
      vertex 140.5 -55.5 9
    endloop
  endfacet
  facet normal 0 1 0
    outer loop
      vertex 72.4078 -55.5 9
      vertex 140.5 -55.5 3
      vertex 72.4078 -55.5 3
    endloop
  endfacet
  facet normal 0 1 -0
    outer loop
      vertex 47.5922 -55.5 3
      vertex -20.5 -55.5 9
      vertex 47.5922 -55.5 9
    endloop
  endfacet
  facet normal 0 1 0
    outer loop
      vertex -20.5 -55.5 9
      vertex 47.5922 -55.5 3
      vertex -20.5 -55.5 3
    endloop
  endfacet
  facet normal 0.156427 -0.987689 0
    outer loop
      vertex -2.60472 14.7721 0
      vertex -2.0876 14.854 3
      vertex -2.60472 14.7721 3
    endloop
  endfacet
  facet normal 0.156427 -0.987689 0
    outer loop
      vertex -2.0876 14.854 3
      vertex -2.60472 14.7721 0
      vertex -2.0876 14.854 0
    endloop
  endfacet
  facet normal -0.874648 -0.484759 0
    outer loop
      vertex 13.2442 7.04207 0
      vertex 12.9904 7.5 3
      vertex 12.9904 7.5 0
    endloop
  endfacet
  facet normal -0.874648 -0.484759 0
    outer loop
      vertex 12.9904 7.5 3
      vertex 13.2442 7.04207 0
      vertex 13.2442 7.04207 3
    endloop
  endfacet
  facet normal 0.0523326 0.99863 -0
    outer loop
      vertex -0.523493 -14.9909 0
      vertex -1.04635 -14.9635 3
      vertex -0.523493 -14.9909 3
    endloop
  endfacet
  facet normal 0.0523326 0.99863 0
    outer loop
      vertex -1.04635 -14.9635 3
      vertex -0.523493 -14.9909 0
      vertex -1.04635 -14.9635 0
    endloop
  endfacet
  facet normal -0.515094 0.857134 0
    outer loop
      vertex 7.94879 -12.7207 0
      vertex 7.5 -12.9904 3
      vertex 7.94879 -12.7207 3
    endloop
  endfacet
  facet normal -0.515094 0.857134 0
    outer loop
      vertex 7.5 -12.9904 3
      vertex 7.94879 -12.7207 0
      vertex 7.5 -12.9904 0
    endloop
  endfacet
  facet normal -0.999849 -0.0173806 0
    outer loop
      vertex 15 0 0
      vertex 14.9909 0.523492 3
      vertex 14.9909 0.523492 0
    endloop
  endfacet
  facet normal -0.999849 -0.0173806 0
    outer loop
      vertex 14.9909 0.523492 3
      vertex 15 0 0
      vertex 15 0 3
    endloop
  endfacet
  facet normal -0.121855 0.992548 0
    outer loop
      vertex 2.0876 -14.854 0
      vertex 1.56793 -14.9178 3
      vertex 2.0876 -14.854 3
    endloop
  endfacet
  facet normal -0.121855 0.992548 0
    outer loop
      vertex 1.56793 -14.9178 3
      vertex 2.0876 -14.854 0
      vertex 1.56793 -14.9178 0
    endloop
  endfacet
  facet normal -0.629328 -0.777139 0
    outer loop
      vertex 9.23492 11.8202 0
      vertex 9.64181 11.4907 3
      vertex 9.23492 11.8202 3
    endloop
  endfacet
  facet normal -0.629328 -0.777139 -0
    outer loop
      vertex 9.64181 11.4907 3
      vertex 9.23492 11.8202 0
      vertex 9.64181 11.4907 0
    endloop
  endfacet
  facet normal -0.573561 -0.819163 0
    outer loop
      vertex 8.38789 12.4356 0
      vertex 8.81678 12.1353 3
      vertex 8.38789 12.4356 3
    endloop
  endfacet
  facet normal -0.573561 -0.819163 -0
    outer loop
      vertex 8.81678 12.1353 3
      vertex 8.38789 12.4356 0
      vertex 8.81678 12.1353 0
    endloop
  endfacet
  facet normal 0.682039 0.731316 -0
    outer loop
      vertex -10.037 -11.1472 0
      vertex -10.4199 -10.7901 3
      vertex -10.037 -11.1472 3
    endloop
  endfacet
  facet normal 0.682039 0.731316 0
    outer loop
      vertex -10.4199 -10.7901 3
      vertex -10.037 -11.1472 0
      vertex -10.4199 -10.7901 0
    endloop
  endfacet
  facet normal -0.857134 0.515094 0
    outer loop
      vertex 12.7207 -7.94879 0
      vertex 12.9904 -7.5 3
      vertex 12.9904 -7.5 0
    endloop
  endfacet
  facet normal -0.857134 0.515094 0
    outer loop
      vertex 12.9904 -7.5 3
      vertex 12.7207 -7.94879 0
      vertex 12.7207 -7.94879 3
    endloop
  endfacet
  facet normal -0.258801 0.965931 0
    outer loop
      vertex 4.13456 -14.4189 0
      vertex 3.62883 -14.5544 3
      vertex 4.13456 -14.4189 3
    endloop
  endfacet
  facet normal -0.258801 0.965931 0
    outer loop
      vertex 3.62883 -14.5544 3
      vertex 4.13456 -14.4189 0
      vertex 3.62883 -14.5544 0
    endloop
  endfacet
  facet normal 0.544565 0.838718 -0
    outer loop
      vertex -7.94879 -12.7207 0
      vertex -8.38789 -12.4356 3
      vertex -7.94879 -12.7207 3
    endloop
  endfacet
  facet normal 0.544565 0.838718 0
    outer loop
      vertex -8.38789 -12.4356 3
      vertex -7.94879 -12.7207 0
      vertex -8.38789 -12.4356 0
    endloop
  endfacet
  facet normal -0.754741 -0.656023 0
    outer loop
      vertex 11.4907 9.64181 0
      vertex 11.1472 10.037 3
      vertex 11.1472 10.037 0
    endloop
  endfacet
  facet normal -0.754741 -0.656023 0
    outer loop
      vertex 11.1472 10.037 3
      vertex 11.4907 9.64181 0
      vertex 11.4907 9.64181 3
    endloop
  endfacet
  facet normal 0.515094 -0.857134 0
    outer loop
      vertex -7.94879 12.7207 0
      vertex -7.5 12.9904 3
      vertex -7.94879 12.7207 3
    endloop
  endfacet
  facet normal 0.515094 -0.857134 0
    outer loop
      vertex -7.5 12.9904 3
      vertex -7.94879 12.7207 0
      vertex -7.5 12.9904 0
    endloop
  endfacet
  facet normal -0.454 0.891002 0
    outer loop
      vertex 7.04207 -13.2442 0
      vertex 6.57557 -13.4819 3
      vertex 7.04207 -13.2442 3
    endloop
  endfacet
  facet normal -0.454 0.891002 0
    outer loop
      vertex 6.57557 -13.4819 3
      vertex 7.04207 -13.2442 0
      vertex 6.57557 -13.4819 0
    endloop
  endfacet
  facet normal -0.981629 -0.190802 0
    outer loop
      vertex 14.7721 2.60472 0
      vertex 14.6722 3.11868 3
      vertex 14.6722 3.11868 0
    endloop
  endfacet
  facet normal -0.981629 -0.190802 0
    outer loop
      vertex 14.6722 3.11868 3
      vertex 14.7721 2.60472 0
      vertex 14.7721 2.60472 3
    endloop
  endfacet
  facet normal -0.656023 -0.754741 0
    outer loop
      vertex 9.64181 11.4907 0
      vertex 10.037 11.1472 3
      vertex 9.64181 11.4907 3
    endloop
  endfacet
  facet normal -0.656023 -0.754741 -0
    outer loop
      vertex 10.037 11.1472 3
      vertex 9.64181 11.4907 0
      vertex 10.037 11.1472 0
    endloop
  endfacet
  facet normal 0.992548 0.121855 0
    outer loop
      vertex -14.854 -2.0876 3
      vertex -14.9178 -1.56793 0
      vertex -14.9178 -1.56793 3
    endloop
  endfacet
  facet normal 0.992548 0.121855 0
    outer loop
      vertex -14.9178 -1.56793 0
      vertex -14.854 -2.0876 3
      vertex -14.854 -2.0876 0
    endloop
  endfacet
  facet normal -0.965931 0.258801 0
    outer loop
      vertex 14.4189 -4.13456 0
      vertex 14.5544 -3.62883 3
      vertex 14.5544 -3.62883 0
    endloop
  endfacet
  facet normal -0.965931 0.258801 0
    outer loop
      vertex 14.5544 -3.62883 3
      vertex 14.4189 -4.13456 0
      vertex 14.4189 -4.13456 3
    endloop
  endfacet
  facet normal -0.390771 -0.920488 0
    outer loop
      vertex 5.6191 13.9078 0
      vertex 6.10105 13.7032 3
      vertex 5.6191 13.9078 3
    endloop
  endfacet
  facet normal -0.390771 -0.920488 -0
    outer loop
      vertex 6.10105 13.7032 3
      vertex 5.6191 13.9078 0
      vertex 6.10105 13.7032 0
    endloop
  endfacet
  facet normal 0.945553 -0.325467 0
    outer loop
      vertex -14.2658 4.63525 3
      vertex -14.0954 5.1303 0
      vertex -14.0954 5.1303 3
    endloop
  endfacet
  facet normal 0.945553 -0.325467 0
    outer loop
      vertex -14.0954 5.1303 0
      vertex -14.2658 4.63525 3
      vertex -14.2658 4.63525 0
    endloop
  endfacet
  facet normal 0.838718 0.544565 0
    outer loop
      vertex -12.4356 -8.38789 3
      vertex -12.7207 -7.94879 0
      vertex -12.7207 -7.94879 3
    endloop
  endfacet
  facet normal 0.838718 0.544565 0
    outer loop
      vertex -12.7207 -7.94879 0
      vertex -12.4356 -8.38789 3
      vertex -12.4356 -8.38789 0
    endloop
  endfacet
  facet normal 0.390771 -0.920488 0
    outer loop
      vertex -6.10105 13.7032 0
      vertex -5.6191 13.9078 3
      vertex -6.10105 13.7032 3
    endloop
  endfacet
  facet normal 0.390771 -0.920488 0
    outer loop
      vertex -5.6191 13.9078 3
      vertex -6.10105 13.7032 0
      vertex -5.6191 13.9078 0
    endloop
  endfacet
  facet normal -0.956292 -0.292413 0
    outer loop
      vertex 14.4189 4.13456 0
      vertex 14.2658 4.63525 3
      vertex 14.2658 4.63525 0
    endloop
  endfacet
  facet normal -0.956292 -0.292413 0
    outer loop
      vertex 14.2658 4.63525 3
      vertex 14.4189 4.13456 0
      vertex 14.4189 4.13456 3
    endloop
  endfacet
  facet normal 0.819163 -0.573561 0
    outer loop
      vertex -12.4356 8.38789 3
      vertex -12.1353 8.81678 0
      vertex -12.1353 8.81678 3
    endloop
  endfacet
  facet normal 0.819163 -0.573561 0
    outer loop
      vertex -12.1353 8.81678 0
      vertex -12.4356 8.38789 3
      vertex -12.4356 8.38789 0
    endloop
  endfacet
  facet normal 0.987689 0.156427 0
    outer loop
      vertex -14.7721 -2.60472 3
      vertex -14.854 -2.0876 0
      vertex -14.854 -2.0876 3
    endloop
  endfacet
  facet normal 0.987689 0.156427 0
    outer loop
      vertex -14.854 -2.0876 0
      vertex -14.7721 -2.60472 3
      vertex -14.7721 -2.60472 0
    endloop
  endfacet
  facet normal -0.707107 0.707107 0
    outer loop
      vertex 10.4199 -10.7901 0
      vertex 10.7901 -10.4199 3
      vertex 10.7901 -10.4199 0
    endloop
  endfacet
  facet normal -0.707107 0.707107 0
    outer loop
      vertex 10.7901 -10.4199 3
      vertex 10.4199 -10.7901 0
      vertex 10.4199 -10.7901 3
    endloop
  endfacet
  facet normal -0.0523325 -0.99863 0
    outer loop
      vertex 0.523492 14.9909 0
      vertex 1.04635 14.9635 3
      vertex 0.523492 14.9909 3
    endloop
  endfacet
  facet normal -0.0523325 -0.99863 -0
    outer loop
      vertex 1.04635 14.9635 3
      vertex 0.523492 14.9909 0
      vertex 1.04635 14.9635 0
    endloop
  endfacet
  facet normal 0.0523326 -0.99863 0
    outer loop
      vertex -1.04635 14.9635 0
      vertex -0.523493 14.9909 3
      vertex -1.04635 14.9635 3
    endloop
  endfacet
  facet normal 0.0523326 -0.99863 0
    outer loop
      vertex -0.523493 14.9909 3
      vertex -1.04635 14.9635 0
      vertex -0.523493 14.9909 0
    endloop
  endfacet
  facet normal 0.0173806 -0.999849 0
    outer loop
      vertex -0.523493 14.9909 0
      vertex 0 15 3
      vertex -0.523493 14.9909 3
    endloop
  endfacet
  facet normal 0.0173806 -0.999849 0
    outer loop
      vertex 0 15 3
      vertex -0.523493 14.9909 0
      vertex 0 15 0
    endloop
  endfacet
  facet normal -0.920488 0.390771 0
    outer loop
      vertex 13.7032 -6.10105 0
      vertex 13.9078 -5.6191 3
      vertex 13.9078 -5.6191 0
    endloop
  endfacet
  facet normal -0.920488 0.390771 0
    outer loop
      vertex 13.9078 -5.6191 3
      vertex 13.7032 -6.10105 0
      vertex 13.7032 -6.10105 3
    endloop
  endfacet
  facet normal -0.087284 0.996183 0
    outer loop
      vertex 1.56793 -14.9178 0
      vertex 1.04635 -14.9635 3
      vertex 1.56793 -14.9178 3
    endloop
  endfacet
  facet normal -0.087284 0.996183 0
    outer loop
      vertex 1.04635 -14.9635 3
      vertex 1.56793 -14.9178 0
      vertex 1.04635 -14.9635 0
    endloop
  endfacet
  facet normal -0.996183 -0.087284 0
    outer loop
      vertex 14.9635 1.04635 0
      vertex 14.9178 1.56793 3
      vertex 14.9178 1.56793 0
    endloop
  endfacet
  facet normal -0.996183 -0.087284 0
    outer loop
      vertex 14.9178 1.56793 3
      vertex 14.9635 1.04635 0
      vertex 14.9635 1.04635 3
    endloop
  endfacet
  facet normal -0.992548 -0.121855 0
    outer loop
      vertex 14.9178 1.56793 0
      vertex 14.854 2.0876 3
      vertex 14.854 2.0876 0
    endloop
  endfacet
  facet normal -0.992548 -0.121855 0
    outer loop
      vertex 14.854 2.0876 3
      vertex 14.9178 1.56793 0
      vertex 14.9178 1.56793 3
    endloop
  endfacet
  facet normal 0.981629 -0.190802 0
    outer loop
      vertex -14.7721 2.60472 3
      vertex -14.6722 3.11868 0
      vertex -14.6722 3.11868 3
    endloop
  endfacet
  facet normal 0.981629 -0.190802 0
    outer loop
      vertex -14.6722 3.11868 0
      vertex -14.7721 2.60472 3
      vertex -14.7721 2.60472 0
    endloop
  endfacet
  facet normal 0.573561 0.819163 -0
    outer loop
      vertex -8.38789 -12.4356 0
      vertex -8.81678 -12.1353 3
      vertex -8.38789 -12.4356 3
    endloop
  endfacet
  facet normal 0.573561 0.819163 0
    outer loop
      vertex -8.81678 -12.1353 3
      vertex -8.38789 -12.4356 0
      vertex -8.81678 -12.1353 0
    endloop
  endfacet
  facet normal 0.121855 -0.992548 0
    outer loop
      vertex -2.0876 14.854 0
      vertex -1.56793 14.9178 3
      vertex -2.0876 14.854 3
    endloop
  endfacet
  facet normal 0.121855 -0.992548 0
    outer loop
      vertex -1.56793 14.9178 3
      vertex -2.0876 14.854 0
      vertex -1.56793 14.9178 0
    endloop
  endfacet
  facet normal 0.224992 0.974361 -0
    outer loop
      vertex -3.11868 -14.6722 0
      vertex -3.62883 -14.5544 3
      vertex -3.11868 -14.6722 3
    endloop
  endfacet
  facet normal 0.224992 0.974361 0
    outer loop
      vertex -3.62883 -14.5544 3
      vertex -3.11868 -14.6722 0
      vertex -3.62883 -14.5544 0
    endloop
  endfacet
  facet normal 0.629328 0.777139 -0
    outer loop
      vertex -9.23492 -11.8202 0
      vertex -9.64181 -11.4907 3
      vertex -9.23492 -11.8202 3
    endloop
  endfacet
  facet normal 0.629328 0.777139 0
    outer loop
      vertex -9.64181 -11.4907 3
      vertex -9.23492 -11.8202 0
      vertex -9.64181 -11.4907 0
    endloop
  endfacet
  facet normal -0.544565 -0.838718 0
    outer loop
      vertex 7.94879 12.7207 0
      vertex 8.38789 12.4356 3
      vertex 7.94879 12.7207 3
    endloop
  endfacet
  facet normal -0.544565 -0.838718 -0
    outer loop
      vertex 8.38789 12.4356 3
      vertex 7.94879 12.7207 0
      vertex 8.38789 12.4356 0
    endloop
  endfacet
  facet normal -0.358313 -0.933601 0
    outer loop
      vertex 5.1303 14.0954 0
      vertex 5.6191 13.9078 3
      vertex 5.1303 14.0954 3
    endloop
  endfacet
  facet normal -0.358313 -0.933601 -0
    outer loop
      vertex 5.6191 13.9078 3
      vertex 5.1303 14.0954 0
      vertex 5.6191 13.9078 0
    endloop
  endfacet
  facet normal 0.682039 -0.731316 0
    outer loop
      vertex -10.4199 10.7901 0
      vertex -10.037 11.1472 3
      vertex -10.4199 10.7901 3
    endloop
  endfacet
  facet normal 0.682039 -0.731316 0
    outer loop
      vertex -10.037 11.1472 3
      vertex -10.4199 10.7901 0
      vertex -10.037 11.1472 0
    endloop
  endfacet
  facet normal 0.087284 -0.996183 0
    outer loop
      vertex -1.56793 14.9178 0
      vertex -1.04635 14.9635 3
      vertex -1.56793 14.9178 3
    endloop
  endfacet
  facet normal 0.087284 -0.996183 0
    outer loop
      vertex -1.04635 14.9635 3
      vertex -1.56793 14.9178 0
      vertex -1.04635 14.9635 0
    endloop
  endfacet
  facet normal -0.484759 0.874648 0
    outer loop
      vertex 7.5 -12.9904 0
      vertex 7.04207 -13.2442 3
      vertex 7.5 -12.9904 3
    endloop
  endfacet
  facet normal -0.484759 0.874648 0
    outer loop
      vertex 7.04207 -13.2442 3
      vertex 7.5 -12.9904 0
      vertex 7.04207 -13.2442 0
    endloop
  endfacet
  facet normal 0.945551 0.325473 0
    outer loop
      vertex -14.0954 -5.1303 3
      vertex -14.2658 -4.63526 0
      vertex -14.2658 -4.63526 3
    endloop
  endfacet
  facet normal 0.945551 0.325473 0
    outer loop
      vertex -14.2658 -4.63526 0
      vertex -14.0954 -5.1303 3
      vertex -14.0954 -5.1303 0
    endloop
  endfacet
  facet normal -0.819163 0.573561 0
    outer loop
      vertex 12.1353 -8.81678 0
      vertex 12.4356 -8.38789 3
      vertex 12.4356 -8.38789 0
    endloop
  endfacet
  facet normal -0.819163 0.573561 0
    outer loop
      vertex 12.4356 -8.38789 3
      vertex 12.1353 -8.81678 0
      vertex 12.1353 -8.81678 3
    endloop
  endfacet
  facet normal 0.656023 -0.754741 0
    outer loop
      vertex -10.037 11.1472 0
      vertex -9.64181 11.4907 3
      vertex -10.037 11.1472 3
    endloop
  endfacet
  facet normal 0.656023 -0.754741 0
    outer loop
      vertex -9.64181 11.4907 3
      vertex -10.037 11.1472 0
      vertex -9.64181 11.4907 0
    endloop
  endfacet
  facet normal 0.731316 0.682039 0
    outer loop
      vertex -10.7901 -10.4199 3
      vertex -11.1472 -10.037 0
      vertex -11.1472 -10.037 3
    endloop
  endfacet
  facet normal 0.731316 0.682039 0
    outer loop
      vertex -11.1472 -10.037 0
      vertex -10.7901 -10.4199 3
      vertex -10.7901 -10.4199 0
    endloop
  endfacet
  facet normal 0.874648 -0.484759 0
    outer loop
      vertex -13.2442 7.04207 3
      vertex -12.9904 7.5 0
      vertex -12.9904 7.5 3
    endloop
  endfacet
  facet normal 0.874648 -0.484759 0
    outer loop
      vertex -12.9904 7.5 0
      vertex -13.2442 7.04207 3
      vertex -13.2442 7.04207 0
    endloop
  endfacet
  facet normal -0.0173806 -0.999849 0
    outer loop
      vertex 0 15 0
      vertex 0.523492 14.9909 3
      vertex 0 15 3
    endloop
  endfacet
  facet normal -0.0173806 -0.999849 -0
    outer loop
      vertex 0.523492 14.9909 3
      vertex 0 15 0
      vertex 0.523492 14.9909 0
    endloop
  endfacet
  facet normal 0.99863 -0.0523325 0
    outer loop
      vertex -14.9909 0.523492 3
      vertex -14.9635 1.04635 0
      vertex -14.9635 1.04635 3
    endloop
  endfacet
  facet normal 0.99863 -0.0523325 0
    outer loop
      vertex -14.9635 1.04635 0
      vertex -14.9909 0.523492 3
      vertex -14.9909 0.523492 0
    endloop
  endfacet
  facet normal -0.999849 0.0173806 0
    outer loop
      vertex 14.9909 -0.523493 0
      vertex 15 0 3
      vertex 15 0 0
    endloop
  endfacet
  facet normal -0.999849 0.0173806 0
    outer loop
      vertex 15 0 3
      vertex 14.9909 -0.523493 0
      vertex 14.9909 -0.523493 3
    endloop
  endfacet
  facet normal -0.99863 0.0523326 0
    outer loop
      vertex 14.9635 -1.04635 0
      vertex 14.9909 -0.523493 3
      vertex 14.9909 -0.523493 0
    endloop
  endfacet
  facet normal -0.99863 0.0523326 0
    outer loop
      vertex 14.9909 -0.523493 3
      vertex 14.9635 -1.04635 0
      vertex 14.9635 -1.04635 3
    endloop
  endfacet
  facet normal 0.891002 0.454 0
    outer loop
      vertex -13.2442 -7.04207 3
      vertex -13.4819 -6.57557 0
      vertex -13.4819 -6.57557 3
    endloop
  endfacet
  facet normal 0.891002 0.454 0
    outer loop
      vertex -13.4819 -6.57557 0
      vertex -13.2442 -7.04207 3
      vertex -13.2442 -7.04207 0
    endloop
  endfacet
  facet normal -0.956294 0.292408 0
    outer loop
      vertex 14.2658 -4.63526 0
      vertex 14.4189 -4.13456 3
      vertex 14.4189 -4.13456 0
    endloop
  endfacet
  facet normal -0.956294 0.292408 0
    outer loop
      vertex 14.4189 -4.13456 3
      vertex 14.2658 -4.63526 0
      vertex 14.2658 -4.63526 3
    endloop
  endfacet
  facet normal 0.087284 0.996183 -0
    outer loop
      vertex -1.04635 -14.9635 0
      vertex -1.56793 -14.9178 3
      vertex -1.04635 -14.9635 3
    endloop
  endfacet
  facet normal 0.087284 0.996183 0
    outer loop
      vertex -1.56793 -14.9178 3
      vertex -1.04635 -14.9635 0
      vertex -1.56793 -14.9178 0
    endloop
  endfacet
  facet normal 0.99863 0.0523326 0
    outer loop
      vertex -14.9635 -1.04635 3
      vertex -14.9909 -0.523493 0
      vertex -14.9909 -0.523493 3
    endloop
  endfacet
  facet normal 0.99863 0.0523326 0
    outer loop
      vertex -14.9909 -0.523493 0
      vertex -14.9635 -1.04635 3
      vertex -14.9635 -1.04635 0
    endloop
  endfacet
  facet normal 0.891002 -0.454 0
    outer loop
      vertex -13.4819 6.57557 3
      vertex -13.2442 7.04207 0
      vertex -13.2442 7.04207 3
    endloop
  endfacet
  facet normal 0.891002 -0.454 0
    outer loop
      vertex -13.2442 7.04207 0
      vertex -13.4819 6.57557 3
      vertex -13.4819 6.57557 0
    endloop
  endfacet
  facet normal -0.974361 -0.224992 0
    outer loop
      vertex 14.6722 3.11868 0
      vertex 14.5544 3.62883 3
      vertex 14.5544 3.62883 0
    endloop
  endfacet
  facet normal -0.974361 -0.224992 0
    outer loop
      vertex 14.5544 3.62883 3
      vertex 14.6722 3.11868 0
      vertex 14.6722 3.11868 3
    endloop
  endfacet
  facet normal 0.190802 -0.981629 0
    outer loop
      vertex -3.11868 14.6722 0
      vertex -2.60472 14.7721 3
      vertex -3.11868 14.6722 3
    endloop
  endfacet
  facet normal 0.190802 -0.981629 0
    outer loop
      vertex -2.60472 14.7721 3
      vertex -3.11868 14.6722 0
      vertex -2.60472 14.7721 0
    endloop
  endfacet
  facet normal -0.996183 0.087284 0
    outer loop
      vertex 14.9178 -1.56793 0
      vertex 14.9635 -1.04635 3
      vertex 14.9635 -1.04635 0
    endloop
  endfacet
  facet normal -0.996183 0.087284 0
    outer loop
      vertex 14.9635 -1.04635 3
      vertex 14.9178 -1.56793 0
      vertex 14.9178 -1.56793 3
    endloop
  endfacet
  facet normal 0.777139 -0.629328 0
    outer loop
      vertex -11.8202 9.23492 3
      vertex -11.4907 9.64181 0
      vertex -11.4907 9.64181 3
    endloop
  endfacet
  facet normal 0.777139 -0.629328 0
    outer loop
      vertex -11.4907 9.64181 0
      vertex -11.8202 9.23492 3
      vertex -11.8202 9.23492 0
    endloop
  endfacet
  facet normal -0.573561 0.819163 0
    outer loop
      vertex 8.81678 -12.1353 0
      vertex 8.38789 -12.4356 3
      vertex 8.81678 -12.1353 3
    endloop
  endfacet
  facet normal -0.573561 0.819163 0
    outer loop
      vertex 8.38789 -12.4356 3
      vertex 8.81678 -12.1353 0
      vertex 8.38789 -12.4356 0
    endloop
  endfacet
  facet normal -0.358313 0.933601 0
    outer loop
      vertex 5.6191 -13.9078 0
      vertex 5.1303 -14.0954 3
      vertex 5.6191 -13.9078 3
    endloop
  endfacet
  facet normal -0.358313 0.933601 0
    outer loop
      vertex 5.1303 -14.0954 3
      vertex 5.6191 -13.9078 0
      vertex 5.1303 -14.0954 0
    endloop
  endfacet
  facet normal 0.601826 0.798627 -0
    outer loop
      vertex -8.81678 -12.1353 0
      vertex -9.23492 -11.8202 3
      vertex -8.81678 -12.1353 3
    endloop
  endfacet
  facet normal 0.601826 0.798627 0
    outer loop
      vertex -9.23492 -11.8202 3
      vertex -8.81678 -12.1353 0
      vertex -9.23492 -11.8202 0
    endloop
  endfacet
  facet normal -0.731316 -0.682039 0
    outer loop
      vertex 11.1472 10.037 0
      vertex 10.7901 10.4199 3
      vertex 10.7901 10.4199 0
    endloop
  endfacet
  facet normal -0.731316 -0.682039 0
    outer loop
      vertex 10.7901 10.4199 3
      vertex 11.1472 10.037 0
      vertex 11.1472 10.037 3
    endloop
  endfacet
  facet normal -0.087284 -0.996183 0
    outer loop
      vertex 1.04635 14.9635 0
      vertex 1.56793 14.9178 3
      vertex 1.04635 14.9635 3
    endloop
  endfacet
  facet normal -0.087284 -0.996183 -0
    outer loop
      vertex 1.56793 14.9178 3
      vertex 1.04635 14.9635 0
      vertex 1.56793 14.9178 0
    endloop
  endfacet
  facet normal 0.190802 0.981629 -0
    outer loop
      vertex -2.60472 -14.7721 0
      vertex -3.11868 -14.6722 3
      vertex -2.60472 -14.7721 3
    endloop
  endfacet
  facet normal 0.190802 0.981629 0
    outer loop
      vertex -3.11868 -14.6722 3
      vertex -2.60472 -14.7721 0
      vertex -3.11868 -14.6722 0
    endloop
  endfacet
  facet normal -0.974361 0.224992 0
    outer loop
      vertex 14.5544 -3.62883 0
      vertex 14.6722 -3.11868 3
      vertex 14.6722 -3.11868 0
    endloop
  endfacet
  facet normal -0.974361 0.224992 0
    outer loop
      vertex 14.6722 -3.11868 3
      vertex 14.5544 -3.62883 0
      vertex 14.5544 -3.62883 3
    endloop
  endfacet
  facet normal 0.325473 0.945551 -0
    outer loop
      vertex -4.63526 -14.2658 0
      vertex -5.1303 -14.0954 3
      vertex -4.63526 -14.2658 3
    endloop
  endfacet
  facet normal 0.325473 0.945551 0
    outer loop
      vertex -5.1303 -14.0954 3
      vertex -4.63526 -14.2658 0
      vertex -5.1303 -14.0954 0
    endloop
  endfacet
  facet normal -0.992548 0.121855 0
    outer loop
      vertex 14.854 -2.0876 0
      vertex 14.9178 -1.56793 3
      vertex 14.9178 -1.56793 0
    endloop
  endfacet
  facet normal -0.992548 0.121855 0
    outer loop
      vertex 14.9178 -1.56793 3
      vertex 14.854 -2.0876 0
      vertex 14.854 -2.0876 3
    endloop
  endfacet
  facet normal -0.754741 0.656023 0
    outer loop
      vertex 11.1472 -10.037 0
      vertex 11.4907 -9.64181 3
      vertex 11.4907 -9.64181 0
    endloop
  endfacet
  facet normal -0.754741 0.656023 0
    outer loop
      vertex 11.4907 -9.64181 3
      vertex 11.1472 -10.037 0
      vertex 11.1472 -10.037 3
    endloop
  endfacet
  facet normal -0.99863 -0.0523325 0
    outer loop
      vertex 14.9909 0.523492 0
      vertex 14.9635 1.04635 3
      vertex 14.9635 1.04635 0
    endloop
  endfacet
  facet normal -0.99863 -0.0523325 0
    outer loop
      vertex 14.9635 1.04635 3
      vertex 14.9909 0.523492 0
      vertex 14.9909 0.523492 3
    endloop
  endfacet
  facet normal 0.992548 -0.121855 0
    outer loop
      vertex -14.9178 1.56793 3
      vertex -14.854 2.0876 0
      vertex -14.854 2.0876 3
    endloop
  endfacet
  facet normal 0.992548 -0.121855 0
    outer loop
      vertex -14.854 2.0876 0
      vertex -14.9178 1.56793 3
      vertex -14.9178 1.56793 0
    endloop
  endfacet
  facet normal -0.965931 -0.258801 0
    outer loop
      vertex 14.5544 3.62883 0
      vertex 14.4189 4.13456 3
      vertex 14.4189 4.13456 0
    endloop
  endfacet
  facet normal -0.965931 -0.258801 0
    outer loop
      vertex 14.4189 4.13456 3
      vertex 14.5544 3.62883 0
      vertex 14.5544 3.62883 3
    endloop
  endfacet
  facet normal 0.707107 0.707107 0
    outer loop
      vertex -10.4199 -10.7901 3
      vertex -10.7901 -10.4199 0
      vertex -10.7901 -10.4199 3
    endloop
  endfacet
  facet normal 0.707107 0.707107 0
    outer loop
      vertex -10.7901 -10.4199 0
      vertex -10.4199 -10.7901 3
      vertex -10.4199 -10.7901 0
    endloop
  endfacet
  facet normal -0.857134 -0.515094 0
    outer loop
      vertex 12.9904 7.5 0
      vertex 12.7207 7.94879 3
      vertex 12.7207 7.94879 0
    endloop
  endfacet
  facet normal -0.857134 -0.515094 0
    outer loop
      vertex 12.7207 7.94879 3
      vertex 12.9904 7.5 0
      vertex 12.9904 7.5 3
    endloop
  endfacet
  facet normal -0.292413 0.956292 0
    outer loop
      vertex 4.63525 -14.2658 0
      vertex 4.13456 -14.4189 3
      vertex 4.63525 -14.2658 3
    endloop
  endfacet
  facet normal -0.292413 0.956292 0
    outer loop
      vertex 4.13456 -14.4189 3
      vertex 4.63525 -14.2658 0
      vertex 4.13456 -14.4189 0
    endloop
  endfacet
  facet normal 0.974361 -0.224992 0
    outer loop
      vertex -14.6722 3.11868 3
      vertex -14.5544 3.62883 0
      vertex -14.5544 3.62883 3
    endloop
  endfacet
  facet normal 0.974361 -0.224992 0
    outer loop
      vertex -14.5544 3.62883 0
      vertex -14.6722 3.11868 3
      vertex -14.6722 3.11868 0
    endloop
  endfacet
  facet normal -0.945551 0.325473 0
    outer loop
      vertex 14.0954 -5.1303 0
      vertex 14.2658 -4.63526 3
      vertex 14.2658 -4.63526 0
    endloop
  endfacet
  facet normal -0.945551 0.325473 0
    outer loop
      vertex 14.2658 -4.63526 3
      vertex 14.0954 -5.1303 0
      vertex 14.0954 -5.1303 3
    endloop
  endfacet
  facet normal -0.945553 -0.325467 0
    outer loop
      vertex 14.2658 4.63525 0
      vertex 14.0954 5.1303 3
      vertex 14.0954 5.1303 0
    endloop
  endfacet
  facet normal -0.945553 -0.325467 0
    outer loop
      vertex 14.0954 5.1303 3
      vertex 14.2658 4.63525 0
      vertex 14.2658 4.63525 3
    endloop
  endfacet
  facet normal 0.996183 -0.087284 0
    outer loop
      vertex -14.9635 1.04635 3
      vertex -14.9178 1.56793 0
      vertex -14.9178 1.56793 3
    endloop
  endfacet
  facet normal 0.996183 -0.087284 0
    outer loop
      vertex -14.9178 1.56793 0
      vertex -14.9635 1.04635 3
      vertex -14.9635 1.04635 0
    endloop
  endfacet
  facet normal 0.601826 -0.798627 0
    outer loop
      vertex -9.23492 11.8202 0
      vertex -8.81678 12.1353 3
      vertex -9.23492 11.8202 3
    endloop
  endfacet
  facet normal 0.601826 -0.798627 0
    outer loop
      vertex -8.81678 12.1353 3
      vertex -9.23492 11.8202 0
      vertex -8.81678 12.1353 0
    endloop
  endfacet
  facet normal 0.974361 0.224992 0
    outer loop
      vertex -14.5544 -3.62883 3
      vertex -14.6722 -3.11868 0
      vertex -14.6722 -3.11868 3
    endloop
  endfacet
  facet normal 0.974361 0.224992 0
    outer loop
      vertex -14.6722 -3.11868 0
      vertex -14.5544 -3.62883 3
      vertex -14.5544 -3.62883 0
    endloop
  endfacet
  facet normal 0.325473 -0.945551 0
    outer loop
      vertex -5.1303 14.0954 0
      vertex -4.63526 14.2658 3
      vertex -5.1303 14.0954 3
    endloop
  endfacet
  facet normal 0.325473 -0.945551 0
    outer loop
      vertex -4.63526 14.2658 3
      vertex -5.1303 14.0954 0
      vertex -4.63526 14.2658 0
    endloop
  endfacet
  facet normal -0.292413 -0.956292 0
    outer loop
      vertex 4.13456 14.4189 0
      vertex 4.63525 14.2658 3
      vertex 4.13456 14.4189 3
    endloop
  endfacet
  facet normal -0.292413 -0.956292 -0
    outer loop
      vertex 4.63525 14.2658 3
      vertex 4.13456 14.4189 0
      vertex 4.63525 14.2658 0
    endloop
  endfacet
  facet normal -0.156427 0.987689 0
    outer loop
      vertex 2.60472 -14.7721 0
      vertex 2.0876 -14.854 3
      vertex 2.60472 -14.7721 3
    endloop
  endfacet
  facet normal -0.156427 0.987689 0
    outer loop
      vertex 2.0876 -14.854 3
      vertex 2.60472 -14.7721 0
      vertex 2.0876 -14.854 0
    endloop
  endfacet
  facet normal 0.484759 0.874648 -0
    outer loop
      vertex -7.04207 -13.2442 0
      vertex -7.5 -12.9904 3
      vertex -7.04207 -13.2442 3
    endloop
  endfacet
  facet normal 0.484759 0.874648 0
    outer loop
      vertex -7.5 -12.9904 3
      vertex -7.04207 -13.2442 0
      vertex -7.5 -12.9904 0
    endloop
  endfacet
  facet normal -0.987689 -0.156427 0
    outer loop
      vertex 14.854 2.0876 0
      vertex 14.7721 2.60472 3
      vertex 14.7721 2.60472 0
    endloop
  endfacet
  facet normal -0.987689 -0.156427 0
    outer loop
      vertex 14.7721 2.60472 3
      vertex 14.854 2.0876 0
      vertex 14.854 2.0876 3
    endloop
  endfacet
  facet normal 0.996183 0.087284 0
    outer loop
      vertex -14.9178 -1.56793 3
      vertex -14.9635 -1.04635 0
      vertex -14.9635 -1.04635 3
    endloop
  endfacet
  facet normal 0.996183 0.087284 0
    outer loop
      vertex -14.9635 -1.04635 0
      vertex -14.9178 -1.56793 3
      vertex -14.9178 -1.56793 0
    endloop
  endfacet
  facet normal -0.325467 0.945553 0
    outer loop
      vertex 5.1303 -14.0954 0
      vertex 4.63525 -14.2658 3
      vertex 5.1303 -14.0954 3
    endloop
  endfacet
  facet normal -0.325467 0.945553 0
    outer loop
      vertex 4.63525 -14.2658 3
      vertex 5.1303 -14.0954 0
      vertex 4.63525 -14.2658 0
    endloop
  endfacet
  facet normal -0.798627 -0.601826 0
    outer loop
      vertex 12.1353 8.81678 0
      vertex 11.8202 9.23492 3
      vertex 11.8202 9.23492 0
    endloop
  endfacet
  facet normal -0.798627 -0.601826 0
    outer loop
      vertex 11.8202 9.23492 3
      vertex 12.1353 8.81678 0
      vertex 12.1353 8.81678 3
    endloop
  endfacet
  facet normal -0.601826 0.798627 0
    outer loop
      vertex 9.23492 -11.8202 0
      vertex 8.81678 -12.1353 3
      vertex 9.23492 -11.8202 3
    endloop
  endfacet
  facet normal -0.601826 0.798627 0
    outer loop
      vertex 8.81678 -12.1353 3
      vertex 9.23492 -11.8202 0
      vertex 8.81678 -12.1353 0
    endloop
  endfacet
  facet normal -0.224992 0.974361 0
    outer loop
      vertex 3.62883 -14.5544 0
      vertex 3.11868 -14.6722 3
      vertex 3.62883 -14.5544 3
    endloop
  endfacet
  facet normal -0.224992 0.974361 0
    outer loop
      vertex 3.11868 -14.6722 3
      vertex 3.62883 -14.5544 0
      vertex 3.11868 -14.6722 0
    endloop
  endfacet
  facet normal 0.956292 -0.292413 0
    outer loop
      vertex -14.4189 4.13456 3
      vertex -14.2658 4.63525 0
      vertex -14.2658 4.63525 3
    endloop
  endfacet
  facet normal 0.956292 -0.292413 0
    outer loop
      vertex -14.2658 4.63525 0
      vertex -14.4189 4.13456 3
      vertex -14.4189 4.13456 0
    endloop
  endfacet
  facet normal -0.325467 -0.945553 0
    outer loop
      vertex 4.63525 14.2658 0
      vertex 5.1303 14.0954 3
      vertex 4.63525 14.2658 3
    endloop
  endfacet
  facet normal -0.325467 -0.945553 -0
    outer loop
      vertex 5.1303 14.0954 3
      vertex 4.63525 14.2658 0
      vertex 5.1303 14.0954 0
    endloop
  endfacet
  facet normal 0.798627 0.601826 0
    outer loop
      vertex -11.8202 -9.23492 3
      vertex -12.1353 -8.81678 0
      vertex -12.1353 -8.81678 3
    endloop
  endfacet
  facet normal 0.798627 0.601826 0
    outer loop
      vertex -12.1353 -8.81678 0
      vertex -11.8202 -9.23492 3
      vertex -11.8202 -9.23492 0
    endloop
  endfacet
  facet normal -0.422662 -0.906288 0
    outer loop
      vertex 6.10105 13.7032 0
      vertex 6.57557 13.4819 3
      vertex 6.10105 13.7032 3
    endloop
  endfacet
  facet normal -0.422662 -0.906288 -0
    outer loop
      vertex 6.57557 13.4819 3
      vertex 6.10105 13.7032 0
      vertex 6.57557 13.4819 0
    endloop
  endfacet
  facet normal -0.906288 -0.422662 0
    outer loop
      vertex 13.7032 6.10105 0
      vertex 13.4819 6.57557 3
      vertex 13.4819 6.57557 0
    endloop
  endfacet
  facet normal -0.906288 -0.422662 0
    outer loop
      vertex 13.4819 6.57557 3
      vertex 13.7032 6.10105 0
      vertex 13.7032 6.10105 3
    endloop
  endfacet
  facet normal -0.933601 0.358313 0
    outer loop
      vertex 13.9078 -5.6191 0
      vertex 14.0954 -5.1303 3
      vertex 14.0954 -5.1303 0
    endloop
  endfacet
  facet normal -0.933601 0.358313 0
    outer loop
      vertex 14.0954 -5.1303 3
      vertex 13.9078 -5.6191 0
      vertex 13.9078 -5.6191 3
    endloop
  endfacet
  facet normal 0.0173806 0.999849 -0
    outer loop
      vertex 0 -15 0
      vertex -0.523493 -14.9909 3
      vertex 0 -15 3
    endloop
  endfacet
  facet normal 0.0173806 0.999849 0
    outer loop
      vertex -0.523493 -14.9909 3
      vertex 0 -15 0
      vertex -0.523493 -14.9909 0
    endloop
  endfacet
  facet normal -0.906288 0.422662 0
    outer loop
      vertex 13.4819 -6.57557 0
      vertex 13.7032 -6.10105 3
      vertex 13.7032 -6.10105 0
    endloop
  endfacet
  facet normal -0.906288 0.422662 0
    outer loop
      vertex 13.7032 -6.10105 3
      vertex 13.4819 -6.57557 0
      vertex 13.4819 -6.57557 3
    endloop
  endfacet
  facet normal -0.0523325 0.99863 0
    outer loop
      vertex 1.04635 -14.9635 0
      vertex 0.523492 -14.9909 3
      vertex 1.04635 -14.9635 3
    endloop
  endfacet
  facet normal -0.0523325 0.99863 0
    outer loop
      vertex 0.523492 -14.9909 3
      vertex 1.04635 -14.9635 0
      vertex 0.523492 -14.9909 0
    endloop
  endfacet
  facet normal 0.422662 -0.906288 0
    outer loop
      vertex -6.57557 13.4819 0
      vertex -6.10105 13.7032 3
      vertex -6.57557 13.4819 3
    endloop
  endfacet
  facet normal 0.422662 -0.906288 0
    outer loop
      vertex -6.10105 13.7032 3
      vertex -6.57557 13.4819 0
      vertex -6.10105 13.7032 0
    endloop
  endfacet
  facet normal 0.422662 0.906288 -0
    outer loop
      vertex -6.10105 -13.7032 0
      vertex -6.57557 -13.4819 3
      vertex -6.10105 -13.7032 3
    endloop
  endfacet
  facet normal 0.422662 0.906288 0
    outer loop
      vertex -6.57557 -13.4819 3
      vertex -6.10105 -13.7032 0
      vertex -6.57557 -13.4819 0
    endloop
  endfacet
  facet normal 0.224992 -0.974361 0
    outer loop
      vertex -3.62883 14.5544 0
      vertex -3.11868 14.6722 3
      vertex -3.62883 14.5544 3
    endloop
  endfacet
  facet normal 0.224992 -0.974361 0
    outer loop
      vertex -3.11868 14.6722 3
      vertex -3.62883 14.5544 0
      vertex -3.11868 14.6722 0
    endloop
  endfacet
  facet normal -0.838718 -0.544565 0
    outer loop
      vertex 12.7207 7.94879 0
      vertex 12.4356 8.38789 3
      vertex 12.4356 8.38789 0
    endloop
  endfacet
  facet normal -0.838718 -0.544565 0
    outer loop
      vertex 12.4356 8.38789 3
      vertex 12.7207 7.94879 0
      vertex 12.7207 7.94879 3
    endloop
  endfacet
  facet normal 0.656023 0.754741 -0
    outer loop
      vertex -9.64181 -11.4907 0
      vertex -10.037 -11.1472 3
      vertex -9.64181 -11.4907 3
    endloop
  endfacet
  facet normal 0.656023 0.754741 0
    outer loop
      vertex -10.037 -11.1472 3
      vertex -9.64181 -11.4907 0
      vertex -10.037 -11.1472 0
    endloop
  endfacet
  facet normal -0.707107 -0.707107 0
    outer loop
      vertex 10.7901 10.4199 0
      vertex 10.4199 10.7901 3
      vertex 10.4199 10.7901 0
    endloop
  endfacet
  facet normal -0.707107 -0.707107 0
    outer loop
      vertex 10.4199 10.7901 3
      vertex 10.7901 10.4199 0
      vertex 10.7901 10.4199 3
    endloop
  endfacet
  facet normal 0.920488 0.390771 0
    outer loop
      vertex -13.7032 -6.10105 3
      vertex -13.9078 -5.6191 0
      vertex -13.9078 -5.6191 3
    endloop
  endfacet
  facet normal 0.920488 0.390771 0
    outer loop
      vertex -13.9078 -5.6191 0
      vertex -13.7032 -6.10105 3
      vertex -13.7032 -6.10105 0
    endloop
  endfacet
  facet normal 0.258801 -0.965931 0
    outer loop
      vertex -4.13456 14.4189 0
      vertex -3.62883 14.5544 3
      vertex -4.13456 14.4189 3
    endloop
  endfacet
  facet normal 0.258801 -0.965931 0
    outer loop
      vertex -3.62883 14.5544 3
      vertex -4.13456 14.4189 0
      vertex -3.62883 14.5544 0
    endloop
  endfacet
  facet normal -0.838718 0.544565 0
    outer loop
      vertex 12.4356 -8.38789 0
      vertex 12.7207 -7.94879 3
      vertex 12.7207 -7.94879 0
    endloop
  endfacet
  facet normal -0.838718 0.544565 0
    outer loop
      vertex 12.7207 -7.94879 3
      vertex 12.4356 -8.38789 0
      vertex 12.4356 -8.38789 3
    endloop
  endfacet
  facet normal -0.891002 -0.454 0
    outer loop
      vertex 13.4819 6.57557 0
      vertex 13.2442 7.04207 3
      vertex 13.2442 7.04207 0
    endloop
  endfacet
  facet normal -0.891002 -0.454 0
    outer loop
      vertex 13.2442 7.04207 3
      vertex 13.4819 6.57557 0
      vertex 13.4819 6.57557 3
    endloop
  endfacet
  facet normal 0.838718 -0.544565 0
    outer loop
      vertex -12.7207 7.94879 3
      vertex -12.4356 8.38789 0
      vertex -12.4356 8.38789 3
    endloop
  endfacet
  facet normal 0.838718 -0.544565 0
    outer loop
      vertex -12.4356 8.38789 0
      vertex -12.7207 7.94879 3
      vertex -12.7207 7.94879 0
    endloop
  endfacet
  facet normal -0.484759 -0.874648 0
    outer loop
      vertex 7.04207 13.2442 0
      vertex 7.5 12.9904 3
      vertex 7.04207 13.2442 3
    endloop
  endfacet
  facet normal -0.484759 -0.874648 -0
    outer loop
      vertex 7.5 12.9904 3
      vertex 7.04207 13.2442 0
      vertex 7.5 12.9904 0
    endloop
  endfacet
  facet normal -0.121855 -0.992548 0
    outer loop
      vertex 1.56793 14.9178 0
      vertex 2.0876 14.854 3
      vertex 1.56793 14.9178 3
    endloop
  endfacet
  facet normal -0.121855 -0.992548 -0
    outer loop
      vertex 2.0876 14.854 3
      vertex 1.56793 14.9178 0
      vertex 2.0876 14.854 0
    endloop
  endfacet
  facet normal -0.454 -0.891002 0
    outer loop
      vertex 6.57557 13.4819 0
      vertex 7.04207 13.2442 3
      vertex 6.57557 13.4819 3
    endloop
  endfacet
  facet normal -0.454 -0.891002 -0
    outer loop
      vertex 7.04207 13.2442 3
      vertex 6.57557 13.4819 0
      vertex 7.04207 13.2442 0
    endloop
  endfacet
  facet normal -0.656023 0.754741 0
    outer loop
      vertex 10.037 -11.1472 0
      vertex 9.64181 -11.4907 3
      vertex 10.037 -11.1472 3
    endloop
  endfacet
  facet normal -0.656023 0.754741 0
    outer loop
      vertex 9.64181 -11.4907 3
      vertex 10.037 -11.1472 0
      vertex 9.64181 -11.4907 0
    endloop
  endfacet
  facet normal -0.920488 -0.390771 0
    outer loop
      vertex 13.9078 5.6191 0
      vertex 13.7032 6.10105 3
      vertex 13.7032 6.10105 0
    endloop
  endfacet
  facet normal -0.920488 -0.390771 0
    outer loop
      vertex 13.7032 6.10105 3
      vertex 13.9078 5.6191 0
      vertex 13.9078 5.6191 3
    endloop
  endfacet
  facet normal -0.629328 0.777139 0
    outer loop
      vertex 9.64181 -11.4907 0
      vertex 9.23492 -11.8202 3
      vertex 9.64181 -11.4907 3
    endloop
  endfacet
  facet normal -0.629328 0.777139 0
    outer loop
      vertex 9.23492 -11.8202 3
      vertex 9.64181 -11.4907 0
      vertex 9.23492 -11.8202 0
    endloop
  endfacet
  facet normal 0.981629 0.190802 0
    outer loop
      vertex -14.6722 -3.11868 3
      vertex -14.7721 -2.60472 0
      vertex -14.7721 -2.60472 3
    endloop
  endfacet
  facet normal 0.981629 0.190802 0
    outer loop
      vertex -14.7721 -2.60472 0
      vertex -14.6722 -3.11868 3
      vertex -14.6722 -3.11868 0
    endloop
  endfacet
  facet normal -0.422662 0.906288 0
    outer loop
      vertex 6.57557 -13.4819 0
      vertex 6.10105 -13.7032 3
      vertex 6.57557 -13.4819 3
    endloop
  endfacet
  facet normal -0.422662 0.906288 0
    outer loop
      vertex 6.10105 -13.7032 3
      vertex 6.57557 -13.4819 0
      vertex 6.10105 -13.7032 0
    endloop
  endfacet
  facet normal -0.987689 0.156427 0
    outer loop
      vertex 14.7721 -2.60472 0
      vertex 14.854 -2.0876 3
      vertex 14.854 -2.0876 0
    endloop
  endfacet
  facet normal -0.987689 0.156427 0
    outer loop
      vertex 14.854 -2.0876 3
      vertex 14.7721 -2.60472 0
      vertex 14.7721 -2.60472 3
    endloop
  endfacet
  facet normal -0.819163 -0.573561 0
    outer loop
      vertex 12.4356 8.38789 0
      vertex 12.1353 8.81678 3
      vertex 12.1353 8.81678 0
    endloop
  endfacet
  facet normal -0.819163 -0.573561 0
    outer loop
      vertex 12.1353 8.81678 3
      vertex 12.4356 8.38789 0
      vertex 12.4356 8.38789 3
    endloop
  endfacet
  facet normal -0.891002 0.454 0
    outer loop
      vertex 13.2442 -7.04207 0
      vertex 13.4819 -6.57557 3
      vertex 13.4819 -6.57557 0
    endloop
  endfacet
  facet normal -0.891002 0.454 0
    outer loop
      vertex 13.4819 -6.57557 3
      vertex 13.2442 -7.04207 0
      vertex 13.2442 -7.04207 3
    endloop
  endfacet
  facet normal -0.390771 0.920488 0
    outer loop
      vertex 6.10105 -13.7032 0
      vertex 5.6191 -13.9078 3
      vertex 6.10105 -13.7032 3
    endloop
  endfacet
  facet normal -0.390771 0.920488 0
    outer loop
      vertex 5.6191 -13.9078 3
      vertex 6.10105 -13.7032 0
      vertex 5.6191 -13.9078 0
    endloop
  endfacet
  facet normal 0.731316 -0.682039 0
    outer loop
      vertex -11.1472 10.037 3
      vertex -10.7901 10.4199 0
      vertex -10.7901 10.4199 3
    endloop
  endfacet
  facet normal 0.731316 -0.682039 0
    outer loop
      vertex -10.7901 10.4199 0
      vertex -11.1472 10.037 3
      vertex -11.1472 10.037 0
    endloop
  endfacet
  facet normal 0.987689 -0.156427 0
    outer loop
      vertex -14.854 2.0876 3
      vertex -14.7721 2.60472 0
      vertex -14.7721 2.60472 3
    endloop
  endfacet
  facet normal 0.987689 -0.156427 0
    outer loop
      vertex -14.7721 2.60472 0
      vertex -14.854 2.0876 3
      vertex -14.854 2.0876 0
    endloop
  endfacet
  facet normal -0.224992 -0.974361 0
    outer loop
      vertex 3.11868 14.6722 0
      vertex 3.62883 14.5544 3
      vertex 3.11868 14.6722 3
    endloop
  endfacet
  facet normal -0.224992 -0.974361 -0
    outer loop
      vertex 3.62883 14.5544 3
      vertex 3.11868 14.6722 0
      vertex 3.62883 14.5544 0
    endloop
  endfacet
  facet normal -0.601826 -0.798627 0
    outer loop
      vertex 8.81678 12.1353 0
      vertex 9.23492 11.8202 3
      vertex 8.81678 12.1353 3
    endloop
  endfacet
  facet normal -0.601826 -0.798627 -0
    outer loop
      vertex 9.23492 11.8202 3
      vertex 8.81678 12.1353 0
      vertex 9.23492 11.8202 0
    endloop
  endfacet
  facet normal 0.454 -0.891002 0
    outer loop
      vertex -7.04207 13.2442 0
      vertex -6.57557 13.4819 3
      vertex -7.04207 13.2442 3
    endloop
  endfacet
  facet normal 0.454 -0.891002 0
    outer loop
      vertex -6.57557 13.4819 3
      vertex -7.04207 13.2442 0
      vertex -6.57557 13.4819 0
    endloop
  endfacet
  facet normal 0.965931 0.258801 0
    outer loop
      vertex -14.4189 -4.13456 3
      vertex -14.5544 -3.62883 0
      vertex -14.5544 -3.62883 3
    endloop
  endfacet
  facet normal 0.965931 0.258801 0
    outer loop
      vertex -14.5544 -3.62883 0
      vertex -14.4189 -4.13456 3
      vertex -14.4189 -4.13456 0
    endloop
  endfacet
  facet normal 0.484759 -0.874648 0
    outer loop
      vertex -7.5 12.9904 0
      vertex -7.04207 13.2442 3
      vertex -7.5 12.9904 3
    endloop
  endfacet
  facet normal 0.484759 -0.874648 0
    outer loop
      vertex -7.04207 13.2442 3
      vertex -7.5 12.9904 0
      vertex -7.04207 13.2442 0
    endloop
  endfacet
  facet normal 0.965931 -0.258801 0
    outer loop
      vertex -14.5544 3.62883 3
      vertex -14.4189 4.13456 0
      vertex -14.4189 4.13456 3
    endloop
  endfacet
  facet normal 0.965931 -0.258801 0
    outer loop
      vertex -14.4189 4.13456 0
      vertex -14.5544 3.62883 3
      vertex -14.5544 3.62883 0
    endloop
  endfacet
  facet normal 0.857134 0.515094 0
    outer loop
      vertex -12.7207 -7.94879 3
      vertex -12.9904 -7.5 0
      vertex -12.9904 -7.5 3
    endloop
  endfacet
  facet normal 0.857134 0.515094 0
    outer loop
      vertex -12.9904 -7.5 0
      vertex -12.7207 -7.94879 3
      vertex -12.7207 -7.94879 0
    endloop
  endfacet
  facet normal -0.682039 -0.731316 0
    outer loop
      vertex 10.037 11.1472 0
      vertex 10.4199 10.7901 3
      vertex 10.037 11.1472 3
    endloop
  endfacet
  facet normal -0.682039 -0.731316 -0
    outer loop
      vertex 10.4199 10.7901 3
      vertex 10.037 11.1472 0
      vertex 10.4199 10.7901 0
    endloop
  endfacet
  facet normal 0.707107 -0.707107 0
    outer loop
      vertex -10.7901 10.4199 3
      vertex -10.4199 10.7901 0
      vertex -10.4199 10.7901 3
    endloop
  endfacet
  facet normal 0.707107 -0.707107 0
    outer loop
      vertex -10.4199 10.7901 0
      vertex -10.7901 10.4199 3
      vertex -10.7901 10.4199 0
    endloop
  endfacet
  facet normal 0.999849 -0.0173806 0
    outer loop
      vertex -15 0 3
      vertex -14.9909 0.523492 0
      vertex -14.9909 0.523492 3
    endloop
  endfacet
  facet normal 0.999849 -0.0173806 0
    outer loop
      vertex -14.9909 0.523492 0
      vertex -15 0 3
      vertex -15 0 0
    endloop
  endfacet
  facet normal -0.190802 0.981629 0
    outer loop
      vertex 3.11868 -14.6722 0
      vertex 2.60472 -14.7721 3
      vertex 3.11868 -14.6722 3
    endloop
  endfacet
  facet normal -0.190802 0.981629 0
    outer loop
      vertex 2.60472 -14.7721 3
      vertex 3.11868 -14.6722 0
      vertex 2.60472 -14.7721 0
    endloop
  endfacet
  facet normal 0.292408 -0.956294 0
    outer loop
      vertex -4.63526 14.2658 0
      vertex -4.13456 14.4189 3
      vertex -4.63526 14.2658 3
    endloop
  endfacet
  facet normal 0.292408 -0.956294 0
    outer loop
      vertex -4.13456 14.4189 3
      vertex -4.63526 14.2658 0
      vertex -4.13456 14.4189 0
    endloop
  endfacet
  facet normal -0.544565 0.838718 0
    outer loop
      vertex 8.38789 -12.4356 0
      vertex 7.94879 -12.7207 3
      vertex 8.38789 -12.4356 3
    endloop
  endfacet
  facet normal -0.544565 0.838718 0
    outer loop
      vertex 7.94879 -12.7207 3
      vertex 8.38789 -12.4356 0
      vertex 7.94879 -12.7207 0
    endloop
  endfacet
  facet normal -0.981629 0.190802 0
    outer loop
      vertex 14.6722 -3.11868 0
      vertex 14.7721 -2.60472 3
      vertex 14.7721 -2.60472 0
    endloop
  endfacet
  facet normal -0.981629 0.190802 0
    outer loop
      vertex 14.7721 -2.60472 3
      vertex 14.6722 -3.11868 0
      vertex 14.6722 -3.11868 3
    endloop
  endfacet
  facet normal 0.573561 -0.819163 0
    outer loop
      vertex -8.81678 12.1353 0
      vertex -8.38789 12.4356 3
      vertex -8.81678 12.1353 3
    endloop
  endfacet
  facet normal 0.573561 -0.819163 0
    outer loop
      vertex -8.38789 12.4356 3
      vertex -8.81678 12.1353 0
      vertex -8.38789 12.4356 0
    endloop
  endfacet
  facet normal -0.777139 0.629328 0
    outer loop
      vertex 11.4907 -9.64181 0
      vertex 11.8202 -9.23492 3
      vertex 11.8202 -9.23492 0
    endloop
  endfacet
  facet normal -0.777139 0.629328 0
    outer loop
      vertex 11.8202 -9.23492 3
      vertex 11.4907 -9.64181 0
      vertex 11.4907 -9.64181 3
    endloop
  endfacet
  facet normal -0.798627 0.601826 0
    outer loop
      vertex 11.8202 -9.23492 0
      vertex 12.1353 -8.81678 3
      vertex 12.1353 -8.81678 0
    endloop
  endfacet
  facet normal -0.798627 0.601826 0
    outer loop
      vertex 12.1353 -8.81678 3
      vertex 11.8202 -9.23492 0
      vertex 11.8202 -9.23492 3
    endloop
  endfacet
  facet normal 0.754741 0.656023 0
    outer loop
      vertex -11.1472 -10.037 3
      vertex -11.4907 -9.64181 0
      vertex -11.4907 -9.64181 3
    endloop
  endfacet
  facet normal 0.754741 0.656023 0
    outer loop
      vertex -11.4907 -9.64181 0
      vertex -11.1472 -10.037 3
      vertex -11.1472 -10.037 0
    endloop
  endfacet
  facet normal 0.515094 0.857134 -0
    outer loop
      vertex -7.5 -12.9904 0
      vertex -7.94879 -12.7207 3
      vertex -7.5 -12.9904 3
    endloop
  endfacet
  facet normal 0.515094 0.857134 0
    outer loop
      vertex -7.94879 -12.7207 3
      vertex -7.5 -12.9904 0
      vertex -7.94879 -12.7207 0
    endloop
  endfacet
  facet normal 0.956294 0.292408 0
    outer loop
      vertex -14.2658 -4.63526 3
      vertex -14.4189 -4.13456 0
      vertex -14.4189 -4.13456 3
    endloop
  endfacet
  facet normal 0.956294 0.292408 0
    outer loop
      vertex -14.4189 -4.13456 0
      vertex -14.2658 -4.63526 3
      vertex -14.2658 -4.63526 0
    endloop
  endfacet
  facet normal 0.754741 -0.656023 0
    outer loop
      vertex -11.4907 9.64181 3
      vertex -11.1472 10.037 0
      vertex -11.1472 10.037 3
    endloop
  endfacet
  facet normal 0.754741 -0.656023 0
    outer loop
      vertex -11.1472 10.037 0
      vertex -11.4907 9.64181 3
      vertex -11.4907 9.64181 0
    endloop
  endfacet
  facet normal 0.544565 -0.838718 0
    outer loop
      vertex -8.38789 12.4356 0
      vertex -7.94879 12.7207 3
      vertex -8.38789 12.4356 3
    endloop
  endfacet
  facet normal 0.544565 -0.838718 0
    outer loop
      vertex -7.94879 12.7207 3
      vertex -8.38789 12.4356 0
      vertex -7.94879 12.7207 0
    endloop
  endfacet
  facet normal -0.515094 -0.857134 0
    outer loop
      vertex 7.5 12.9904 0
      vertex 7.94879 12.7207 3
      vertex 7.5 12.9904 3
    endloop
  endfacet
  facet normal -0.515094 -0.857134 -0
    outer loop
      vertex 7.94879 12.7207 3
      vertex 7.5 12.9904 0
      vertex 7.94879 12.7207 0
    endloop
  endfacet
  facet normal -0.682039 0.731316 0
    outer loop
      vertex 10.4199 -10.7901 0
      vertex 10.037 -11.1472 3
      vertex 10.4199 -10.7901 3
    endloop
  endfacet
  facet normal -0.682039 0.731316 0
    outer loop
      vertex 10.037 -11.1472 3
      vertex 10.4199 -10.7901 0
      vertex 10.037 -11.1472 0
    endloop
  endfacet
  facet normal 0.857134 -0.515094 0
    outer loop
      vertex -12.9904 7.5 3
      vertex -12.7207 7.94879 0
      vertex -12.7207 7.94879 3
    endloop
  endfacet
  facet normal 0.857134 -0.515094 0
    outer loop
      vertex -12.7207 7.94879 0
      vertex -12.9904 7.5 3
      vertex -12.9904 7.5 0
    endloop
  endfacet
  facet normal -0.777139 -0.629328 0
    outer loop
      vertex 11.8202 9.23492 0
      vertex 11.4907 9.64181 3
      vertex 11.4907 9.64181 0
    endloop
  endfacet
  facet normal -0.777139 -0.629328 0
    outer loop
      vertex 11.4907 9.64181 3
      vertex 11.8202 9.23492 0
      vertex 11.8202 9.23492 3
    endloop
  endfacet
  facet normal 0.258801 0.965931 -0
    outer loop
      vertex -3.62883 -14.5544 0
      vertex -4.13456 -14.4189 3
      vertex -3.62883 -14.5544 3
    endloop
  endfacet
  facet normal 0.258801 0.965931 0
    outer loop
      vertex -4.13456 -14.4189 3
      vertex -3.62883 -14.5544 0
      vertex -4.13456 -14.4189 0
    endloop
  endfacet
  facet normal 0.292408 0.956294 -0
    outer loop
      vertex -4.13456 -14.4189 0
      vertex -4.63526 -14.2658 3
      vertex -4.13456 -14.4189 3
    endloop
  endfacet
  facet normal 0.292408 0.956294 0
    outer loop
      vertex -4.63526 -14.2658 3
      vertex -4.13456 -14.4189 0
      vertex -4.63526 -14.2658 0
    endloop
  endfacet
  facet normal 0.874648 0.484759 0
    outer loop
      vertex -12.9904 -7.5 3
      vertex -13.2442 -7.04207 0
      vertex -13.2442 -7.04207 3
    endloop
  endfacet
  facet normal 0.874648 0.484759 0
    outer loop
      vertex -13.2442 -7.04207 0
      vertex -12.9904 -7.5 3
      vertex -12.9904 -7.5 0
    endloop
  endfacet
  facet normal -0.933601 -0.358313 0
    outer loop
      vertex 14.0954 5.1303 0
      vertex 13.9078 5.6191 3
      vertex 13.9078 5.6191 0
    endloop
  endfacet
  facet normal -0.933601 -0.358313 0
    outer loop
      vertex 13.9078 5.6191 3
      vertex 14.0954 5.1303 0
      vertex 14.0954 5.1303 3
    endloop
  endfacet
  facet normal 0.798627 -0.601826 0
    outer loop
      vertex -12.1353 8.81678 3
      vertex -11.8202 9.23492 0
      vertex -11.8202 9.23492 3
    endloop
  endfacet
  facet normal 0.798627 -0.601826 0
    outer loop
      vertex -11.8202 9.23492 0
      vertex -12.1353 8.81678 3
      vertex -12.1353 8.81678 0
    endloop
  endfacet
  facet normal 0.390771 0.920488 -0
    outer loop
      vertex -5.6191 -13.9078 0
      vertex -6.10105 -13.7032 3
      vertex -5.6191 -13.9078 3
    endloop
  endfacet
  facet normal 0.390771 0.920488 0
    outer loop
      vertex -6.10105 -13.7032 3
      vertex -5.6191 -13.9078 0
      vertex -6.10105 -13.7032 0
    endloop
  endfacet
  facet normal -0.156427 -0.987689 0
    outer loop
      vertex 2.0876 14.854 0
      vertex 2.60472 14.7721 3
      vertex 2.0876 14.854 3
    endloop
  endfacet
  facet normal -0.156427 -0.987689 -0
    outer loop
      vertex 2.60472 14.7721 3
      vertex 2.0876 14.854 0
      vertex 2.60472 14.7721 0
    endloop
  endfacet
  facet normal -0.190802 -0.981629 0
    outer loop
      vertex 2.60472 14.7721 0
      vertex 3.11868 14.6722 3
      vertex 2.60472 14.7721 3
    endloop
  endfacet
  facet normal -0.190802 -0.981629 -0
    outer loop
      vertex 3.11868 14.6722 3
      vertex 2.60472 14.7721 0
      vertex 3.11868 14.6722 0
    endloop
  endfacet
  facet normal 0.933601 -0.358313 0
    outer loop
      vertex -14.0954 5.1303 3
      vertex -13.9078 5.6191 0
      vertex -13.9078 5.6191 3
    endloop
  endfacet
  facet normal 0.933601 -0.358313 0
    outer loop
      vertex -13.9078 5.6191 0
      vertex -14.0954 5.1303 3
      vertex -14.0954 5.1303 0
    endloop
  endfacet
  facet normal -0.0173806 0.999849 0
    outer loop
      vertex 0.523492 -14.9909 0
      vertex 0 -15 3
      vertex 0.523492 -14.9909 3
    endloop
  endfacet
  facet normal -0.0173806 0.999849 0
    outer loop
      vertex 0 -15 3
      vertex 0.523492 -14.9909 0
      vertex 0 -15 0
    endloop
  endfacet
  facet normal 0.999849 0.0173806 0
    outer loop
      vertex -14.9909 -0.523493 3
      vertex -15 0 0
      vertex -15 0 3
    endloop
  endfacet
  facet normal 0.999849 0.0173806 0
    outer loop
      vertex -15 0 0
      vertex -14.9909 -0.523493 3
      vertex -14.9909 -0.523493 0
    endloop
  endfacet
  facet normal 0.906288 0.422662 0
    outer loop
      vertex -13.4819 -6.57557 3
      vertex -13.7032 -6.10105 0
      vertex -13.7032 -6.10105 3
    endloop
  endfacet
  facet normal 0.906288 0.422662 0
    outer loop
      vertex -13.7032 -6.10105 0
      vertex -13.4819 -6.57557 3
      vertex -13.4819 -6.57557 0
    endloop
  endfacet
  facet normal -0.731316 0.682039 0
    outer loop
      vertex 10.7901 -10.4199 0
      vertex 11.1472 -10.037 3
      vertex 11.1472 -10.037 0
    endloop
  endfacet
  facet normal -0.731316 0.682039 0
    outer loop
      vertex 11.1472 -10.037 3
      vertex 10.7901 -10.4199 0
      vertex 10.7901 -10.4199 3
    endloop
  endfacet
  facet normal 0.819163 0.573561 0
    outer loop
      vertex -12.1353 -8.81678 3
      vertex -12.4356 -8.38789 0
      vertex -12.4356 -8.38789 3
    endloop
  endfacet
  facet normal 0.819163 0.573561 0
    outer loop
      vertex -12.4356 -8.38789 0
      vertex -12.1353 -8.81678 3
      vertex -12.1353 -8.81678 0
    endloop
  endfacet
  facet normal 0.358313 -0.933601 0
    outer loop
      vertex -5.6191 13.9078 0
      vertex -5.1303 14.0954 3
      vertex -5.6191 13.9078 3
    endloop
  endfacet
  facet normal 0.358313 -0.933601 0
    outer loop
      vertex -5.1303 14.0954 3
      vertex -5.6191 13.9078 0
      vertex -5.1303 14.0954 0
    endloop
  endfacet
  facet normal 0.156427 0.987689 -0
    outer loop
      vertex -2.0876 -14.854 0
      vertex -2.60472 -14.7721 3
      vertex -2.0876 -14.854 3
    endloop
  endfacet
  facet normal 0.156427 0.987689 0
    outer loop
      vertex -2.60472 -14.7721 3
      vertex -2.0876 -14.854 0
      vertex -2.60472 -14.7721 0
    endloop
  endfacet
  facet normal 0.121855 0.992548 -0
    outer loop
      vertex -1.56793 -14.9178 0
      vertex -2.0876 -14.854 3
      vertex -1.56793 -14.9178 3
    endloop
  endfacet
  facet normal 0.121855 0.992548 0
    outer loop
      vertex -2.0876 -14.854 3
      vertex -1.56793 -14.9178 0
      vertex -2.0876 -14.854 0
    endloop
  endfacet
  facet normal 0.933601 0.358313 0
    outer loop
      vertex -13.9078 -5.6191 3
      vertex -14.0954 -5.1303 0
      vertex -14.0954 -5.1303 3
    endloop
  endfacet
  facet normal 0.933601 0.358313 0
    outer loop
      vertex -14.0954 -5.1303 0
      vertex -13.9078 -5.6191 3
      vertex -13.9078 -5.6191 0
    endloop
  endfacet
  facet normal 0.358313 0.933601 -0
    outer loop
      vertex -5.1303 -14.0954 0
      vertex -5.6191 -13.9078 3
      vertex -5.1303 -14.0954 3
    endloop
  endfacet
  facet normal 0.358313 0.933601 0
    outer loop
      vertex -5.6191 -13.9078 3
      vertex -5.1303 -14.0954 0
      vertex -5.6191 -13.9078 0
    endloop
  endfacet
  facet normal -0.258801 -0.965931 0
    outer loop
      vertex 3.62883 14.5544 0
      vertex 4.13456 14.4189 3
      vertex 3.62883 14.5544 3
    endloop
  endfacet
  facet normal -0.258801 -0.965931 -0
    outer loop
      vertex 4.13456 14.4189 3
      vertex 3.62883 14.5544 0
      vertex 4.13456 14.4189 0
    endloop
  endfacet
  facet normal 0.629328 -0.777139 0
    outer loop
      vertex -9.64181 11.4907 0
      vertex -9.23492 11.8202 3
      vertex -9.64181 11.4907 3
    endloop
  endfacet
  facet normal 0.629328 -0.777139 0
    outer loop
      vertex -9.23492 11.8202 3
      vertex -9.64181 11.4907 0
      vertex -9.23492 11.8202 0
    endloop
  endfacet
  facet normal 0.454 0.891002 -0
    outer loop
      vertex -6.57557 -13.4819 0
      vertex -7.04207 -13.2442 3
      vertex -6.57557 -13.4819 3
    endloop
  endfacet
  facet normal 0.454 0.891002 0
    outer loop
      vertex -7.04207 -13.2442 3
      vertex -6.57557 -13.4819 0
      vertex -7.04207 -13.2442 0
    endloop
  endfacet
  facet normal 0.777139 0.629328 0
    outer loop
      vertex -11.4907 -9.64181 3
      vertex -11.8202 -9.23492 0
      vertex -11.8202 -9.23492 3
    endloop
  endfacet
  facet normal 0.777139 0.629328 0
    outer loop
      vertex -11.8202 -9.23492 0
      vertex -11.4907 -9.64181 3
      vertex -11.4907 -9.64181 0
    endloop
  endfacet
  facet normal -0.874648 0.484759 0
    outer loop
      vertex 12.9904 -7.5 0
      vertex 13.2442 -7.04207 3
      vertex 13.2442 -7.04207 0
    endloop
  endfacet
  facet normal -0.874648 0.484759 0
    outer loop
      vertex 13.2442 -7.04207 3
      vertex 12.9904 -7.5 0
      vertex 12.9904 -7.5 3
    endloop
  endfacet
  facet normal 0.920488 -0.390771 0
    outer loop
      vertex -13.9078 5.6191 3
      vertex -13.7032 6.10105 0
      vertex -13.7032 6.10105 3
    endloop
  endfacet
  facet normal 0.920488 -0.390771 0
    outer loop
      vertex -13.7032 6.10105 0
      vertex -13.9078 5.6191 3
      vertex -13.9078 5.6191 0
    endloop
  endfacet
  facet normal 0.906288 -0.422662 0
    outer loop
      vertex -13.7032 6.10105 3
      vertex -13.4819 6.57557 0
      vertex -13.4819 6.57557 3
    endloop
  endfacet
  facet normal 0.906288 -0.422662 0
    outer loop
      vertex -13.4819 6.57557 0
      vertex -13.7032 6.10105 3
      vertex -13.7032 6.10105 0
    endloop
  endfacet
  facet normal 0 -1 0
    outer loop
      vertex 140.5 -10.5 3
      vertex 143.5 -10.5 9
      vertex 140.5 -10.5 9
    endloop
  endfacet
  facet normal 0 -1 -0
    outer loop
      vertex 143.5 -10.5 9
      vertex 140.5 -10.5 3
      vertex 143.5 -10.5 3
    endloop
  endfacet
  facet normal 0 1 -0
    outer loop
      vertex 143.5 -24.5 3
      vertex 140.5 -24.5 9
      vertex 143.5 -24.5 9
    endloop
  endfacet
  facet normal 0 1 0
    outer loop
      vertex 140.5 -24.5 9
      vertex 143.5 -24.5 3
      vertex 140.5 -24.5 3
    endloop
  endfacet
  facet normal -1 0 0
    outer loop
      vertex 90 20.5 3
      vertex 90 23.5 9
      vertex 90 23.5 3
    endloop
  endfacet
  facet normal -1 -0 0
    outer loop
      vertex 90 23.5 9
      vertex 90 20.5 3
      vertex 90 20.5 9
    endloop
  endfacet
  facet normal 1 -0 0
    outer loop
      vertex 20 20.5 9
      vertex 20 23.5 3
      vertex 20 23.5 9
    endloop
  endfacet
  facet normal 1 0 0
    outer loop
      vertex 20 23.5 3
      vertex 20 20.5 9
      vertex 20 20.5 3
    endloop
  endfacet
  facet normal -0.998634 -0.0522461 0
    outer loop
      vertex 72.4924 -56.5638 3
      vertex 72.4696 -56.128 9
      vertex 72.4696 -56.128 3
    endloop
  endfacet
  facet normal -0.998634 -0.0522461 0
    outer loop
      vertex 72.4696 -56.128 9
      vertex 72.4924 -56.5638 3
      vertex 72.4924 -56.5638 9
    endloop
  endfacet
  facet normal -0.999848 -0.0174206 0
    outer loop
      vertex 72.5 -57 3
      vertex 72.4924 -56.5638 9
      vertex 72.4924 -56.5638 3
    endloop
  endfacet
  facet normal -0.999848 -0.0174206 0
    outer loop
      vertex 72.4924 -56.5638 9
      vertex 72.5 -57 3
      vertex 72.5 -57 9
    endloop
  endfacet
  facet normal -0.996179 -0.0873319 0
    outer loop
      vertex 72.4696 -56.128 3
      vertex 72.4315 -55.6934 9
      vertex 72.4315 -55.6934 3
    endloop
  endfacet
  facet normal -0.996179 -0.0873319 0
    outer loop
      vertex 72.4315 -55.6934 9
      vertex 72.4696 -56.128 3
      vertex 72.4696 -56.128 9
    endloop
  endfacet
  facet normal 0.998634 0.0522461 0
    outer loop
      vertex 47.5304 -57.872 9
      vertex 47.5076 -57.4362 3
      vertex 47.5076 -57.4362 9
    endloop
  endfacet
  facet normal 0.998634 0.0522461 0
    outer loop
      vertex 47.5076 -57.4362 3
      vertex 47.5304 -57.872 9
      vertex 47.5304 -57.872 3
    endloop
  endfacet
  facet normal -0.998634 0.0522461 0
    outer loop
      vertex 72.4696 -57.872 3
      vertex 72.4924 -57.4362 9
      vertex 72.4924 -57.4362 3
    endloop
  endfacet
  facet normal -0.998634 0.0522461 0
    outer loop
      vertex 72.4924 -57.4362 9
      vertex 72.4696 -57.872 3
      vertex 72.4696 -57.872 9
    endloop
  endfacet
  facet normal 0.998634 -0.0522461 0
    outer loop
      vertex 47.5076 -56.5638 9
      vertex 47.5304 -56.128 3
      vertex 47.5304 -56.128 9
    endloop
  endfacet
  facet normal 0.998634 -0.0522461 0
    outer loop
      vertex 47.5304 -56.128 3
      vertex 47.5076 -56.5638 9
      vertex 47.5076 -56.5638 3
    endloop
  endfacet
  facet normal 0.996179 -0.0873319 0
    outer loop
      vertex 47.5304 -56.128 9
      vertex 47.5685 -55.6934 3
      vertex 47.5685 -55.6934 9
    endloop
  endfacet
  facet normal 0.996179 -0.0873319 0
    outer loop
      vertex 47.5685 -55.6934 3
      vertex 47.5304 -56.128 9
      vertex 47.5304 -56.128 3
    endloop
  endfacet
  facet normal -0.996179 0.0873319 0
    outer loop
      vertex 72.4315 -58.3066 3
      vertex 72.4696 -57.872 9
      vertex 72.4696 -57.872 3
    endloop
  endfacet
  facet normal -0.996179 0.0873319 0
    outer loop
      vertex 72.4696 -57.872 9
      vertex 72.4315 -58.3066 3
      vertex 72.4315 -58.3066 9
    endloop
  endfacet
  facet normal -0.999848 0.0174206 0
    outer loop
      vertex 72.4924 -57.4362 3
      vertex 72.5 -57 9
      vertex 72.5 -57 3
    endloop
  endfacet
  facet normal -0.999848 0.0174206 0
    outer loop
      vertex 72.5 -57 9
      vertex 72.4924 -57.4362 3
      vertex 72.4924 -57.4362 9
    endloop
  endfacet
  facet normal -0.992575 0.121634 0
    outer loop
      vertex 72.4078 -58.5 3
      vertex 72.4315 -58.3066 9
      vertex 72.4315 -58.3066 3
    endloop
  endfacet
  facet normal -0.992575 0.121634 0
    outer loop
      vertex 72.4315 -58.3066 9
      vertex 72.4078 -58.5 3
      vertex 72.4078 -58.5 9
    endloop
  endfacet
  facet normal 0.996179 0.0873319 0
    outer loop
      vertex 47.5685 -58.3066 9
      vertex 47.5304 -57.872 3
      vertex 47.5304 -57.872 9
    endloop
  endfacet
  facet normal 0.996179 0.0873319 0
    outer loop
      vertex 47.5304 -57.872 3
      vertex 47.5685 -58.3066 9
      vertex 47.5685 -58.3066 3
    endloop
  endfacet
  facet normal -0.992575 -0.121634 0
    outer loop
      vertex 72.4315 -55.6934 3
      vertex 72.4078 -55.5 9
      vertex 72.4078 -55.5 3
    endloop
  endfacet
  facet normal -0.992575 -0.121634 0
    outer loop
      vertex 72.4078 -55.5 9
      vertex 72.4315 -55.6934 3
      vertex 72.4315 -55.6934 9
    endloop
  endfacet
  facet normal 0.999848 0.0174206 0
    outer loop
      vertex 47.5076 -57.4362 9
      vertex 47.5 -57 3
      vertex 47.5 -57 9
    endloop
  endfacet
  facet normal 0.999848 0.0174206 0
    outer loop
      vertex 47.5 -57 3
      vertex 47.5076 -57.4362 9
      vertex 47.5076 -57.4362 3
    endloop
  endfacet
  facet normal 0.999848 -0.0174206 0
    outer loop
      vertex 47.5 -57 9
      vertex 47.5076 -56.5638 3
      vertex 47.5076 -56.5638 9
    endloop
  endfacet
  facet normal 0.999848 -0.0174206 0
    outer loop
      vertex 47.5076 -56.5638 3
      vertex 47.5 -57 9
      vertex 47.5 -57 3
    endloop
  endfacet
  facet normal 0.992575 0.121634 0
    outer loop
      vertex 47.5922 -58.5 9
      vertex 47.5685 -58.3066 3
      vertex 47.5685 -58.3066 9
    endloop
  endfacet
  facet normal 0.992575 0.121634 0
    outer loop
      vertex 47.5685 -58.3066 3
      vertex 47.5922 -58.5 9
      vertex 47.5922 -58.5 3
    endloop
  endfacet
  facet normal 0.992575 -0.121634 0
    outer loop
      vertex 47.5685 -55.6934 9
      vertex 47.5922 -55.5 3
      vertex 47.5922 -55.5 9
    endloop
  endfacet
  facet normal 0.992575 -0.121634 0
    outer loop
      vertex 47.5922 -55.5 3
      vertex 47.5685 -55.6934 9
      vertex 47.5685 -55.6934 3
    endloop
  endfacet
  facet normal -1 0 0
    outer loop
      vertex 0.4 -66.14 2.4
      vertex 0.4 -58.5 3
      vertex 0.4 -58.5 2.4
    endloop
  endfacet
  facet normal -1 -0 0
    outer loop
      vertex 0.4 -58.5 3
      vertex 0.4 -66.14 2.4
      vertex 0.4 -66.14 3
    endloop
  endfacet
  facet normal 0 0 1
    outer loop
      vertex 0.4 -58.5 2.4
      vertex 0 -65.5 2.4
      vertex 0.4 -66.14 2.4
    endloop
  endfacet
  facet normal -0 0 1
    outer loop
      vertex -0.400001 -58.5 2.4
      vertex 0 -65.5 2.4
      vertex 0.4 -58.5 2.4
    endloop
  endfacet
  facet normal 0 0 1
    outer loop
      vertex 0 -65.5 2.4
      vertex -0.400001 -58.5 2.4
      vertex -0.400001 -66.14 2.4
    endloop
  endfacet
  facet normal 1 -0 0
    outer loop
      vertex -0.400001 -66.14 3
      vertex -0.400001 -58.5 2.4
      vertex -0.400001 -58.5 3
    endloop
  endfacet
  facet normal 1 0 0
    outer loop
      vertex -0.400001 -58.5 2.4
      vertex -0.400001 -66.14 3
      vertex -0.400001 -66.14 2.4
    endloop
  endfacet
  facet normal -1 0 0
    outer loop
      vertex 0.4 23.5 2.4
      vertex 0.4 31.14 3
      vertex 0.4 31.14 2.4
    endloop
  endfacet
  facet normal -1 -0 0
    outer loop
      vertex 0.4 31.14 3
      vertex 0.4 23.5 2.4
      vertex 0.4 23.5 3
    endloop
  endfacet
  facet normal -0 0 1
    outer loop
      vertex 0 30.5 2.4
      vertex 0.4 23.5 2.4
      vertex 0.4 31.14 2.4
    endloop
  endfacet
  facet normal 0 0 1
    outer loop
      vertex -0.400001 23.5 2.4
      vertex 0 30.5 2.4
      vertex -0.400001 31.14 2.4
    endloop
  endfacet
  facet normal 0 0 1
    outer loop
      vertex 0 30.5 2.4
      vertex -0.400001 23.5 2.4
      vertex 0.4 23.5 2.4
    endloop
  endfacet
  facet normal 1 -0 0
    outer loop
      vertex -0.400001 23.5 3
      vertex -0.400001 31.14 2.4
      vertex -0.400001 31.14 3
    endloop
  endfacet
  facet normal 1 0 0
    outer loop
      vertex -0.400001 31.14 2.4
      vertex -0.400001 23.5 3
      vertex -0.400001 23.5 2.4
    endloop
  endfacet
  facet normal 0 0 1
    outer loop
      vertex -23.5 0.4 2.4
      vertex -30.5 0 2.4
      vertex -23.5 -0.400001 2.4
    endloop
  endfacet
  facet normal 0 -0 1
    outer loop
      vertex -30.5 0 2.4
      vertex -23.5 0.4 2.4
      vertex -31.14 0.4 2.4
    endloop
  endfacet
  facet normal 0 0 1
    outer loop
      vertex -23.5 -0.400001 2.4
      vertex -30.5 0 2.4
      vertex -31.14 -0.400001 2.4
    endloop
  endfacet
  facet normal 0 -1 0
    outer loop
      vertex -31.14 0.4 2.4
      vertex -23.5 0.4 3
      vertex -31.14 0.4 3
    endloop
  endfacet
  facet normal 0 -1 -0
    outer loop
      vertex -23.5 0.4 3
      vertex -31.14 0.4 2.4
      vertex -23.5 0.4 2.4
    endloop
  endfacet
  facet normal 0 1 -0
    outer loop
      vertex -23.5 -0.400001 2.4
      vertex -31.14 -0.400001 3
      vertex -23.5 -0.400001 3
    endloop
  endfacet
  facet normal 0 1 0
    outer loop
      vertex -31.14 -0.400001 3
      vertex -23.5 -0.400001 2.4
      vertex -31.14 -0.400001 2.4
    endloop
  endfacet
  facet normal 0 0 1
    outer loop
      vertex 151.14 0.4 2.4
      vertex 143.5 0.4 2.4
      vertex 150.5 0 2.4
    endloop
  endfacet
  facet normal 0 0 1
    outer loop
      vertex 143.5 -0.400001 2.4
      vertex 150.5 0 2.4
      vertex 143.5 0.4 2.4
    endloop
  endfacet
  facet normal 0 0 1
    outer loop
      vertex 150.5 0 2.4
      vertex 143.5 -0.400001 2.4
      vertex 151.14 -0.400001 2.4
    endloop
  endfacet
  facet normal 0 -1 0
    outer loop
      vertex 143.5 0.4 2.4
      vertex 151.14 0.4 3
      vertex 143.5 0.4 3
    endloop
  endfacet
  facet normal 0 -1 -0
    outer loop
      vertex 151.14 0.4 3
      vertex 143.5 0.4 2.4
      vertex 151.14 0.4 2.4
    endloop
  endfacet
  facet normal 0 1 -0
    outer loop
      vertex 151.14 -0.400001 2.4
      vertex 143.5 -0.400001 3
      vertex 151.14 -0.400001 3
    endloop
  endfacet
  facet normal 0 1 0
    outer loop
      vertex 143.5 -0.400001 3
      vertex 151.14 -0.400001 2.4
      vertex 143.5 -0.400001 2.4
    endloop
  endfacet
  facet normal 0.998626 0.052398 0
    outer loop
      vertex 18.6886 57.8526 2
      vertex 18.6544 58.5044 0
      vertex 18.6544 58.5044 2
    endloop
  endfacet
  facet normal 0.998626 0.052398 0
    outer loop
      vertex 18.6544 58.5044 0
      vertex 18.6886 57.8526 2
      vertex 18.6886 57.8526 0
    endloop
  endfacet
  facet normal 0.999847 0.0174659 0
    outer loop
      vertex 18.7 57.2 2
      vertex 18.6886 57.8526 0
      vertex 18.6886 57.8526 2
    endloop
  endfacet
  facet normal 0.999847 0.0174659 0
    outer loop
      vertex 18.6886 57.8526 0
      vertex 18.7 57.2 2
      vertex 18.7 57.2 0
    endloop
  endfacet
  facet normal 0.996207 0.087013 0
    outer loop
      vertex 18.6544 58.5044 2
      vertex 18.5976 59.1547 0
      vertex 18.5976 59.1547 2
    endloop
  endfacet
  facet normal 0.996207 0.087013 0
    outer loop
      vertex 18.5976 59.1547 0
      vertex 18.6544 58.5044 2
      vertex 18.6544 58.5044 0
    endloop
  endfacet
  facet normal 0.190742 0.98164 -0
    outer loop
      vertex 3.88795 75.4914 0
      vertex 3.24722 75.6159 2
      vertex 3.88795 75.4914 2
    endloop
  endfacet
  facet normal 0.190742 0.98164 0
    outer loop
      vertex 3.24722 75.6159 2
      vertex 3.88795 75.4914 0
      vertex 3.24722 75.6159 0
    endloop
  endfacet
  facet normal 0.390677 0.920528 -0
    outer loop
      vertex 7.60598 74.2833 0
      vertex 7.00514 74.5383 2
      vertex 7.60598 74.2833 2
    endloop
  endfacet
  facet normal 0.390677 0.920528 0
    outer loop
      vertex 7.00514 74.5383 2
      vertex 7.60598 74.2833 0
      vertex 7.00514 74.5383 0
    endloop
  endfacet
  facet normal 0.0870223 -0.996206 0
    outer loop
      vertex 1.30445 38.5456 0
      vertex 1.95468 38.6024 2
      vertex 1.30445 38.5456 2
    endloop
  endfacet
  facet normal 0.0870223 -0.996206 0
    outer loop
      vertex 1.95468 38.6024 2
      vertex 1.30445 38.5456 0
      vertex 1.95468 38.6024 0
    endloop
  endfacet
  facet normal -0.987691 0.156419 0
    outer loop
      vertex -18.518 59.8025 0
      vertex -18.4159 60.4472 2
      vertex -18.4159 60.4472 0
    endloop
  endfacet
  facet normal -0.987691 0.156419 0
    outer loop
      vertex -18.4159 60.4472 2
      vertex -18.518 59.8025 0
      vertex -18.518 59.8025 2
    endloop
  endfacet
  facet normal 0.707107 0.707107 0
    outer loop
      vertex 13.4517 70.1901 2
      vertex 12.9901 70.6517 0
      vertex 12.9901 70.6517 2
    endloop
  endfacet
  facet normal 0.707107 0.707107 0
    outer loop
      vertex 12.9901 70.6517 0
      vertex 13.4517 70.1901 2
      vertex 13.4517 70.1901 0
    endloop
  endfacet
  facet normal -0.156424 -0.98769 0
    outer loop
      vertex -3.24722 38.7841 0
      vertex -2.60254 38.682 2
      vertex -3.24722 38.7841 2
    endloop
  endfacet
  facet normal -0.156424 -0.98769 -0
    outer loop
      vertex -2.60254 38.682 2
      vertex -3.24722 38.7841 0
      vertex -2.60254 38.682 0
    endloop
  endfacet
  facet normal 0.819153 -0.573575 0
    outer loop
      vertex 15.1286 46.2084 2
      vertex 15.503 46.7431 0
      vertex 15.503 46.7431 2
    endloop
  endfacet
  facet normal 0.819153 -0.573575 0
    outer loop
      vertex 15.503 46.7431 0
      vertex 15.1286 46.2084 2
      vertex 15.1286 46.2084 0
    endloop
  endfacet
  facet normal -0.325698 -0.945474 0
    outer loop
      vertex -6.39578 39.6278 0
      vertex -5.77862 39.4152 2
      vertex -6.39578 39.6278 2
    endloop
  endfacet
  facet normal -0.325698 -0.945474 -0
    outer loop
      vertex -5.77862 39.4152 2
      vertex -6.39578 39.6278 0
      vertex -5.77862 39.4152 0
    endloop
  endfacet
  facet normal -0.798656 0.601788 0
    outer loop
      vertex -15.1286 68.1916 0
      vertex -14.7358 68.7129 2
      vertex -14.7358 68.7129 0
    endloop
  endfacet
  facet normal -0.798656 0.601788 0
    outer loop
      vertex -14.7358 68.7129 2
      vertex -15.1286 68.1916 0
      vertex -15.1286 68.1916 2
    endloop
  endfacet
  facet normal 0.857155 0.515059 0
    outer loop
      vertex 16.1947 66.55 2
      vertex 15.8585 67.1095 0
      vertex 15.8585 67.1095 2
    endloop
  endfacet
  facet normal 0.857155 0.515059 0
    outer loop
      vertex 15.8585 67.1095 0
      vertex 16.1947 66.55 2
      vertex 16.1947 66.55 0
    endloop
  endfacet
  facet normal -0.956321 -0.29232 0
    outer loop
      vertex -17.7848 51.4214 0
      vertex -17.9756 52.0456 2
      vertex -17.9756 52.0456 0
    endloop
  endfacet
  facet normal -0.956321 -0.29232 0
    outer loop
      vertex -17.9756 52.0456 2
      vertex -17.7848 51.4214 0
      vertex -17.7848 51.4214 2
    endloop
  endfacet
  facet normal 0.0523956 0.998626 -0
    outer loop
      vertex 1.30445 75.8544 0
      vertex 0.65262 75.8886 2
      vertex 1.30445 75.8544 2
    endloop
  endfacet
  facet normal 0.0523956 0.998626 0
    outer loop
      vertex 0.65262 75.8886 2
      vertex 1.30445 75.8544 0
      vertex 0.65262 75.8886 0
    endloop
  endfacet
  facet normal 0.987691 -0.156419 0
    outer loop
      vertex 18.4159 53.9528 2
      vertex 18.518 54.5975 0
      vertex 18.518 54.5975 2
    endloop
  endfacet
  facet normal 0.987691 -0.156419 0
    outer loop
      vertex 18.518 54.5975 0
      vertex 18.4159 53.9528 2
      vertex 18.4159 53.9528 0
    endloop
  endfacet
  facet normal 0.0870223 0.996206 -0
    outer loop
      vertex 1.95468 75.7976 0
      vertex 1.30445 75.8544 2
      vertex 1.95468 75.7976 2
    endloop
  endfacet
  facet normal 0.0870223 0.996206 0
    outer loop
      vertex 1.30445 75.8544 2
      vertex 1.95468 75.7976 0
      vertex 1.30445 75.8544 0
    endloop
  endfacet
  facet normal -0.65605 0.754718 0
    outer loop
      vertex -12.0201 71.525 0
      vertex -12.5127 71.0968 2
      vertex -12.0201 71.525 2
    endloop
  endfacet
  facet normal -0.65605 0.754718 0
    outer loop
      vertex -12.5127 71.0968 2
      vertex -12.0201 71.525 0
      vertex -12.5127 71.0968 0
    endloop
  endfacet
  facet normal -0.390677 -0.920528 0
    outer loop
      vertex -7.60598 40.1167 0
      vertex -7.00514 39.8617 2
      vertex -7.60598 40.1167 2
    endloop
  endfacet
  facet normal -0.390677 -0.920528 -0
    outer loop
      vertex -7.00514 39.8617 2
      vertex -7.60598 40.1167 0
      vertex -7.00514 39.8617 0
    endloop
  endfacet
  facet normal 0.754718 0.65605 0
    outer loop
      vertex 14.325 69.2201 2
      vertex 13.8968 69.7127 0
      vertex 13.8968 69.7127 2
    endloop
  endfacet
  facet normal 0.754718 0.65605 0
    outer loop
      vertex 13.8968 69.7127 0
      vertex 14.325 69.2201 2
      vertex 14.325 69.2201 0
    endloop
  endfacet
  facet normal 0.874655 0.484745 0
    outer loop
      vertex 16.5111 65.9791 2
      vertex 16.1947 66.55 0
      vertex 16.1947 66.55 2
    endloop
  endfacet
  facet normal 0.874655 0.484745 0
    outer loop
      vertex 16.1947 66.55 0
      vertex 16.5111 65.9791 2
      vertex 16.5111 65.9791 0
    endloop
  endfacet
  facet normal 0.992535 -0.12196 0
    outer loop
      vertex 18.518 54.5975 2
      vertex 18.5976 55.2453 0
      vertex 18.5976 55.2453 2
    endloop
  endfacet
  facet normal 0.992535 -0.12196 0
    outer loop
      vertex 18.5976 55.2453 0
      vertex 18.518 54.5975 2
      vertex 18.518 54.5975 0
    endloop
  endfacet
  facet normal 0.422682 0.906278 -0
    outer loop
      vertex 8.19754 74.0074 0
      vertex 7.60598 74.2833 2
      vertex 8.19754 74.0074 2
    endloop
  endfacet
  facet normal 0.422682 0.906278 0
    outer loop
      vertex 7.60598 74.2833 2
      vertex 8.19754 74.0074 0
      vertex 7.60598 74.2833 0
    endloop
  endfacet
  facet normal 0.819153 0.573575 0
    outer loop
      vertex 15.503 67.6569 2
      vertex 15.1286 68.1916 0
      vertex 15.1286 68.1916 2
    endloop
  endfacet
  facet normal 0.819153 0.573575 0
    outer loop
      vertex 15.1286 68.1916 0
      vertex 15.503 67.6569 2
      vertex 15.503 67.6569 0
    endloop
  endfacet
  facet normal -0.156424 0.98769 0
    outer loop
      vertex -2.60254 75.718 0
      vertex -3.24722 75.6159 2
      vertex -2.60254 75.718 2
    endloop
  endfacet
  facet normal -0.156424 0.98769 0
    outer loop
      vertex -3.24722 75.6159 2
      vertex -2.60254 75.718 0
      vertex -3.24722 75.6159 0
    endloop
  endfacet
  facet normal -0.996207 -0.087013 0
    outer loop
      vertex -18.5976 55.2453 0
      vertex -18.6544 55.8956 2
      vertex -18.6544 55.8956 0
    endloop
  endfacet
  facet normal -0.996207 -0.087013 0
    outer loop
      vertex -18.6544 55.8956 2
      vertex -18.5976 55.2453 0
      vertex -18.5976 55.2453 2
    endloop
  endfacet
  facet normal 0.981639 0.190751 0
    outer loop
      vertex 18.4159 60.4472 2
      vertex 18.2914 61.0879 0
      vertex 18.2914 61.0879 2
    endloop
  endfacet
  facet normal 0.981639 0.190751 0
    outer loop
      vertex 18.2914 61.0879 0
      vertex 18.4159 60.4472 2
      vertex 18.4159 60.4472 0
    endloop
  endfacet
  facet normal 0.453954 0.891025 -0
    outer loop
      vertex 8.77912 73.7111 0
      vertex 8.19754 74.0074 2
      vertex 8.77912 73.7111 2
    endloop
  endfacet
  facet normal 0.453954 0.891025 0
    outer loop
      vertex 8.19754 74.0074 2
      vertex 8.77912 73.7111 0
      vertex 8.19754 74.0074 0
    endloop
  endfacet
  facet normal 0.65605 0.754718 -0
    outer loop
      vertex 12.5127 71.0968 0
      vertex 12.0201 71.525 2
      vertex 12.5127 71.0968 2
    endloop
  endfacet
  facet normal 0.65605 0.754718 0
    outer loop
      vertex 12.0201 71.525 2
      vertex 12.5127 71.0968 0
      vertex 12.0201 71.525 0
    endloop
  endfacet
  facet normal -0.0523956 0.998626 0
    outer loop
      vertex -0.65262 75.8886 0
      vertex -1.30445 75.8544 2
      vertex -0.65262 75.8886 2
    endloop
  endfacet
  facet normal -0.0523956 0.998626 0
    outer loop
      vertex -1.30445 75.8544 2
      vertex -0.65262 75.8886 0
      vertex -1.30445 75.8544 0
    endloop
  endfacet
  facet normal -0.998626 -0.052398 0
    outer loop
      vertex -18.6544 55.8956 0
      vertex -18.6886 56.5474 2
      vertex -18.6886 56.5474 0
    endloop
  endfacet
  facet normal -0.998626 -0.052398 0
    outer loop
      vertex -18.6886 56.5474 2
      vertex -18.6544 55.8956 0
      vertex -18.6544 55.8956 2
    endloop
  endfacet
  facet normal 0.956321 -0.29232 0
    outer loop
      vertex 17.7848 51.4214 2
      vertex 17.9756 52.0456 0
      vertex 17.9756 52.0456 2
    endloop
  endfacet
  facet normal 0.956321 -0.29232 0
    outer loop
      vertex 17.9756 52.0456 0
      vertex 17.7848 51.4214 2
      vertex 17.7848 51.4214 0
    endloop
  endfacet
  facet normal 0.156424 0.98769 -0
    outer loop
      vertex 3.24722 75.6159 0
      vertex 2.60254 75.718 2
      vertex 3.24722 75.6159 2
    endloop
  endfacet
  facet normal 0.156424 0.98769 0
    outer loop
      vertex 2.60254 75.718 2
      vertex 3.24722 75.6159 0
      vertex 2.60254 75.718 0
    endloop
  endfacet
  facet normal 0.484758 -0.874648 0
    outer loop
      vertex 8.77912 40.6889 0
      vertex 9.35 41.0053 2
      vertex 8.77912 40.6889 2
    endloop
  endfacet
  facet normal 0.484758 -0.874648 0
    outer loop
      vertex 9.35 41.0053 2
      vertex 8.77912 40.6889 0
      vertex 9.35 41.0053 0
    endloop
  endfacet
  facet normal -0.121949 -0.992536 0
    outer loop
      vertex -2.60254 38.682 0
      vertex -1.95468 38.6024 2
      vertex -2.60254 38.682 2
    endloop
  endfacet
  facet normal -0.121949 -0.992536 -0
    outer loop
      vertex -1.95468 38.6024 2
      vertex -2.60254 38.682 0
      vertex -1.95468 38.6024 0
    endloop
  endfacet
  facet normal -0.544647 0.838665 0
    outer loop
      vertex -9.90949 73.0585 0
      vertex -10.4569 72.703 2
      vertex -9.90949 73.0585 2
    endloop
  endfacet
  facet normal -0.544647 0.838665 0
    outer loop
      vertex -10.4569 72.703 2
      vertex -9.90949 73.0585 0
      vertex -10.4569 72.703 0
    endloop
  endfacet
  facet normal -0.515066 -0.857151 0
    outer loop
      vertex -9.90949 41.3415 0
      vertex -9.35 41.0053 2
      vertex -9.90949 41.3415 2
    endloop
  endfacet
  facet normal -0.515066 -0.857151 -0
    outer loop
      vertex -9.35 41.0053 2
      vertex -9.90949 41.3415 0
      vertex -9.35 41.0053 0
    endloop
  endfacet
  facet normal 0.891031 0.453942 0
    outer loop
      vertex 16.8074 65.3975 2
      vertex 16.5111 65.9791 0
      vertex 16.5111 65.9791 2
    endloop
  endfacet
  facet normal 0.891031 0.453942 0
    outer loop
      vertex 16.5111 65.9791 0
      vertex 16.8074 65.3975 2
      vertex 16.8074 65.3975 0
    endloop
  endfacet
  facet normal -0.681931 0.731417 0
    outer loop
      vertex -12.5127 71.0968 0
      vertex -12.9901 70.6517 2
      vertex -12.5127 71.0968 2
    endloop
  endfacet
  facet normal -0.681931 0.731417 0
    outer loop
      vertex -12.9901 70.6517 2
      vertex -12.5127 71.0968 0
      vertex -12.9901 70.6517 0
    endloop
  endfacet
  facet normal -0.777088 -0.629392 0
    outer loop
      vertex -14.325 45.1799 0
      vertex -14.7358 45.6871 2
      vertex -14.7358 45.6871 0
    endloop
  endfacet
  facet normal -0.777088 -0.629392 0
    outer loop
      vertex -14.7358 45.6871 2
      vertex -14.325 45.1799 0
      vertex -14.325 45.1799 2
    endloop
  endfacet
  facet normal 0.453954 -0.891025 0
    outer loop
      vertex 8.19754 40.3926 0
      vertex 8.77912 40.6889 2
      vertex 8.19754 40.3926 2
    endloop
  endfacet
  facet normal 0.453954 -0.891025 0
    outer loop
      vertex 8.77912 40.6889 2
      vertex 8.19754 40.3926 0
      vertex 8.77912 40.6889 0
    endloop
  endfacet
  facet normal 0.29232 -0.956321 0
    outer loop
      vertex 5.15442 39.2244 0
      vertex 5.77862 39.4152 2
      vertex 5.15442 39.2244 2
    endloop
  endfacet
  facet normal 0.29232 -0.956321 0
    outer loop
      vertex 5.77862 39.4152 2
      vertex 5.15442 39.2244 0
      vertex 5.77862 39.4152 0
    endloop
  endfacet
  facet normal 0.965942 -0.258759 0
    outer loop
      vertex 17.9756 52.0456 2
      vertex 18.1445 52.6761 0
      vertex 18.1445 52.6761 2
    endloop
  endfacet
  facet normal 0.965942 -0.258759 0
    outer loop
      vertex 18.1445 52.6761 0
      vertex 17.9756 52.0456 2
      vertex 17.9756 52.0456 0
    endloop
  endfacet
  facet normal -0.754718 0.65605 0
    outer loop
      vertex -14.325 69.2201 0
      vertex -13.8968 69.7127 2
      vertex -13.8968 69.7127 0
    endloop
  endfacet
  facet normal -0.754718 0.65605 0
    outer loop
      vertex -13.8968 69.7127 2
      vertex -14.325 69.2201 0
      vertex -14.325 69.2201 2
    endloop
  endfacet
  facet normal -0.920542 -0.390644 0
    outer loop
      vertex -17.0833 49.594 0
      vertex -17.3383 50.1949 2
      vertex -17.3383 50.1949 0
    endloop
  endfacet
  facet normal -0.920542 -0.390644 0
    outer loop
      vertex -17.3383 50.1949 2
      vertex -17.0833 49.594 0
      vertex -17.0833 49.594 2
    endloop
  endfacet
  facet normal -0.974347 -0.22505 0
    outer loop
      vertex -18.1445 52.6761 0
      vertex -18.2914 53.3121 2
      vertex -18.2914 53.3121 0
    endloop
  endfacet
  facet normal -0.974347 -0.22505 0
    outer loop
      vertex -18.2914 53.3121 2
      vertex -18.1445 52.6761 0
      vertex -18.1445 52.6761 2
    endloop
  endfacet
  facet normal 0.731417 -0.681931 0
    outer loop
      vertex 13.4517 44.2099 2
      vertex 13.8968 44.6873 0
      vertex 13.8968 44.6873 2
    endloop
  endfacet
  facet normal 0.731417 -0.681931 0
    outer loop
      vertex 13.8968 44.6873 0
      vertex 13.4517 44.2099 2
      vertex 13.4517 44.2099 0
    endloop
  endfacet
  facet normal 0.754718 -0.65605 0
    outer loop
      vertex 13.8968 44.6873 2
      vertex 14.325 45.1799 0
      vertex 14.325 45.1799 2
    endloop
  endfacet
  facet normal 0.754718 -0.65605 0
    outer loop
      vertex 14.325 45.1799 0
      vertex 13.8968 44.6873 2
      vertex 13.8968 44.6873 0
    endloop
  endfacet
  facet normal 0.515066 -0.857151 0
    outer loop
      vertex 9.35 41.0053 0
      vertex 9.90949 41.3415 2
      vertex 9.35 41.0053 2
    endloop
  endfacet
  facet normal 0.515066 -0.857151 0
    outer loop
      vertex 9.90949 41.3415 2
      vertex 9.35 41.0053 0
      vertex 9.90949 41.3415 0
    endloop
  endfacet
  facet normal 0.573575 0.819153 -0
    outer loop
      vertex 10.9916 72.3286 0
      vertex 10.4569 72.703 2
      vertex 10.9916 72.3286 2
    endloop
  endfacet
  facet normal 0.573575 0.819153 0
    outer loop
      vertex 10.4569 72.703 2
      vertex 10.9916 72.3286 0
      vertex 10.4569 72.703 0
    endloop
  endfacet
  facet normal 0.777088 -0.629392 0
    outer loop
      vertex 14.325 45.1799 2
      vertex 14.7358 45.6871 0
      vertex 14.7358 45.6871 2
    endloop
  endfacet
  facet normal 0.777088 -0.629392 0
    outer loop
      vertex 14.7358 45.6871 0
      vertex 14.325 45.1799 2
      vertex 14.325 45.1799 0
    endloop
  endfacet
  facet normal 0 0 -1
    outer loop
      vertex 18.6886 56.5474 0
      vertex 18.6886 57.8526 0
      vertex 18.7 57.2 0
    endloop
  endfacet
  facet normal 0 0 -1
    outer loop
      vertex 18.6544 55.8956 0
      vertex 18.6886 57.8526 0
      vertex 18.6886 56.5474 0
    endloop
  endfacet
  facet normal 0 0 -1
    outer loop
      vertex 18.6544 55.8956 0
      vertex 18.6544 58.5044 0
      vertex 18.6886 57.8526 0
    endloop
  endfacet
  facet normal 0 0 -1
    outer loop
      vertex 18.5976 55.2453 0
      vertex 18.6544 58.5044 0
      vertex 18.6544 55.8956 0
    endloop
  endfacet
  facet normal 0 0 -1
    outer loop
      vertex 18.5976 55.2453 0
      vertex 18.5976 59.1547 0
      vertex 18.6544 58.5044 0
    endloop
  endfacet
  facet normal 0 0 -1
    outer loop
      vertex 18.518 54.5975 0
      vertex 18.5976 59.1547 0
      vertex 18.5976 55.2453 0
    endloop
  endfacet
  facet normal 0 0 -1
    outer loop
      vertex 18.518 54.5975 0
      vertex 18.518 59.8025 0
      vertex 18.5976 59.1547 0
    endloop
  endfacet
  facet normal 0 0 -1
    outer loop
      vertex 18.4159 53.9528 0
      vertex 18.518 59.8025 0
      vertex 18.518 54.5975 0
    endloop
  endfacet
  facet normal 0 0 -1
    outer loop
      vertex 18.4159 53.9528 0
      vertex 18.4159 60.4472 0
      vertex 18.518 59.8025 0
    endloop
  endfacet
  facet normal 0 0 -1
    outer loop
      vertex 18.2914 53.3121 0
      vertex 18.4159 60.4472 0
      vertex 18.4159 53.9528 0
    endloop
  endfacet
  facet normal 0 0 -1
    outer loop
      vertex 18.2914 53.3121 0
      vertex 18.2914 61.0879 0
      vertex 18.4159 60.4472 0
    endloop
  endfacet
  facet normal 0 0 -1
    outer loop
      vertex 18.1445 52.6761 0
      vertex 18.2914 61.0879 0
      vertex 18.2914 53.3121 0
    endloop
  endfacet
  facet normal 0 0 -1
    outer loop
      vertex 18.1445 52.6761 0
      vertex 18.1445 61.7239 0
      vertex 18.2914 61.0879 0
    endloop
  endfacet
  facet normal 0 0 -1
    outer loop
      vertex 17.9756 52.0456 0
      vertex 18.1445 61.7239 0
      vertex 18.1445 52.6761 0
    endloop
  endfacet
  facet normal 0 0 -1
    outer loop
      vertex 17.9756 52.0456 0
      vertex 17.9756 62.3544 0
      vertex 18.1445 61.7239 0
    endloop
  endfacet
  facet normal 0 0 -1
    outer loop
      vertex 17.7848 51.4214 0
      vertex 17.9756 62.3544 0
      vertex 17.9756 52.0456 0
    endloop
  endfacet
  facet normal 0 0 -1
    outer loop
      vertex 17.7848 51.4214 0
      vertex 17.7848 62.9786 0
      vertex 17.9756 62.3544 0
    endloop
  endfacet
  facet normal 0 0 -1
    outer loop
      vertex 17.5723 50.8042 0
      vertex 17.7848 62.9786 0
      vertex 17.7848 51.4214 0
    endloop
  endfacet
  facet normal 0 0 -1
    outer loop
      vertex 17.5723 50.8042 0
      vertex 17.5723 63.5958 0
      vertex 17.7848 62.9786 0
    endloop
  endfacet
  facet normal 0 0 -1
    outer loop
      vertex 17.3383 50.1949 0
      vertex 17.5723 63.5958 0
      vertex 17.5723 50.8042 0
    endloop
  endfacet
  facet normal 0 0 -1
    outer loop
      vertex 17.3383 50.1949 0
      vertex 17.3383 64.2051 0
      vertex 17.5723 63.5958 0
    endloop
  endfacet
  facet normal 0 0 -1
    outer loop
      vertex 17.0833 49.594 0
      vertex 17.3383 64.2051 0
      vertex 17.3383 50.1949 0
    endloop
  endfacet
  facet normal 0 0 -1
    outer loop
      vertex 17.0833 49.594 0
      vertex 17.0833 64.806 0
      vertex 17.3383 64.2051 0
    endloop
  endfacet
  facet normal 0 0 -1
    outer loop
      vertex 16.8074 49.0025 0
      vertex 17.0833 64.806 0
      vertex 17.0833 49.594 0
    endloop
  endfacet
  facet normal 0 0 -1
    outer loop
      vertex 16.8074 49.0025 0
      vertex 16.8074 65.3975 0
      vertex 17.0833 64.806 0
    endloop
  endfacet
  facet normal 0 0 -1
    outer loop
      vertex 16.5111 48.4209 0
      vertex 16.8074 65.3975 0
      vertex 16.8074 49.0025 0
    endloop
  endfacet
  facet normal 0 0 -1
    outer loop
      vertex 16.5111 48.4209 0
      vertex 16.5111 65.9791 0
      vertex 16.8074 65.3975 0
    endloop
  endfacet
  facet normal 0 0 -1
    outer loop
      vertex 16.1947 47.85 0
      vertex 16.5111 65.9791 0
      vertex 16.5111 48.4209 0
    endloop
  endfacet
  facet normal 0 0 -1
    outer loop
      vertex 16.1947 47.85 0
      vertex 16.1947 66.55 0
      vertex 16.5111 65.9791 0
    endloop
  endfacet
  facet normal 0 0 -1
    outer loop
      vertex 15.8585 47.2905 0
      vertex 16.1947 66.55 0
      vertex 16.1947 47.85 0
    endloop
  endfacet
  facet normal 0 0 -1
    outer loop
      vertex 15.8585 47.2905 0
      vertex 15.8585 67.1095 0
      vertex 16.1947 66.55 0
    endloop
  endfacet
  facet normal 0 0 -1
    outer loop
      vertex 15.503 46.7431 0
      vertex 15.8585 67.1095 0
      vertex 15.8585 47.2905 0
    endloop
  endfacet
  facet normal 0 0 -1
    outer loop
      vertex 15.503 46.7431 0
      vertex 15.503 67.6569 0
      vertex 15.8585 67.1095 0
    endloop
  endfacet
  facet normal 0 0 -1
    outer loop
      vertex 15.1286 46.2084 0
      vertex 15.503 67.6569 0
      vertex 15.503 46.7431 0
    endloop
  endfacet
  facet normal 0 0 -1
    outer loop
      vertex 15.1286 46.2084 0
      vertex 15.1286 68.1916 0
      vertex 15.503 67.6569 0
    endloop
  endfacet
  facet normal 0 0 -1
    outer loop
      vertex 14.7358 45.6871 0
      vertex 15.1286 68.1916 0
      vertex 15.1286 46.2084 0
    endloop
  endfacet
  facet normal 0 0 -1
    outer loop
      vertex 14.7358 45.6871 0
      vertex 14.7358 68.7129 0
      vertex 15.1286 68.1916 0
    endloop
  endfacet
  facet normal 0 0 -1
    outer loop
      vertex 14.325 45.1799 0
      vertex 14.7358 68.7129 0
      vertex 14.7358 45.6871 0
    endloop
  endfacet
  facet normal 0 0 -1
    outer loop
      vertex 14.325 45.1799 0
      vertex 14.325 69.2201 0
      vertex 14.7358 68.7129 0
    endloop
  endfacet
  facet normal 0 0 -1
    outer loop
      vertex 13.8968 44.6873 0
      vertex 14.325 69.2201 0
      vertex 14.325 45.1799 0
    endloop
  endfacet
  facet normal 0 0 -1
    outer loop
      vertex 13.8968 44.6873 0
      vertex 13.8968 69.7127 0
      vertex 14.325 69.2201 0
    endloop
  endfacet
  facet normal 0 0 -1
    outer loop
      vertex 13.4517 44.2099 0
      vertex 13.8968 69.7127 0
      vertex 13.8968 44.6873 0
    endloop
  endfacet
  facet normal 0 0 -1
    outer loop
      vertex 13.4517 44.2099 0
      vertex 13.4517 70.1901 0
      vertex 13.8968 69.7127 0
    endloop
  endfacet
  facet normal 0 0 -1
    outer loop
      vertex 12.9901 43.7483 0
      vertex 13.4517 70.1901 0
      vertex 13.4517 44.2099 0
    endloop
  endfacet
  facet normal 0 0 -1
    outer loop
      vertex 12.9901 43.7483 0
      vertex 12.9901 70.6517 0
      vertex 13.4517 70.1901 0
    endloop
  endfacet
  facet normal 0 0 -1
    outer loop
      vertex 12.5127 43.3032 0
      vertex 12.9901 70.6517 0
      vertex 12.9901 43.7483 0
    endloop
  endfacet
  facet normal 0 0 -1
    outer loop
      vertex 12.5127 43.3032 0
      vertex 12.5127 71.0968 0
      vertex 12.9901 70.6517 0
    endloop
  endfacet
  facet normal 0 0 -1
    outer loop
      vertex 12.0201 42.875 0
      vertex 12.5127 71.0968 0
      vertex 12.5127 43.3032 0
    endloop
  endfacet
  facet normal 0 0 -1
    outer loop
      vertex 12.0201 42.875 0
      vertex 12.0201 71.525 0
      vertex 12.5127 71.0968 0
    endloop
  endfacet
  facet normal 0 0 -1
    outer loop
      vertex 11.5129 42.4642 0
      vertex 12.0201 71.525 0
      vertex 12.0201 42.875 0
    endloop
  endfacet
  facet normal 0 0 -1
    outer loop
      vertex 11.5129 42.4642 0
      vertex 11.5129 71.9358 0
      vertex 12.0201 71.525 0
    endloop
  endfacet
  facet normal 0 0 -1
    outer loop
      vertex 10.9916 42.0714 0
      vertex 11.5129 71.9358 0
      vertex 11.5129 42.4642 0
    endloop
  endfacet
  facet normal 0 0 -1
    outer loop
      vertex 10.9916 42.0714 0
      vertex 10.9916 72.3286 0
      vertex 11.5129 71.9358 0
    endloop
  endfacet
  facet normal 0 0 -1
    outer loop
      vertex 10.4569 41.697 0
      vertex 10.9916 72.3286 0
      vertex 10.9916 42.0714 0
    endloop
  endfacet
  facet normal 0 0 -1
    outer loop
      vertex 10.4569 41.697 0
      vertex 10.4569 72.703 0
      vertex 10.9916 72.3286 0
    endloop
  endfacet
  facet normal 0 0 -1
    outer loop
      vertex 9.90949 41.3415 0
      vertex 10.4569 72.703 0
      vertex 10.4569 41.697 0
    endloop
  endfacet
  facet normal 0 0 -1
    outer loop
      vertex 9.90949 41.3415 0
      vertex 9.90949 73.0585 0
      vertex 10.4569 72.703 0
    endloop
  endfacet
  facet normal 0 0 -1
    outer loop
      vertex 9.35 41.0053 0
      vertex 9.90949 73.0585 0
      vertex 9.90949 41.3415 0
    endloop
  endfacet
  facet normal 0 0 -1
    outer loop
      vertex 9.35 41.0053 0
      vertex 9.35 73.3947 0
      vertex 9.90949 73.0585 0
    endloop
  endfacet
  facet normal 0 0 -1
    outer loop
      vertex 8.77912 40.6889 0
      vertex 9.35 73.3947 0
      vertex 9.35 41.0053 0
    endloop
  endfacet
  facet normal 0 0 -1
    outer loop
      vertex 8.77912 40.6889 0
      vertex 8.77912 73.7111 0
      vertex 9.35 73.3947 0
    endloop
  endfacet
  facet normal 0 0 -1
    outer loop
      vertex 8.19754 40.3926 0
      vertex 8.77912 73.7111 0
      vertex 8.77912 40.6889 0
    endloop
  endfacet
  facet normal 0 0 -1
    outer loop
      vertex 8.19754 40.3926 0
      vertex 8.19754 74.0074 0
      vertex 8.77912 73.7111 0
    endloop
  endfacet
  facet normal 0 0 -1
    outer loop
      vertex 7.60598 40.1167 0
      vertex 8.19754 74.0074 0
      vertex 8.19754 40.3926 0
    endloop
  endfacet
  facet normal 0 0 -1
    outer loop
      vertex 7.60598 40.1167 0
      vertex 7.60598 74.2833 0
      vertex 8.19754 74.0074 0
    endloop
  endfacet
  facet normal 0 0 -1
    outer loop
      vertex 7.00514 39.8617 0
      vertex 7.60598 74.2833 0
      vertex 7.60598 40.1167 0
    endloop
  endfacet
  facet normal 0 0 -1
    outer loop
      vertex 7.00514 39.8617 0
      vertex 7.00514 74.5383 0
      vertex 7.60598 74.2833 0
    endloop
  endfacet
  facet normal 0 0 -1
    outer loop
      vertex 6.39578 39.6278 0
      vertex 7.00514 74.5383 0
      vertex 7.00514 39.8617 0
    endloop
  endfacet
  facet normal 0 0 -1
    outer loop
      vertex 6.39578 39.6278 0
      vertex 6.39578 74.7723 0
      vertex 7.00514 74.5383 0
    endloop
  endfacet
  facet normal 0 0 -1
    outer loop
      vertex 5.77862 39.4152 0
      vertex 6.39578 74.7723 0
      vertex 6.39578 39.6278 0
    endloop
  endfacet
  facet normal 0 0 -1
    outer loop
      vertex 5.77862 39.4152 0
      vertex 5.77862 74.9848 0
      vertex 6.39578 74.7723 0
    endloop
  endfacet
  facet normal 0 0 -1
    outer loop
      vertex 5.15442 39.2244 0
      vertex 5.77862 74.9848 0
      vertex 5.77862 39.4152 0
    endloop
  endfacet
  facet normal 0 0 -1
    outer loop
      vertex 5.15442 39.2244 0
      vertex 5.15442 75.1756 0
      vertex 5.77862 74.9848 0
    endloop
  endfacet
  facet normal 0 0 -1
    outer loop
      vertex 4.52394 39.0555 0
      vertex 5.15442 75.1756 0
      vertex 5.15442 39.2244 0
    endloop
  endfacet
  facet normal 0 0 -1
    outer loop
      vertex 4.52394 39.0555 0
      vertex 4.52394 75.3445 0
      vertex 5.15442 75.1756 0
    endloop
  endfacet
  facet normal 0 0 -1
    outer loop
      vertex 3.88795 38.9086 0
      vertex 4.52394 75.3445 0
      vertex 4.52394 39.0555 0
    endloop
  endfacet
  facet normal 0 0 -1
    outer loop
      vertex 3.88795 38.9086 0
      vertex 3.88795 75.4914 0
      vertex 4.52394 75.3445 0
    endloop
  endfacet
  facet normal 0 0 -1
    outer loop
      vertex 3.24722 38.7841 0
      vertex 3.88795 75.4914 0
      vertex 3.88795 38.9086 0
    endloop
  endfacet
  facet normal 0 0 -1
    outer loop
      vertex 3.24722 38.7841 0
      vertex 3.24722 75.6159 0
      vertex 3.88795 75.4914 0
    endloop
  endfacet
  facet normal 0 0 -1
    outer loop
      vertex 2.60254 38.682 0
      vertex 3.24722 75.6159 0
      vertex 3.24722 38.7841 0
    endloop
  endfacet
  facet normal 0 0 -1
    outer loop
      vertex 2.60254 38.682 0
      vertex 2.60254 75.718 0
      vertex 3.24722 75.6159 0
    endloop
  endfacet
  facet normal 0 0 -1
    outer loop
      vertex 1.95468 38.6024 0
      vertex 2.60254 75.718 0
      vertex 2.60254 38.682 0
    endloop
  endfacet
  facet normal 0 0 -1
    outer loop
      vertex 1.95468 38.6024 0
      vertex 1.95468 75.7976 0
      vertex 2.60254 75.718 0
    endloop
  endfacet
  facet normal 0 0 -1
    outer loop
      vertex 1.30445 38.5456 0
      vertex 1.95468 75.7976 0
      vertex 1.95468 38.6024 0
    endloop
  endfacet
  facet normal 0 0 -1
    outer loop
      vertex 1.30445 38.5456 0
      vertex 1.30445 75.8544 0
      vertex 1.95468 75.7976 0
    endloop
  endfacet
  facet normal 0 0 -1
    outer loop
      vertex 0.65262 38.5114 0
      vertex 1.30445 75.8544 0
      vertex 1.30445 38.5456 0
    endloop
  endfacet
  facet normal 0 0 -1
    outer loop
      vertex 0.65262 38.5114 0
      vertex 0.65262 75.8886 0
      vertex 1.30445 75.8544 0
    endloop
  endfacet
  facet normal 0 0 -1
    outer loop
      vertex 0 38.5 0
      vertex 0.65262 75.8886 0
      vertex 0.65262 38.5114 0
    endloop
  endfacet
  facet normal 0 0 -1
    outer loop
      vertex 0 38.5 0
      vertex 0 75.9 0
      vertex 0.65262 75.8886 0
    endloop
  endfacet
  facet normal 0 0 -1
    outer loop
      vertex -0.65262 38.5114 0
      vertex 0 75.9 0
      vertex 0 38.5 0
    endloop
  endfacet
  facet normal 0 0 -1
    outer loop
      vertex -0.65262 38.5114 0
      vertex -0.65262 75.8886 0
      vertex 0 75.9 0
    endloop
  endfacet
  facet normal 0 0 -1
    outer loop
      vertex -1.30445 38.5456 0
      vertex -0.65262 75.8886 0
      vertex -0.65262 38.5114 0
    endloop
  endfacet
  facet normal 0 0 -1
    outer loop
      vertex -1.30445 38.5456 0
      vertex -1.30445 75.8544 0
      vertex -0.65262 75.8886 0
    endloop
  endfacet
  facet normal 0 0 -1
    outer loop
      vertex -1.95468 38.6024 0
      vertex -1.30445 75.8544 0
      vertex -1.30445 38.5456 0
    endloop
  endfacet
  facet normal 0 0 -1
    outer loop
      vertex -1.95468 38.6024 0
      vertex -1.95468 75.7976 0
      vertex -1.30445 75.8544 0
    endloop
  endfacet
  facet normal 0 0 -1
    outer loop
      vertex -2.60254 38.682 0
      vertex -1.95468 75.7976 0
      vertex -1.95468 38.6024 0
    endloop
  endfacet
  facet normal 0 0 -1
    outer loop
      vertex -2.60254 38.682 0
      vertex -2.60254 75.718 0
      vertex -1.95468 75.7976 0
    endloop
  endfacet
  facet normal 0 0 -1
    outer loop
      vertex -3.24722 38.7841 0
      vertex -2.60254 75.718 0
      vertex -2.60254 38.682 0
    endloop
  endfacet
  facet normal 0 0 -1
    outer loop
      vertex -3.24722 38.7841 0
      vertex -3.24722 75.6159 0
      vertex -2.60254 75.718 0
    endloop
  endfacet
  facet normal 0 0 -1
    outer loop
      vertex -3.88795 38.9086 0
      vertex -3.24722 75.6159 0
      vertex -3.24722 38.7841 0
    endloop
  endfacet
  facet normal 0 0 -1
    outer loop
      vertex -3.88795 38.9086 0
      vertex -3.88795 75.4914 0
      vertex -3.24722 75.6159 0
    endloop
  endfacet
  facet normal 0 0 -1
    outer loop
      vertex -4.52394 39.0555 0
      vertex -3.88795 75.4914 0
      vertex -3.88795 38.9086 0
    endloop
  endfacet
  facet normal 0 0 -1
    outer loop
      vertex -4.52394 39.0555 0
      vertex -4.52394 75.3445 0
      vertex -3.88795 75.4914 0
    endloop
  endfacet
  facet normal 0 0 -1
    outer loop
      vertex -5.15442 39.2244 0
      vertex -4.52394 75.3445 0
      vertex -4.52394 39.0555 0
    endloop
  endfacet
  facet normal 0 0 -1
    outer loop
      vertex -5.15442 39.2244 0
      vertex -5.15442 75.1756 0
      vertex -4.52394 75.3445 0
    endloop
  endfacet
  facet normal 0 0 -1
    outer loop
      vertex -5.77862 39.4152 0
      vertex -5.15442 75.1756 0
      vertex -5.15442 39.2244 0
    endloop
  endfacet
  facet normal 0 0 -1
    outer loop
      vertex -5.77862 39.4152 0
      vertex -5.77862 74.9848 0
      vertex -5.15442 75.1756 0
    endloop
  endfacet
  facet normal 0 0 -1
    outer loop
      vertex -6.39578 39.6278 0
      vertex -5.77862 74.9848 0
      vertex -5.77862 39.4152 0
    endloop
  endfacet
  facet normal 0 0 -1
    outer loop
      vertex -6.39578 39.6278 0
      vertex -6.39578 74.7723 0
      vertex -5.77862 74.9848 0
    endloop
  endfacet
  facet normal 0 0 -1
    outer loop
      vertex -7.00514 39.8617 0
      vertex -6.39578 74.7723 0
      vertex -6.39578 39.6278 0
    endloop
  endfacet
  facet normal 0 0 -1
    outer loop
      vertex -7.00514 39.8617 0
      vertex -7.00514 74.5383 0
      vertex -6.39578 74.7723 0
    endloop
  endfacet
  facet normal 0 0 -1
    outer loop
      vertex -7.60598 40.1167 0
      vertex -7.00514 74.5383 0
      vertex -7.00514 39.8617 0
    endloop
  endfacet
  facet normal 0 0 -1
    outer loop
      vertex -7.60598 40.1167 0
      vertex -7.60598 74.2833 0
      vertex -7.00514 74.5383 0
    endloop
  endfacet
  facet normal 0 0 -1
    outer loop
      vertex -8.19754 40.3926 0
      vertex -7.60598 74.2833 0
      vertex -7.60598 40.1167 0
    endloop
  endfacet
  facet normal 0 0 -1
    outer loop
      vertex -8.19754 40.3926 0
      vertex -8.19754 74.0074 0
      vertex -7.60598 74.2833 0
    endloop
  endfacet
  facet normal 0 0 -1
    outer loop
      vertex -8.77912 40.6889 0
      vertex -8.19754 74.0074 0
      vertex -8.19754 40.3926 0
    endloop
  endfacet
  facet normal 0 0 -1
    outer loop
      vertex -8.77912 40.6889 0
      vertex -8.77912 73.7111 0
      vertex -8.19754 74.0074 0
    endloop
  endfacet
  facet normal 0 0 -1
    outer loop
      vertex -9.35 41.0053 0
      vertex -8.77912 73.7111 0
      vertex -8.77912 40.6889 0
    endloop
  endfacet
  facet normal 0 0 -1
    outer loop
      vertex -9.35 41.0053 0
      vertex -9.35 73.3947 0
      vertex -8.77912 73.7111 0
    endloop
  endfacet
  facet normal 0 0 -1
    outer loop
      vertex -9.90949 41.3415 0
      vertex -9.35 73.3947 0
      vertex -9.35 41.0053 0
    endloop
  endfacet
  facet normal 0 0 -1
    outer loop
      vertex -9.90949 41.3415 0
      vertex -9.90949 73.0585 0
      vertex -9.35 73.3947 0
    endloop
  endfacet
  facet normal 0 0 -1
    outer loop
      vertex -10.4569 41.697 0
      vertex -9.90949 73.0585 0
      vertex -9.90949 41.3415 0
    endloop
  endfacet
  facet normal 0 0 -1
    outer loop
      vertex -10.4569 41.697 0
      vertex -10.4569 72.703 0
      vertex -9.90949 73.0585 0
    endloop
  endfacet
  facet normal 0 0 -1
    outer loop
      vertex -10.9916 42.0714 0
      vertex -10.4569 72.703 0
      vertex -10.4569 41.697 0
    endloop
  endfacet
  facet normal 0 0 -1
    outer loop
      vertex -10.9916 42.0714 0
      vertex -10.9916 72.3286 0
      vertex -10.4569 72.703 0
    endloop
  endfacet
  facet normal 0 0 -1
    outer loop
      vertex -11.5129 42.4642 0
      vertex -10.9916 72.3286 0
      vertex -10.9916 42.0714 0
    endloop
  endfacet
  facet normal 0 0 -1
    outer loop
      vertex -11.5129 42.4642 0
      vertex -11.5129 71.9358 0
      vertex -10.9916 72.3286 0
    endloop
  endfacet
  facet normal 0 0 -1
    outer loop
      vertex -12.0201 42.875 0
      vertex -11.5129 71.9358 0
      vertex -11.5129 42.4642 0
    endloop
  endfacet
  facet normal 0 0 -1
    outer loop
      vertex -12.0201 42.875 0
      vertex -12.0201 71.525 0
      vertex -11.5129 71.9358 0
    endloop
  endfacet
  facet normal 0 0 -1
    outer loop
      vertex -12.5127 43.3032 0
      vertex -12.0201 71.525 0
      vertex -12.0201 42.875 0
    endloop
  endfacet
  facet normal 0 0 -1
    outer loop
      vertex -12.5127 43.3032 0
      vertex -12.5127 71.0968 0
      vertex -12.0201 71.525 0
    endloop
  endfacet
  facet normal 0 0 -1
    outer loop
      vertex -12.9901 43.7483 0
      vertex -12.5127 71.0968 0
      vertex -12.5127 43.3032 0
    endloop
  endfacet
  facet normal 0 0 -1
    outer loop
      vertex -12.9901 43.7483 0
      vertex -12.9901 70.6517 0
      vertex -12.5127 71.0968 0
    endloop
  endfacet
  facet normal 0 0 -1
    outer loop
      vertex -13.4517 44.2099 0
      vertex -12.9901 70.6517 0
      vertex -12.9901 43.7483 0
    endloop
  endfacet
  facet normal 0 0 -1
    outer loop
      vertex -13.4517 44.2099 0
      vertex -13.4517 70.1901 0
      vertex -12.9901 70.6517 0
    endloop
  endfacet
  facet normal 0 0 -1
    outer loop
      vertex -13.8968 44.6873 0
      vertex -13.4517 70.1901 0
      vertex -13.4517 44.2099 0
    endloop
  endfacet
  facet normal 0 0 -1
    outer loop
      vertex -13.8968 44.6873 0
      vertex -13.8968 69.7127 0
      vertex -13.4517 70.1901 0
    endloop
  endfacet
  facet normal 0 0 -1
    outer loop
      vertex -14.325 45.1799 0
      vertex -13.8968 69.7127 0
      vertex -13.8968 44.6873 0
    endloop
  endfacet
  facet normal 0 0 -1
    outer loop
      vertex -14.325 45.1799 0
      vertex -14.325 69.2201 0
      vertex -13.8968 69.7127 0
    endloop
  endfacet
  facet normal 0 0 -1
    outer loop
      vertex -14.7358 45.6871 0
      vertex -14.325 69.2201 0
      vertex -14.325 45.1799 0
    endloop
  endfacet
  facet normal 0 0 -1
    outer loop
      vertex -14.7358 45.6871 0
      vertex -14.7358 68.7129 0
      vertex -14.325 69.2201 0
    endloop
  endfacet
  facet normal 0 0 -1
    outer loop
      vertex -15.1286 46.2084 0
      vertex -14.7358 68.7129 0
      vertex -14.7358 45.6871 0
    endloop
  endfacet
  facet normal 0 0 -1
    outer loop
      vertex -15.1286 46.2084 0
      vertex -15.1286 68.1916 0
      vertex -14.7358 68.7129 0
    endloop
  endfacet
  facet normal 0 0 -1
    outer loop
      vertex -15.503 46.7431 0
      vertex -15.1286 68.1916 0
      vertex -15.1286 46.2084 0
    endloop
  endfacet
  facet normal 0 0 -1
    outer loop
      vertex -15.503 46.7431 0
      vertex -15.503 67.6569 0
      vertex -15.1286 68.1916 0
    endloop
  endfacet
  facet normal 0 0 -1
    outer loop
      vertex -15.8585 47.2905 0
      vertex -15.503 67.6569 0
      vertex -15.503 46.7431 0
    endloop
  endfacet
  facet normal 0 0 -1
    outer loop
      vertex -15.8585 47.2905 0
      vertex -15.8585 67.1095 0
      vertex -15.503 67.6569 0
    endloop
  endfacet
  facet normal 0 0 -1
    outer loop
      vertex -16.1947 47.85 0
      vertex -15.8585 67.1095 0
      vertex -15.8585 47.2905 0
    endloop
  endfacet
  facet normal 0 0 -1
    outer loop
      vertex -16.1947 47.85 0
      vertex -16.1947 66.55 0
      vertex -15.8585 67.1095 0
    endloop
  endfacet
  facet normal 0 0 -1
    outer loop
      vertex -16.5111 48.4209 0
      vertex -16.1947 66.55 0
      vertex -16.1947 47.85 0
    endloop
  endfacet
  facet normal 0 0 -1
    outer loop
      vertex -16.5111 48.4209 0
      vertex -16.5111 65.9791 0
      vertex -16.1947 66.55 0
    endloop
  endfacet
  facet normal 0 0 -1
    outer loop
      vertex -16.8074 49.0025 0
      vertex -16.5111 65.9791 0
      vertex -16.5111 48.4209 0
    endloop
  endfacet
  facet normal 0 0 -1
    outer loop
      vertex -16.8074 49.0025 0
      vertex -16.8074 65.3975 0
      vertex -16.5111 65.9791 0
    endloop
  endfacet
  facet normal 0 0 -1
    outer loop
      vertex -17.0833 49.594 0
      vertex -16.8074 65.3975 0
      vertex -16.8074 49.0025 0
    endloop
  endfacet
  facet normal 0 0 -1
    outer loop
      vertex -17.0833 49.594 0
      vertex -17.0833 64.806 0
      vertex -16.8074 65.3975 0
    endloop
  endfacet
  facet normal 0 0 -1
    outer loop
      vertex -17.3383 50.1949 0
      vertex -17.0833 64.806 0
      vertex -17.0833 49.594 0
    endloop
  endfacet
  facet normal 0 0 -1
    outer loop
      vertex -17.3383 50.1949 0
      vertex -17.3383 64.2051 0
      vertex -17.0833 64.806 0
    endloop
  endfacet
  facet normal 0 0 -1
    outer loop
      vertex -17.5723 50.8042 0
      vertex -17.3383 64.2051 0
      vertex -17.3383 50.1949 0
    endloop
  endfacet
  facet normal 0 0 -1
    outer loop
      vertex -17.5723 50.8042 0
      vertex -17.5723 63.5958 0
      vertex -17.3383 64.2051 0
    endloop
  endfacet
  facet normal 0 0 -1
    outer loop
      vertex -17.7848 51.4214 0
      vertex -17.5723 63.5958 0
      vertex -17.5723 50.8042 0
    endloop
  endfacet
  facet normal 0 0 -1
    outer loop
      vertex -17.7848 51.4214 0
      vertex -17.7848 62.9786 0
      vertex -17.5723 63.5958 0
    endloop
  endfacet
  facet normal 0 0 -1
    outer loop
      vertex -17.9756 52.0456 0
      vertex -17.7848 62.9786 0
      vertex -17.7848 51.4214 0
    endloop
  endfacet
  facet normal 0 0 -1
    outer loop
      vertex -17.9756 52.0456 0
      vertex -17.9756 62.3544 0
      vertex -17.7848 62.9786 0
    endloop
  endfacet
  facet normal 0 0 -1
    outer loop
      vertex -18.1445 52.6761 0
      vertex -17.9756 62.3544 0
      vertex -17.9756 52.0456 0
    endloop
  endfacet
  facet normal 0 0 -1
    outer loop
      vertex -18.1445 52.6761 0
      vertex -18.1445 61.7239 0
      vertex -17.9756 62.3544 0
    endloop
  endfacet
  facet normal 0 0 -1
    outer loop
      vertex -18.2914 53.3121 0
      vertex -18.1445 61.7239 0
      vertex -18.1445 52.6761 0
    endloop
  endfacet
  facet normal 0 0 -1
    outer loop
      vertex -18.2914 53.3121 0
      vertex -18.2914 61.0879 0
      vertex -18.1445 61.7239 0
    endloop
  endfacet
  facet normal 0 0 -1
    outer loop
      vertex -18.4159 53.9528 0
      vertex -18.2914 61.0879 0
      vertex -18.2914 53.3121 0
    endloop
  endfacet
  facet normal 0 0 -1
    outer loop
      vertex -18.4159 53.9528 0
      vertex -18.4159 60.4472 0
      vertex -18.2914 61.0879 0
    endloop
  endfacet
  facet normal 0 0 -1
    outer loop
      vertex -18.518 54.5975 0
      vertex -18.4159 60.4472 0
      vertex -18.4159 53.9528 0
    endloop
  endfacet
  facet normal 0 0 -1
    outer loop
      vertex -18.518 54.5975 0
      vertex -18.518 59.8025 0
      vertex -18.4159 60.4472 0
    endloop
  endfacet
  facet normal 0 0 -1
    outer loop
      vertex -18.5976 55.2453 0
      vertex -18.518 59.8025 0
      vertex -18.518 54.5975 0
    endloop
  endfacet
  facet normal 0 0 -1
    outer loop
      vertex -18.5976 55.2453 0
      vertex -18.5976 59.1547 0
      vertex -18.518 59.8025 0
    endloop
  endfacet
  facet normal 0 0 -1
    outer loop
      vertex -18.6544 55.8956 0
      vertex -18.5976 59.1547 0
      vertex -18.5976 55.2453 0
    endloop
  endfacet
  facet normal 0 0 -1
    outer loop
      vertex -18.6544 55.8956 0
      vertex -18.6544 58.5044 0
      vertex -18.5976 59.1547 0
    endloop
  endfacet
  facet normal 0 0 -1
    outer loop
      vertex -18.6886 56.5474 0
      vertex -18.6544 58.5044 0
      vertex -18.6544 55.8956 0
    endloop
  endfacet
  facet normal 0 0 -1
    outer loop
      vertex -18.6886 56.5474 0
      vertex -18.6886 57.8526 0
      vertex -18.6544 58.5044 0
    endloop
  endfacet
  facet normal 0 -0 -1
    outer loop
      vertex -18.6886 57.8526 0
      vertex -18.6886 56.5474 0
      vertex -18.7 57.2 0
    endloop
  endfacet
  facet normal 0.920542 0.390644 0
    outer loop
      vertex 17.3383 64.2051 2
      vertex 17.0833 64.806 0
      vertex 17.0833 64.806 2
    endloop
  endfacet
  facet normal 0.920542 0.390644 0
    outer loop
      vertex 17.0833 64.806 0
      vertex 17.3383 64.2051 2
      vertex 17.3383 64.2051 0
    endloop
  endfacet
  facet normal -0.190742 -0.98164 0
    outer loop
      vertex -3.88795 38.9086 0
      vertex -3.24722 38.7841 2
      vertex -3.88795 38.9086 2
    endloop
  endfacet
  facet normal -0.190742 -0.98164 -0
    outer loop
      vertex -3.24722 38.7841 2
      vertex -3.88795 38.9086 0
      vertex -3.24722 38.7841 0
    endloop
  endfacet
  facet normal -0.0174654 0.999847 0
    outer loop
      vertex 0 75.9 0
      vertex -0.65262 75.8886 2
      vertex 0 75.9 2
    endloop
  endfacet
  facet normal -0.0174654 0.999847 0
    outer loop
      vertex -0.65262 75.8886 2
      vertex 0 75.9 0
      vertex -0.65262 75.8886 0
    endloop
  endfacet
  facet normal 0.945528 0.325542 0
    outer loop
      vertex 17.7848 62.9786 2
      vertex 17.5723 63.5958 0
      vertex 17.5723 63.5958 2
    endloop
  endfacet
  facet normal 0.945528 0.325542 0
    outer loop
      vertex 17.5723 63.5958 0
      vertex 17.7848 62.9786 2
      vertex 17.7848 62.9786 0
    endloop
  endfacet
  facet normal 0.544647 0.838665 -0
    outer loop
      vertex 10.4569 72.703 0
      vertex 9.90949 73.0585 2
      vertex 10.4569 72.703 2
    endloop
  endfacet
  facet normal 0.544647 0.838665 0
    outer loop
      vertex 9.90949 73.0585 2
      vertex 10.4569 72.703 0
      vertex 9.90949 73.0585 0
    endloop
  endfacet
  facet normal 0.422682 -0.906278 0
    outer loop
      vertex 7.60598 40.1167 0
      vertex 8.19754 40.3926 2
      vertex 7.60598 40.1167 2
    endloop
  endfacet
  facet normal 0.422682 -0.906278 0
    outer loop
      vertex 8.19754 40.3926 2
      vertex 7.60598 40.1167 0
      vertex 8.19754 40.3926 0
    endloop
  endfacet
  facet normal -0.190742 0.98164 0
    outer loop
      vertex -3.24722 75.6159 0
      vertex -3.88795 75.4914 2
      vertex -3.24722 75.6159 2
    endloop
  endfacet
  facet normal -0.190742 0.98164 0
    outer loop
      vertex -3.88795 75.4914 2
      vertex -3.24722 75.6159 0
      vertex -3.88795 75.4914 0
    endloop
  endfacet
  facet normal -0.965942 -0.258759 0
    outer loop
      vertex -17.9756 52.0456 0
      vertex -18.1445 52.6761 2
      vertex -18.1445 52.6761 0
    endloop
  endfacet
  facet normal -0.965942 -0.258759 0
    outer loop
      vertex -18.1445 52.6761 2
      vertex -17.9756 52.0456 0
      vertex -17.9756 52.0456 2
    endloop
  endfacet
  facet normal -0.29232 0.956321 0
    outer loop
      vertex -5.15442 75.1756 0
      vertex -5.77862 74.9848 2
      vertex -5.15442 75.1756 2
    endloop
  endfacet
  facet normal -0.29232 0.956321 0
    outer loop
      vertex -5.77862 74.9848 2
      vertex -5.15442 75.1756 0
      vertex -5.77862 74.9848 0
    endloop
  endfacet
  facet normal -0.601788 -0.798656 0
    outer loop
      vertex -11.5129 42.4642 0
      vertex -10.9916 42.0714 2
      vertex -11.5129 42.4642 2
    endloop
  endfacet
  facet normal -0.601788 -0.798656 -0
    outer loop
      vertex -10.9916 42.0714 2
      vertex -11.5129 42.4642 0
      vertex -10.9916 42.0714 0
    endloop
  endfacet
  facet normal 0.65605 -0.754718 0
    outer loop
      vertex 12.0201 42.875 0
      vertex 12.5127 43.3032 2
      vertex 12.0201 42.875 2
    endloop
  endfacet
  facet normal 0.65605 -0.754718 0
    outer loop
      vertex 12.5127 43.3032 2
      vertex 12.0201 42.875 0
      vertex 12.5127 43.3032 0
    endloop
  endfacet
  facet normal -0.731417 -0.681931 0
    outer loop
      vertex -13.4517 44.2099 0
      vertex -13.8968 44.6873 2
      vertex -13.8968 44.6873 0
    endloop
  endfacet
  facet normal -0.731417 -0.681931 0
    outer loop
      vertex -13.8968 44.6873 2
      vertex -13.4517 44.2099 0
      vertex -13.4517 44.2099 2
    endloop
  endfacet
  facet normal 0.933523 0.358517 0
    outer loop
      vertex 17.5723 63.5958 2
      vertex 17.3383 64.2051 0
      vertex 17.3383 64.2051 2
    endloop
  endfacet
  facet normal 0.933523 0.358517 0
    outer loop
      vertex 17.3383 64.2051 0
      vertex 17.5723 63.5958 2
      vertex 17.5723 63.5958 0
    endloop
  endfacet
  facet normal 0.945528 -0.325542 0
    outer loop
      vertex 17.5723 50.8042 2
      vertex 17.7848 51.4214 0
      vertex 17.7848 51.4214 2
    endloop
  endfacet
  facet normal 0.945528 -0.325542 0
    outer loop
      vertex 17.7848 51.4214 0
      vertex 17.5723 50.8042 2
      vertex 17.5723 50.8042 0
    endloop
  endfacet
  facet normal -0.601788 0.798656 0
    outer loop
      vertex -10.9916 72.3286 0
      vertex -11.5129 71.9358 2
      vertex -10.9916 72.3286 2
    endloop
  endfacet
  facet normal -0.601788 0.798656 0
    outer loop
      vertex -11.5129 71.9358 2
      vertex -10.9916 72.3286 0
      vertex -11.5129 71.9358 0
    endloop
  endfacet
  facet normal 0.681931 0.731417 -0
    outer loop
      vertex 12.9901 70.6517 0
      vertex 12.5127 71.0968 2
      vertex 12.9901 70.6517 2
    endloop
  endfacet
  facet normal 0.681931 0.731417 0
    outer loop
      vertex 12.5127 71.0968 2
      vertex 12.9901 70.6517 0
      vertex 12.5127 71.0968 0
    endloop
  endfacet
  facet normal 0.325698 -0.945474 0
    outer loop
      vertex 5.77862 39.4152 0
      vertex 6.39578 39.6278 2
      vertex 5.77862 39.4152 2
    endloop
  endfacet
  facet normal 0.325698 -0.945474 0
    outer loop
      vertex 6.39578 39.6278 2
      vertex 5.77862 39.4152 0
      vertex 6.39578 39.6278 0
    endloop
  endfacet
  facet normal -0.987691 -0.156419 0
    outer loop
      vertex -18.4159 53.9528 0
      vertex -18.518 54.5975 2
      vertex -18.518 54.5975 0
    endloop
  endfacet
  facet normal -0.987691 -0.156419 0
    outer loop
      vertex -18.518 54.5975 2
      vertex -18.4159 53.9528 0
      vertex -18.4159 53.9528 2
    endloop
  endfacet
  facet normal 0.999847 -0.0174659 0
    outer loop
      vertex 18.6886 56.5474 2
      vertex 18.7 57.2 0
      vertex 18.7 57.2 2
    endloop
  endfacet
  facet normal 0.999847 -0.0174659 0
    outer loop
      vertex 18.7 57.2 0
      vertex 18.6886 56.5474 2
      vertex 18.6886 56.5474 0
    endloop
  endfacet
  facet normal 0.906261 0.422718 0
    outer loop
      vertex 17.0833 64.806 2
      vertex 16.8074 65.3975 0
      vertex 16.8074 65.3975 2
    endloop
  endfacet
  facet normal 0.906261 0.422718 0
    outer loop
      vertex 16.8074 65.3975 0
      vertex 17.0833 64.806 2
      vertex 17.0833 64.806 0
    endloop
  endfacet
  facet normal -0.121949 0.992536 0
    outer loop
      vertex -1.95468 75.7976 0
      vertex -2.60254 75.718 2
      vertex -1.95468 75.7976 2
    endloop
  endfacet
  facet normal -0.121949 0.992536 0
    outer loop
      vertex -2.60254 75.718 2
      vertex -1.95468 75.7976 0
      vertex -2.60254 75.718 0
    endloop
  endfacet
  facet normal -0.29232 -0.956321 0
    outer loop
      vertex -5.77862 39.4152 0
      vertex -5.15442 39.2244 2
      vertex -5.77862 39.4152 2
    endloop
  endfacet
  facet normal -0.29232 -0.956321 -0
    outer loop
      vertex -5.15442 39.2244 2
      vertex -5.77862 39.4152 0
      vertex -5.15442 39.2244 0
    endloop
  endfacet
  facet normal 0.992535 0.12196 0
    outer loop
      vertex 18.5976 59.1547 2
      vertex 18.518 59.8025 0
      vertex 18.518 59.8025 2
    endloop
  endfacet
  facet normal 0.992535 0.12196 0
    outer loop
      vertex 18.518 59.8025 0
      vertex 18.5976 59.1547 2
      vertex 18.5976 59.1547 0
    endloop
  endfacet
  facet normal -0.857155 0.515059 0
    outer loop
      vertex -16.1947 66.55 0
      vertex -15.8585 67.1095 2
      vertex -15.8585 67.1095 0
    endloop
  endfacet
  facet normal -0.857155 0.515059 0
    outer loop
      vertex -15.8585 67.1095 2
      vertex -16.1947 66.55 0
      vertex -16.1947 66.55 2
    endloop
  endfacet
  facet normal 0.629392 -0.777088 0
    outer loop
      vertex 11.5129 42.4642 0
      vertex 12.0201 42.875 2
      vertex 11.5129 42.4642 2
    endloop
  endfacet
  facet normal 0.629392 -0.777088 0
    outer loop
      vertex 12.0201 42.875 2
      vertex 11.5129 42.4642 0
      vertex 12.0201 42.875 0
    endloop
  endfacet
  facet normal -0.453954 0.891025 0
    outer loop
      vertex -8.19754 74.0074 0
      vertex -8.77912 73.7111 2
      vertex -8.19754 74.0074 2
    endloop
  endfacet
  facet normal -0.453954 0.891025 0
    outer loop
      vertex -8.77912 73.7111 2
      vertex -8.19754 74.0074 0
      vertex -8.77912 73.7111 0
    endloop
  endfacet
  facet normal 0.390677 -0.920528 0
    outer loop
      vertex 7.00514 39.8617 0
      vertex 7.60598 40.1167 2
      vertex 7.00514 39.8617 2
    endloop
  endfacet
  facet normal 0.390677 -0.920528 0
    outer loop
      vertex 7.60598 40.1167 2
      vertex 7.00514 39.8617 0
      vertex 7.60598 40.1167 0
    endloop
  endfacet
  facet normal 0 0 1
    outer loop
      vertex 14.7 57.2 2
      vertex 18.7 57.2 2
      vertex 18.6886 57.8526 2
    endloop
  endfacet
  facet normal 0 0 1
    outer loop
      vertex 14.691 57.713 2
      vertex 18.6886 57.8526 2
      vertex 18.6544 58.5044 2
    endloop
  endfacet
  facet normal 0 0 1
    outer loop
      vertex 18.7 57.2 2
      vertex 14.7 57.2 2
      vertex 18.6886 56.5474 2
    endloop
  endfacet
  facet normal 0 0 1
    outer loop
      vertex 14.6642 58.2254 2
      vertex 18.6544 58.5044 2
      vertex 18.5976 59.1547 2
    endloop
  endfacet
  facet normal -0 0 1
    outer loop
      vertex 14.691 56.687 2
      vertex 18.6886 56.5474 2
      vertex 14.7 57.2 2
    endloop
  endfacet
  facet normal 0 0 1
    outer loop
      vertex 14.6195 58.7366 2
      vertex 18.5976 59.1547 2
      vertex 18.518 59.8025 2
    endloop
  endfacet
  facet normal 0 0 1
    outer loop
      vertex 18.6886 56.5474 2
      vertex 14.691 56.687 2
      vertex 18.6544 55.8956 2
    endloop
  endfacet
  facet normal 0 0 1
    outer loop
      vertex 14.5569 59.2458 2
      vertex 18.518 59.8025 2
      vertex 18.4159 60.4472 2
    endloop
  endfacet
  facet normal -0 0 1
    outer loop
      vertex 14.6642 56.1746 2
      vertex 18.6544 55.8956 2
      vertex 14.691 56.687 2
    endloop
  endfacet
  facet normal 0 0 1
    outer loop
      vertex 14.4767 59.7526 2
      vertex 18.4159 60.4472 2
      vertex 18.2914 61.0879 2
    endloop
  endfacet
  facet normal 0 0 1
    outer loop
      vertex 18.6544 55.8956 2
      vertex 14.6642 56.1746 2
      vertex 18.5976 55.2453 2
    endloop
  endfacet
  facet normal 0 0 1
    outer loop
      vertex 14.3788 60.2563 2
      vertex 18.2914 61.0879 2
      vertex 18.1445 61.7239 2
    endloop
  endfacet
  facet normal -0 0 1
    outer loop
      vertex 14.6195 55.6634 2
      vertex 18.5976 55.2453 2
      vertex 14.6642 56.1746 2
    endloop
  endfacet
  facet normal 0 0 1
    outer loop
      vertex 14.2633 60.7563 2
      vertex 18.1445 61.7239 2
      vertex 17.9756 62.3544 2
    endloop
  endfacet
  facet normal 0 0 1
    outer loop
      vertex 18.5976 55.2453 2
      vertex 14.6195 55.6634 2
      vertex 18.518 54.5975 2
    endloop
  endfacet
  facet normal 0 0 1
    outer loop
      vertex 14.1305 61.2519 2
      vertex 17.9756 62.3544 2
      vertex 17.7848 62.9786 2
    endloop
  endfacet
  facet normal -0 0 1
    outer loop
      vertex 14.5569 55.1542 2
      vertex 18.518 54.5975 2
      vertex 14.6195 55.6634 2
    endloop
  endfacet
  facet normal 0 0 1
    outer loop
      vertex 13.9805 61.7425 2
      vertex 17.7848 62.9786 2
      vertex 17.5723 63.5958 2
    endloop
  endfacet
  facet normal 0 0 1
    outer loop
      vertex 18.518 54.5975 2
      vertex 14.5569 55.1542 2
      vertex 18.4159 53.9528 2
    endloop
  endfacet
  facet normal 0 0 1
    outer loop
      vertex 13.8135 62.2277 2
      vertex 17.5723 63.5958 2
      vertex 17.3383 64.2051 2
    endloop
  endfacet
  facet normal -0 0 1
    outer loop
      vertex 14.4767 54.6474 2
      vertex 18.4159 53.9528 2
      vertex 14.5569 55.1542 2
    endloop
  endfacet
  facet normal 0 0 1
    outer loop
      vertex 13.6296 62.7067 2
      vertex 17.3383 64.2051 2
      vertex 17.0833 64.806 2
    endloop
  endfacet
  facet normal 0 0 1
    outer loop
      vertex 18.4159 53.9528 2
      vertex 14.4767 54.6474 2
      vertex 18.2914 53.3121 2
    endloop
  endfacet
  facet normal 0 0 1
    outer loop
      vertex 13.4291 63.179 2
      vertex 17.0833 64.806 2
      vertex 16.8074 65.3975 2
    endloop
  endfacet
  facet normal -0 0 1
    outer loop
      vertex 14.3788 54.1437 2
      vertex 18.2914 53.3121 2
      vertex 14.4767 54.6474 2
    endloop
  endfacet
  facet normal 0 0 1
    outer loop
      vertex 13.2123 63.6441 2
      vertex 16.8074 65.3975 2
      vertex 16.5111 65.9791 2
    endloop
  endfacet
  facet normal 0 0 1
    outer loop
      vertex 18.2914 53.3121 2
      vertex 14.3788 54.1437 2
      vertex 18.1445 52.6761 2
    endloop
  endfacet
  facet normal 0 0 1
    outer loop
      vertex 12.9793 64.1012 2
      vertex 16.5111 65.9791 2
      vertex 16.1947 66.55 2
    endloop
  endfacet
  facet normal -0 0 1
    outer loop
      vertex 14.2633 53.6437 2
      vertex 18.1445 52.6761 2
      vertex 14.3788 54.1437 2
    endloop
  endfacet
  facet normal 0 0 1
    outer loop
      vertex 12.7306 64.55 2
      vertex 16.1947 66.55 2
      vertex 15.8585 67.1095 2
    endloop
  endfacet
  facet normal 0 0 1
    outer loop
      vertex 18.1445 52.6761 2
      vertex 14.2633 53.6437 2
      vertex 17.9756 52.0456 2
    endloop
  endfacet
  facet normal 0 0 1
    outer loop
      vertex 12.4663 64.9898 2
      vertex 15.8585 67.1095 2
      vertex 15.503 67.6569 2
    endloop
  endfacet
  facet normal -0 0 1
    outer loop
      vertex 14.1305 53.1481 2
      vertex 17.9756 52.0456 2
      vertex 14.2633 53.6437 2
    endloop
  endfacet
  facet normal 0 0 1
    outer loop
      vertex 12.1869 65.4201 2
      vertex 15.503 67.6569 2
      vertex 15.1286 68.1916 2
    endloop
  endfacet
  facet normal 0 0 1
    outer loop
      vertex 17.9756 52.0456 2
      vertex 14.1305 53.1481 2
      vertex 17.7848 51.4214 2
    endloop
  endfacet
  facet normal 0 0 1
    outer loop
      vertex 11.8925 65.8404 2
      vertex 15.1286 68.1916 2
      vertex 14.7358 68.7129 2
    endloop
  endfacet
  facet normal -0 0 1
    outer loop
      vertex 13.9805 52.6575 2
      vertex 17.7848 51.4214 2
      vertex 14.1305 53.1481 2
    endloop
  endfacet
  facet normal 0 0 1
    outer loop
      vertex 17.7848 51.4214 2
      vertex 13.9805 52.6575 2
      vertex 17.5723 50.8042 2
    endloop
  endfacet
  facet normal 0 0 1
    outer loop
      vertex 18.6886 57.8526 2
      vertex 14.691 57.713 2
      vertex 14.7 57.2 2
    endloop
  endfacet
  facet normal 0 0 1
    outer loop
      vertex 18.6544 58.5044 2
      vertex 14.6642 58.2254 2
      vertex 14.691 57.713 2
    endloop
  endfacet
  facet normal 0 0 1
    outer loop
      vertex 18.5976 59.1547 2
      vertex 14.6195 58.7366 2
      vertex 14.6642 58.2254 2
    endloop
  endfacet
  facet normal 0 0 1
    outer loop
      vertex 18.518 59.8025 2
      vertex 14.5569 59.2458 2
      vertex 14.6195 58.7366 2
    endloop
  endfacet
  facet normal 0 0 1
    outer loop
      vertex 18.4159 60.4472 2
      vertex 14.4767 59.7526 2
      vertex 14.5569 59.2458 2
    endloop
  endfacet
  facet normal 0 0 1
    outer loop
      vertex 18.2914 61.0879 2
      vertex 14.3788 60.2563 2
      vertex 14.4767 59.7526 2
    endloop
  endfacet
  facet normal 0 0 1
    outer loop
      vertex 11.5838 66.2502 2
      vertex 14.7358 68.7129 2
      vertex 14.325 69.2201 2
    endloop
  endfacet
  facet normal 0 0 1
    outer loop
      vertex 18.1445 61.7239 2
      vertex 14.2633 60.7563 2
      vertex 14.3788 60.2563 2
    endloop
  endfacet
  facet normal 0 0 1
    outer loop
      vertex 17.9756 62.3544 2
      vertex 14.1305 61.2519 2
      vertex 14.2633 60.7563 2
    endloop
  endfacet
  facet normal 0 0 1
    outer loop
      vertex 17.7848 62.9786 2
      vertex 13.9805 61.7425 2
      vertex 14.1305 61.2519 2
    endloop
  endfacet
  facet normal 0 0 1
    outer loop
      vertex 11.2609 66.649 2
      vertex 14.325 69.2201 2
      vertex 13.8968 69.7127 2
    endloop
  endfacet
  facet normal 0 0 1
    outer loop
      vertex 17.5723 63.5958 2
      vertex 13.8135 62.2277 2
      vertex 13.9805 61.7425 2
    endloop
  endfacet
  facet normal 0 0 1
    outer loop
      vertex 17.3383 64.2051 2
      vertex 13.6296 62.7067 2
      vertex 13.8135 62.2277 2
    endloop
  endfacet
  facet normal 0 0 1
    outer loop
      vertex 10.9242 67.0362 2
      vertex 13.8968 69.7127 2
      vertex 13.4517 70.1901 2
    endloop
  endfacet
  facet normal 0 0 1
    outer loop
      vertex 17.0833 64.806 2
      vertex 13.4291 63.179 2
      vertex 13.6296 62.7067 2
    endloop
  endfacet
  facet normal 0 0 1
    outer loop
      vertex 16.8074 65.3975 2
      vertex 13.2123 63.6441 2
      vertex 13.4291 63.179 2
    endloop
  endfacet
  facet normal 0 0 1
    outer loop
      vertex 10.5743 67.4115 2
      vertex 13.4517 70.1901 2
      vertex 12.9901 70.6517 2
    endloop
  endfacet
  facet normal 0 0 1
    outer loop
      vertex 16.5111 65.9791 2
      vertex 12.9793 64.1012 2
      vertex 13.2123 63.6441 2
    endloop
  endfacet
  facet normal 0 0 1
    outer loop
      vertex 16.1947 66.55 2
      vertex 12.7306 64.55 2
      vertex 12.9793 64.1012 2
    endloop
  endfacet
  facet normal 0 0 1
    outer loop
      vertex 10.2115 67.7743 2
      vertex 12.9901 70.6517 2
      vertex 12.5127 71.0968 2
    endloop
  endfacet
  facet normal 0 0 1
    outer loop
      vertex 15.8585 67.1095 2
      vertex 12.4663 64.9898 2
      vertex 12.7306 64.55 2
    endloop
  endfacet
  facet normal 0 0 1
    outer loop
      vertex 15.503 67.6569 2
      vertex 12.1869 65.4201 2
      vertex 12.4663 64.9898 2
    endloop
  endfacet
  facet normal 0 0 1
    outer loop
      vertex 9.83622 68.1242 2
      vertex 12.5127 71.0968 2
      vertex 12.0201 71.525 2
    endloop
  endfacet
  facet normal 0 0 1
    outer loop
      vertex 15.1286 68.1916 2
      vertex 11.8925 65.8404 2
      vertex 12.1869 65.4201 2
    endloop
  endfacet
  facet normal 0 0 1
    outer loop
      vertex 14.7358 68.7129 2
      vertex 11.5838 66.2502 2
      vertex 11.8925 65.8404 2
    endloop
  endfacet
  facet normal 0 0 1
    outer loop
      vertex 9.44898 68.4609 2
      vertex 12.0201 71.525 2
      vertex 11.5129 71.9358 2
    endloop
  endfacet
  facet normal 0 0 1
    outer loop
      vertex 14.325 69.2201 2
      vertex 11.2609 66.649 2
      vertex 11.5838 66.2502 2
    endloop
  endfacet
  facet normal 0 0 1
    outer loop
      vertex 9.05022 68.7838 2
      vertex 11.5129 71.9358 2
      vertex 10.9916 72.3286 2
    endloop
  endfacet
  facet normal 0 0 1
    outer loop
      vertex 13.8968 69.7127 2
      vertex 10.9242 67.0362 2
      vertex 11.2609 66.649 2
    endloop
  endfacet
  facet normal 0 0 1
    outer loop
      vertex 13.4517 70.1901 2
      vertex 10.5743 67.4115 2
      vertex 10.9242 67.0362 2
    endloop
  endfacet
  facet normal 0 0 1
    outer loop
      vertex 8.64044 69.0926 2
      vertex 10.9916 72.3286 2
      vertex 10.4569 72.703 2
    endloop
  endfacet
  facet normal 0 0 1
    outer loop
      vertex 12.9901 70.6517 2
      vertex 10.2115 67.7743 2
      vertex 10.5743 67.4115 2
    endloop
  endfacet
  facet normal 0 0 1
    outer loop
      vertex 8.22013 69.3868 2
      vertex 10.4569 72.703 2
      vertex 9.90949 73.0585 2
    endloop
  endfacet
  facet normal 0 0 1
    outer loop
      vertex 12.5127 71.0968 2
      vertex 9.83622 68.1242 2
      vertex 10.2115 67.7743 2
    endloop
  endfacet
  facet normal 0 0 1
    outer loop
      vertex 12.0201 71.525 2
      vertex 9.44898 68.4609 2
      vertex 9.83622 68.1242 2
    endloop
  endfacet
  facet normal 0 0 1
    outer loop
      vertex 7.78981 69.6663 2
      vertex 9.90949 73.0585 2
      vertex 9.35 73.3947 2
    endloop
  endfacet
  facet normal 0 0 1
    outer loop
      vertex 11.5129 71.9358 2
      vertex 9.05022 68.7838 2
      vertex 9.44898 68.4609 2
    endloop
  endfacet
  facet normal 0 0 1
    outer loop
      vertex 7.35 69.9306 2
      vertex 9.35 73.3947 2
      vertex 8.77912 73.7111 2
    endloop
  endfacet
  facet normal 0 0 1
    outer loop
      vertex 10.9916 72.3286 2
      vertex 8.64044 69.0926 2
      vertex 9.05022 68.7838 2
    endloop
  endfacet
  facet normal 0 0 1
    outer loop
      vertex 10.4569 72.703 2
      vertex 8.22013 69.3868 2
      vertex 8.64044 69.0926 2
    endloop
  endfacet
  facet normal 0 0 1
    outer loop
      vertex 6.90123 70.1793 2
      vertex 8.77912 73.7111 2
      vertex 8.19754 74.0074 2
    endloop
  endfacet
  facet normal 0 0 1
    outer loop
      vertex 9.90949 73.0585 2
      vertex 7.78981 69.6663 2
      vertex 8.22013 69.3868 2
    endloop
  endfacet
  facet normal 0 0 1
    outer loop
      vertex 6.44406 70.4123 2
      vertex 8.19754 74.0074 2
      vertex 7.60598 74.2833 2
    endloop
  endfacet
  facet normal 0 0 1
    outer loop
      vertex 9.35 73.3947 2
      vertex 7.35 69.9306 2
      vertex 7.78981 69.6663 2
    endloop
  endfacet
  facet normal 0 0 1
    outer loop
      vertex 5.97903 70.6291 2
      vertex 7.60598 74.2833 2
      vertex 7.00514 74.5383 2
    endloop
  endfacet
  facet normal 0 0 1
    outer loop
      vertex 8.77912 73.7111 2
      vertex 6.90123 70.1793 2
      vertex 7.35 69.9306 2
    endloop
  endfacet
  facet normal 0 0 1
    outer loop
      vertex 8.19754 74.0074 2
      vertex 6.44406 70.4123 2
      vertex 6.90123 70.1793 2
    endloop
  endfacet
  facet normal 0 0 1
    outer loop
      vertex 5.50672 70.8296 2
      vertex 7.00514 74.5383 2
      vertex 6.39578 74.7723 2
    endloop
  endfacet
  facet normal 0 0 1
    outer loop
      vertex 7.60598 74.2833 2
      vertex 5.97903 70.6291 2
      vertex 6.44406 70.4123 2
    endloop
  endfacet
  facet normal 0 0 1
    outer loop
      vertex 5.0277 71.0135 2
      vertex 6.39578 74.7723 2
      vertex 5.77862 74.9848 2
    endloop
  endfacet
  facet normal 0 0 1
    outer loop
      vertex 7.00514 74.5383 2
      vertex 5.50672 70.8296 2
      vertex 5.97903 70.6291 2
    endloop
  endfacet
  facet normal 0 0 1
    outer loop
      vertex 4.54255 71.1805 2
      vertex 5.77862 74.9848 2
      vertex 5.15442 75.1756 2
    endloop
  endfacet
  facet normal 0 0 1
    outer loop
      vertex 6.39578 74.7723 2
      vertex 5.0277 71.0135 2
      vertex 5.50672 70.8296 2
    endloop
  endfacet
  facet normal 0 0 1
    outer loop
      vertex 5.77862 74.9848 2
      vertex 4.54255 71.1805 2
      vertex 5.0277 71.0135 2
    endloop
  endfacet
  facet normal 0 0 1
    outer loop
      vertex 4.05187 71.3305 2
      vertex 5.15442 75.1756 2
      vertex 4.52394 75.3445 2
    endloop
  endfacet
  facet normal 0 0 1
    outer loop
      vertex 5.15442 75.1756 2
      vertex 4.05187 71.3305 2
      vertex 4.54255 71.1805 2
    endloop
  endfacet
  facet normal 0 0 1
    outer loop
      vertex 3.55625 71.4633 2
      vertex 4.52394 75.3445 2
      vertex 3.88795 75.4914 2
    endloop
  endfacet
  facet normal 0 0 1
    outer loop
      vertex 4.52394 75.3445 2
      vertex 3.55625 71.4633 2
      vertex 4.05187 71.3305 2
    endloop
  endfacet
  facet normal 0 0 1
    outer loop
      vertex 3.0563 71.5788 2
      vertex 3.88795 75.4914 2
      vertex 3.24722 75.6159 2
    endloop
  endfacet
  facet normal 0 0 1
    outer loop
      vertex 3.88795 75.4914 2
      vertex 3.0563 71.5788 2
      vertex 3.55625 71.4633 2
    endloop
  endfacet
  facet normal 0 0 1
    outer loop
      vertex 2.55263 71.6767 2
      vertex 3.24722 75.6159 2
      vertex 2.60254 75.718 2
    endloop
  endfacet
  facet normal 0 0 1
    outer loop
      vertex 3.24722 75.6159 2
      vertex 2.55263 71.6767 2
      vertex 3.0563 71.5788 2
    endloop
  endfacet
  facet normal 0 0 1
    outer loop
      vertex 2.60254 75.718 2
      vertex 2.04584 71.7569 2
      vertex 2.55263 71.6767 2
    endloop
  endfacet
  facet normal 0 0 1
    outer loop
      vertex 1.95468 75.7976 2
      vertex 2.04584 71.7569 2
      vertex 2.60254 75.718 2
    endloop
  endfacet
  facet normal 0 0 1
    outer loop
      vertex 1.95468 75.7976 2
      vertex 1.53657 71.8195 2
      vertex 2.04584 71.7569 2
    endloop
  endfacet
  facet normal 0 0 1
    outer loop
      vertex 1.30445 75.8544 2
      vertex 1.53657 71.8195 2
      vertex 1.95468 75.7976 2
    endloop
  endfacet
  facet normal 0 0 1
    outer loop
      vertex 1.30445 75.8544 2
      vertex 1.02542 71.8642 2
      vertex 1.53657 71.8195 2
    endloop
  endfacet
  facet normal 0 0 1
    outer loop
      vertex 0.65262 75.8886 2
      vertex 1.02542 71.8642 2
      vertex 1.30445 75.8544 2
    endloop
  endfacet
  facet normal 0 0 1
    outer loop
      vertex 0.65262 75.8886 2
      vertex 0.513022 71.891 2
      vertex 1.02542 71.8642 2
    endloop
  endfacet
  facet normal 0 0 1
    outer loop
      vertex 0 75.9 2
      vertex 0.513022 71.891 2
      vertex 0.65262 75.8886 2
    endloop
  endfacet
  facet normal 0 0 1
    outer loop
      vertex 0 75.9 2
      vertex 0 71.9 2
      vertex 0.513022 71.891 2
    endloop
  endfacet
  facet normal 0 0 1
    outer loop
      vertex 0 75.9 2
      vertex -0.513022 71.891 2
      vertex 0 71.9 2
    endloop
  endfacet
  facet normal -0 0 1
    outer loop
      vertex -0.65262 75.8886 2
      vertex -0.513022 71.891 2
      vertex 0 75.9 2
    endloop
  endfacet
  facet normal 0 0 1
    outer loop
      vertex -0.65262 75.8886 2
      vertex -1.02542 71.8642 2
      vertex -0.513022 71.891 2
    endloop
  endfacet
  facet normal -0 0 1
    outer loop
      vertex -1.30445 75.8544 2
      vertex -1.02542 71.8642 2
      vertex -0.65262 75.8886 2
    endloop
  endfacet
  facet normal 0 0 1
    outer loop
      vertex -1.30445 75.8544 2
      vertex -1.53657 71.8195 2
      vertex -1.02542 71.8642 2
    endloop
  endfacet
  facet normal -0 0 1
    outer loop
      vertex -1.95468 75.7976 2
      vertex -1.53657 71.8195 2
      vertex -1.30445 75.8544 2
    endloop
  endfacet
  facet normal 0 0 1
    outer loop
      vertex -1.95468 75.7976 2
      vertex -2.04584 71.7569 2
      vertex -1.53657 71.8195 2
    endloop
  endfacet
  facet normal -0 0 1
    outer loop
      vertex -2.60254 75.718 2
      vertex -2.04584 71.7569 2
      vertex -1.95468 75.7976 2
    endloop
  endfacet
  facet normal 0 0 1
    outer loop
      vertex -2.04584 71.7569 2
      vertex -2.60254 75.718 2
      vertex -2.55263 71.6767 2
    endloop
  endfacet
  facet normal -0 0 1
    outer loop
      vertex -3.24722 75.6159 2
      vertex -2.55263 71.6767 2
      vertex -2.60254 75.718 2
    endloop
  endfacet
  facet normal 0 0 1
    outer loop
      vertex -2.55263 71.6767 2
      vertex -3.24722 75.6159 2
      vertex -3.0563 71.5788 2
    endloop
  endfacet
  facet normal -0 0 1
    outer loop
      vertex -3.88795 75.4914 2
      vertex -3.0563 71.5788 2
      vertex -3.24722 75.6159 2
    endloop
  endfacet
  facet normal 0 0 1
    outer loop
      vertex -3.0563 71.5788 2
      vertex -3.88795 75.4914 2
      vertex -3.55625 71.4633 2
    endloop
  endfacet
  facet normal -0 0 1
    outer loop
      vertex -4.52394 75.3445 2
      vertex -3.55625 71.4633 2
      vertex -3.88795 75.4914 2
    endloop
  endfacet
  facet normal 0 0 1
    outer loop
      vertex -3.55625 71.4633 2
      vertex -4.52394 75.3445 2
      vertex -4.05187 71.3305 2
    endloop
  endfacet
  facet normal -0 0 1
    outer loop
      vertex -5.15442 75.1756 2
      vertex -4.05187 71.3305 2
      vertex -4.52394 75.3445 2
    endloop
  endfacet
  facet normal 0 0 1
    outer loop
      vertex -4.05187 71.3305 2
      vertex -5.15442 75.1756 2
      vertex -4.54255 71.1805 2
    endloop
  endfacet
  facet normal -0 0 1
    outer loop
      vertex -5.77862 74.9848 2
      vertex -4.54255 71.1805 2
      vertex -5.15442 75.1756 2
    endloop
  endfacet
  facet normal 0 0 1
    outer loop
      vertex -4.54255 71.1805 2
      vertex -5.77862 74.9848 2
      vertex -5.0277 71.0135 2
    endloop
  endfacet
  facet normal -0 0 1
    outer loop
      vertex -6.39578 74.7723 2
      vertex -5.0277 71.0135 2
      vertex -5.77862 74.9848 2
    endloop
  endfacet
  facet normal 0 0 1
    outer loop
      vertex -5.0277 71.0135 2
      vertex -6.39578 74.7723 2
      vertex -5.50672 70.8296 2
    endloop
  endfacet
  facet normal -0 0 1
    outer loop
      vertex -7.00514 74.5383 2
      vertex -5.50672 70.8296 2
      vertex -6.39578 74.7723 2
    endloop
  endfacet
  facet normal 0 0 1
    outer loop
      vertex -5.50672 70.8296 2
      vertex -7.00514 74.5383 2
      vertex -5.97903 70.6291 2
    endloop
  endfacet
  facet normal -0 0 1
    outer loop
      vertex -7.60598 74.2833 2
      vertex -5.97903 70.6291 2
      vertex -7.00514 74.5383 2
    endloop
  endfacet
  facet normal 0 0 1
    outer loop
      vertex -5.97903 70.6291 2
      vertex -7.60598 74.2833 2
      vertex -6.44406 70.4123 2
    endloop
  endfacet
  facet normal -0 0 1
    outer loop
      vertex -8.19754 74.0074 2
      vertex -6.44406 70.4123 2
      vertex -7.60598 74.2833 2
    endloop
  endfacet
  facet normal 0 0 1
    outer loop
      vertex -6.44406 70.4123 2
      vertex -8.19754 74.0074 2
      vertex -6.90123 70.1793 2
    endloop
  endfacet
  facet normal -0 0 1
    outer loop
      vertex -8.77912 73.7111 2
      vertex -6.90123 70.1793 2
      vertex -8.19754 74.0074 2
    endloop
  endfacet
  facet normal 0 0 1
    outer loop
      vertex -6.90123 70.1793 2
      vertex -8.77912 73.7111 2
      vertex -7.35 69.9306 2
    endloop
  endfacet
  facet normal -0 0 1
    outer loop
      vertex -9.35 73.3947 2
      vertex -7.35 69.9306 2
      vertex -8.77912 73.7111 2
    endloop
  endfacet
  facet normal 0 0 1
    outer loop
      vertex -7.35 69.9306 2
      vertex -9.35 73.3947 2
      vertex -7.78981 69.6663 2
    endloop
  endfacet
  facet normal -0 0 1
    outer loop
      vertex -9.90949 73.0585 2
      vertex -7.78981 69.6663 2
      vertex -9.35 73.3947 2
    endloop
  endfacet
  facet normal 0 0 1
    outer loop
      vertex -7.78981 69.6663 2
      vertex -9.90949 73.0585 2
      vertex -8.22013 69.3868 2
    endloop
  endfacet
  facet normal -0 0 1
    outer loop
      vertex -10.4569 72.703 2
      vertex -8.22013 69.3868 2
      vertex -9.90949 73.0585 2
    endloop
  endfacet
  facet normal 0 0 1
    outer loop
      vertex -8.22013 69.3868 2
      vertex -10.4569 72.703 2
      vertex -8.64044 69.0926 2
    endloop
  endfacet
  facet normal -0 0 1
    outer loop
      vertex -10.9916 72.3286 2
      vertex -8.64044 69.0926 2
      vertex -10.4569 72.703 2
    endloop
  endfacet
  facet normal 0 0 1
    outer loop
      vertex -8.64044 69.0926 2
      vertex -10.9916 72.3286 2
      vertex -9.05022 68.7838 2
    endloop
  endfacet
  facet normal -0 0 1
    outer loop
      vertex -11.5129 71.9358 2
      vertex -9.05022 68.7838 2
      vertex -10.9916 72.3286 2
    endloop
  endfacet
  facet normal 0 0 1
    outer loop
      vertex -9.05022 68.7838 2
      vertex -11.5129 71.9358 2
      vertex -9.44898 68.4609 2
    endloop
  endfacet
  facet normal -0 0 1
    outer loop
      vertex -12.0201 71.525 2
      vertex -9.44898 68.4609 2
      vertex -11.5129 71.9358 2
    endloop
  endfacet
  facet normal 0 0 1
    outer loop
      vertex -9.44898 68.4609 2
      vertex -12.0201 71.525 2
      vertex -9.83622 68.1242 2
    endloop
  endfacet
  facet normal -0 0 1
    outer loop
      vertex -12.5127 71.0968 2
      vertex -9.83622 68.1242 2
      vertex -12.0201 71.525 2
    endloop
  endfacet
  facet normal 0 0 1
    outer loop
      vertex -9.83622 68.1242 2
      vertex -12.5127 71.0968 2
      vertex -10.2115 67.7743 2
    endloop
  endfacet
  facet normal -0 0 1
    outer loop
      vertex -12.9901 70.6517 2
      vertex -10.2115 67.7743 2
      vertex -12.5127 71.0968 2
    endloop
  endfacet
  facet normal 0 0 1
    outer loop
      vertex -10.2115 67.7743 2
      vertex -12.9901 70.6517 2
      vertex -10.5743 67.4115 2
    endloop
  endfacet
  facet normal -0 0 1
    outer loop
      vertex -13.4517 70.1901 2
      vertex -10.5743 67.4115 2
      vertex -12.9901 70.6517 2
    endloop
  endfacet
  facet normal 0 0 1
    outer loop
      vertex -10.5743 67.4115 2
      vertex -13.4517 70.1901 2
      vertex -10.9242 67.0362 2
    endloop
  endfacet
  facet normal -0 0 1
    outer loop
      vertex -13.8968 69.7127 2
      vertex -10.9242 67.0362 2
      vertex -13.4517 70.1901 2
    endloop
  endfacet
  facet normal 0 0 1
    outer loop
      vertex -10.9242 67.0362 2
      vertex -13.8968 69.7127 2
      vertex -11.2609 66.649 2
    endloop
  endfacet
  facet normal -0 0 1
    outer loop
      vertex -14.325 69.2201 2
      vertex -11.2609 66.649 2
      vertex -13.8968 69.7127 2
    endloop
  endfacet
  facet normal 0 0 1
    outer loop
      vertex -11.2609 66.649 2
      vertex -14.325 69.2201 2
      vertex -11.5838 66.2502 2
    endloop
  endfacet
  facet normal -0 0 1
    outer loop
      vertex -14.7358 68.7129 2
      vertex -11.5838 66.2502 2
      vertex -14.325 69.2201 2
    endloop
  endfacet
  facet normal 0 0 1
    outer loop
      vertex -11.5838 66.2502 2
      vertex -14.7358 68.7129 2
      vertex -11.8925 65.8404 2
    endloop
  endfacet
  facet normal -0 0 1
    outer loop
      vertex -15.1286 68.1916 2
      vertex -11.8925 65.8404 2
      vertex -14.7358 68.7129 2
    endloop
  endfacet
  facet normal 0 0 1
    outer loop
      vertex -11.8925 65.8404 2
      vertex -15.1286 68.1916 2
      vertex -12.1869 65.4201 2
    endloop
  endfacet
  facet normal -0 0 1
    outer loop
      vertex -15.503 67.6569 2
      vertex -12.1869 65.4201 2
      vertex -15.1286 68.1916 2
    endloop
  endfacet
  facet normal 0 0 1
    outer loop
      vertex -12.1869 65.4201 2
      vertex -15.503 67.6569 2
      vertex -12.4663 64.9898 2
    endloop
  endfacet
  facet normal -0 0 1
    outer loop
      vertex -15.8585 67.1095 2
      vertex -12.4663 64.9898 2
      vertex -15.503 67.6569 2
    endloop
  endfacet
  facet normal 0 0 1
    outer loop
      vertex -12.4663 64.9898 2
      vertex -15.8585 67.1095 2
      vertex -12.7306 64.55 2
    endloop
  endfacet
  facet normal -0 0 1
    outer loop
      vertex -16.1947 66.55 2
      vertex -12.7306 64.55 2
      vertex -15.8585 67.1095 2
    endloop
  endfacet
  facet normal 0 0 1
    outer loop
      vertex -12.7306 64.55 2
      vertex -16.1947 66.55 2
      vertex -12.9793 64.1012 2
    endloop
  endfacet
  facet normal -0 0 1
    outer loop
      vertex -16.5111 65.9791 2
      vertex -12.9793 64.1012 2
      vertex -16.1947 66.55 2
    endloop
  endfacet
  facet normal 0 0 1
    outer loop
      vertex -12.9793 64.1012 2
      vertex -16.5111 65.9791 2
      vertex -13.2123 63.6441 2
    endloop
  endfacet
  facet normal -0 0 1
    outer loop
      vertex -16.8074 65.3975 2
      vertex -13.2123 63.6441 2
      vertex -16.5111 65.9791 2
    endloop
  endfacet
  facet normal 0 0 1
    outer loop
      vertex -13.2123 63.6441 2
      vertex -16.8074 65.3975 2
      vertex -13.4291 63.179 2
    endloop
  endfacet
  facet normal -0 0 1
    outer loop
      vertex -17.0833 64.806 2
      vertex -13.4291 63.179 2
      vertex -16.8074 65.3975 2
    endloop
  endfacet
  facet normal 0 0 1
    outer loop
      vertex -13.4291 63.179 2
      vertex -17.0833 64.806 2
      vertex -13.6296 62.7067 2
    endloop
  endfacet
  facet normal -0 0 1
    outer loop
      vertex -17.3383 64.2051 2
      vertex -13.6296 62.7067 2
      vertex -17.0833 64.806 2
    endloop
  endfacet
  facet normal 0 0 1
    outer loop
      vertex -13.6296 62.7067 2
      vertex -17.3383 64.2051 2
      vertex -13.8135 62.2277 2
    endloop
  endfacet
  facet normal 0 0 1
    outer loop
      vertex -13.8135 62.2277 2
      vertex -17.5723 63.5958 2
      vertex -13.9805 61.7425 2
    endloop
  endfacet
  facet normal -0 0 1
    outer loop
      vertex -17.5723 63.5958 2
      vertex -13.8135 62.2277 2
      vertex -17.3383 64.2051 2
    endloop
  endfacet
  facet normal -0 0 1
    outer loop
      vertex 13.8135 52.1723 2
      vertex 17.5723 50.8042 2
      vertex 13.9805 52.6575 2
    endloop
  endfacet
  facet normal 0 0 1
    outer loop
      vertex 17.5723 50.8042 2
      vertex 13.8135 52.1723 2
      vertex 17.3383 50.1949 2
    endloop
  endfacet
  facet normal -0 0 1
    outer loop
      vertex 13.6296 51.6933 2
      vertex 17.3383 50.1949 2
      vertex 13.8135 52.1723 2
    endloop
  endfacet
  facet normal 0 0 1
    outer loop
      vertex 17.3383 50.1949 2
      vertex 13.6296 51.6933 2
      vertex 17.0833 49.594 2
    endloop
  endfacet
  facet normal -0 0 1
    outer loop
      vertex 13.4291 51.221 2
      vertex 17.0833 49.594 2
      vertex 13.6296 51.6933 2
    endloop
  endfacet
  facet normal 0 0 1
    outer loop
      vertex 17.0833 49.594 2
      vertex 13.4291 51.221 2
      vertex 16.8074 49.0025 2
    endloop
  endfacet
  facet normal -0 0 1
    outer loop
      vertex 13.2123 50.7559 2
      vertex 16.8074 49.0025 2
      vertex 13.4291 51.221 2
    endloop
  endfacet
  facet normal 0 0 1
    outer loop
      vertex 16.8074 49.0025 2
      vertex 13.2123 50.7559 2
      vertex 16.5111 48.4209 2
    endloop
  endfacet
  facet normal -0 0 1
    outer loop
      vertex 12.9793 50.2988 2
      vertex 16.5111 48.4209 2
      vertex 13.2123 50.7559 2
    endloop
  endfacet
  facet normal 0 0 1
    outer loop
      vertex 16.5111 48.4209 2
      vertex 12.9793 50.2988 2
      vertex 16.1947 47.85 2
    endloop
  endfacet
  facet normal -0 0 1
    outer loop
      vertex 12.7306 49.85 2
      vertex 16.1947 47.85 2
      vertex 12.9793 50.2988 2
    endloop
  endfacet
  facet normal 0 0 1
    outer loop
      vertex 16.1947 47.85 2
      vertex 12.7306 49.85 2
      vertex 15.8585 47.2905 2
    endloop
  endfacet
  facet normal -0 0 1
    outer loop
      vertex 12.4663 49.4102 2
      vertex 15.8585 47.2905 2
      vertex 12.7306 49.85 2
    endloop
  endfacet
  facet normal 0 0 1
    outer loop
      vertex 15.8585 47.2905 2
      vertex 12.4663 49.4102 2
      vertex 15.503 46.7431 2
    endloop
  endfacet
  facet normal -0 0 1
    outer loop
      vertex 12.1869 48.9799 2
      vertex 15.503 46.7431 2
      vertex 12.4663 49.4102 2
    endloop
  endfacet
  facet normal 0 0 1
    outer loop
      vertex 15.503 46.7431 2
      vertex 12.1869 48.9799 2
      vertex 15.1286 46.2084 2
    endloop
  endfacet
  facet normal -0 0 1
    outer loop
      vertex 11.8925 48.5596 2
      vertex 15.1286 46.2084 2
      vertex 12.1869 48.9799 2
    endloop
  endfacet
  facet normal 0 0 1
    outer loop
      vertex 15.1286 46.2084 2
      vertex 11.8925 48.5596 2
      vertex 14.7358 45.6871 2
    endloop
  endfacet
  facet normal -0 0 1
    outer loop
      vertex 11.5838 48.1498 2
      vertex 14.7358 45.6871 2
      vertex 11.8925 48.5596 2
    endloop
  endfacet
  facet normal 0 0 1
    outer loop
      vertex 14.7358 45.6871 2
      vertex 11.5838 48.1498 2
      vertex 14.325 45.1799 2
    endloop
  endfacet
  facet normal -0 0 1
    outer loop
      vertex 11.2609 47.751 2
      vertex 14.325 45.1799 2
      vertex 11.5838 48.1498 2
    endloop
  endfacet
  facet normal 0 0 1
    outer loop
      vertex 14.325 45.1799 2
      vertex 11.2609 47.751 2
      vertex 13.8968 44.6873 2
    endloop
  endfacet
  facet normal -0 0 1
    outer loop
      vertex 10.9242 47.3638 2
      vertex 13.8968 44.6873 2
      vertex 11.2609 47.751 2
    endloop
  endfacet
  facet normal 0 0 1
    outer loop
      vertex 13.8968 44.6873 2
      vertex 10.9242 47.3638 2
      vertex 13.4517 44.2099 2
    endloop
  endfacet
  facet normal -0 0 1
    outer loop
      vertex 10.5743 46.9885 2
      vertex 13.4517 44.2099 2
      vertex 10.9242 47.3638 2
    endloop
  endfacet
  facet normal 0 0 1
    outer loop
      vertex 13.4517 44.2099 2
      vertex 10.5743 46.9885 2
      vertex 12.9901 43.7483 2
    endloop
  endfacet
  facet normal -0 0 1
    outer loop
      vertex 10.2115 46.6257 2
      vertex 12.9901 43.7483 2
      vertex 10.5743 46.9885 2
    endloop
  endfacet
  facet normal 0 0 1
    outer loop
      vertex 12.9901 43.7483 2
      vertex 10.2115 46.6257 2
      vertex 12.5127 43.3032 2
    endloop
  endfacet
  facet normal -0 0 1
    outer loop
      vertex 9.83622 46.2758 2
      vertex 12.5127 43.3032 2
      vertex 10.2115 46.6257 2
    endloop
  endfacet
  facet normal 0 0 1
    outer loop
      vertex 12.5127 43.3032 2
      vertex 9.83622 46.2758 2
      vertex 12.0201 42.875 2
    endloop
  endfacet
  facet normal -0 0 1
    outer loop
      vertex 9.44898 45.9391 2
      vertex 12.0201 42.875 2
      vertex 9.83622 46.2758 2
    endloop
  endfacet
  facet normal 0 0 1
    outer loop
      vertex 12.0201 42.875 2
      vertex 9.44898 45.9391 2
      vertex 11.5129 42.4642 2
    endloop
  endfacet
  facet normal -0 0 1
    outer loop
      vertex 9.05022 45.6162 2
      vertex 11.5129 42.4642 2
      vertex 9.44898 45.9391 2
    endloop
  endfacet
  facet normal 0 0 1
    outer loop
      vertex 11.5129 42.4642 2
      vertex 9.05022 45.6162 2
      vertex 10.9916 42.0714 2
    endloop
  endfacet
  facet normal -0 0 1
    outer loop
      vertex 8.64044 45.3074 2
      vertex 10.9916 42.0714 2
      vertex 9.05022 45.6162 2
    endloop
  endfacet
  facet normal 0 0 1
    outer loop
      vertex 10.9916 42.0714 2
      vertex 8.64044 45.3074 2
      vertex 10.4569 41.697 2
    endloop
  endfacet
  facet normal -0 0 1
    outer loop
      vertex 8.22013 45.0131 2
      vertex 10.4569 41.697 2
      vertex 8.64044 45.3074 2
    endloop
  endfacet
  facet normal 0 0 1
    outer loop
      vertex 10.4569 41.697 2
      vertex 8.22013 45.0131 2
      vertex 9.90949 41.3415 2
    endloop
  endfacet
  facet normal -0 0 1
    outer loop
      vertex 7.78981 44.7337 2
      vertex 9.90949 41.3415 2
      vertex 8.22013 45.0131 2
    endloop
  endfacet
  facet normal 0 0 1
    outer loop
      vertex 9.90949 41.3415 2
      vertex 7.78981 44.7337 2
      vertex 9.35 41.0053 2
    endloop
  endfacet
  facet normal -0 0 1
    outer loop
      vertex 7.35 44.4694 2
      vertex 9.35 41.0053 2
      vertex 7.78981 44.7337 2
    endloop
  endfacet
  facet normal 0 0 1
    outer loop
      vertex 9.35 41.0053 2
      vertex 7.35 44.4694 2
      vertex 8.77912 40.6889 2
    endloop
  endfacet
  facet normal -0 0 1
    outer loop
      vertex 6.90123 44.2207 2
      vertex 8.77912 40.6889 2
      vertex 7.35 44.4694 2
    endloop
  endfacet
  facet normal 0 0 1
    outer loop
      vertex 8.77912 40.6889 2
      vertex 6.90123 44.2207 2
      vertex 8.19754 40.3926 2
    endloop
  endfacet
  facet normal -0 0 1
    outer loop
      vertex 6.44406 43.9877 2
      vertex 8.19754 40.3926 2
      vertex 6.90123 44.2207 2
    endloop
  endfacet
  facet normal 0 0 1
    outer loop
      vertex 8.19754 40.3926 2
      vertex 6.44406 43.9877 2
      vertex 7.60598 40.1167 2
    endloop
  endfacet
  facet normal -0 0 1
    outer loop
      vertex 5.97903 43.7709 2
      vertex 7.60598 40.1167 2
      vertex 6.44406 43.9877 2
    endloop
  endfacet
  facet normal 0 0 1
    outer loop
      vertex 7.60598 40.1167 2
      vertex 5.97903 43.7709 2
      vertex 7.00514 39.8617 2
    endloop
  endfacet
  facet normal -0 0 1
    outer loop
      vertex 5.50672 43.5704 2
      vertex 7.00514 39.8617 2
      vertex 5.97903 43.7709 2
    endloop
  endfacet
  facet normal 0 0 1
    outer loop
      vertex 7.00514 39.8617 2
      vertex 5.50672 43.5704 2
      vertex 6.39578 39.6278 2
    endloop
  endfacet
  facet normal -0 0 1
    outer loop
      vertex 5.0277 43.3865 2
      vertex 6.39578 39.6278 2
      vertex 5.50672 43.5704 2
    endloop
  endfacet
  facet normal 0 0 1
    outer loop
      vertex 6.39578 39.6278 2
      vertex 5.0277 43.3865 2
      vertex 5.77862 39.4152 2
    endloop
  endfacet
  facet normal -0 0 1
    outer loop
      vertex 4.54255 43.2195 2
      vertex 5.77862 39.4152 2
      vertex 5.0277 43.3865 2
    endloop
  endfacet
  facet normal 0 0 1
    outer loop
      vertex 5.77862 39.4152 2
      vertex 4.54255 43.2195 2
      vertex 5.15442 39.2244 2
    endloop
  endfacet
  facet normal -0 0 1
    outer loop
      vertex 4.05187 43.0695 2
      vertex 5.15442 39.2244 2
      vertex 4.54255 43.2195 2
    endloop
  endfacet
  facet normal 0 0 1
    outer loop
      vertex 5.15442 39.2244 2
      vertex 4.05187 43.0695 2
      vertex 4.52394 39.0555 2
    endloop
  endfacet
  facet normal -0 0 1
    outer loop
      vertex 3.55625 42.9367 2
      vertex 4.52394 39.0555 2
      vertex 4.05187 43.0695 2
    endloop
  endfacet
  facet normal 0 0 1
    outer loop
      vertex 4.52394 39.0555 2
      vertex 3.55625 42.9367 2
      vertex 3.88795 38.9086 2
    endloop
  endfacet
  facet normal -0 0 1
    outer loop
      vertex 3.0563 42.8212 2
      vertex 3.88795 38.9086 2
      vertex 3.55625 42.9367 2
    endloop
  endfacet
  facet normal 0 0 1
    outer loop
      vertex 3.88795 38.9086 2
      vertex 3.0563 42.8212 2
      vertex 3.24722 38.7841 2
    endloop
  endfacet
  facet normal -0 0 1
    outer loop
      vertex 2.55263 42.7233 2
      vertex 3.24722 38.7841 2
      vertex 3.0563 42.8212 2
    endloop
  endfacet
  facet normal 0 0 1
    outer loop
      vertex 3.24722 38.7841 2
      vertex 2.55263 42.7233 2
      vertex 2.60254 38.682 2
    endloop
  endfacet
  facet normal -0 0 1
    outer loop
      vertex 2.04584 42.6431 2
      vertex 2.60254 38.682 2
      vertex 2.55263 42.7233 2
    endloop
  endfacet
  facet normal 0 0 1
    outer loop
      vertex 2.04584 42.6431 2
      vertex 1.95468 38.6024 2
      vertex 2.60254 38.682 2
    endloop
  endfacet
  facet normal -0 0 1
    outer loop
      vertex 1.53657 42.5805 2
      vertex 1.95468 38.6024 2
      vertex 2.04584 42.6431 2
    endloop
  endfacet
  facet normal 0 0 1
    outer loop
      vertex 1.53657 42.5805 2
      vertex 1.30445 38.5456 2
      vertex 1.95468 38.6024 2
    endloop
  endfacet
  facet normal -0 0 1
    outer loop
      vertex 1.02542 42.5358 2
      vertex 1.30445 38.5456 2
      vertex 1.53657 42.5805 2
    endloop
  endfacet
  facet normal 0 0 1
    outer loop
      vertex 1.02542 42.5358 2
      vertex 0.65262 38.5114 2
      vertex 1.30445 38.5456 2
    endloop
  endfacet
  facet normal -0 0 1
    outer loop
      vertex 0.513022 42.509 2
      vertex 0.65262 38.5114 2
      vertex 1.02542 42.5358 2
    endloop
  endfacet
  facet normal -0 0 1
    outer loop
      vertex 0 42.5 2
      vertex 0.65262 38.5114 2
      vertex 0.513022 42.509 2
    endloop
  endfacet
  facet normal 0 0 1
    outer loop
      vertex 0 42.5 2
      vertex 0 38.5 2
      vertex 0.65262 38.5114 2
    endloop
  endfacet
  facet normal 0 0 1
    outer loop
      vertex -0.513022 42.509 2
      vertex 0 38.5 2
      vertex 0 42.5 2
    endloop
  endfacet
  facet normal 0 0 1
    outer loop
      vertex -0.513022 42.509 2
      vertex -0.65262 38.5114 2
      vertex 0 38.5 2
    endloop
  endfacet
  facet normal 0 0 1
    outer loop
      vertex -1.02542 42.5358 2
      vertex -0.65262 38.5114 2
      vertex -0.513022 42.509 2
    endloop
  endfacet
  facet normal 0 0 1
    outer loop
      vertex -1.02542 42.5358 2
      vertex -1.30445 38.5456 2
      vertex -0.65262 38.5114 2
    endloop
  endfacet
  facet normal 0 0 1
    outer loop
      vertex -1.53657 42.5805 2
      vertex -1.30445 38.5456 2
      vertex -1.02542 42.5358 2
    endloop
  endfacet
  facet normal 0 0 1
    outer loop
      vertex -1.53657 42.5805 2
      vertex -1.95468 38.6024 2
      vertex -1.30445 38.5456 2
    endloop
  endfacet
  facet normal 0 0 1
    outer loop
      vertex -2.04584 42.6431 2
      vertex -1.95468 38.6024 2
      vertex -1.53657 42.5805 2
    endloop
  endfacet
  facet normal 0 0 1
    outer loop
      vertex -2.60254 38.682 2
      vertex -2.04584 42.6431 2
      vertex -2.55263 42.7233 2
    endloop
  endfacet
  facet normal 0 0 1
    outer loop
      vertex -2.04584 42.6431 2
      vertex -2.60254 38.682 2
      vertex -1.95468 38.6024 2
    endloop
  endfacet
  facet normal 0 0 1
    outer loop
      vertex -3.24722 38.7841 2
      vertex -2.55263 42.7233 2
      vertex -3.0563 42.8212 2
    endloop
  endfacet
  facet normal 0 0 1
    outer loop
      vertex -2.55263 42.7233 2
      vertex -3.24722 38.7841 2
      vertex -2.60254 38.682 2
    endloop
  endfacet
  facet normal 0 0 1
    outer loop
      vertex -3.88795 38.9086 2
      vertex -3.0563 42.8212 2
      vertex -3.55625 42.9367 2
    endloop
  endfacet
  facet normal 0 0 1
    outer loop
      vertex -3.0563 42.8212 2
      vertex -3.88795 38.9086 2
      vertex -3.24722 38.7841 2
    endloop
  endfacet
  facet normal 0 0 1
    outer loop
      vertex -4.52394 39.0555 2
      vertex -3.55625 42.9367 2
      vertex -4.05187 43.0695 2
    endloop
  endfacet
  facet normal 0 0 1
    outer loop
      vertex -3.55625 42.9367 2
      vertex -4.52394 39.0555 2
      vertex -3.88795 38.9086 2
    endloop
  endfacet
  facet normal 0 0 1
    outer loop
      vertex -5.15442 39.2244 2
      vertex -4.05187 43.0695 2
      vertex -4.54255 43.2195 2
    endloop
  endfacet
  facet normal 0 0 1
    outer loop
      vertex -5.77862 39.4152 2
      vertex -4.54255 43.2195 2
      vertex -5.0277 43.3865 2
    endloop
  endfacet
  facet normal 0 0 1
    outer loop
      vertex -4.05187 43.0695 2
      vertex -5.15442 39.2244 2
      vertex -4.52394 39.0555 2
    endloop
  endfacet
  facet normal 0 0 1
    outer loop
      vertex -6.39578 39.6278 2
      vertex -5.0277 43.3865 2
      vertex -5.50672 43.5704 2
    endloop
  endfacet
  facet normal 0 0 1
    outer loop
      vertex -4.54255 43.2195 2
      vertex -5.77862 39.4152 2
      vertex -5.15442 39.2244 2
    endloop
  endfacet
  facet normal 0 0 1
    outer loop
      vertex -7.00514 39.8617 2
      vertex -5.50672 43.5704 2
      vertex -5.97903 43.7709 2
    endloop
  endfacet
  facet normal 0 0 1
    outer loop
      vertex -5.0277 43.3865 2
      vertex -6.39578 39.6278 2
      vertex -5.77862 39.4152 2
    endloop
  endfacet
  facet normal 0 0 1
    outer loop
      vertex -7.60598 40.1167 2
      vertex -5.97903 43.7709 2
      vertex -6.44406 43.9877 2
    endloop
  endfacet
  facet normal 0 0 1
    outer loop
      vertex -8.19754 40.3926 2
      vertex -6.44406 43.9877 2
      vertex -6.90123 44.2207 2
    endloop
  endfacet
  facet normal 0 0 1
    outer loop
      vertex -5.50672 43.5704 2
      vertex -7.00514 39.8617 2
      vertex -6.39578 39.6278 2
    endloop
  endfacet
  facet normal 0 0 1
    outer loop
      vertex -8.77912 40.6889 2
      vertex -6.90123 44.2207 2
      vertex -7.35 44.4694 2
    endloop
  endfacet
  facet normal 0 0 1
    outer loop
      vertex -5.97903 43.7709 2
      vertex -7.60598 40.1167 2
      vertex -7.00514 39.8617 2
    endloop
  endfacet
  facet normal 0 0 1
    outer loop
      vertex -9.35 41.0053 2
      vertex -7.35 44.4694 2
      vertex -7.78981 44.7337 2
    endloop
  endfacet
  facet normal 0 0 1
    outer loop
      vertex -6.44406 43.9877 2
      vertex -8.19754 40.3926 2
      vertex -7.60598 40.1167 2
    endloop
  endfacet
  facet normal 0 0 1
    outer loop
      vertex -9.90949 41.3415 2
      vertex -7.78981 44.7337 2
      vertex -8.22013 45.0131 2
    endloop
  endfacet
  facet normal 0 0 1
    outer loop
      vertex -10.4569 41.697 2
      vertex -8.22013 45.0131 2
      vertex -8.64044 45.3074 2
    endloop
  endfacet
  facet normal 0 0 1
    outer loop
      vertex -6.90123 44.2207 2
      vertex -8.77912 40.6889 2
      vertex -8.19754 40.3926 2
    endloop
  endfacet
  facet normal 0 0 1
    outer loop
      vertex -10.9916 42.0714 2
      vertex -8.64044 45.3074 2
      vertex -9.05022 45.6162 2
    endloop
  endfacet
  facet normal 0 0 1
    outer loop
      vertex -7.35 44.4694 2
      vertex -9.35 41.0053 2
      vertex -8.77912 40.6889 2
    endloop
  endfacet
  facet normal 0 0 1
    outer loop
      vertex -11.5129 42.4642 2
      vertex -9.05022 45.6162 2
      vertex -9.44898 45.9391 2
    endloop
  endfacet
  facet normal 0 0 1
    outer loop
      vertex -12.0201 42.875 2
      vertex -9.44898 45.9391 2
      vertex -9.83622 46.2758 2
    endloop
  endfacet
  facet normal 0 0 1
    outer loop
      vertex -7.78981 44.7337 2
      vertex -9.90949 41.3415 2
      vertex -9.35 41.0053 2
    endloop
  endfacet
  facet normal 0 0 1
    outer loop
      vertex -12.5127 43.3032 2
      vertex -9.83622 46.2758 2
      vertex -10.2115 46.6257 2
    endloop
  endfacet
  facet normal 0 0 1
    outer loop
      vertex -8.22013 45.0131 2
      vertex -10.4569 41.697 2
      vertex -9.90949 41.3415 2
    endloop
  endfacet
  facet normal 0 0 1
    outer loop
      vertex -12.9901 43.7483 2
      vertex -10.2115 46.6257 2
      vertex -10.5743 46.9885 2
    endloop
  endfacet
  facet normal 0 0 1
    outer loop
      vertex -13.4517 44.2099 2
      vertex -10.5743 46.9885 2
      vertex -10.9242 47.3638 2
    endloop
  endfacet
  facet normal 0 0 1
    outer loop
      vertex -8.64044 45.3074 2
      vertex -10.9916 42.0714 2
      vertex -10.4569 41.697 2
    endloop
  endfacet
  facet normal 0 0 1
    outer loop
      vertex -13.8968 44.6873 2
      vertex -10.9242 47.3638 2
      vertex -11.2609 47.751 2
    endloop
  endfacet
  facet normal 0 0 1
    outer loop
      vertex -9.05022 45.6162 2
      vertex -11.5129 42.4642 2
      vertex -10.9916 42.0714 2
    endloop
  endfacet
  facet normal 0 0 1
    outer loop
      vertex -14.325 45.1799 2
      vertex -11.2609 47.751 2
      vertex -11.5838 48.1498 2
    endloop
  endfacet
  facet normal 0 0 1
    outer loop
      vertex -14.7358 45.6871 2
      vertex -11.5838 48.1498 2
      vertex -11.8925 48.5596 2
    endloop
  endfacet
  facet normal 0 0 1
    outer loop
      vertex -9.44898 45.9391 2
      vertex -12.0201 42.875 2
      vertex -11.5129 42.4642 2
    endloop
  endfacet
  facet normal 0 0 1
    outer loop
      vertex -15.1286 46.2084 2
      vertex -11.8925 48.5596 2
      vertex -12.1869 48.9799 2
    endloop
  endfacet
  facet normal 0 0 1
    outer loop
      vertex -15.503 46.7431 2
      vertex -12.1869 48.9799 2
      vertex -12.4663 49.4102 2
    endloop
  endfacet
  facet normal 0 0 1
    outer loop
      vertex -9.83622 46.2758 2
      vertex -12.5127 43.3032 2
      vertex -12.0201 42.875 2
    endloop
  endfacet
  facet normal 0 0 1
    outer loop
      vertex -15.8585 47.2905 2
      vertex -12.4663 49.4102 2
      vertex -12.7306 49.85 2
    endloop
  endfacet
  facet normal 0 0 1
    outer loop
      vertex -16.1947 47.85 2
      vertex -12.7306 49.85 2
      vertex -12.9793 50.2988 2
    endloop
  endfacet
  facet normal 0 0 1
    outer loop
      vertex -10.2115 46.6257 2
      vertex -12.9901 43.7483 2
      vertex -12.5127 43.3032 2
    endloop
  endfacet
  facet normal 0 0 1
    outer loop
      vertex -16.5111 48.4209 2
      vertex -12.9793 50.2988 2
      vertex -13.2123 50.7559 2
    endloop
  endfacet
  facet normal 0 0 1
    outer loop
      vertex -16.8074 49.0025 2
      vertex -13.2123 50.7559 2
      vertex -13.4291 51.221 2
    endloop
  endfacet
  facet normal 0 0 1
    outer loop
      vertex -10.5743 46.9885 2
      vertex -13.4517 44.2099 2
      vertex -12.9901 43.7483 2
    endloop
  endfacet
  facet normal 0 0 1
    outer loop
      vertex -17.0833 49.594 2
      vertex -13.4291 51.221 2
      vertex -13.6296 51.6933 2
    endloop
  endfacet
  facet normal 0 0 1
    outer loop
      vertex -17.3383 50.1949 2
      vertex -13.6296 51.6933 2
      vertex -13.8135 52.1723 2
    endloop
  endfacet
  facet normal 0 0 1
    outer loop
      vertex -10.9242 47.3638 2
      vertex -13.8968 44.6873 2
      vertex -13.4517 44.2099 2
    endloop
  endfacet
  facet normal 0 0 1
    outer loop
      vertex -17.5723 50.8042 2
      vertex -13.8135 52.1723 2
      vertex -13.9805 52.6575 2
    endloop
  endfacet
  facet normal 0 0 1
    outer loop
      vertex -17.7848 51.4214 2
      vertex -13.9805 52.6575 2
      vertex -14.1305 53.1481 2
    endloop
  endfacet
  facet normal 0 0 1
    outer loop
      vertex -17.9756 52.0456 2
      vertex -14.1305 53.1481 2
      vertex -14.2633 53.6437 2
    endloop
  endfacet
  facet normal 0 0 1
    outer loop
      vertex -11.2609 47.751 2
      vertex -14.325 45.1799 2
      vertex -13.8968 44.6873 2
    endloop
  endfacet
  facet normal 0 0 1
    outer loop
      vertex -18.1445 52.6761 2
      vertex -14.2633 53.6437 2
      vertex -14.3788 54.1437 2
    endloop
  endfacet
  facet normal 0 0 1
    outer loop
      vertex -18.2914 53.3121 2
      vertex -14.3788 54.1437 2
      vertex -14.4767 54.6474 2
    endloop
  endfacet
  facet normal 0 0 1
    outer loop
      vertex -18.4159 53.9528 2
      vertex -14.4767 54.6474 2
      vertex -14.5569 55.1542 2
    endloop
  endfacet
  facet normal 0 0 1
    outer loop
      vertex -18.518 54.5975 2
      vertex -14.5569 55.1542 2
      vertex -14.6195 55.6634 2
    endloop
  endfacet
  facet normal 0 0 1
    outer loop
      vertex -18.5976 55.2453 2
      vertex -14.6195 55.6634 2
      vertex -14.6642 56.1746 2
    endloop
  endfacet
  facet normal 0 0 1
    outer loop
      vertex -18.6544 55.8956 2
      vertex -14.6642 56.1746 2
      vertex -14.691 56.687 2
    endloop
  endfacet
  facet normal 0 0 1
    outer loop
      vertex -11.5838 48.1498 2
      vertex -14.7358 45.6871 2
      vertex -14.325 45.1799 2
    endloop
  endfacet
  facet normal 0 0 1
    outer loop
      vertex -18.6886 56.5474 2
      vertex -14.691 56.687 2
      vertex -14.7 57.2 2
    endloop
  endfacet
  facet normal -0 0 1
    outer loop
      vertex -17.7848 62.9786 2
      vertex -13.9805 61.7425 2
      vertex -17.5723 63.5958 2
    endloop
  endfacet
  facet normal 0 0 1
    outer loop
      vertex -13.9805 61.7425 2
      vertex -17.7848 62.9786 2
      vertex -14.1305 61.2519 2
    endloop
  endfacet
  facet normal 0 0 1
    outer loop
      vertex -11.8925 48.5596 2
      vertex -15.1286 46.2084 2
      vertex -14.7358 45.6871 2
    endloop
  endfacet
  facet normal -0 0 1
    outer loop
      vertex -17.9756 62.3544 2
      vertex -14.1305 61.2519 2
      vertex -17.7848 62.9786 2
    endloop
  endfacet
  facet normal 0 0 1
    outer loop
      vertex -12.1869 48.9799 2
      vertex -15.503 46.7431 2
      vertex -15.1286 46.2084 2
    endloop
  endfacet
  facet normal 0 0 1
    outer loop
      vertex -14.1305 61.2519 2
      vertex -17.9756 62.3544 2
      vertex -14.2633 60.7563 2
    endloop
  endfacet
  facet normal 0 0 1
    outer loop
      vertex -12.4663 49.4102 2
      vertex -15.8585 47.2905 2
      vertex -15.503 46.7431 2
    endloop
  endfacet
  facet normal -0 0 1
    outer loop
      vertex -18.1445 61.7239 2
      vertex -14.2633 60.7563 2
      vertex -17.9756 62.3544 2
    endloop
  endfacet
  facet normal 0 0 1
    outer loop
      vertex -12.7306 49.85 2
      vertex -16.1947 47.85 2
      vertex -15.8585 47.2905 2
    endloop
  endfacet
  facet normal 0 0 1
    outer loop
      vertex -14.2633 60.7563 2
      vertex -18.1445 61.7239 2
      vertex -14.3788 60.2563 2
    endloop
  endfacet
  facet normal 0 0 1
    outer loop
      vertex -12.9793 50.2988 2
      vertex -16.5111 48.4209 2
      vertex -16.1947 47.85 2
    endloop
  endfacet
  facet normal -0 0 1
    outer loop
      vertex -18.2914 61.0879 2
      vertex -14.3788 60.2563 2
      vertex -18.1445 61.7239 2
    endloop
  endfacet
  facet normal 0 0 1
    outer loop
      vertex -13.2123 50.7559 2
      vertex -16.8074 49.0025 2
      vertex -16.5111 48.4209 2
    endloop
  endfacet
  facet normal 0 0 1
    outer loop
      vertex -14.3788 60.2563 2
      vertex -18.2914 61.0879 2
      vertex -14.4767 59.7526 2
    endloop
  endfacet
  facet normal 0 0 1
    outer loop
      vertex -13.4291 51.221 2
      vertex -17.0833 49.594 2
      vertex -16.8074 49.0025 2
    endloop
  endfacet
  facet normal -0 0 1
    outer loop
      vertex -18.4159 60.4472 2
      vertex -14.4767 59.7526 2
      vertex -18.2914 61.0879 2
    endloop
  endfacet
  facet normal 0 0 1
    outer loop
      vertex -13.6296 51.6933 2
      vertex -17.3383 50.1949 2
      vertex -17.0833 49.594 2
    endloop
  endfacet
  facet normal 0 0 1
    outer loop
      vertex -14.4767 59.7526 2
      vertex -18.4159 60.4472 2
      vertex -14.5569 59.2458 2
    endloop
  endfacet
  facet normal 0 0 1
    outer loop
      vertex -13.8135 52.1723 2
      vertex -17.5723 50.8042 2
      vertex -17.3383 50.1949 2
    endloop
  endfacet
  facet normal -0 0 1
    outer loop
      vertex -18.518 59.8025 2
      vertex -14.5569 59.2458 2
      vertex -18.4159 60.4472 2
    endloop
  endfacet
  facet normal 0 0 1
    outer loop
      vertex -13.9805 52.6575 2
      vertex -17.7848 51.4214 2
      vertex -17.5723 50.8042 2
    endloop
  endfacet
  facet normal 0 0 1
    outer loop
      vertex -14.5569 59.2458 2
      vertex -18.518 59.8025 2
      vertex -14.6195 58.7366 2
    endloop
  endfacet
  facet normal 0 0 1
    outer loop
      vertex -14.1305 53.1481 2
      vertex -17.9756 52.0456 2
      vertex -17.7848 51.4214 2
    endloop
  endfacet
  facet normal -0 0 1
    outer loop
      vertex -18.5976 59.1547 2
      vertex -14.6195 58.7366 2
      vertex -18.518 59.8025 2
    endloop
  endfacet
  facet normal 0 0 1
    outer loop
      vertex -14.2633 53.6437 2
      vertex -18.1445 52.6761 2
      vertex -17.9756 52.0456 2
    endloop
  endfacet
  facet normal 0 0 1
    outer loop
      vertex -14.6195 58.7366 2
      vertex -18.5976 59.1547 2
      vertex -14.6642 58.2254 2
    endloop
  endfacet
  facet normal 0 0 1
    outer loop
      vertex -14.3788 54.1437 2
      vertex -18.2914 53.3121 2
      vertex -18.1445 52.6761 2
    endloop
  endfacet
  facet normal -0 0 1
    outer loop
      vertex -18.6544 58.5044 2
      vertex -14.6642 58.2254 2
      vertex -18.5976 59.1547 2
    endloop
  endfacet
  facet normal 0 0 1
    outer loop
      vertex -14.4767 54.6474 2
      vertex -18.4159 53.9528 2
      vertex -18.2914 53.3121 2
    endloop
  endfacet
  facet normal 0 0 1
    outer loop
      vertex -14.6642 58.2254 2
      vertex -18.6544 58.5044 2
      vertex -14.691 57.713 2
    endloop
  endfacet
  facet normal 0 0 1
    outer loop
      vertex -14.5569 55.1542 2
      vertex -18.518 54.5975 2
      vertex -18.4159 53.9528 2
    endloop
  endfacet
  facet normal -0 0 1
    outer loop
      vertex -18.6886 57.8526 2
      vertex -14.691 57.713 2
      vertex -18.6544 58.5044 2
    endloop
  endfacet
  facet normal 0 0 1
    outer loop
      vertex -14.6195 55.6634 2
      vertex -18.5976 55.2453 2
      vertex -18.518 54.5975 2
    endloop
  endfacet
  facet normal 0 0 1
    outer loop
      vertex -14.691 57.713 2
      vertex -18.6886 57.8526 2
      vertex -14.7 57.2 2
    endloop
  endfacet
  facet normal 0 0 1
    outer loop
      vertex -14.6642 56.1746 2
      vertex -18.6544 55.8956 2
      vertex -18.5976 55.2453 2
    endloop
  endfacet
  facet normal 0 0 1
    outer loop
      vertex -18.7 57.2 2
      vertex -14.7 57.2 2
      vertex -18.6886 57.8526 2
    endloop
  endfacet
  facet normal 0 0 1
    outer loop
      vertex -14.691 56.687 2
      vertex -18.6886 56.5474 2
      vertex -18.6544 55.8956 2
    endloop
  endfacet
  facet normal 0 0 1
    outer loop
      vertex -14.7 57.2 2
      vertex -18.7 57.2 2
      vertex -18.6886 56.5474 2
    endloop
  endfacet
  facet normal 0.956321 0.29232 0
    outer loop
      vertex 17.9756 62.3544 2
      vertex 17.7848 62.9786 0
      vertex 17.7848 62.9786 2
    endloop
  endfacet
  facet normal 0.956321 0.29232 0
    outer loop
      vertex 17.7848 62.9786 0
      vertex 17.9756 62.3544 2
      vertex 17.9756 62.3544 0
    endloop
  endfacet
  facet normal -0.974347 0.22505 0
    outer loop
      vertex -18.2914 61.0879 0
      vertex -18.1445 61.7239 2
      vertex -18.1445 61.7239 0
    endloop
  endfacet
  facet normal -0.974347 0.22505 0
    outer loop
      vertex -18.1445 61.7239 2
      vertex -18.2914 61.0879 0
      vertex -18.2914 61.0879 2
    endloop
  endfacet
  facet normal -0.225053 -0.974347 0
    outer loop
      vertex -4.52394 39.0555 0
      vertex -3.88795 38.9086 2
      vertex -4.52394 39.0555 2
    endloop
  endfacet
  facet normal -0.225053 -0.974347 -0
    outer loop
      vertex -3.88795 38.9086 2
      vertex -4.52394 39.0555 0
      vertex -3.88795 38.9086 0
    endloop
  endfacet
  facet normal 0.996207 -0.087013 0
    outer loop
      vertex 18.5976 55.2453 2
      vertex 18.6544 55.8956 0
      vertex 18.6544 55.8956 2
    endloop
  endfacet
  facet normal 0.996207 -0.087013 0
    outer loop
      vertex 18.6544 55.8956 0
      vertex 18.5976 55.2453 2
      vertex 18.5976 55.2453 0
    endloop
  endfacet
  facet normal 0.965942 0.258759 0
    outer loop
      vertex 18.1445 61.7239 2
      vertex 17.9756 62.3544 0
      vertex 17.9756 62.3544 2
    endloop
  endfacet
  facet normal 0.965942 0.258759 0
    outer loop
      vertex 17.9756 62.3544 0
      vertex 18.1445 61.7239 2
      vertex 18.1445 61.7239 0
    endloop
  endfacet
  facet normal -0.358353 -0.933586 0
    outer loop
      vertex -7.00514 39.8617 0
      vertex -6.39578 39.6278 2
      vertex -7.00514 39.8617 2
    endloop
  endfacet
  facet normal -0.358353 -0.933586 -0
    outer loop
      vertex -6.39578 39.6278 2
      vertex -7.00514 39.8617 0
      vertex -6.39578 39.6278 0
    endloop
  endfacet
  facet normal 0.325561 0.945521 -0
    outer loop
      vertex 6.39578 74.7723 0
      vertex 5.77862 74.9848 2
      vertex 6.39578 74.7723 2
    endloop
  endfacet
  facet normal 0.325561 0.945521 0
    outer loop
      vertex 5.77862 74.9848 2
      vertex 6.39578 74.7723 0
      vertex 5.77862 74.9848 0
    endloop
  endfacet
  facet normal -0.390677 0.920528 0
    outer loop
      vertex -7.00514 74.5383 0
      vertex -7.60598 74.2833 2
      vertex -7.00514 74.5383 2
    endloop
  endfacet
  facet normal -0.390677 0.920528 0
    outer loop
      vertex -7.60598 74.2833 2
      vertex -7.00514 74.5383 0
      vertex -7.60598 74.2833 0
    endloop
  endfacet
  facet normal 0.974347 0.22505 0
    outer loop
      vertex 18.2914 61.0879 2
      vertex 18.1445 61.7239 0
      vertex 18.1445 61.7239 2
    endloop
  endfacet
  facet normal 0.974347 0.22505 0
    outer loop
      vertex 18.1445 61.7239 0
      vertex 18.2914 61.0879 2
      vertex 18.2914 61.0879 0
    endloop
  endfacet
  facet normal -0.258767 0.96594 0
    outer loop
      vertex -4.52394 75.3445 0
      vertex -5.15442 75.1756 2
      vertex -4.52394 75.3445 2
    endloop
  endfacet
  facet normal -0.258767 0.96594 0
    outer loop
      vertex -5.15442 75.1756 2
      vertex -4.52394 75.3445 0
      vertex -5.15442 75.1756 0
    endloop
  endfacet
  facet normal -0.945528 0.325542 0
    outer loop
      vertex -17.7848 62.9786 0
      vertex -17.5723 63.5958 2
      vertex -17.5723 63.5958 0
    endloop
  endfacet
  facet normal -0.945528 0.325542 0
    outer loop
      vertex -17.5723 63.5958 2
      vertex -17.7848 62.9786 0
      vertex -17.7848 62.9786 2
    endloop
  endfacet
  facet normal -0.874655 -0.484745 0
    outer loop
      vertex -16.1947 47.85 0
      vertex -16.5111 48.4209 2
      vertex -16.5111 48.4209 0
    endloop
  endfacet
  facet normal -0.874655 -0.484745 0
    outer loop
      vertex -16.5111 48.4209 2
      vertex -16.1947 47.85 0
      vertex -16.1947 47.85 2
    endloop
  endfacet
  facet normal 0.874655 -0.484745 0
    outer loop
      vertex 16.1947 47.85 2
      vertex 16.5111 48.4209 0
      vertex 16.5111 48.4209 2
    endloop
  endfacet
  facet normal 0.874655 -0.484745 0
    outer loop
      vertex 16.5111 48.4209 0
      vertex 16.1947 47.85 2
      vertex 16.1947 47.85 0
    endloop
  endfacet
  facet normal -0.992535 -0.12196 0
    outer loop
      vertex -18.518 54.5975 0
      vertex -18.5976 55.2453 2
      vertex -18.5976 55.2453 0
    endloop
  endfacet
  facet normal -0.992535 -0.12196 0
    outer loop
      vertex -18.5976 55.2453 2
      vertex -18.518 54.5975 0
      vertex -18.518 54.5975 2
    endloop
  endfacet
  facet normal -0.981639 0.190751 0
    outer loop
      vertex -18.4159 60.4472 0
      vertex -18.2914 61.0879 2
      vertex -18.2914 61.0879 0
    endloop
  endfacet
  facet normal -0.981639 0.190751 0
    outer loop
      vertex -18.2914 61.0879 2
      vertex -18.4159 60.4472 0
      vertex -18.4159 60.4472 2
    endloop
  endfacet
  facet normal -0.0870223 0.996206 0
    outer loop
      vertex -1.30445 75.8544 0
      vertex -1.95468 75.7976 2
      vertex -1.30445 75.8544 2
    endloop
  endfacet
  facet normal -0.0870223 0.996206 0
    outer loop
      vertex -1.95468 75.7976 2
      vertex -1.30445 75.8544 0
      vertex -1.95468 75.7976 0
    endloop
  endfacet
  facet normal 0.629392 0.777088 -0
    outer loop
      vertex 12.0201 71.525 0
      vertex 11.5129 71.9358 2
      vertex 12.0201 71.525 2
    endloop
  endfacet
  facet normal 0.629392 0.777088 0
    outer loop
      vertex 11.5129 71.9358 2
      vertex 12.0201 71.525 0
      vertex 11.5129 71.9358 0
    endloop
  endfacet
  facet normal 0.190742 -0.98164 0
    outer loop
      vertex 3.24722 38.7841 0
      vertex 3.88795 38.9086 2
      vertex 3.24722 38.7841 2
    endloop
  endfacet
  facet normal 0.190742 -0.98164 0
    outer loop
      vertex 3.88795 38.9086 2
      vertex 3.24722 38.7841 0
      vertex 3.88795 38.9086 0
    endloop
  endfacet
  facet normal 0.484758 0.874648 -0
    outer loop
      vertex 9.35 73.3947 0
      vertex 8.77912 73.7111 2
      vertex 9.35 73.3947 2
    endloop
  endfacet
  facet normal 0.484758 0.874648 0
    outer loop
      vertex 8.77912 73.7111 2
      vertex 9.35 73.3947 0
      vertex 8.77912 73.7111 0
    endloop
  endfacet
  facet normal 0.601788 0.798656 -0
    outer loop
      vertex 11.5129 71.9358 0
      vertex 10.9916 72.3286 2
      vertex 11.5129 71.9358 2
    endloop
  endfacet
  facet normal 0.601788 0.798656 0
    outer loop
      vertex 10.9916 72.3286 2
      vertex 11.5129 71.9358 0
      vertex 10.9916 72.3286 0
    endloop
  endfacet
  facet normal 0.906261 -0.422718 0
    outer loop
      vertex 16.8074 49.0025 2
      vertex 17.0833 49.594 0
      vertex 17.0833 49.594 2
    endloop
  endfacet
  facet normal 0.906261 -0.422718 0
    outer loop
      vertex 17.0833 49.594 0
      vertex 16.8074 49.0025 2
      vertex 16.8074 49.0025 0
    endloop
  endfacet
  facet normal -0.874655 0.484745 0
    outer loop
      vertex -16.5111 65.9791 0
      vertex -16.1947 66.55 2
      vertex -16.1947 66.55 0
    endloop
  endfacet
  facet normal -0.874655 0.484745 0
    outer loop
      vertex -16.1947 66.55 2
      vertex -16.5111 65.9791 0
      vertex -16.5111 65.9791 2
    endloop
  endfacet
  facet normal 0.838661 0.544654 0
    outer loop
      vertex 15.8585 67.1095 2
      vertex 15.503 67.6569 0
      vertex 15.503 67.6569 2
    endloop
  endfacet
  facet normal 0.838661 0.544654 0
    outer loop
      vertex 15.503 67.6569 0
      vertex 15.8585 67.1095 2
      vertex 15.8585 67.1095 0
    endloop
  endfacet
  facet normal -0.996207 0.087013 0
    outer loop
      vertex -18.6544 58.5044 0
      vertex -18.5976 59.1547 2
      vertex -18.5976 59.1547 0
    endloop
  endfacet
  facet normal -0.996207 0.087013 0
    outer loop
      vertex -18.5976 59.1547 2
      vertex -18.6544 58.5044 0
      vertex -18.6544 58.5044 2
    endloop
  endfacet
  facet normal -0.258767 -0.96594 0
    outer loop
      vertex -5.15442 39.2244 0
      vertex -4.52394 39.0555 2
      vertex -5.15442 39.2244 2
    endloop
  endfacet
  facet normal -0.258767 -0.96594 -0
    outer loop
      vertex -4.52394 39.0555 2
      vertex -5.15442 39.2244 0
      vertex -4.52394 39.0555 0
    endloop
  endfacet
  facet normal -0.920542 0.390644 0
    outer loop
      vertex -17.3383 64.2051 0
      vertex -17.0833 64.806 2
      vertex -17.0833 64.806 0
    endloop
  endfacet
  facet normal -0.920542 0.390644 0
    outer loop
      vertex -17.0833 64.806 2
      vertex -17.3383 64.2051 0
      vertex -17.3383 64.2051 2
    endloop
  endfacet
  facet normal 0.121949 0.992536 -0
    outer loop
      vertex 2.60254 75.718 0
      vertex 1.95468 75.7976 2
      vertex 2.60254 75.718 2
    endloop
  endfacet
  facet normal 0.121949 0.992536 0
    outer loop
      vertex 1.95468 75.7976 2
      vertex 2.60254 75.718 0
      vertex 1.95468 75.7976 0
    endloop
  endfacet
  facet normal -0.891031 -0.453942 0
    outer loop
      vertex -16.5111 48.4209 0
      vertex -16.8074 49.0025 2
      vertex -16.8074 49.0025 0
    endloop
  endfacet
  facet normal -0.891031 -0.453942 0
    outer loop
      vertex -16.8074 49.0025 2
      vertex -16.5111 48.4209 0
      vertex -16.5111 48.4209 2
    endloop
  endfacet
  facet normal -0.838661 0.544654 0
    outer loop
      vertex -15.8585 67.1095 0
      vertex -15.503 67.6569 2
      vertex -15.503 67.6569 0
    endloop
  endfacet
  facet normal -0.838661 0.544654 0
    outer loop
      vertex -15.503 67.6569 2
      vertex -15.8585 67.1095 0
      vertex -15.8585 67.1095 2
    endloop
  endfacet
  facet normal -0.629392 0.777088 0
    outer loop
      vertex -11.5129 71.9358 0
      vertex -12.0201 71.525 2
      vertex -11.5129 71.9358 2
    endloop
  endfacet
  facet normal -0.629392 0.777088 0
    outer loop
      vertex -12.0201 71.525 2
      vertex -11.5129 71.9358 0
      vertex -12.0201 71.525 0
    endloop
  endfacet
  facet normal -0.857155 -0.515059 0
    outer loop
      vertex -15.8585 47.2905 0
      vertex -16.1947 47.85 2
      vertex -16.1947 47.85 0
    endloop
  endfacet
  facet normal -0.857155 -0.515059 0
    outer loop
      vertex -16.1947 47.85 2
      vertex -15.8585 47.2905 0
      vertex -15.8585 47.2905 2
    endloop
  endfacet
  facet normal 0.0523956 -0.998626 0
    outer loop
      vertex 0.65262 38.5114 0
      vertex 1.30445 38.5456 2
      vertex 0.65262 38.5114 2
    endloop
  endfacet
  facet normal 0.0523956 -0.998626 0
    outer loop
      vertex 1.30445 38.5456 2
      vertex 0.65262 38.5114 0
      vertex 1.30445 38.5456 0
    endloop
  endfacet
  facet normal 0.0174654 -0.999847 0
    outer loop
      vertex 0 38.5 0
      vertex 0.65262 38.5114 2
      vertex 0 38.5 2
    endloop
  endfacet
  facet normal 0.0174654 -0.999847 0
    outer loop
      vertex 0.65262 38.5114 2
      vertex 0 38.5 0
      vertex 0.65262 38.5114 0
    endloop
  endfacet
  facet normal 0.981639 -0.190751 0
    outer loop
      vertex 18.2914 53.3121 2
      vertex 18.4159 53.9528 0
      vertex 18.4159 53.9528 2
    endloop
  endfacet
  facet normal 0.981639 -0.190751 0
    outer loop
      vertex 18.4159 53.9528 0
      vertex 18.2914 53.3121 2
      vertex 18.2914 53.3121 0
    endloop
  endfacet
  facet normal -0.754718 -0.65605 0
    outer loop
      vertex -13.8968 44.6873 0
      vertex -14.325 45.1799 2
      vertex -14.325 45.1799 0
    endloop
  endfacet
  facet normal -0.754718 -0.65605 0
    outer loop
      vertex -14.325 45.1799 2
      vertex -13.8968 44.6873 0
      vertex -13.8968 44.6873 2
    endloop
  endfacet
  facet normal 0.544647 -0.838665 0
    outer loop
      vertex 9.90949 41.3415 0
      vertex 10.4569 41.697 2
      vertex 9.90949 41.3415 2
    endloop
  endfacet
  facet normal 0.544647 -0.838665 0
    outer loop
      vertex 10.4569 41.697 2
      vertex 9.90949 41.3415 0
      vertex 10.4569 41.697 0
    endloop
  endfacet
  facet normal 0.974347 -0.22505 0
    outer loop
      vertex 18.1445 52.6761 2
      vertex 18.2914 53.3121 0
      vertex 18.2914 53.3121 2
    endloop
  endfacet
  facet normal 0.974347 -0.22505 0
    outer loop
      vertex 18.2914 53.3121 0
      vertex 18.1445 52.6761 2
      vertex 18.1445 52.6761 0
    endloop
  endfacet
  facet normal 0.731417 0.681931 0
    outer loop
      vertex 13.8968 69.7127 2
      vertex 13.4517 70.1901 0
      vertex 13.4517 70.1901 2
    endloop
  endfacet
  facet normal 0.731417 0.681931 0
    outer loop
      vertex 13.4517 70.1901 0
      vertex 13.8968 69.7127 2
      vertex 13.8968 69.7127 0
    endloop
  endfacet
  facet normal 0.601788 -0.798656 0
    outer loop
      vertex 10.9916 42.0714 0
      vertex 11.5129 42.4642 2
      vertex 10.9916 42.0714 2
    endloop
  endfacet
  facet normal 0.601788 -0.798656 0
    outer loop
      vertex 11.5129 42.4642 2
      vertex 10.9916 42.0714 0
      vertex 11.5129 42.4642 0
    endloop
  endfacet
  facet normal 0.258767 -0.96594 0
    outer loop
      vertex 4.52394 39.0555 0
      vertex 5.15442 39.2244 2
      vertex 4.52394 39.0555 2
    endloop
  endfacet
  facet normal 0.258767 -0.96594 0
    outer loop
      vertex 5.15442 39.2244 2
      vertex 4.52394 39.0555 0
      vertex 5.15442 39.2244 0
    endloop
  endfacet
  facet normal 0.225053 -0.974347 0
    outer loop
      vertex 3.88795 38.9086 0
      vertex 4.52394 39.0555 2
      vertex 3.88795 38.9086 2
    endloop
  endfacet
  facet normal 0.225053 -0.974347 0
    outer loop
      vertex 4.52394 39.0555 2
      vertex 3.88795 38.9086 0
      vertex 4.52394 39.0555 0
    endloop
  endfacet
  facet normal 0.998626 -0.052398 0
    outer loop
      vertex 18.6544 55.8956 2
      vertex 18.6886 56.5474 0
      vertex 18.6886 56.5474 2
    endloop
  endfacet
  facet normal 0.998626 -0.052398 0
    outer loop
      vertex 18.6886 56.5474 0
      vertex 18.6544 55.8956 2
      vertex 18.6544 55.8956 0
    endloop
  endfacet
  facet normal 0.798656 0.601788 0
    outer loop
      vertex 15.1286 68.1916 2
      vertex 14.7358 68.7129 0
      vertex 14.7358 68.7129 2
    endloop
  endfacet
  facet normal 0.798656 0.601788 0
    outer loop
      vertex 14.7358 68.7129 0
      vertex 15.1286 68.1916 2
      vertex 15.1286 68.1916 0
    endloop
  endfacet
  facet normal -0.945528 -0.325542 0
    outer loop
      vertex -17.5723 50.8042 0
      vertex -17.7848 51.4214 2
      vertex -17.7848 51.4214 0
    endloop
  endfacet
  facet normal -0.945528 -0.325542 0
    outer loop
      vertex -17.7848 51.4214 2
      vertex -17.5723 50.8042 0
      vertex -17.5723 50.8042 2
    endloop
  endfacet
  facet normal -0.999847 -0.0174659 0
    outer loop
      vertex -18.6886 56.5474 0
      vertex -18.7 57.2 2
      vertex -18.7 57.2 0
    endloop
  endfacet
  facet normal -0.999847 -0.0174659 0
    outer loop
      vertex -18.7 57.2 2
      vertex -18.6886 56.5474 0
      vertex -18.6886 56.5474 2
    endloop
  endfacet
  facet normal -0.956321 0.29232 0
    outer loop
      vertex -17.9756 62.3544 0
      vertex -17.7848 62.9786 2
      vertex -17.7848 62.9786 0
    endloop
  endfacet
  facet normal -0.956321 0.29232 0
    outer loop
      vertex -17.7848 62.9786 2
      vertex -17.9756 62.3544 0
      vertex -17.9756 62.3544 2
    endloop
  endfacet
  facet normal -0.325561 0.945521 0
    outer loop
      vertex -5.77862 74.9848 0
      vertex -6.39578 74.7723 2
      vertex -5.77862 74.9848 2
    endloop
  endfacet
  facet normal -0.325561 0.945521 0
    outer loop
      vertex -6.39578 74.7723 2
      vertex -5.77862 74.9848 0
      vertex -6.39578 74.7723 0
    endloop
  endfacet
  facet normal -0.981639 -0.190751 0
    outer loop
      vertex -18.2914 53.3121 0
      vertex -18.4159 53.9528 2
      vertex -18.4159 53.9528 0
    endloop
  endfacet
  facet normal -0.981639 -0.190751 0
    outer loop
      vertex -18.4159 53.9528 2
      vertex -18.2914 53.3121 0
      vertex -18.2914 53.3121 2
    endloop
  endfacet
  facet normal 0.121949 -0.992536 0
    outer loop
      vertex 1.95468 38.6024 0
      vertex 2.60254 38.682 2
      vertex 1.95468 38.6024 2
    endloop
  endfacet
  facet normal 0.121949 -0.992536 0
    outer loop
      vertex 2.60254 38.682 2
      vertex 1.95468 38.6024 0
      vertex 2.60254 38.682 0
    endloop
  endfacet
  facet normal -0.777088 0.629392 0
    outer loop
      vertex -14.7358 68.7129 0
      vertex -14.325 69.2201 2
      vertex -14.325 69.2201 0
    endloop
  endfacet
  facet normal -0.777088 0.629392 0
    outer loop
      vertex -14.325 69.2201 2
      vertex -14.7358 68.7129 0
      vertex -14.7358 68.7129 2
    endloop
  endfacet
  facet normal -0.453954 -0.891025 0
    outer loop
      vertex -8.77912 40.6889 0
      vertex -8.19754 40.3926 2
      vertex -8.77912 40.6889 2
    endloop
  endfacet
  facet normal -0.453954 -0.891025 -0
    outer loop
      vertex -8.19754 40.3926 2
      vertex -8.77912 40.6889 0
      vertex -8.19754 40.3926 0
    endloop
  endfacet
  facet normal 0.707107 -0.707107 0
    outer loop
      vertex 12.9901 43.7483 0
      vertex 13.4517 44.2099 2
      vertex 12.9901 43.7483 2
    endloop
  endfacet
  facet normal 0.707107 -0.707107 0
    outer loop
      vertex 13.4517 44.2099 2
      vertex 12.9901 43.7483 0
      vertex 13.4517 44.2099 0
    endloop
  endfacet
  facet normal -0.838661 -0.544654 0
    outer loop
      vertex -15.503 46.7431 0
      vertex -15.8585 47.2905 2
      vertex -15.8585 47.2905 0
    endloop
  endfacet
  facet normal -0.838661 -0.544654 0
    outer loop
      vertex -15.8585 47.2905 2
      vertex -15.503 46.7431 0
      vertex -15.503 46.7431 2
    endloop
  endfacet
  facet normal -0.484758 0.874648 0
    outer loop
      vertex -8.77912 73.7111 0
      vertex -9.35 73.3947 2
      vertex -8.77912 73.7111 2
    endloop
  endfacet
  facet normal -0.484758 0.874648 0
    outer loop
      vertex -9.35 73.3947 2
      vertex -8.77912 73.7111 0
      vertex -9.35 73.3947 0
    endloop
  endfacet
  facet normal 0.29232 0.956321 -0
    outer loop
      vertex 5.77862 74.9848 0
      vertex 5.15442 75.1756 2
      vertex 5.77862 74.9848 2
    endloop
  endfacet
  facet normal 0.29232 0.956321 0
    outer loop
      vertex 5.15442 75.1756 2
      vertex 5.77862 74.9848 0
      vertex 5.15442 75.1756 0
    endloop
  endfacet
  facet normal -0.891031 0.453942 0
    outer loop
      vertex -16.8074 65.3975 0
      vertex -16.5111 65.9791 2
      vertex -16.5111 65.9791 0
    endloop
  endfacet
  facet normal -0.891031 0.453942 0
    outer loop
      vertex -16.5111 65.9791 2
      vertex -16.8074 65.3975 0
      vertex -16.8074 65.3975 2
    endloop
  endfacet
  facet normal 0.933523 -0.358517 0
    outer loop
      vertex 17.3383 50.1949 2
      vertex 17.5723 50.8042 0
      vertex 17.5723 50.8042 2
    endloop
  endfacet
  facet normal 0.933523 -0.358517 0
    outer loop
      vertex 17.5723 50.8042 0
      vertex 17.3383 50.1949 2
      vertex 17.3383 50.1949 0
    endloop
  endfacet
  facet normal 0.573575 -0.819153 0
    outer loop
      vertex 10.4569 41.697 0
      vertex 10.9916 42.0714 2
      vertex 10.4569 41.697 2
    endloop
  endfacet
  facet normal 0.573575 -0.819153 0
    outer loop
      vertex 10.9916 42.0714 2
      vertex 10.4569 41.697 0
      vertex 10.9916 42.0714 0
    endloop
  endfacet
  facet normal -0.0870223 -0.996206 0
    outer loop
      vertex -1.95468 38.6024 0
      vertex -1.30445 38.5456 2
      vertex -1.95468 38.6024 2
    endloop
  endfacet
  facet normal -0.0870223 -0.996206 -0
    outer loop
      vertex -1.30445 38.5456 2
      vertex -1.95468 38.6024 0
      vertex -1.30445 38.5456 0
    endloop
  endfacet
  facet normal -0.65605 -0.754718 0
    outer loop
      vertex -12.5127 43.3032 0
      vertex -12.0201 42.875 2
      vertex -12.5127 43.3032 2
    endloop
  endfacet
  facet normal -0.65605 -0.754718 -0
    outer loop
      vertex -12.0201 42.875 2
      vertex -12.5127 43.3032 0
      vertex -12.0201 42.875 0
    endloop
  endfacet
  facet normal 0.681931 -0.731417 0
    outer loop
      vertex 12.5127 43.3032 0
      vertex 12.9901 43.7483 2
      vertex 12.5127 43.3032 2
    endloop
  endfacet
  facet normal 0.681931 -0.731417 0
    outer loop
      vertex 12.9901 43.7483 2
      vertex 12.5127 43.3032 0
      vertex 12.9901 43.7483 0
    endloop
  endfacet
  facet normal 0.987691 0.156419 0
    outer loop
      vertex 18.518 59.8025 2
      vertex 18.4159 60.4472 0
      vertex 18.4159 60.4472 2
    endloop
  endfacet
  facet normal 0.987691 0.156419 0
    outer loop
      vertex 18.4159 60.4472 0
      vertex 18.518 59.8025 2
      vertex 18.518 59.8025 0
    endloop
  endfacet
  facet normal 0.515066 0.857151 -0
    outer loop
      vertex 9.90949 73.0585 0
      vertex 9.35 73.3947 2
      vertex 9.90949 73.0585 2
    endloop
  endfacet
  facet normal 0.515066 0.857151 0
    outer loop
      vertex 9.35 73.3947 2
      vertex 9.90949 73.0585 0
      vertex 9.35 73.3947 0
    endloop
  endfacet
  facet normal -0.358486 0.933535 0
    outer loop
      vertex -6.39578 74.7723 0
      vertex -7.00514 74.5383 2
      vertex -6.39578 74.7723 2
    endloop
  endfacet
  facet normal -0.358486 0.933535 0
    outer loop
      vertex -7.00514 74.5383 2
      vertex -6.39578 74.7723 0
      vertex -7.00514 74.5383 0
    endloop
  endfacet
  facet normal -0.933523 -0.358517 0
    outer loop
      vertex -17.3383 50.1949 0
      vertex -17.5723 50.8042 2
      vertex -17.5723 50.8042 0
    endloop
  endfacet
  facet normal -0.933523 -0.358517 0
    outer loop
      vertex -17.5723 50.8042 2
      vertex -17.3383 50.1949 0
      vertex -17.3383 50.1949 2
    endloop
  endfacet
  facet normal -0.422682 -0.906278 0
    outer loop
      vertex -8.19754 40.3926 0
      vertex -7.60598 40.1167 2
      vertex -8.19754 40.3926 2
    endloop
  endfacet
  facet normal -0.422682 -0.906278 -0
    outer loop
      vertex -7.60598 40.1167 2
      vertex -8.19754 40.3926 0
      vertex -7.60598 40.1167 0
    endloop
  endfacet
  facet normal -0.484758 -0.874648 0
    outer loop
      vertex -9.35 41.0053 0
      vertex -8.77912 40.6889 2
      vertex -9.35 41.0053 2
    endloop
  endfacet
  facet normal -0.484758 -0.874648 -0
    outer loop
      vertex -8.77912 40.6889 2
      vertex -9.35 41.0053 0
      vertex -8.77912 40.6889 0
    endloop
  endfacet
  facet normal -0.906261 -0.422718 0
    outer loop
      vertex -16.8074 49.0025 0
      vertex -17.0833 49.594 2
      vertex -17.0833 49.594 0
    endloop
  endfacet
  facet normal -0.906261 -0.422718 0
    outer loop
      vertex -17.0833 49.594 2
      vertex -16.8074 49.0025 0
      vertex -16.8074 49.0025 2
    endloop
  endfacet
  facet normal -0.225053 0.974347 0
    outer loop
      vertex -3.88795 75.4914 0
      vertex -4.52394 75.3445 2
      vertex -3.88795 75.4914 2
    endloop
  endfacet
  facet normal -0.225053 0.974347 0
    outer loop
      vertex -4.52394 75.3445 2
      vertex -3.88795 75.4914 0
      vertex -4.52394 75.3445 0
    endloop
  endfacet
  facet normal -0.992535 0.12196 0
    outer loop
      vertex -18.5976 59.1547 0
      vertex -18.518 59.8025 2
      vertex -18.518 59.8025 0
    endloop
  endfacet
  facet normal -0.992535 0.12196 0
    outer loop
      vertex -18.518 59.8025 2
      vertex -18.5976 59.1547 0
      vertex -18.5976 59.1547 2
    endloop
  endfacet
  facet normal -0.544647 -0.838665 0
    outer loop
      vertex -10.4569 41.697 0
      vertex -9.90949 41.3415 2
      vertex -10.4569 41.697 2
    endloop
  endfacet
  facet normal -0.544647 -0.838665 -0
    outer loop
      vertex -9.90949 41.3415 2
      vertex -10.4569 41.697 0
      vertex -9.90949 41.3415 0
    endloop
  endfacet
  facet normal -0.933523 0.358517 0
    outer loop
      vertex -17.5723 63.5958 0
      vertex -17.3383 64.2051 2
      vertex -17.3383 64.2051 0
    endloop
  endfacet
  facet normal -0.933523 0.358517 0
    outer loop
      vertex -17.3383 64.2051 2
      vertex -17.5723 63.5958 0
      vertex -17.5723 63.5958 2
    endloop
  endfacet
  facet normal 0.891031 -0.453942 0
    outer loop
      vertex 16.5111 48.4209 2
      vertex 16.8074 49.0025 0
      vertex 16.8074 49.0025 2
    endloop
  endfacet
  facet normal 0.891031 -0.453942 0
    outer loop
      vertex 16.8074 49.0025 0
      vertex 16.5111 48.4209 2
      vertex 16.5111 48.4209 0
    endloop
  endfacet
  facet normal 0.838661 -0.544654 0
    outer loop
      vertex 15.503 46.7431 2
      vertex 15.8585 47.2905 0
      vertex 15.8585 47.2905 2
    endloop
  endfacet
  facet normal 0.838661 -0.544654 0
    outer loop
      vertex 15.8585 47.2905 0
      vertex 15.503 46.7431 2
      vertex 15.503 46.7431 0
    endloop
  endfacet
  facet normal 0.857155 -0.515059 0
    outer loop
      vertex 15.8585 47.2905 2
      vertex 16.1947 47.85 0
      vertex 16.1947 47.85 2
    endloop
  endfacet
  facet normal 0.857155 -0.515059 0
    outer loop
      vertex 16.1947 47.85 0
      vertex 15.8585 47.2905 2
      vertex 15.8585 47.2905 0
    endloop
  endfacet
  facet normal -0.0174654 -0.999847 0
    outer loop
      vertex -0.65262 38.5114 0
      vertex 0 38.5 2
      vertex -0.65262 38.5114 2
    endloop
  endfacet
  facet normal -0.0174654 -0.999847 -0
    outer loop
      vertex 0 38.5 2
      vertex -0.65262 38.5114 0
      vertex 0 38.5 0
    endloop
  endfacet
  facet normal 0.225053 0.974347 -0
    outer loop
      vertex 4.52394 75.3445 0
      vertex 3.88795 75.4914 2
      vertex 4.52394 75.3445 2
    endloop
  endfacet
  facet normal 0.225053 0.974347 0
    outer loop
      vertex 3.88795 75.4914 2
      vertex 4.52394 75.3445 0
      vertex 3.88795 75.4914 0
    endloop
  endfacet
  facet normal 0.777088 0.629392 0
    outer loop
      vertex 14.7358 68.7129 2
      vertex 14.325 69.2201 0
      vertex 14.325 69.2201 2
    endloop
  endfacet
  facet normal 0.777088 0.629392 0
    outer loop
      vertex 14.325 69.2201 0
      vertex 14.7358 68.7129 2
      vertex 14.7358 68.7129 0
    endloop
  endfacet
  facet normal 0.0174654 0.999847 -0
    outer loop
      vertex 0.65262 75.8886 0
      vertex 0 75.9 2
      vertex 0.65262 75.8886 2
    endloop
  endfacet
  facet normal 0.0174654 0.999847 0
    outer loop
      vertex 0 75.9 2
      vertex 0.65262 75.8886 0
      vertex 0 75.9 0
    endloop
  endfacet
  facet normal -0.629392 -0.777088 0
    outer loop
      vertex -12.0201 42.875 0
      vertex -11.5129 42.4642 2
      vertex -12.0201 42.875 2
    endloop
  endfacet
  facet normal -0.629392 -0.777088 -0
    outer loop
      vertex -11.5129 42.4642 2
      vertex -12.0201 42.875 0
      vertex -11.5129 42.4642 0
    endloop
  endfacet
  facet normal -0.965942 0.258759 0
    outer loop
      vertex -18.1445 61.7239 0
      vertex -17.9756 62.3544 2
      vertex -17.9756 62.3544 0
    endloop
  endfacet
  facet normal -0.965942 0.258759 0
    outer loop
      vertex -17.9756 62.3544 2
      vertex -18.1445 61.7239 0
      vertex -18.1445 61.7239 2
    endloop
  endfacet
  facet normal -0.798656 -0.601788 0
    outer loop
      vertex -14.7358 45.6871 0
      vertex -15.1286 46.2084 2
      vertex -15.1286 46.2084 0
    endloop
  endfacet
  facet normal -0.798656 -0.601788 0
    outer loop
      vertex -15.1286 46.2084 2
      vertex -14.7358 45.6871 0
      vertex -14.7358 45.6871 2
    endloop
  endfacet
  facet normal -0.0523956 -0.998626 0
    outer loop
      vertex -1.30445 38.5456 0
      vertex -0.65262 38.5114 2
      vertex -1.30445 38.5456 2
    endloop
  endfacet
  facet normal -0.0523956 -0.998626 -0
    outer loop
      vertex -0.65262 38.5114 2
      vertex -1.30445 38.5456 0
      vertex -0.65262 38.5114 0
    endloop
  endfacet
  facet normal -0.707107 0.707107 0
    outer loop
      vertex -13.4517 70.1901 0
      vertex -12.9901 70.6517 2
      vertex -12.9901 70.6517 0
    endloop
  endfacet
  facet normal -0.707107 0.707107 0
    outer loop
      vertex -12.9901 70.6517 2
      vertex -13.4517 70.1901 0
      vertex -13.4517 70.1901 2
    endloop
  endfacet
  facet normal -0.422682 0.906278 0
    outer loop
      vertex -7.60598 74.2833 0
      vertex -8.19754 74.0074 2
      vertex -7.60598 74.2833 2
    endloop
  endfacet
  facet normal -0.422682 0.906278 0
    outer loop
      vertex -8.19754 74.0074 2
      vertex -7.60598 74.2833 0
      vertex -8.19754 74.0074 0
    endloop
  endfacet
  facet normal -0.998626 0.052398 0
    outer loop
      vertex -18.6886 57.8526 0
      vertex -18.6544 58.5044 2
      vertex -18.6544 58.5044 0
    endloop
  endfacet
  facet normal -0.998626 0.052398 0
    outer loop
      vertex -18.6544 58.5044 2
      vertex -18.6886 57.8526 0
      vertex -18.6886 57.8526 2
    endloop
  endfacet
  facet normal 0.798656 -0.601788 0
    outer loop
      vertex 14.7358 45.6871 2
      vertex 15.1286 46.2084 0
      vertex 15.1286 46.2084 2
    endloop
  endfacet
  facet normal 0.798656 -0.601788 0
    outer loop
      vertex 15.1286 46.2084 0
      vertex 14.7358 45.6871 2
      vertex 14.7358 45.6871 0
    endloop
  endfacet
  facet normal -0.906261 0.422718 0
    outer loop
      vertex -17.0833 64.806 0
      vertex -16.8074 65.3975 2
      vertex -16.8074 65.3975 0
    endloop
  endfacet
  facet normal -0.906261 0.422718 0
    outer loop
      vertex -16.8074 65.3975 2
      vertex -17.0833 64.806 0
      vertex -17.0833 64.806 2
    endloop
  endfacet
  facet normal -0.999847 0.0174659 0
    outer loop
      vertex -18.7 57.2 0
      vertex -18.6886 57.8526 2
      vertex -18.6886 57.8526 0
    endloop
  endfacet
  facet normal -0.999847 0.0174659 0
    outer loop
      vertex -18.6886 57.8526 2
      vertex -18.7 57.2 0
      vertex -18.7 57.2 2
    endloop
  endfacet
  facet normal -0.515066 0.857151 0
    outer loop
      vertex -9.35 73.3947 0
      vertex -9.90949 73.0585 2
      vertex -9.35 73.3947 2
    endloop
  endfacet
  facet normal -0.515066 0.857151 0
    outer loop
      vertex -9.90949 73.0585 2
      vertex -9.35 73.3947 0
      vertex -9.90949 73.0585 0
    endloop
  endfacet
  facet normal -0.573575 0.819153 0
    outer loop
      vertex -10.4569 72.703 0
      vertex -10.9916 72.3286 2
      vertex -10.4569 72.703 2
    endloop
  endfacet
  facet normal -0.573575 0.819153 0
    outer loop
      vertex -10.9916 72.3286 2
      vertex -10.4569 72.703 0
      vertex -10.9916 72.3286 0
    endloop
  endfacet
  facet normal 0.156424 -0.98769 0
    outer loop
      vertex 2.60254 38.682 0
      vertex 3.24722 38.7841 2
      vertex 2.60254 38.682 2
    endloop
  endfacet
  facet normal 0.156424 -0.98769 0
    outer loop
      vertex 3.24722 38.7841 2
      vertex 2.60254 38.682 0
      vertex 3.24722 38.7841 0
    endloop
  endfacet
  facet normal 0.920542 -0.390644 0
    outer loop
      vertex 17.0833 49.594 2
      vertex 17.3383 50.1949 0
      vertex 17.3383 50.1949 2
    endloop
  endfacet
  facet normal 0.920542 -0.390644 0
    outer loop
      vertex 17.3383 50.1949 0
      vertex 17.0833 49.594 2
      vertex 17.0833 49.594 0
    endloop
  endfacet
  facet normal 0.358486 0.933535 -0
    outer loop
      vertex 7.00514 74.5383 0
      vertex 6.39578 74.7723 2
      vertex 7.00514 74.5383 2
    endloop
  endfacet
  facet normal 0.358486 0.933535 0
    outer loop
      vertex 6.39578 74.7723 2
      vertex 7.00514 74.5383 0
      vertex 6.39578 74.7723 0
    endloop
  endfacet
  facet normal -0.819153 -0.573575 0
    outer loop
      vertex -15.1286 46.2084 0
      vertex -15.503 46.7431 2
      vertex -15.503 46.7431 0
    endloop
  endfacet
  facet normal -0.819153 -0.573575 0
    outer loop
      vertex -15.503 46.7431 2
      vertex -15.1286 46.2084 0
      vertex -15.1286 46.2084 2
    endloop
  endfacet
  facet normal -0.731417 0.681931 0
    outer loop
      vertex -13.8968 69.7127 0
      vertex -13.4517 70.1901 2
      vertex -13.4517 70.1901 0
    endloop
  endfacet
  facet normal -0.731417 0.681931 0
    outer loop
      vertex -13.4517 70.1901 2
      vertex -13.8968 69.7127 0
      vertex -13.8968 69.7127 2
    endloop
  endfacet
  facet normal 0.358353 -0.933586 0
    outer loop
      vertex 6.39578 39.6278 0
      vertex 7.00514 39.8617 2
      vertex 6.39578 39.6278 2
    endloop
  endfacet
  facet normal 0.358353 -0.933586 0
    outer loop
      vertex 7.00514 39.8617 2
      vertex 6.39578 39.6278 0
      vertex 7.00514 39.8617 0
    endloop
  endfacet
  facet normal -0.819153 0.573575 0
    outer loop
      vertex -15.503 67.6569 0
      vertex -15.1286 68.1916 2
      vertex -15.1286 68.1916 0
    endloop
  endfacet
  facet normal -0.819153 0.573575 0
    outer loop
      vertex -15.1286 68.1916 2
      vertex -15.503 67.6569 0
      vertex -15.503 67.6569 2
    endloop
  endfacet
  facet normal 0.258767 0.96594 -0
    outer loop
      vertex 5.15442 75.1756 0
      vertex 4.52394 75.3445 2
      vertex 5.15442 75.1756 2
    endloop
  endfacet
  facet normal 0.258767 0.96594 0
    outer loop
      vertex 4.52394 75.3445 2
      vertex 5.15442 75.1756 0
      vertex 4.52394 75.3445 0
    endloop
  endfacet
  facet normal -0.681931 -0.731417 0
    outer loop
      vertex -12.9901 43.7483 0
      vertex -12.5127 43.3032 2
      vertex -12.9901 43.7483 2
    endloop
  endfacet
  facet normal -0.681931 -0.731417 -0
    outer loop
      vertex -12.5127 43.3032 2
      vertex -12.9901 43.7483 0
      vertex -12.5127 43.3032 0
    endloop
  endfacet
  facet normal -0.707107 -0.707107 0
    outer loop
      vertex -13.4517 44.2099 0
      vertex -12.9901 43.7483 2
      vertex -13.4517 44.2099 2
    endloop
  endfacet
  facet normal -0.707107 -0.707107 -0
    outer loop
      vertex -12.9901 43.7483 2
      vertex -13.4517 44.2099 0
      vertex -12.9901 43.7483 0
    endloop
  endfacet
  facet normal -0.573575 -0.819153 0
    outer loop
      vertex -10.9916 42.0714 0
      vertex -10.4569 41.697 2
      vertex -10.9916 42.0714 2
    endloop
  endfacet
  facet normal -0.573575 -0.819153 -0
    outer loop
      vertex -10.4569 41.697 2
      vertex -10.9916 42.0714 0
      vertex -10.4569 41.697 0
    endloop
  endfacet
  facet normal -0.819058 0.573711 0
    outer loop
      vertex -12.1869 65.4201 2
      vertex -11.8925 65.8404 12
      vertex -11.8925 65.8404 2
    endloop
  endfacet
  facet normal -0.819058 0.573711 0
    outer loop
      vertex -11.8925 65.8404 12
      vertex -12.1869 65.4201 2
      vertex -12.1869 65.4201 12
    endloop
  endfacet
  facet normal 0.998635 0.0522315 0
    outer loop
      vertex 14.691 57.713 12
      vertex 14.6642 58.2254 2
      vertex 14.6642 58.2254 12
    endloop
  endfacet
  facet normal 0.998635 0.0522315 0
    outer loop
      vertex 14.6642 58.2254 2
      vertex 14.691 57.713 12
      vertex 14.691 57.713 2
    endloop
  endfacet
  facet normal 0.999846 0.0175412 0
    outer loop
      vertex 14.7 57.2 12
      vertex 14.691 57.713 2
      vertex 14.691 57.713 12
    endloop
  endfacet
  facet normal 0.999846 0.0175412 0
    outer loop
      vertex 14.691 57.713 2
      vertex 14.7 57.2 12
      vertex 14.7 57.2 2
    endloop
  endfacet
  facet normal 0.996199 0.0871089 0
    outer loop
      vertex 14.6642 58.2254 12
      vertex 14.6195 58.7366 2
      vertex 14.6195 58.7366 12
    endloop
  endfacet
  facet normal 0.996199 0.0871089 0
    outer loop
      vertex 14.6195 58.7366 2
      vertex 14.6642 58.2254 12
      vertex 14.6642 58.2254 2
    endloop
  endfacet
  facet normal 0.974342 0.225073 0
    outer loop
      vertex 14.3788 60.2563 12
      vertex 14.2633 60.7563 2
      vertex 14.2633 60.7563 12
    endloop
  endfacet
  facet normal 0.974342 0.225073 0
    outer loop
      vertex 14.2633 60.7563 2
      vertex 14.3788 60.2563 12
      vertex 14.3788 60.2563 2
    endloop
  endfacet
  facet normal -0.681942 0.731406 0
    outer loop
      vertex -9.83622 68.1242 2
      vertex -10.2115 67.7743 12
      vertex -9.83622 68.1242 12
    endloop
  endfacet
  facet normal -0.681942 0.731406 0
    outer loop
      vertex -10.2115 67.7743 12
      vertex -9.83622 68.1242 2
      vertex -10.2115 67.7743 2
    endloop
  endfacet
  facet normal -0.32548 0.945549 0
    outer loop
      vertex -4.54255 71.1805 2
      vertex -5.0277 71.0135 12
      vertex -4.54255 71.1805 12
    endloop
  endfacet
  facet normal -0.32548 0.945549 0
    outer loop
      vertex -5.0277 71.0135 12
      vertex -4.54255 71.1805 2
      vertex -5.0277 71.0135 2
    endloop
  endfacet
  facet normal 0.656145 -0.754635 0
    outer loop
      vertex 9.44898 45.9391 2
      vertex 9.83622 46.2758 12
      vertex 9.44898 45.9391 12
    endloop
  endfacet
  facet normal 0.656145 -0.754635 0
    outer loop
      vertex 9.83622 46.2758 12
      vertex 9.44898 45.9391 2
      vertex 9.83622 46.2758 2
    endloop
  endfacet
  facet normal -0.515089 0.857137 0
    outer loop
      vertex -7.35 69.9306 2
      vertex -7.78981 69.6663 12
      vertex -7.35 69.9306 12
    endloop
  endfacet
  facet normal -0.515089 0.857137 0
    outer loop
      vertex -7.78981 69.6663 12
      vertex -7.35 69.9306 2
      vertex -7.78981 69.6663 2
    endloop
  endfacet
  facet normal 0.0871174 -0.996198 0
    outer loop
      vertex 1.02542 42.5358 2
      vertex 1.53657 42.5805 12
      vertex 1.02542 42.5358 12
    endloop
  endfacet
  facet normal 0.0871174 -0.996198 0
    outer loop
      vertex 1.53657 42.5805 12
      vertex 1.02542 42.5358 2
      vertex 1.53657 42.5805 2
    endloop
  endfacet
  facet normal 0.992528 0.122019 0
    outer loop
      vertex 14.6195 58.7366 12
      vertex 14.5569 59.2458 2
      vertex 14.5569 59.2458 12
    endloop
  endfacet
  facet normal 0.992528 0.122019 0
    outer loop
      vertex 14.5569 59.2458 2
      vertex 14.6195 58.7366 12
      vertex 14.6195 58.7366 2
    endloop
  endfacet
  facet normal -0.156306 0.987709 0
    outer loop
      vertex -2.04584 71.7569 2
      vertex -2.55263 71.6767 12
      vertex -2.04584 71.7569 12
    endloop
  endfacet
  facet normal -0.156306 0.987709 0
    outer loop
      vertex -2.55263 71.6767 12
      vertex -2.04584 71.7569 2
      vertex -2.55263 71.6767 2
    endloop
  endfacet
  facet normal -0.798735 -0.601683 0
    outer loop
      vertex -11.5838 48.1498 2
      vertex -11.8925 48.5596 12
      vertex -11.8925 48.5596 2
    endloop
  endfacet
  facet normal -0.798735 -0.601683 0
    outer loop
      vertex -11.8925 48.5596 12
      vertex -11.5838 48.1498 2
      vertex -11.5838 48.1498 12
    endloop
  endfacet
  facet normal 0.0522317 -0.998635 0
    outer loop
      vertex 0.513022 42.509 2
      vertex 1.02542 42.5358 12
      vertex 0.513022 42.509 12
    endloop
  endfacet
  facet normal 0.0522317 -0.998635 0
    outer loop
      vertex 1.02542 42.5358 12
      vertex 0.513022 42.509 2
      vertex 1.02542 42.5358 2
    endloop
  endfacet
  facet normal 0.57344 0.819247 -0
    outer loop
      vertex 8.64044 69.0926 2
      vertex 8.22013 69.3868 12
      vertex 8.64044 69.0926 12
    endloop
  endfacet
  facet normal 0.57344 0.819247 0
    outer loop
      vertex 8.22013 69.3868 12
      vertex 8.64044 69.0926 2
      vertex 8.22013 69.3868 2
    endloop
  endfacet
  facet normal 0.965924 0.258827 0
    outer loop
      vertex 14.2633 60.7563 12
      vertex 14.1305 61.2519 2
      vertex 14.1305 61.2519 12
    endloop
  endfacet
  facet normal 0.965924 0.258827 0
    outer loop
      vertex 14.1305 61.2519 2
      vertex 14.2633 60.7563 12
      vertex 14.2633 60.7563 2
    endloop
  endfacet
  facet normal 0.422543 -0.906343 0
    outer loop
      vertex 5.97903 43.7709 2
      vertex 6.44406 43.9877 12
      vertex 5.97903 43.7709 12
    endloop
  endfacet
  facet normal 0.422543 -0.906343 0
    outer loop
      vertex 6.44406 43.9877 12
      vertex 5.97903 43.7709 2
      vertex 6.44406 43.9877 2
    endloop
  endfacet
  facet normal 0.190802 -0.981628 0
    outer loop
      vertex 2.55263 42.7233 2
      vertex 3.0563 42.8212 12
      vertex 2.55263 42.7233 12
    endloop
  endfacet
  facet normal 0.190802 -0.981628 0
    outer loop
      vertex 3.0563 42.8212 12
      vertex 2.55263 42.7233 2
      vertex 3.0563 42.8212 2
    endloop
  endfacet
  facet normal 0.601826 0.798627 -0
    outer loop
      vertex 9.05022 68.7838 2
      vertex 8.64044 69.0926 12
      vertex 9.05022 68.7838 12
    endloop
  endfacet
  facet normal 0.601826 0.798627 0
    outer loop
      vertex 8.64044 69.0926 12
      vertex 9.05022 68.7838 2
      vertex 8.64044 69.0926 2
    endloop
  endfacet
  facet normal 0.874681 0.484699 0
    outer loop
      vertex 12.9793 64.1012 12
      vertex 12.7306 64.55 2
      vertex 12.7306 64.55 12
    endloop
  endfacet
  facet normal 0.874681 0.484699 0
    outer loop
      vertex 12.7306 64.55 2
      vertex 12.9793 64.1012 12
      vertex 12.9793 64.1012 2
    endloop
  endfacet
  facet normal -0.999846 0.0175412 0
    outer loop
      vertex -14.7 57.2 2
      vertex -14.691 57.713 12
      vertex -14.691 57.713 2
    endloop
  endfacet
  facet normal -0.999846 0.0175412 0
    outer loop
      vertex -14.691 57.713 12
      vertex -14.7 57.2 2
      vertex -14.7 57.2 12
    endloop
  endfacet
  facet normal 0.857132 0.515097 0
    outer loop
      vertex 12.7306 64.55 12
      vertex 12.4663 64.9898 2
      vertex 12.4663 64.9898 12
    endloop
  endfacet
  facet normal 0.857132 0.515097 0
    outer loop
      vertex 12.4663 64.9898 2
      vertex 12.7306 64.55 12
      vertex 12.7306 64.55 2
    endloop
  endfacet
  facet normal -0.731425 -0.681922 0
    outer loop
      vertex -10.5743 46.9885 2
      vertex -10.9242 47.3638 12
      vertex -10.9242 47.3638 2
    endloop
  endfacet
  facet normal -0.731425 -0.681922 0
    outer loop
      vertex -10.9242 47.3638 12
      vertex -10.5743 46.9885 2
      vertex -10.5743 46.9885 12
    endloop
  endfacet
  facet normal -0.874681 0.484699 0
    outer loop
      vertex -12.9793 64.1012 2
      vertex -12.7306 64.55 12
      vertex -12.7306 64.55 2
    endloop
  endfacet
  facet normal -0.874681 0.484699 0
    outer loop
      vertex -12.7306 64.55 12
      vertex -12.9793 64.1012 2
      vertex -12.9793 64.1012 12
    endloop
  endfacet
  facet normal -0.981631 0.190791 0
    outer loop
      vertex -14.4767 59.7526 2
      vertex -14.3788 60.2563 12
      vertex -14.3788 60.2563 2
    endloop
  endfacet
  facet normal -0.981631 0.190791 0
    outer loop
      vertex -14.3788 60.2563 12
      vertex -14.4767 59.7526 2
      vertex -14.4767 59.7526 12
    endloop
  endfacet
  facet normal 0.981631 0.190791 0
    outer loop
      vertex 14.4767 59.7526 12
      vertex 14.3788 60.2563 2
      vertex 14.3788 60.2563 12
    endloop
  endfacet
  facet normal 0.981631 0.190791 0
    outer loop
      vertex 14.3788 60.2563 2
      vertex 14.4767 59.7526 12
      vertex 14.4767 59.7526 2
    endloop
  endfacet
  facet normal -0.933561 0.358417 0
    outer loop
      vertex -13.8135 62.2277 2
      vertex -13.6296 62.7067 12
      vertex -13.6296 62.7067 2
    endloop
  endfacet
  facet normal -0.933561 0.358417 0
    outer loop
      vertex -13.6296 62.7067 12
      vertex -13.8135 62.2277 2
      vertex -13.8135 62.2277 12
    endloop
  endfacet
  facet normal 0.906367 0.422491 0
    outer loop
      vertex 13.4291 63.179 12
      vertex 13.2123 63.6441 2
      vertex 13.2123 63.6441 12
    endloop
  endfacet
  facet normal 0.906367 0.422491 0
    outer loop
      vertex 13.2123 63.6441 2
      vertex 13.4291 63.179 12
      vertex 13.4291 63.179 2
    endloop
  endfacet
  facet normal 0.798735 -0.601683 0
    outer loop
      vertex 11.5838 48.1498 12
      vertex 11.8925 48.5596 2
      vertex 11.8925 48.5596 12
    endloop
  endfacet
  facet normal 0.798735 -0.601683 0
    outer loop
      vertex 11.8925 48.5596 2
      vertex 11.5838 48.1498 12
      vertex 11.5838 48.1498 2
    endloop
  endfacet
  facet normal 0.9563 0.292387 0
    outer loop
      vertex 14.1305 61.2519 12
      vertex 13.9805 61.7425 2
      vertex 13.9805 61.7425 12
    endloop
  endfacet
  facet normal 0.9563 0.292387 0
    outer loop
      vertex 13.9805 61.7425 2
      vertex 14.1305 61.2519 12
      vertex 14.1305 61.2519 2
    endloop
  endfacet
  facet normal 0.190802 0.981628 -0
    outer loop
      vertex 3.0563 71.5788 2
      vertex 2.55263 71.6767 12
      vertex 3.0563 71.5788 12
    endloop
  endfacet
  facet normal 0.190802 0.981628 0
    outer loop
      vertex 2.55263 71.6767 12
      vertex 3.0563 71.5788 2
      vertex 2.55263 71.6767 2
    endloop
  endfacet
  facet normal -0.996199 0.0871089 0
    outer loop
      vertex -14.6642 58.2254 2
      vertex -14.6195 58.7366 12
      vertex -14.6195 58.7366 2
    endloop
  endfacet
  facet normal -0.996199 0.0871089 0
    outer loop
      vertex -14.6195 58.7366 12
      vertex -14.6642 58.2254 2
      vertex -14.6642 58.2254 12
    endloop
  endfacet
  facet normal 0.819058 0.573711 0
    outer loop
      vertex 12.1869 65.4201 12
      vertex 11.8925 65.8404 2
      vertex 11.8925 65.8404 12
    endloop
  endfacet
  facet normal 0.819058 0.573711 0
    outer loop
      vertex 11.8925 65.8404 2
      vertex 12.1869 65.4201 12
      vertex 12.1869 65.4201 2
    endloop
  endfacet
  facet normal 0.707107 0.707107 -0
    outer loop
      vertex 10.5743 67.4115 2
      vertex 10.2115 67.7743 12
      vertex 10.5743 67.4115 12
    endloop
  endfacet
  facet normal 0.707107 0.707107 0
    outer loop
      vertex 10.2115 67.7743 12
      vertex 10.5743 67.4115 2
      vertex 10.2115 67.7743 2
    endloop
  endfacet
  facet normal 0.358404 -0.933566 0
    outer loop
      vertex 5.0277 43.3865 2
      vertex 5.50672 43.5704 12
      vertex 5.0277 43.3865 12
    endloop
  endfacet
  facet normal 0.358404 -0.933566 0
    outer loop
      vertex 5.50672 43.5704 12
      vertex 5.0277 43.3865 2
      vertex 5.50672 43.5704 2
    endloop
  endfacet
  facet normal -0.707107 0.707107 0
    outer loop
      vertex -10.2115 67.7743 2
      vertex -10.5743 67.4115 12
      vertex -10.2115 67.7743 12
    endloop
  endfacet
  facet normal -0.707107 0.707107 0
    outer loop
      vertex -10.5743 67.4115 12
      vertex -10.2115 67.7743 2
      vertex -10.5743 67.4115 2
    endloop
  endfacet
  facet normal 0.573571 -0.819156 0
    outer loop
      vertex 8.22013 45.0131 2
      vertex 8.64044 45.3074 12
      vertex 8.22013 45.0131 12
    endloop
  endfacet
  facet normal 0.573571 -0.819156 0
    outer loop
      vertex 8.64044 45.3074 12
      vertex 8.22013 45.0131 2
      vertex 8.64044 45.3074 2
    endloop
  endfacet
  facet normal -0.998635 -0.0522315 0
    outer loop
      vertex -14.6642 56.1746 2
      vertex -14.691 56.687 12
      vertex -14.691 56.687 2
    endloop
  endfacet
  facet normal -0.998635 -0.0522315 0
    outer loop
      vertex -14.691 56.687 12
      vertex -14.6642 56.1746 2
      vertex -14.6642 56.1746 12
    endloop
  endfacet
  facet normal -0.225094 -0.974337 0
    outer loop
      vertex -3.55625 42.9367 2
      vertex -3.0563 42.8212 12
      vertex -3.55625 42.9367 12
    endloop
  endfacet
  facet normal -0.225094 -0.974337 -0
    outer loop
      vertex -3.0563 42.8212 12
      vertex -3.55625 42.9367 2
      vertex -3.0563 42.8212 2
    endloop
  endfacet
  facet normal -0.945559 -0.32545 0
    outer loop
      vertex -13.8135 52.1723 2
      vertex -13.9805 52.6575 12
      vertex -13.9805 52.6575 2
    endloop
  endfacet
  facet normal -0.945559 -0.32545 0
    outer loop
      vertex -13.9805 52.6575 12
      vertex -13.8135 52.1723 2
      vertex -13.8135 52.1723 12
    endloop
  endfacet
  facet normal 0.0175404 -0.999846 0
    outer loop
      vertex 0 42.5 2
      vertex 0.513022 42.509 12
      vertex 0 42.5 12
    endloop
  endfacet
  facet normal 0.0175404 -0.999846 0
    outer loop
      vertex 0.513022 42.509 12
      vertex 0 42.5 2
      vertex 0.513022 42.509 2
    endloop
  endfacet
  facet normal 0.998635 -0.0522315 0
    outer loop
      vertex 14.6642 56.1746 12
      vertex 14.691 56.687 2
      vertex 14.691 56.687 12
    endloop
  endfacet
  facet normal 0.998635 -0.0522315 0
    outer loop
      vertex 14.691 56.687 2
      vertex 14.6642 56.1746 12
      vertex 14.6642 56.1746 2
    endloop
  endfacet
  facet normal 0.731425 -0.681922 0
    outer loop
      vertex 10.5743 46.9885 12
      vertex 10.9242 47.3638 2
      vertex 10.9242 47.3638 12
    endloop
  endfacet
  facet normal 0.731425 -0.681922 0
    outer loop
      vertex 10.9242 47.3638 2
      vertex 10.5743 46.9885 12
      vertex 10.5743 46.9885 2
    endloop
  endfacet
  facet normal 0.390758 -0.920493 0
    outer loop
      vertex 5.50672 43.5704 2
      vertex 5.97903 43.7709 12
      vertex 5.50672 43.5704 12
    endloop
  endfacet
  facet normal 0.390758 -0.920493 0
    outer loop
      vertex 5.97903 43.7709 12
      vertex 5.50672 43.5704 2
      vertex 5.97903 43.7709 2
    endloop
  endfacet
  facet normal 0.225094 -0.974337 0
    outer loop
      vertex 3.0563 42.8212 2
      vertex 3.55625 42.9367 12
      vertex 3.0563 42.8212 12
    endloop
  endfacet
  facet normal 0.225094 -0.974337 0
    outer loop
      vertex 3.55625 42.9367 12
      vertex 3.0563 42.8212 2
      vertex 3.55625 42.9367 2
    endloop
  endfacet
  facet normal -0.890931 0.454139 0
    outer loop
      vertex -13.2123 63.6441 2
      vertex -12.9793 64.1012 12
      vertex -12.9793 64.1012 2
    endloop
  endfacet
  facet normal -0.890931 0.454139 0
    outer loop
      vertex -12.9793 64.1012 12
      vertex -13.2123 63.6441 2
      vertex -13.2123 63.6441 12
    endloop
  endfacet
  facet normal -0.0871174 0.996198 0
    outer loop
      vertex -1.02542 71.8642 2
      vertex -1.53657 71.8195 12
      vertex -1.02542 71.8642 12
    endloop
  endfacet
  facet normal -0.0871174 0.996198 0
    outer loop
      vertex -1.53657 71.8195 12
      vertex -1.02542 71.8642 2
      vertex -1.53657 71.8195 2
    endloop
  endfacet
  facet normal 0.681942 0.731406 -0
    outer loop
      vertex 10.2115 67.7743 2
      vertex 9.83622 68.1242 12
      vertex 10.2115 67.7743 12
    endloop
  endfacet
  facet normal 0.681942 0.731406 0
    outer loop
      vertex 9.83622 68.1242 12
      vertex 10.2115 67.7743 2
      vertex 9.83622 68.1242 2
    endloop
  endfacet
  facet normal -0.754601 0.656184 0
    outer loop
      vertex -11.2609 66.649 2
      vertex -10.9242 67.0362 12
      vertex -10.9242 67.0362 2
    endloop
  endfacet
  facet normal -0.754601 0.656184 0
    outer loop
      vertex -10.9242 67.0362 12
      vertex -11.2609 66.649 2
      vertex -11.2609 66.649 12
    endloop
  endfacet
  facet normal -0.857132 -0.515097 0
    outer loop
      vertex -12.4663 49.4102 2
      vertex -12.7306 49.85 12
      vertex -12.7306 49.85 2
    endloop
  endfacet
  facet normal -0.857132 -0.515097 0
    outer loop
      vertex -12.7306 49.85 12
      vertex -12.4663 49.4102 2
      vertex -12.4663 49.4102 12
    endloop
  endfacet
  facet normal 0.999846 -0.0175412 0
    outer loop
      vertex 14.691 56.687 12
      vertex 14.7 57.2 2
      vertex 14.7 57.2 12
    endloop
  endfacet
  facet normal 0.999846 -0.0175412 0
    outer loop
      vertex 14.7 57.2 2
      vertex 14.691 56.687 12
      vertex 14.691 56.687 2
    endloop
  endfacet
  facet normal -0.422543 0.906343 0
    outer loop
      vertex -5.97903 70.6291 2
      vertex -6.44406 70.4123 12
      vertex -5.97903 70.6291 12
    endloop
  endfacet
  facet normal -0.422543 0.906343 0
    outer loop
      vertex -6.44406 70.4123 12
      vertex -5.97903 70.6291 2
      vertex -6.44406 70.4123 2
    endloop
  endfacet
  facet normal -0.454084 0.890959 0
    outer loop
      vertex -6.44406 70.4123 2
      vertex -6.90123 70.1793 12
      vertex -6.44406 70.4123 12
    endloop
  endfacet
  facet normal -0.454084 0.890959 0
    outer loop
      vertex -6.90123 70.1793 12
      vertex -6.44406 70.4123 2
      vertex -6.90123 70.1793 2
    endloop
  endfacet
  facet normal -0.225094 0.974337 0
    outer loop
      vertex -3.0563 71.5788 2
      vertex -3.55625 71.4633 12
      vertex -3.0563 71.5788 12
    endloop
  endfacet
  facet normal -0.225094 0.974337 0
    outer loop
      vertex -3.55625 71.4633 12
      vertex -3.0563 71.5788 2
      vertex -3.55625 71.4633 2
    endloop
  endfacet
  facet normal -0.122003 -0.99253 0
    outer loop
      vertex -2.04584 42.6431 2
      vertex -1.53657 42.5805 12
      vertex -2.04584 42.6431 12
    endloop
  endfacet
  facet normal -0.122003 -0.99253 -0
    outer loop
      vertex -1.53657 42.5805 12
      vertex -2.04584 42.6431 2
      vertex -1.53657 42.5805 2
    endloop
  endfacet
  facet normal 0.890931 0.454139 0
    outer loop
      vertex 13.2123 63.6441 12
      vertex 12.9793 64.1012 2
      vertex 12.9793 64.1012 12
    endloop
  endfacet
  facet normal 0.890931 0.454139 0
    outer loop
      vertex 12.9793 64.1012 2
      vertex 13.2123 63.6441 12
      vertex 13.2123 63.6441 2
    endloop
  endfacet
  facet normal -0.999846 -0.0175412 0
    outer loop
      vertex -14.691 56.687 2
      vertex -14.7 57.2 12
      vertex -14.7 57.2 2
    endloop
  endfacet
  facet normal -0.999846 -0.0175412 0
    outer loop
      vertex -14.7 57.2 12
      vertex -14.691 56.687 2
      vertex -14.691 56.687 12
    endloop
  endfacet
  facet normal -0.9563 0.292387 0
    outer loop
      vertex -14.1305 61.2519 2
      vertex -13.9805 61.7425 12
      vertex -13.9805 61.7425 2
    endloop
  endfacet
  facet normal -0.9563 0.292387 0
    outer loop
      vertex -13.9805 61.7425 12
      vertex -14.1305 61.2519 2
      vertex -14.1305 61.2519 12
    endloop
  endfacet
  facet normal -0.965924 -0.258827 0
    outer loop
      vertex -14.1305 53.1481 2
      vertex -14.2633 53.6437 12
      vertex -14.2633 53.6437 2
    endloop
  endfacet
  facet normal -0.965924 -0.258827 0
    outer loop
      vertex -14.2633 53.6437 12
      vertex -14.1305 53.1481 2
      vertex -14.1305 53.1481 12
    endloop
  endfacet
  facet normal -0.656145 0.754635 0
    outer loop
      vertex -9.44898 68.4609 2
      vertex -9.83622 68.1242 12
      vertex -9.44898 68.4609 12
    endloop
  endfacet
  facet normal -0.656145 0.754635 0
    outer loop
      vertex -9.83622 68.1242 12
      vertex -9.44898 68.4609 2
      vertex -9.83622 68.1242 2
    endloop
  endfacet
  facet normal -0.874681 -0.484699 0
    outer loop
      vertex -12.7306 49.85 2
      vertex -12.9793 50.2988 12
      vertex -12.9793 50.2988 2
    endloop
  endfacet
  facet normal -0.874681 -0.484699 0
    outer loop
      vertex -12.9793 50.2988 12
      vertex -12.7306 49.85 2
      vertex -12.7306 49.85 12
    endloop
  endfacet
  facet normal -0.122003 0.99253 0
    outer loop
      vertex -1.53657 71.8195 2
      vertex -2.04584 71.7569 12
      vertex -1.53657 71.8195 12
    endloop
  endfacet
  facet normal -0.122003 0.99253 0
    outer loop
      vertex -2.04584 71.7569 12
      vertex -1.53657 71.8195 2
      vertex -2.04584 71.7569 2
    endloop
  endfacet
  facet normal 0.122003 0.99253 -0
    outer loop
      vertex 2.04584 71.7569 2
      vertex 1.53657 71.8195 12
      vertex 2.04584 71.7569 12
    endloop
  endfacet
  facet normal 0.122003 0.99253 0
    outer loop
      vertex 1.53657 71.8195 12
      vertex 2.04584 71.7569 2
      vertex 1.53657 71.8195 2
    endloop
  endfacet
  facet normal 0.838706 0.544584 0
    outer loop
      vertex 12.4663 64.9898 12
      vertex 12.1869 65.4201 2
      vertex 12.1869 65.4201 12
    endloop
  endfacet
  facet normal 0.838706 0.544584 0
    outer loop
      vertex 12.1869 65.4201 2
      vertex 12.4663 64.9898 12
      vertex 12.4663 64.9898 2
    endloop
  endfacet
  facet normal 0.906367 -0.422491 0
    outer loop
      vertex 13.2123 50.7559 12
      vertex 13.4291 51.221 2
      vertex 13.4291 51.221 12
    endloop
  endfacet
  facet normal 0.906367 -0.422491 0
    outer loop
      vertex 13.4291 51.221 2
      vertex 13.2123 50.7559 12
      vertex 13.2123 50.7559 2
    endloop
  endfacet
  facet normal 0.92049 -0.390765 0
    outer loop
      vertex 13.4291 51.221 12
      vertex 13.6296 51.6933 2
      vertex 13.6296 51.6933 12
    endloop
  endfacet
  facet normal 0.92049 -0.390765 0
    outer loop
      vertex 13.6296 51.6933 2
      vertex 13.4291 51.221 12
      vertex 13.4291 51.221 2
    endloop
  endfacet
  facet normal 0.484724 -0.874667 0
    outer loop
      vertex 6.90123 44.2207 2
      vertex 7.35 44.4694 12
      vertex 6.90123 44.2207 12
    endloop
  endfacet
  facet normal 0.484724 -0.874667 0
    outer loop
      vertex 7.35 44.4694 12
      vertex 6.90123 44.2207 2
      vertex 7.35 44.4694 2
    endloop
  endfacet
  facet normal -0.390758 0.920493 0
    outer loop
      vertex -5.50672 70.8296 2
      vertex -5.97903 70.6291 12
      vertex -5.50672 70.8296 12
    endloop
  endfacet
  facet normal -0.390758 0.920493 0
    outer loop
      vertex -5.97903 70.6291 12
      vertex -5.50672 70.8296 2
      vertex -5.97903 70.6291 2
    endloop
  endfacet
  facet normal -0.9563 -0.292387 0
    outer loop
      vertex -13.9805 52.6575 2
      vertex -14.1305 53.1481 12
      vertex -14.1305 53.1481 2
    endloop
  endfacet
  facet normal -0.9563 -0.292387 0
    outer loop
      vertex -14.1305 53.1481 12
      vertex -13.9805 52.6575 2
      vertex -13.9805 52.6575 12
    endloop
  endfacet
  facet normal 0.981631 -0.190791 0
    outer loop
      vertex 14.3788 54.1437 12
      vertex 14.4767 54.6474 2
      vertex 14.4767 54.6474 12
    endloop
  endfacet
  facet normal 0.981631 -0.190791 0
    outer loop
      vertex 14.4767 54.6474 2
      vertex 14.3788 54.1437 12
      vertex 14.3788 54.1437 2
    endloop
  endfacet
  facet normal 0.838706 -0.544584 0
    outer loop
      vertex 12.1869 48.9799 12
      vertex 12.4663 49.4102 2
      vertex 12.4663 49.4102 12
    endloop
  endfacet
  facet normal 0.838706 -0.544584 0
    outer loop
      vertex 12.4663 49.4102 2
      vertex 12.1869 48.9799 12
      vertex 12.1869 48.9799 2
    endloop
  endfacet
  facet normal 0.601826 -0.798627 0
    outer loop
      vertex 8.64044 45.3074 2
      vertex 9.05022 45.6162 12
      vertex 8.64044 45.3074 12
    endloop
  endfacet
  facet normal 0.601826 -0.798627 0
    outer loop
      vertex 9.05022 45.6162 12
      vertex 8.64044 45.3074 2
      vertex 9.05022 45.6162 2
    endloop
  endfacet
  facet normal -0.819058 -0.573711 0
    outer loop
      vertex -11.8925 48.5596 2
      vertex -12.1869 48.9799 12
      vertex -12.1869 48.9799 2
    endloop
  endfacet
  facet normal -0.819058 -0.573711 0
    outer loop
      vertex -12.1869 48.9799 12
      vertex -11.8925 48.5596 2
      vertex -11.8925 48.5596 12
    endloop
  endfacet
  facet normal -0.358404 0.933566 0
    outer loop
      vertex -5.0277 71.0135 2
      vertex -5.50672 70.8296 12
      vertex -5.0277 71.0135 12
    endloop
  endfacet
  facet normal -0.358404 0.933566 0
    outer loop
      vertex -5.50672 70.8296 12
      vertex -5.0277 71.0135 2
      vertex -5.50672 70.8296 2
    endloop
  endfacet
  facet normal 0.731425 0.681922 0
    outer loop
      vertex 10.9242 67.0362 12
      vertex 10.5743 67.4115 2
      vertex 10.5743 67.4115 12
    endloop
  endfacet
  facet normal 0.731425 0.681922 0
    outer loop
      vertex 10.5743 67.4115 2
      vertex 10.9242 67.0362 12
      vertex 10.9242 67.0362 2
    endloop
  endfacet
  facet normal 0.656145 0.754635 -0
    outer loop
      vertex 9.83622 68.1242 2
      vertex 9.44898 68.4609 12
      vertex 9.83622 68.1242 12
    endloop
  endfacet
  facet normal 0.656145 0.754635 0
    outer loop
      vertex 9.44898 68.4609 12
      vertex 9.83622 68.1242 2
      vertex 9.44898 68.4609 2
    endloop
  endfacet
  facet normal -0.798735 0.601683 0
    outer loop
      vertex -11.8925 65.8404 2
      vertex -11.5838 66.2502 12
      vertex -11.5838 66.2502 2
    endloop
  endfacet
  facet normal -0.798735 0.601683 0
    outer loop
      vertex -11.5838 66.2502 12
      vertex -11.8925 65.8404 2
      vertex -11.8925 65.8404 12
    endloop
  endfacet
  facet normal -0.92049 -0.390765 0
    outer loop
      vertex -13.4291 51.221 2
      vertex -13.6296 51.6933 12
      vertex -13.6296 51.6933 2
    endloop
  endfacet
  facet normal -0.92049 -0.390765 0
    outer loop
      vertex -13.6296 51.6933 12
      vertex -13.4291 51.221 2
      vertex -13.4291 51.221 12
    endloop
  endfacet
  facet normal 0.0522317 0.998635 -0
    outer loop
      vertex 1.02542 71.8642 2
      vertex 0.513022 71.891 12
      vertex 1.02542 71.8642 12
    endloop
  endfacet
  facet normal 0.0522317 0.998635 0
    outer loop
      vertex 0.513022 71.891 12
      vertex 1.02542 71.8642 2
      vertex 0.513022 71.891 2
    endloop
  endfacet
  facet normal -0.0175404 0.999846 0
    outer loop
      vertex 0 71.9 2
      vertex -0.513022 71.891 12
      vertex 0 71.9 12
    endloop
  endfacet
  facet normal -0.0175404 0.999846 0
    outer loop
      vertex -0.513022 71.891 12
      vertex 0 71.9 2
      vertex -0.513022 71.891 2
    endloop
  endfacet
  facet normal -0.292343 0.956313 0
    outer loop
      vertex -4.05187 71.3305 2
      vertex -4.54255 71.1805 12
      vertex -4.05187 71.3305 12
    endloop
  endfacet
  facet normal -0.292343 0.956313 0
    outer loop
      vertex -4.54255 71.1805 12
      vertex -4.05187 71.3305 2
      vertex -4.54255 71.1805 2
    endloop
  endfacet
  facet normal -0.0175404 -0.999846 0
    outer loop
      vertex -0.513022 42.509 2
      vertex 0 42.5 12
      vertex -0.513022 42.509 12
    endloop
  endfacet
  facet normal -0.0175404 -0.999846 -0
    outer loop
      vertex 0 42.5 12
      vertex -0.513022 42.509 2
      vertex 0 42.5 2
    endloop
  endfacet
  facet normal 0.857132 -0.515097 0
    outer loop
      vertex 12.4663 49.4102 12
      vertex 12.7306 49.85 2
      vertex 12.7306 49.85 12
    endloop
  endfacet
  facet normal 0.857132 -0.515097 0
    outer loop
      vertex 12.7306 49.85 2
      vertex 12.4663 49.4102 12
      vertex 12.4663 49.4102 2
    endloop
  endfacet
  facet normal -0.981631 -0.190791 0
    outer loop
      vertex -14.3788 54.1437 2
      vertex -14.4767 54.6474 12
      vertex -14.4767 54.6474 2
    endloop
  endfacet
  facet normal -0.981631 -0.190791 0
    outer loop
      vertex -14.4767 54.6474 12
      vertex -14.3788 54.1437 2
      vertex -14.3788 54.1437 12
    endloop
  endfacet
  facet normal 0.390758 0.920493 -0
    outer loop
      vertex 5.97903 70.6291 2
      vertex 5.50672 70.8296 12
      vertex 5.97903 70.6291 12
    endloop
  endfacet
  facet normal 0.390758 0.920493 0
    outer loop
      vertex 5.50672 70.8296 12
      vertex 5.97903 70.6291 2
      vertex 5.50672 70.8296 2
    endloop
  endfacet
  facet normal -0.0871174 -0.996198 0
    outer loop
      vertex -1.53657 42.5805 2
      vertex -1.02542 42.5358 12
      vertex -1.53657 42.5805 12
    endloop
  endfacet
  facet normal -0.0871174 -0.996198 -0
    outer loop
      vertex -1.02542 42.5358 12
      vertex -1.53657 42.5805 2
      vertex -1.02542 42.5358 2
    endloop
  endfacet
  facet normal 0.9563 -0.292387 0
    outer loop
      vertex 13.9805 52.6575 12
      vertex 14.1305 53.1481 2
      vertex 14.1305 53.1481 12
    endloop
  endfacet
  facet normal 0.9563 -0.292387 0
    outer loop
      vertex 14.1305 53.1481 2
      vertex 13.9805 52.6575 12
      vertex 13.9805 52.6575 2
    endloop
  endfacet
  facet normal 0.0175404 0.999846 -0
    outer loop
      vertex 0.513022 71.891 2
      vertex 0 71.9 12
      vertex 0.513022 71.891 12
    endloop
  endfacet
  facet normal 0.0175404 0.999846 0
    outer loop
      vertex 0 71.9 12
      vertex 0.513022 71.891 2
      vertex 0 71.9 2
    endloop
  endfacet
  facet normal 0.225094 0.974337 -0
    outer loop
      vertex 3.55625 71.4633 2
      vertex 3.0563 71.5788 12
      vertex 3.55625 71.4633 12
    endloop
  endfacet
  facet normal 0.225094 0.974337 0
    outer loop
      vertex 3.0563 71.5788 12
      vertex 3.55625 71.4633 2
      vertex 3.0563 71.5788 2
    endloop
  endfacet
  facet normal -0.0522317 -0.998635 0
    outer loop
      vertex -1.02542 42.5358 2
      vertex -0.513022 42.509 12
      vertex -1.02542 42.5358 12
    endloop
  endfacet
  facet normal -0.0522317 -0.998635 -0
    outer loop
      vertex -0.513022 42.509 12
      vertex -1.02542 42.5358 2
      vertex -0.513022 42.509 2
    endloop
  endfacet
  facet normal -0.996199 -0.0871089 0
    outer loop
      vertex -14.6195 55.6634 2
      vertex -14.6642 56.1746 12
      vertex -14.6642 56.1746 2
    endloop
  endfacet
  facet normal -0.996199 -0.0871089 0
    outer loop
      vertex -14.6642 56.1746 12
      vertex -14.6195 55.6634 2
      vertex -14.6195 55.6634 12
    endloop
  endfacet
  facet normal -0.358404 -0.933566 0
    outer loop
      vertex -5.50672 43.5704 2
      vertex -5.0277 43.3865 12
      vertex -5.50672 43.5704 12
    endloop
  endfacet
  facet normal -0.358404 -0.933566 -0
    outer loop
      vertex -5.0277 43.3865 12
      vertex -5.50672 43.5704 2
      vertex -5.0277 43.3865 2
    endloop
  endfacet
  facet normal 0.629309 0.777155 -0
    outer loop
      vertex 9.44898 68.4609 2
      vertex 9.05022 68.7838 12
      vertex 9.44898 68.4609 12
    endloop
  endfacet
  facet normal 0.629309 0.777155 0
    outer loop
      vertex 9.05022 68.7838 12
      vertex 9.44898 68.4609 2
      vertex 9.05022 68.7838 2
    endloop
  endfacet
  facet normal -0.656145 -0.754635 0
    outer loop
      vertex -9.83622 46.2758 2
      vertex -9.44898 45.9391 12
      vertex -9.83622 46.2758 12
    endloop
  endfacet
  facet normal -0.656145 -0.754635 -0
    outer loop
      vertex -9.44898 45.9391 12
      vertex -9.83622 46.2758 2
      vertex -9.44898 45.9391 2
    endloop
  endfacet
  facet normal 0.987709 0.156303 0
    outer loop
      vertex 14.5569 59.2458 12
      vertex 14.4767 59.7526 2
      vertex 14.4767 59.7526 12
    endloop
  endfacet
  facet normal 0.987709 0.156303 0
    outer loop
      vertex 14.4767 59.7526 2
      vertex 14.5569 59.2458 12
      vertex 14.5569 59.2458 2
    endloop
  endfacet
  facet normal 0.0871174 0.996198 -0
    outer loop
      vertex 1.53657 71.8195 2
      vertex 1.02542 71.8642 12
      vertex 1.53657 71.8195 12
    endloop
  endfacet
  facet normal 0.0871174 0.996198 0
    outer loop
      vertex 1.02542 71.8642 12
      vertex 1.53657 71.8195 2
      vertex 1.02542 71.8642 2
    endloop
  endfacet
  facet normal -0.190802 -0.981628 0
    outer loop
      vertex -3.0563 42.8212 2
      vertex -2.55263 42.7233 12
      vertex -3.0563 42.8212 12
    endloop
  endfacet
  facet normal -0.190802 -0.981628 -0
    outer loop
      vertex -2.55263 42.7233 12
      vertex -3.0563 42.8212 2
      vertex -2.55263 42.7233 2
    endloop
  endfacet
  facet normal 0.965924 -0.258827 0
    outer loop
      vertex 14.1305 53.1481 12
      vertex 14.2633 53.6437 2
      vertex 14.2633 53.6437 12
    endloop
  endfacet
  facet normal 0.965924 -0.258827 0
    outer loop
      vertex 14.2633 53.6437 2
      vertex 14.1305 53.1481 12
      vertex 14.1305 53.1481 2
    endloop
  endfacet
  facet normal -0.992528 0.122019 0
    outer loop
      vertex -14.6195 58.7366 2
      vertex -14.5569 59.2458 12
      vertex -14.5569 59.2458 2
    endloop
  endfacet
  facet normal -0.992528 0.122019 0
    outer loop
      vertex -14.5569 59.2458 12
      vertex -14.6195 58.7366 2
      vertex -14.6195 58.7366 12
    endloop
  endfacet
  facet normal 0.874681 -0.484699 0
    outer loop
      vertex 12.7306 49.85 12
      vertex 12.9793 50.2988 2
      vertex 12.9793 50.2988 12
    endloop
  endfacet
  facet normal 0.874681 -0.484699 0
    outer loop
      vertex 12.9793 50.2988 2
      vertex 12.7306 49.85 12
      vertex 12.7306 49.85 2
    endloop
  endfacet
  facet normal -0.992528 -0.122019 0
    outer loop
      vertex -14.5569 55.1542 2
      vertex -14.6195 55.6634 12
      vertex -14.6195 55.6634 2
    endloop
  endfacet
  facet normal -0.992528 -0.122019 0
    outer loop
      vertex -14.6195 55.6634 12
      vertex -14.5569 55.1542 2
      vertex -14.5569 55.1542 12
    endloop
  endfacet
  facet normal 0.996199 -0.0871089 0
    outer loop
      vertex 14.6195 55.6634 12
      vertex 14.6642 56.1746 2
      vertex 14.6642 56.1746 12
    endloop
  endfacet
  facet normal 0.996199 -0.0871089 0
    outer loop
      vertex 14.6642 56.1746 2
      vertex 14.6195 55.6634 12
      vertex 14.6195 55.6634 2
    endloop
  endfacet
  facet normal 0.32548 -0.945549 0
    outer loop
      vertex 4.54255 43.2195 2
      vertex 5.0277 43.3865 12
      vertex 4.54255 43.2195 12
    endloop
  endfacet
  facet normal 0.32548 -0.945549 0
    outer loop
      vertex 5.0277 43.3865 12
      vertex 4.54255 43.2195 2
      vertex 5.0277 43.3865 2
    endloop
  endfacet
  facet normal -0.945559 0.32545 0
    outer loop
      vertex -13.9805 61.7425 2
      vertex -13.8135 62.2277 12
      vertex -13.8135 62.2277 2
    endloop
  endfacet
  facet normal -0.945559 0.32545 0
    outer loop
      vertex -13.8135 62.2277 12
      vertex -13.9805 61.7425 2
      vertex -13.9805 61.7425 12
    endloop
  endfacet
  facet normal -0.573571 -0.819156 0
    outer loop
      vertex -8.64044 45.3074 2
      vertex -8.22013 45.0131 12
      vertex -8.64044 45.3074 12
    endloop
  endfacet
  facet normal -0.573571 -0.819156 -0
    outer loop
      vertex -8.22013 45.0131 12
      vertex -8.64044 45.3074 2
      vertex -8.22013 45.0131 2
    endloop
  endfacet
  facet normal 0.933561 -0.358417 0
    outer loop
      vertex 13.6296 51.6933 12
      vertex 13.8135 52.1723 2
      vertex 13.8135 52.1723 12
    endloop
  endfacet
  facet normal 0.933561 -0.358417 0
    outer loop
      vertex 13.8135 52.1723 2
      vertex 13.6296 51.6933 12
      vertex 13.6296 51.6933 2
    endloop
  endfacet
  facet normal -0.838706 -0.544584 0
    outer loop
      vertex -12.1869 48.9799 2
      vertex -12.4663 49.4102 12
      vertex -12.4663 49.4102 2
    endloop
  endfacet
  facet normal -0.838706 -0.544584 0
    outer loop
      vertex -12.4663 49.4102 12
      vertex -12.1869 48.9799 2
      vertex -12.1869 48.9799 12
    endloop
  endfacet
  facet normal 0.122003 -0.99253 0
    outer loop
      vertex 1.53657 42.5805 2
      vertex 2.04584 42.6431 12
      vertex 1.53657 42.5805 12
    endloop
  endfacet
  facet normal 0.122003 -0.99253 0
    outer loop
      vertex 2.04584 42.6431 12
      vertex 1.53657 42.5805 2
      vertex 2.04584 42.6431 2
    endloop
  endfacet
  facet normal -0.933561 -0.358417 0
    outer loop
      vertex -13.6296 51.6933 2
      vertex -13.8135 52.1723 12
      vertex -13.8135 52.1723 2
    endloop
  endfacet
  facet normal -0.933561 -0.358417 0
    outer loop
      vertex -13.8135 52.1723 12
      vertex -13.6296 51.6933 2
      vertex -13.6296 51.6933 12
    endloop
  endfacet
  facet normal 0.777186 0.629271 0
    outer loop
      vertex 11.5838 66.2502 12
      vertex 11.2609 66.649 2
      vertex 11.2609 66.649 12
    endloop
  endfacet
  facet normal 0.777186 0.629271 0
    outer loop
      vertex 11.2609 66.649 2
      vertex 11.5838 66.2502 12
      vertex 11.5838 66.2502 2
    endloop
  endfacet
  facet normal -0.777186 0.629271 0
    outer loop
      vertex -11.5838 66.2502 2
      vertex -11.2609 66.649 12
      vertex -11.2609 66.649 2
    endloop
  endfacet
  facet normal -0.777186 0.629271 0
    outer loop
      vertex -11.2609 66.649 12
      vertex -11.5838 66.2502 2
      vertex -11.5838 66.2502 12
    endloop
  endfacet
  facet normal -0.998635 0.0522315 0
    outer loop
      vertex -14.691 57.713 2
      vertex -14.6642 58.2254 12
      vertex -14.6642 58.2254 2
    endloop
  endfacet
  facet normal -0.998635 0.0522315 0
    outer loop
      vertex -14.6642 58.2254 12
      vertex -14.691 57.713 2
      vertex -14.691 57.713 12
    endloop
  endfacet
  facet normal 0.292343 0.956313 -0
    outer loop
      vertex 4.54255 71.1805 2
      vertex 4.05187 71.3305 12
      vertex 4.54255 71.1805 12
    endloop
  endfacet
  facet normal 0.292343 0.956313 0
    outer loop
      vertex 4.05187 71.3305 12
      vertex 4.54255 71.1805 2
      vertex 4.05187 71.3305 2
    endloop
  endfacet
  facet normal -0.974342 0.225073 0
    outer loop
      vertex -14.3788 60.2563 2
      vertex -14.2633 60.7563 12
      vertex -14.2633 60.7563 2
    endloop
  endfacet
  facet normal -0.974342 0.225073 0
    outer loop
      vertex -14.2633 60.7563 12
      vertex -14.3788 60.2563 2
      vertex -14.3788 60.2563 12
    endloop
  endfacet
  facet normal 0.484724 0.874667 -0
    outer loop
      vertex 7.35 69.9306 2
      vertex 6.90123 70.1793 12
      vertex 7.35 69.9306 12
    endloop
  endfacet
  facet normal 0.484724 0.874667 0
    outer loop
      vertex 6.90123 70.1793 12
      vertex 7.35 69.9306 2
      vertex 6.90123 70.1793 2
    endloop
  endfacet
  facet normal 0.515089 -0.857137 0
    outer loop
      vertex 7.35 44.4694 2
      vertex 7.78981 44.7337 12
      vertex 7.35 44.4694 12
    endloop
  endfacet
  facet normal 0.515089 -0.857137 0
    outer loop
      vertex 7.78981 44.7337 12
      vertex 7.35 44.4694 2
      vertex 7.78981 44.7337 2
    endloop
  endfacet
  facet normal -0.601826 0.798627 0
    outer loop
      vertex -8.64044 69.0926 2
      vertex -9.05022 68.7838 12
      vertex -8.64044 69.0926 12
    endloop
  endfacet
  facet normal -0.601826 0.798627 0
    outer loop
      vertex -9.05022 68.7838 12
      vertex -8.64044 69.0926 2
      vertex -9.05022 68.7838 2
    endloop
  endfacet
  facet normal 0.454084 0.890959 -0
    outer loop
      vertex 6.90123 70.1793 2
      vertex 6.44406 70.4123 12
      vertex 6.90123 70.1793 12
    endloop
  endfacet
  facet normal 0.454084 0.890959 0
    outer loop
      vertex 6.44406 70.4123 12
      vertex 6.90123 70.1793 2
      vertex 6.44406 70.4123 2
    endloop
  endfacet
  facet normal 0.544566 -0.838718 0
    outer loop
      vertex 7.78981 44.7337 2
      vertex 8.22013 45.0131 12
      vertex 7.78981 44.7337 12
    endloop
  endfacet
  facet normal 0.544566 -0.838718 0
    outer loop
      vertex 8.22013 45.0131 12
      vertex 7.78981 44.7337 2
      vertex 8.22013 45.0131 2
    endloop
  endfacet
  facet normal -0.292343 -0.956313 0
    outer loop
      vertex -4.54255 43.2195 2
      vertex -4.05187 43.0695 12
      vertex -4.54255 43.2195 12
    endloop
  endfacet
  facet normal -0.292343 -0.956313 -0
    outer loop
      vertex -4.05187 43.0695 12
      vertex -4.54255 43.2195 2
      vertex -4.05187 43.0695 2
    endloop
  endfacet
  facet normal 0.681942 -0.731406 0
    outer loop
      vertex 9.83622 46.2758 2
      vertex 10.2115 46.6257 12
      vertex 9.83622 46.2758 12
    endloop
  endfacet
  facet normal 0.681942 -0.731406 0
    outer loop
      vertex 10.2115 46.6257 12
      vertex 9.83622 46.2758 2
      vertex 10.2115 46.6257 2
    endloop
  endfacet
  facet normal 0.258817 -0.965926 0
    outer loop
      vertex 3.55625 42.9367 2
      vertex 4.05187 43.0695 12
      vertex 3.55625 42.9367 12
    endloop
  endfacet
  facet normal 0.258817 -0.965926 0
    outer loop
      vertex 4.05187 43.0695 12
      vertex 3.55625 42.9367 2
      vertex 4.05187 43.0695 2
    endloop
  endfacet
  facet normal 0.358404 0.933566 -0
    outer loop
      vertex 5.50672 70.8296 2
      vertex 5.0277 71.0135 12
      vertex 5.50672 70.8296 12
    endloop
  endfacet
  facet normal 0.358404 0.933566 0
    outer loop
      vertex 5.0277 71.0135 12
      vertex 5.50672 70.8296 2
      vertex 5.0277 71.0135 2
    endloop
  endfacet
  facet normal 0.945559 -0.32545 0
    outer loop
      vertex 13.8135 52.1723 12
      vertex 13.9805 52.6575 2
      vertex 13.9805 52.6575 12
    endloop
  endfacet
  facet normal 0.945559 -0.32545 0
    outer loop
      vertex 13.9805 52.6575 2
      vertex 13.8135 52.1723 12
      vertex 13.8135 52.1723 2
    endloop
  endfacet
  facet normal 0.544703 0.838629 -0
    outer loop
      vertex 8.22013 69.3868 2
      vertex 7.78981 69.6663 12
      vertex 8.22013 69.3868 12
    endloop
  endfacet
  facet normal 0.544703 0.838629 0
    outer loop
      vertex 7.78981 69.6663 12
      vertex 8.22013 69.3868 2
      vertex 7.78981 69.6663 2
    endloop
  endfacet
  facet normal -0.32548 -0.945549 0
    outer loop
      vertex -5.0277 43.3865 2
      vertex -4.54255 43.2195 12
      vertex -5.0277 43.3865 12
    endloop
  endfacet
  facet normal -0.32548 -0.945549 -0
    outer loop
      vertex -4.54255 43.2195 12
      vertex -5.0277 43.3865 2
      vertex -4.54255 43.2195 2
    endloop
  endfacet
  facet normal -0.156306 -0.987709 0
    outer loop
      vertex -2.55263 42.7233 2
      vertex -2.04584 42.6431 12
      vertex -2.55263 42.7233 12
    endloop
  endfacet
  facet normal -0.156306 -0.987709 -0
    outer loop
      vertex -2.04584 42.6431 12
      vertex -2.55263 42.7233 2
      vertex -2.04584 42.6431 2
    endloop
  endfacet
  facet normal -0.974342 -0.225073 0
    outer loop
      vertex -14.2633 53.6437 2
      vertex -14.3788 54.1437 12
      vertex -14.3788 54.1437 2
    endloop
  endfacet
  facet normal -0.974342 -0.225073 0
    outer loop
      vertex -14.3788 54.1437 12
      vertex -14.2633 53.6437 2
      vertex -14.2633 53.6437 12
    endloop
  endfacet
  facet normal 0.987709 -0.156303 0
    outer loop
      vertex 14.4767 54.6474 12
      vertex 14.5569 55.1542 2
      vertex 14.5569 55.1542 12
    endloop
  endfacet
  facet normal 0.987709 -0.156303 0
    outer loop
      vertex 14.5569 55.1542 2
      vertex 14.4767 54.6474 12
      vertex 14.4767 54.6474 2
    endloop
  endfacet
  facet normal -0.987709 -0.156303 0
    outer loop
      vertex -14.4767 54.6474 2
      vertex -14.5569 55.1542 12
      vertex -14.5569 55.1542 2
    endloop
  endfacet
  facet normal -0.987709 -0.156303 0
    outer loop
      vertex -14.5569 55.1542 12
      vertex -14.4767 54.6474 2
      vertex -14.4767 54.6474 12
    endloop
  endfacet
  facet normal 0.515089 0.857137 -0
    outer loop
      vertex 7.78981 69.6663 2
      vertex 7.35 69.9306 12
      vertex 7.78981 69.6663 12
    endloop
  endfacet
  facet normal 0.515089 0.857137 0
    outer loop
      vertex 7.35 69.9306 12
      vertex 7.78981 69.6663 2
      vertex 7.35 69.9306 2
    endloop
  endfacet
  facet normal 0.156306 0.987709 -0
    outer loop
      vertex 2.55263 71.6767 2
      vertex 2.04584 71.7569 12
      vertex 2.55263 71.6767 12
    endloop
  endfacet
  facet normal 0.156306 0.987709 0
    outer loop
      vertex 2.04584 71.7569 12
      vertex 2.55263 71.6767 2
      vertex 2.04584 71.7569 2
    endloop
  endfacet
  facet normal 0.92049 0.390765 0
    outer loop
      vertex 13.6296 62.7067 12
      vertex 13.4291 63.179 2
      vertex 13.4291 63.179 12
    endloop
  endfacet
  facet normal 0.92049 0.390765 0
    outer loop
      vertex 13.4291 63.179 2
      vertex 13.6296 62.7067 12
      vertex 13.6296 62.7067 2
    endloop
  endfacet
  facet normal -0.544703 0.838629 0
    outer loop
      vertex -7.78981 69.6663 2
      vertex -8.22013 69.3868 12
      vertex -7.78981 69.6663 12
    endloop
  endfacet
  facet normal -0.544703 0.838629 0
    outer loop
      vertex -8.22013 69.3868 12
      vertex -7.78981 69.6663 2
      vertex -8.22013 69.3868 2
    endloop
  endfacet
  facet normal -0.390758 -0.920493 0
    outer loop
      vertex -5.97903 43.7709 2
      vertex -5.50672 43.5704 12
      vertex -5.97903 43.7709 12
    endloop
  endfacet
  facet normal -0.390758 -0.920493 -0
    outer loop
      vertex -5.50672 43.5704 12
      vertex -5.97903 43.7709 2
      vertex -5.50672 43.5704 2
    endloop
  endfacet
  facet normal -0.987709 0.156303 0
    outer loop
      vertex -14.5569 59.2458 2
      vertex -14.4767 59.7526 12
      vertex -14.4767 59.7526 2
    endloop
  endfacet
  facet normal -0.987709 0.156303 0
    outer loop
      vertex -14.4767 59.7526 12
      vertex -14.5569 59.2458 2
      vertex -14.5569 59.2458 12
    endloop
  endfacet
  facet normal -0.190802 0.981628 0
    outer loop
      vertex -2.55263 71.6767 2
      vertex -3.0563 71.5788 12
      vertex -2.55263 71.6767 12
    endloop
  endfacet
  facet normal -0.190802 0.981628 0
    outer loop
      vertex -3.0563 71.5788 12
      vertex -2.55263 71.6767 2
      vertex -3.0563 71.5788 2
    endloop
  endfacet
  facet normal 0.454084 -0.890959 0
    outer loop
      vertex 6.44406 43.9877 2
      vertex 6.90123 44.2207 12
      vertex 6.44406 43.9877 12
    endloop
  endfacet
  facet normal 0.454084 -0.890959 0
    outer loop
      vertex 6.90123 44.2207 12
      vertex 6.44406 43.9877 2
      vertex 6.90123 44.2207 2
    endloop
  endfacet
  facet normal -0.57344 0.819247 0
    outer loop
      vertex -8.22013 69.3868 2
      vertex -8.64044 69.0926 12
      vertex -8.22013 69.3868 12
    endloop
  endfacet
  facet normal -0.57344 0.819247 0
    outer loop
      vertex -8.64044 69.0926 12
      vertex -8.22013 69.3868 2
      vertex -8.64044 69.0926 2
    endloop
  endfacet
  facet normal -0.601826 -0.798627 0
    outer loop
      vertex -9.05022 45.6162 2
      vertex -8.64044 45.3074 12
      vertex -9.05022 45.6162 12
    endloop
  endfacet
  facet normal -0.601826 -0.798627 -0
    outer loop
      vertex -8.64044 45.3074 12
      vertex -9.05022 45.6162 2
      vertex -8.64044 45.3074 2
    endloop
  endfacet
  facet normal -0.484724 0.874667 0
    outer loop
      vertex -6.90123 70.1793 2
      vertex -7.35 69.9306 12
      vertex -6.90123 70.1793 12
    endloop
  endfacet
  facet normal -0.484724 0.874667 0
    outer loop
      vertex -7.35 69.9306 12
      vertex -6.90123 70.1793 2
      vertex -7.35 69.9306 2
    endloop
  endfacet
  facet normal 0.754601 0.656184 0
    outer loop
      vertex 11.2609 66.649 12
      vertex 10.9242 67.0362 2
      vertex 10.9242 67.0362 12
    endloop
  endfacet
  facet normal 0.754601 0.656184 0
    outer loop
      vertex 10.9242 67.0362 2
      vertex 11.2609 66.649 12
      vertex 11.2609 66.649 2
    endloop
  endfacet
  facet normal 0.422543 0.906343 -0
    outer loop
      vertex 6.44406 70.4123 2
      vertex 5.97903 70.6291 12
      vertex 6.44406 70.4123 12
    endloop
  endfacet
  facet normal 0.422543 0.906343 0
    outer loop
      vertex 5.97903 70.6291 12
      vertex 6.44406 70.4123 2
      vertex 5.97903 70.6291 2
    endloop
  endfacet
  facet normal -0.838706 0.544584 0
    outer loop
      vertex -12.4663 64.9898 2
      vertex -12.1869 65.4201 12
      vertex -12.1869 65.4201 2
    endloop
  endfacet
  facet normal -0.838706 0.544584 0
    outer loop
      vertex -12.1869 65.4201 12
      vertex -12.4663 64.9898 2
      vertex -12.4663 64.9898 12
    endloop
  endfacet
  facet normal 0.777186 -0.629271 0
    outer loop
      vertex 11.2609 47.751 12
      vertex 11.5838 48.1498 2
      vertex 11.5838 48.1498 12
    endloop
  endfacet
  facet normal 0.777186 -0.629271 0
    outer loop
      vertex 11.5838 48.1498 2
      vertex 11.2609 47.751 12
      vertex 11.2609 47.751 2
    endloop
  endfacet
  facet normal -0.629309 0.777155 0
    outer loop
      vertex -9.05022 68.7838 2
      vertex -9.44898 68.4609 12
      vertex -9.05022 68.7838 12
    endloop
  endfacet
  facet normal -0.629309 0.777155 0
    outer loop
      vertex -9.44898 68.4609 12
      vertex -9.05022 68.7838 2
      vertex -9.44898 68.4609 2
    endloop
  endfacet
  facet normal -0.0522317 0.998635 0
    outer loop
      vertex -0.513022 71.891 2
      vertex -1.02542 71.8642 12
      vertex -0.513022 71.891 12
    endloop
  endfacet
  facet normal -0.0522317 0.998635 0
    outer loop
      vertex -1.02542 71.8642 12
      vertex -0.513022 71.891 2
      vertex -1.02542 71.8642 2
    endloop
  endfacet
  facet normal 0.754601 -0.656184 0
    outer loop
      vertex 10.9242 47.3638 12
      vertex 11.2609 47.751 2
      vertex 11.2609 47.751 12
    endloop
  endfacet
  facet normal 0.754601 -0.656184 0
    outer loop
      vertex 11.2609 47.751 2
      vertex 10.9242 47.3638 12
      vertex 10.9242 47.3638 2
    endloop
  endfacet
  facet normal 0.819058 -0.573711 0
    outer loop
      vertex 11.8925 48.5596 12
      vertex 12.1869 48.9799 2
      vertex 12.1869 48.9799 12
    endloop
  endfacet
  facet normal 0.819058 -0.573711 0
    outer loop
      vertex 12.1869 48.9799 2
      vertex 11.8925 48.5596 12
      vertex 11.8925 48.5596 2
    endloop
  endfacet
  facet normal 0.292343 -0.956313 0
    outer loop
      vertex 4.05187 43.0695 2
      vertex 4.54255 43.2195 12
      vertex 4.05187 43.0695 12
    endloop
  endfacet
  facet normal 0.292343 -0.956313 0
    outer loop
      vertex 4.54255 43.2195 12
      vertex 4.05187 43.0695 2
      vertex 4.54255 43.2195 2
    endloop
  endfacet
  facet normal -0.454084 -0.890959 0
    outer loop
      vertex -6.90123 44.2207 2
      vertex -6.44406 43.9877 12
      vertex -6.90123 44.2207 12
    endloop
  endfacet
  facet normal -0.454084 -0.890959 -0
    outer loop
      vertex -6.44406 43.9877 12
      vertex -6.90123 44.2207 2
      vertex -6.44406 43.9877 2
    endloop
  endfacet
  facet normal -0.754601 -0.656184 0
    outer loop
      vertex -10.9242 47.3638 2
      vertex -11.2609 47.751 12
      vertex -11.2609 47.751 2
    endloop
  endfacet
  facet normal -0.754601 -0.656184 0
    outer loop
      vertex -11.2609 47.751 12
      vertex -10.9242 47.3638 2
      vertex -10.9242 47.3638 12
    endloop
  endfacet
  facet normal 0.156306 -0.987709 0
    outer loop
      vertex 2.04584 42.6431 2
      vertex 2.55263 42.7233 12
      vertex 2.04584 42.6431 12
    endloop
  endfacet
  facet normal 0.156306 -0.987709 0
    outer loop
      vertex 2.55263 42.7233 12
      vertex 2.04584 42.6431 2
      vertex 2.55263 42.7233 2
    endloop
  endfacet
  facet normal -0.777186 -0.629271 0
    outer loop
      vertex -11.2609 47.751 2
      vertex -11.5838 48.1498 12
      vertex -11.5838 48.1498 2
    endloop
  endfacet
  facet normal -0.777186 -0.629271 0
    outer loop
      vertex -11.5838 48.1498 12
      vertex -11.2609 47.751 2
      vertex -11.2609 47.751 12
    endloop
  endfacet
  facet normal 0.890931 -0.454139 0
    outer loop
      vertex 12.9793 50.2988 12
      vertex 13.2123 50.7559 2
      vertex 13.2123 50.7559 12
    endloop
  endfacet
  facet normal 0.890931 -0.454139 0
    outer loop
      vertex 13.2123 50.7559 2
      vertex 12.9793 50.2988 12
      vertex 12.9793 50.2988 2
    endloop
  endfacet
  facet normal 0.32548 0.945549 -0
    outer loop
      vertex 5.0277 71.0135 2
      vertex 4.54255 71.1805 12
      vertex 5.0277 71.0135 12
    endloop
  endfacet
  facet normal 0.32548 0.945549 0
    outer loop
      vertex 4.54255 71.1805 12
      vertex 5.0277 71.0135 2
      vertex 4.54255 71.1805 2
    endloop
  endfacet
  facet normal 0.992528 -0.122019 0
    outer loop
      vertex 14.5569 55.1542 12
      vertex 14.6195 55.6634 2
      vertex 14.6195 55.6634 12
    endloop
  endfacet
  facet normal 0.992528 -0.122019 0
    outer loop
      vertex 14.6195 55.6634 2
      vertex 14.5569 55.1542 12
      vertex 14.5569 55.1542 2
    endloop
  endfacet
  facet normal -0.857132 0.515097 0
    outer loop
      vertex -12.7306 64.55 2
      vertex -12.4663 64.9898 12
      vertex -12.4663 64.9898 2
    endloop
  endfacet
  facet normal -0.857132 0.515097 0
    outer loop
      vertex -12.4663 64.9898 12
      vertex -12.7306 64.55 2
      vertex -12.7306 64.55 12
    endloop
  endfacet
  facet normal 0.629309 -0.777155 0
    outer loop
      vertex 9.05022 45.6162 2
      vertex 9.44898 45.9391 12
      vertex 9.05022 45.6162 12
    endloop
  endfacet
  facet normal 0.629309 -0.777155 0
    outer loop
      vertex 9.44898 45.9391 12
      vertex 9.05022 45.6162 2
      vertex 9.44898 45.9391 2
    endloop
  endfacet
  facet normal -0.258817 0.965926 0
    outer loop
      vertex -3.55625 71.4633 2
      vertex -4.05187 71.3305 12
      vertex -3.55625 71.4633 12
    endloop
  endfacet
  facet normal -0.258817 0.965926 0
    outer loop
      vertex -4.05187 71.3305 12
      vertex -3.55625 71.4633 2
      vertex -4.05187 71.3305 2
    endloop
  endfacet
  facet normal 0.933561 0.358417 0
    outer loop
      vertex 13.8135 62.2277 12
      vertex 13.6296 62.7067 2
      vertex 13.6296 62.7067 12
    endloop
  endfacet
  facet normal 0.933561 0.358417 0
    outer loop
      vertex 13.6296 62.7067 2
      vertex 13.8135 62.2277 12
      vertex 13.8135 62.2277 2
    endloop
  endfacet
  facet normal 0.707107 -0.707107 0
    outer loop
      vertex 10.2115 46.6257 2
      vertex 10.5743 46.9885 12
      vertex 10.2115 46.6257 12
    endloop
  endfacet
  facet normal 0.707107 -0.707107 0
    outer loop
      vertex 10.5743 46.9885 12
      vertex 10.2115 46.6257 2
      vertex 10.5743 46.9885 2
    endloop
  endfacet
  facet normal -0.906367 0.422491 0
    outer loop
      vertex -13.4291 63.179 2
      vertex -13.2123 63.6441 12
      vertex -13.2123 63.6441 2
    endloop
  endfacet
  facet normal -0.906367 0.422491 0
    outer loop
      vertex -13.2123 63.6441 12
      vertex -13.4291 63.179 2
      vertex -13.4291 63.179 12
    endloop
  endfacet
  facet normal -0.92049 0.390765 0
    outer loop
      vertex -13.6296 62.7067 2
      vertex -13.4291 63.179 12
      vertex -13.4291 63.179 2
    endloop
  endfacet
  facet normal -0.92049 0.390765 0
    outer loop
      vertex -13.4291 63.179 12
      vertex -13.6296 62.7067 2
      vertex -13.6296 62.7067 12
    endloop
  endfacet
  facet normal -0.484724 -0.874667 0
    outer loop
      vertex -7.35 44.4694 2
      vertex -6.90123 44.2207 12
      vertex -7.35 44.4694 12
    endloop
  endfacet
  facet normal -0.484724 -0.874667 -0
    outer loop
      vertex -6.90123 44.2207 12
      vertex -7.35 44.4694 2
      vertex -6.90123 44.2207 2
    endloop
  endfacet
  facet normal -0.707107 -0.707107 0
    outer loop
      vertex -10.5743 46.9885 2
      vertex -10.2115 46.6257 12
      vertex -10.5743 46.9885 12
    endloop
  endfacet
  facet normal -0.707107 -0.707107 -0
    outer loop
      vertex -10.2115 46.6257 12
      vertex -10.5743 46.9885 2
      vertex -10.2115 46.6257 2
    endloop
  endfacet
  facet normal -0.681942 -0.731406 0
    outer loop
      vertex -10.2115 46.6257 2
      vertex -9.83622 46.2758 12
      vertex -10.2115 46.6257 12
    endloop
  endfacet
  facet normal -0.681942 -0.731406 -0
    outer loop
      vertex -9.83622 46.2758 12
      vertex -10.2115 46.6257 2
      vertex -9.83622 46.2758 2
    endloop
  endfacet
  facet normal 0.974342 -0.225073 0
    outer loop
      vertex 14.2633 53.6437 12
      vertex 14.3788 54.1437 2
      vertex 14.3788 54.1437 12
    endloop
  endfacet
  facet normal 0.974342 -0.225073 0
    outer loop
      vertex 14.3788 54.1437 2
      vertex 14.2633 53.6437 12
      vertex 14.2633 53.6437 2
    endloop
  endfacet
  facet normal 0.798735 0.601683 0
    outer loop
      vertex 11.8925 65.8404 12
      vertex 11.5838 66.2502 2
      vertex 11.5838 66.2502 12
    endloop
  endfacet
  facet normal 0.798735 0.601683 0
    outer loop
      vertex 11.5838 66.2502 2
      vertex 11.8925 65.8404 12
      vertex 11.8925 65.8404 2
    endloop
  endfacet
  facet normal -0.258817 -0.965926 0
    outer loop
      vertex -4.05187 43.0695 2
      vertex -3.55625 42.9367 12
      vertex -4.05187 43.0695 12
    endloop
  endfacet
  facet normal -0.258817 -0.965926 -0
    outer loop
      vertex -3.55625 42.9367 12
      vertex -4.05187 43.0695 2
      vertex -3.55625 42.9367 2
    endloop
  endfacet
  facet normal -0.515089 -0.857137 0
    outer loop
      vertex -7.78981 44.7337 2
      vertex -7.35 44.4694 12
      vertex -7.78981 44.7337 12
    endloop
  endfacet
  facet normal -0.515089 -0.857137 -0
    outer loop
      vertex -7.35 44.4694 12
      vertex -7.78981 44.7337 2
      vertex -7.35 44.4694 2
    endloop
  endfacet
  facet normal 0.945559 0.32545 0
    outer loop
      vertex 13.9805 61.7425 12
      vertex 13.8135 62.2277 2
      vertex 13.8135 62.2277 12
    endloop
  endfacet
  facet normal 0.945559 0.32545 0
    outer loop
      vertex 13.8135 62.2277 2
      vertex 13.9805 61.7425 12
      vertex 13.9805 61.7425 2
    endloop
  endfacet
  facet normal -0.544566 -0.838718 0
    outer loop
      vertex -8.22013 45.0131 2
      vertex -7.78981 44.7337 12
      vertex -8.22013 45.0131 12
    endloop
  endfacet
  facet normal -0.544566 -0.838718 -0
    outer loop
      vertex -7.78981 44.7337 12
      vertex -8.22013 45.0131 2
      vertex -7.78981 44.7337 2
    endloop
  endfacet
  facet normal -0.965924 0.258827 0
    outer loop
      vertex -14.2633 60.7563 2
      vertex -14.1305 61.2519 12
      vertex -14.1305 61.2519 2
    endloop
  endfacet
  facet normal -0.965924 0.258827 0
    outer loop
      vertex -14.1305 61.2519 12
      vertex -14.2633 60.7563 2
      vertex -14.2633 60.7563 12
    endloop
  endfacet
  facet normal 0.258817 0.965926 -0
    outer loop
      vertex 4.05187 71.3305 2
      vertex 3.55625 71.4633 12
      vertex 4.05187 71.3305 12
    endloop
  endfacet
  facet normal 0.258817 0.965926 0
    outer loop
      vertex 3.55625 71.4633 12
      vertex 4.05187 71.3305 2
      vertex 3.55625 71.4633 2
    endloop
  endfacet
  facet normal -0.731425 0.681922 0
    outer loop
      vertex -10.9242 67.0362 2
      vertex -10.5743 67.4115 12
      vertex -10.5743 67.4115 2
    endloop
  endfacet
  facet normal -0.731425 0.681922 0
    outer loop
      vertex -10.5743 67.4115 12
      vertex -10.9242 67.0362 2
      vertex -10.9242 67.0362 12
    endloop
  endfacet
  facet normal -0.629309 -0.777155 0
    outer loop
      vertex -9.44898 45.9391 2
      vertex -9.05022 45.6162 12
      vertex -9.44898 45.9391 12
    endloop
  endfacet
  facet normal -0.629309 -0.777155 -0
    outer loop
      vertex -9.05022 45.6162 12
      vertex -9.44898 45.9391 2
      vertex -9.05022 45.6162 2
    endloop
  endfacet
  facet normal -0.422543 -0.906343 0
    outer loop
      vertex -6.44406 43.9877 2
      vertex -5.97903 43.7709 12
      vertex -6.44406 43.9877 12
    endloop
  endfacet
  facet normal -0.422543 -0.906343 -0
    outer loop
      vertex -5.97903 43.7709 12
      vertex -6.44406 43.9877 2
      vertex -5.97903 43.7709 2
    endloop
  endfacet
  facet normal -0.906367 -0.422491 0
    outer loop
      vertex -13.2123 50.7559 2
      vertex -13.4291 51.221 12
      vertex -13.4291 51.221 2
    endloop
  endfacet
  facet normal -0.906367 -0.422491 0
    outer loop
      vertex -13.4291 51.221 12
      vertex -13.2123 50.7559 2
      vertex -13.2123 50.7559 12
    endloop
  endfacet
  facet normal -0.890931 -0.454139 0
    outer loop
      vertex -12.9793 50.2988 2
      vertex -13.2123 50.7559 12
      vertex -13.2123 50.7559 2
    endloop
  endfacet
  facet normal -0.890931 -0.454139 0
    outer loop
      vertex -13.2123 50.7559 12
      vertex -12.9793 50.2988 2
      vertex -12.9793 50.2988 12
    endloop
  endfacet
  facet normal -0 0 1
    outer loop
      vertex 14.6899 57.2048 12
      vertex 14.7 57.2 12
      vertex 14.691 57.713 12
    endloop
  endfacet
  facet normal 0 0 1
    outer loop
      vertex 14.6899 57.1952 12
      vertex 14.7 57.2 12
      vertex 14.69 57.2 12
    endloop
  endfacet
  facet normal 0 0 1
    outer loop
      vertex 14.7 57.2 12
      vertex 14.6899 57.2048 12
      vertex 14.69 57.2 12
    endloop
  endfacet
  facet normal 0 0 1
    outer loop
      vertex 14.691 57.713 12
      vertex 14.6811 57.7127 12
      vertex 14.6899 57.2048 12
    endloop
  endfacet
  facet normal -0 0 1
    outer loop
      vertex 14.6545 58.2199 12
      vertex 14.691 57.713 12
      vertex 14.6642 58.2254 12
    endloop
  endfacet
  facet normal 0 0 1
    outer loop
      vertex 14.691 57.713 12
      vertex 14.6545 58.2199 12
      vertex 14.6811 57.7127 12
    endloop
  endfacet
  facet normal 0 0 1
    outer loop
      vertex 14.6642 58.2254 12
      vertex 14.6542 58.2247 12
      vertex 14.6545 58.2199 12
    endloop
  endfacet
  facet normal -0 0 1
    outer loop
      vertex 14.6099 58.7308 12
      vertex 14.6642 58.2254 12
      vertex 14.6195 58.7366 12
    endloop
  endfacet
  facet normal 0 0 1
    outer loop
      vertex 14.6642 58.2254 12
      vertex 14.6099 58.7308 12
      vertex 14.6542 58.2247 12
    endloop
  endfacet
  facet normal 0 0 1
    outer loop
      vertex 14.6195 58.7366 12
      vertex 14.6095 58.7355 12
      vertex 14.6099 58.7308 12
    endloop
  endfacet
  facet normal 0 0 1
    outer loop
      vertex 14.6195 58.7366 12
      vertex 14.6089 58.7403 12
      vertex 14.6095 58.7355 12
    endloop
  endfacet
  facet normal 0 0 1
    outer loop
      vertex 14.5569 59.2458 12
      vertex 14.6089 58.7403 12
      vertex 14.6195 58.7366 12
    endloop
  endfacet
  facet normal 0 0 1
    outer loop
      vertex 14.5569 59.2458 12
      vertex 14.547 59.2445 12
      vertex 14.6089 58.7403 12
    endloop
  endfacet
  facet normal 0 0 1
    outer loop
      vertex 14.5569 59.2458 12
      vertex 14.5463 59.2492 12
      vertex 14.547 59.2445 12
    endloop
  endfacet
  facet normal 0 0 1
    outer loop
      vertex 14.4767 59.7526 12
      vertex 14.5463 59.2492 12
      vertex 14.5569 59.2458 12
    endloop
  endfacet
  facet normal 0 0 1
    outer loop
      vertex 14.4767 59.7526 12
      vertex 14.4668 59.7509 12
      vertex 14.5463 59.2492 12
    endloop
  endfacet
  facet normal -0 0 1
    outer loop
      vertex 14.3699 60.2495 12
      vertex 14.4767 59.7526 12
      vertex 14.3788 60.2563 12
    endloop
  endfacet
  facet normal 0 0 1
    outer loop
      vertex 14.4767 59.7526 12
      vertex 14.3699 60.2495 12
      vertex 14.4668 59.7509 12
    endloop
  endfacet
  facet normal 0 0 1
    outer loop
      vertex 14.3788 60.2563 12
      vertex 14.369 60.2542 12
      vertex 14.3699 60.2495 12
    endloop
  endfacet
  facet normal -0 0 1
    outer loop
      vertex 14.2547 60.7492 12
      vertex 14.3788 60.2563 12
      vertex 14.2633 60.7563 12
    endloop
  endfacet
  facet normal 0 0 1
    outer loop
      vertex 14.3788 60.2563 12
      vertex 14.2547 60.7492 12
      vertex 14.369 60.2542 12
    endloop
  endfacet
  facet normal 0 0 1
    outer loop
      vertex 14.2633 60.7563 12
      vertex 14.2536 60.7538 12
      vertex 14.2547 60.7492 12
    endloop
  endfacet
  facet normal 0 0 1
    outer loop
      vertex 14.2633 60.7563 12
      vertex 14.2524 60.7584 12
      vertex 14.2536 60.7538 12
    endloop
  endfacet
  facet normal 0 0 1
    outer loop
      vertex 14.1305 61.2519 12
      vertex 14.2524 60.7584 12
      vertex 14.2633 60.7563 12
    endloop
  endfacet
  facet normal 0 0 1
    outer loop
      vertex 14.1305 61.2519 12
      vertex 14.1209 61.2491 12
      vertex 14.2524 60.7584 12
    endloop
  endfacet
  facet normal -0 0 1
    outer loop
      vertex 13.9724 61.7349 12
      vertex 14.1305 61.2519 12
      vertex 13.9805 61.7425 12
    endloop
  endfacet
  facet normal 0 0 1
    outer loop
      vertex 14.1305 61.2519 12
      vertex 13.9724 61.7349 12
      vertex 14.1209 61.2491 12
    endloop
  endfacet
  facet normal 0 0 1
    outer loop
      vertex 13.9805 61.7425 12
      vertex 13.971 61.7395 12
      vertex 13.9724 61.7349 12
    endloop
  endfacet
  facet normal 0 0 1
    outer loop
      vertex 13.9805 61.7425 12
      vertex 13.9695 61.744 12
      vertex 13.971 61.7395 12
    endloop
  endfacet
  facet normal 0 0 1
    outer loop
      vertex 13.8135 62.2277 12
      vertex 13.9695 61.744 12
      vertex 13.9805 61.7425 12
    endloop
  endfacet
  facet normal 0 0 1
    outer loop
      vertex 13.8135 62.2277 12
      vertex 13.8041 62.2243 12
      vertex 13.9695 61.744 12
    endloop
  endfacet
  facet normal -0 0 1
    outer loop
      vertex 13.622 62.6985 12
      vertex 13.8135 62.2277 12
      vertex 13.6296 62.7067 12
    endloop
  endfacet
  facet normal 0 0 1
    outer loop
      vertex 13.8135 62.2277 12
      vertex 13.622 62.6985 12
      vertex 13.8041 62.2243 12
    endloop
  endfacet
  facet normal 0 0 1
    outer loop
      vertex 13.6296 62.7067 12
      vertex 13.6203 62.703 12
      vertex 13.622 62.6985 12
    endloop
  endfacet
  facet normal 0 0 1
    outer loop
      vertex 13.6296 62.7067 12
      vertex 13.6185 62.7074 12
      vertex 13.6203 62.703 12
    endloop
  endfacet
  facet normal 0 0 1
    outer loop
      vertex 13.4291 63.179 12
      vertex 13.6185 62.7074 12
      vertex 13.6296 62.7067 12
    endloop
  endfacet
  facet normal 0 0 1
    outer loop
      vertex 13.4291 63.179 12
      vertex 13.42 63.175 12
      vertex 13.6185 62.7074 12
    endloop
  endfacet
  facet normal -0 0 1
    outer loop
      vertex 13.2053 63.6353 12
      vertex 13.4291 63.179 12
      vertex 13.2123 63.6441 12
    endloop
  endfacet
  facet normal 0 0 1
    outer loop
      vertex 13.4291 63.179 12
      vertex 13.2053 63.6353 12
      vertex 13.42 63.175 12
    endloop
  endfacet
  facet normal 0 0 1
    outer loop
      vertex 13.2123 63.6441 12
      vertex 13.2033 63.6397 12
      vertex 13.2053 63.6353 12
    endloop
  endfacet
  facet normal -0 0 1
    outer loop
      vertex 12.9727 64.0923 12
      vertex 13.2123 63.6441 12
      vertex 12.9793 64.1012 12
    endloop
  endfacet
  facet normal 0 0 1
    outer loop
      vertex 13.2123 63.6441 12
      vertex 12.9727 64.0923 12
      vertex 13.2033 63.6397 12
    endloop
  endfacet
  facet normal 0 0 1
    outer loop
      vertex 12.9793 64.1012 12
      vertex 12.9705 64.0965 12
      vertex 12.9727 64.0923 12
    endloop
  endfacet
  facet normal 0 0 1
    outer loop
      vertex 12.9793 64.1012 12
      vertex 12.9682 64.1007 12
      vertex 12.9705 64.0965 12
    endloop
  endfacet
  facet normal 0 0 1
    outer loop
      vertex 12.7306 64.55 12
      vertex 12.9682 64.1007 12
      vertex 12.9793 64.1012 12
    endloop
  endfacet
  facet normal 0 0 1
    outer loop
      vertex 12.7306 64.55 12
      vertex 12.7219 64.545 12
      vertex 12.9682 64.1007 12
    endloop
  endfacet
  facet normal -0 0 1
    outer loop
      vertex 12.4603 64.9804 12
      vertex 12.7306 64.55 12
      vertex 12.4663 64.9898 12
    endloop
  endfacet
  facet normal 0 0 1
    outer loop
      vertex 12.7306 64.55 12
      vertex 12.4603 64.9804 12
      vertex 12.7219 64.545 12
    endloop
  endfacet
  facet normal 0 0 1
    outer loop
      vertex 12.4663 64.9898 12
      vertex 12.4578 64.9845 12
      vertex 12.4603 64.9804 12
    endloop
  endfacet
  facet normal 0 0 1
    outer loop
      vertex 12.4663 64.9898 12
      vertex 12.4552 64.9885 12
      vertex 12.4578 64.9845 12
    endloop
  endfacet
  facet normal 0 0 1
    outer loop
      vertex 12.1869 65.4201 12
      vertex 12.4552 64.9885 12
      vertex 12.4663 64.9898 12
    endloop
  endfacet
  facet normal 0 0 1
    outer loop
      vertex 12.1869 65.4201 12
      vertex 12.1786 65.4145 12
      vertex 12.4552 64.9885 12
    endloop
  endfacet
  facet normal -0 0 1
    outer loop
      vertex 11.8872 65.8307 12
      vertex 12.1869 65.4201 12
      vertex 11.8925 65.8404 12
    endloop
  endfacet
  facet normal 0 0 1
    outer loop
      vertex 12.1869 65.4201 12
      vertex 11.8872 65.8307 12
      vertex 12.1786 65.4145 12
    endloop
  endfacet
  facet normal 0 0 1
    outer loop
      vertex 11.8925 65.8404 12
      vertex 11.8845 65.8346 12
      vertex 11.8872 65.8307 12
    endloop
  endfacet
  facet normal 0 0 1
    outer loop
      vertex 11.8925 65.8404 12
      vertex 11.8816 65.8384 12
      vertex 11.8845 65.8346 12
    endloop
  endfacet
  facet normal 0 0 1
    outer loop
      vertex 11.5838 66.2502 12
      vertex 11.8816 65.8384 12
      vertex 11.8925 65.8404 12
    endloop
  endfacet
  facet normal 0 0 1
    outer loop
      vertex 11.5838 66.2502 12
      vertex 11.5759 66.2441 12
      vertex 11.8816 65.8384 12
    endloop
  endfacet
  facet normal -0 0 1
    outer loop
      vertex 11.2562 66.6388 12
      vertex 11.5838 66.2502 12
      vertex 11.2609 66.649 12
    endloop
  endfacet
  facet normal 0 0 1
    outer loop
      vertex 11.5838 66.2502 12
      vertex 11.2562 66.6388 12
      vertex 11.5759 66.2441 12
    endloop
  endfacet
  facet normal 0 0 1
    outer loop
      vertex 11.2609 66.649 12
      vertex 11.2532 66.6425 12
      vertex 11.2562 66.6388 12
    endloop
  endfacet
  facet normal -0 0 1
    outer loop
      vertex 10.9199 67.0259 12
      vertex 11.2609 66.649 12
      vertex 10.9242 67.0362 12
    endloop
  endfacet
  facet normal 0 0 1
    outer loop
      vertex 11.2609 66.649 12
      vertex 10.9199 67.0259 12
      vertex 11.2532 66.6425 12
    endloop
  endfacet
  facet normal 0 0 1
    outer loop
      vertex 10.9242 67.0362 12
      vertex 10.9168 67.0295 12
      vertex 10.9199 67.0259 12
    endloop
  endfacet
  facet normal 0 0 1
    outer loop
      vertex 10.9242 67.0362 12
      vertex 10.9135 67.033 12
      vertex 10.9168 67.0295 12
    endloop
  endfacet
  facet normal 0 0 1
    outer loop
      vertex 10.5743 67.4115 12
      vertex 10.9135 67.033 12
      vertex 10.9242 67.0362 12
    endloop
  endfacet
  facet normal 0 0 1
    outer loop
      vertex 10.5743 67.4115 12
      vertex 10.5671 67.4045 12
      vertex 10.9135 67.033 12
    endloop
  endfacet
  facet normal 0 0 1
    outer loop
      vertex 10.2115 67.7743 12
      vertex 10.5671 67.4045 12
      vertex 10.5743 67.4115 12
    endloop
  endfacet
  facet normal 0 0 1
    outer loop
      vertex 10.2115 67.7743 12
      vertex 10.2045 67.7671 12
      vertex 10.5671 67.4045 12
    endloop
  endfacet
  facet normal -0 0 1
    outer loop
      vertex 9.83303 68.1135 12
      vertex 10.2115 67.7743 12
      vertex 9.83622 68.1242 12
    endloop
  endfacet
  facet normal 0 0 1
    outer loop
      vertex 10.2115 67.7743 12
      vertex 9.83303 68.1135 12
      vertex 10.2045 67.7671 12
    endloop
  endfacet
  facet normal 0 0 1
    outer loop
      vertex 9.83622 68.1242 12
      vertex 9.82953 68.1168 12
      vertex 9.83303 68.1135 12
    endloop
  endfacet
  facet normal 0 0 1
    outer loop
      vertex 9.83622 68.1242 12
      vertex 9.82592 68.1199 12
      vertex 9.82953 68.1168 12
    endloop
  endfacet
  facet normal 0 0 1
    outer loop
      vertex 9.44898 68.4609 12
      vertex 9.82592 68.1199 12
      vertex 9.83622 68.1242 12
    endloop
  endfacet
  facet normal 0 0 1
    outer loop
      vertex 9.44898 68.4609 12
      vertex 9.44255 68.4532 12
      vertex 9.82592 68.1199 12
    endloop
  endfacet
  facet normal 0 0 1
    outer loop
      vertex 9.44898 68.4609 12
      vertex 9.43883 68.4562 12
      vertex 9.44255 68.4532 12
    endloop
  endfacet
  facet normal 0 0 1
    outer loop
      vertex 9.05022 68.7838 12
      vertex 9.43883 68.4562 12
      vertex 9.44898 68.4609 12
    endloop
  endfacet
  facet normal 0 0 1
    outer loop
      vertex 9.05022 68.7838 12
      vertex 9.04407 68.7759 12
      vertex 9.43883 68.4562 12
    endloop
  endfacet
  facet normal -0 0 1
    outer loop
      vertex 8.63838 69.0816 12
      vertex 9.05022 68.7838 12
      vertex 8.64044 69.0926 12
    endloop
  endfacet
  facet normal 0 0 1
    outer loop
      vertex 9.05022 68.7838 12
      vertex 8.63838 69.0816 12
      vertex 9.04407 68.7759 12
    endloop
  endfacet
  facet normal 0 0 1
    outer loop
      vertex 8.64044 69.0926 12
      vertex 8.63456 69.0845 12
      vertex 8.63838 69.0816 12
    endloop
  endfacet
  facet normal 0 0 1
    outer loop
      vertex 8.64044 69.0926 12
      vertex 8.63065 69.0872 12
      vertex 8.63456 69.0845 12
    endloop
  endfacet
  facet normal 0 0 1
    outer loop
      vertex 8.22013 69.3868 12
      vertex 8.63065 69.0872 12
      vertex 8.64044 69.0926 12
    endloop
  endfacet
  facet normal 0 0 1
    outer loop
      vertex 8.22013 69.3868 12
      vertex 8.21454 69.3786 12
      vertex 8.63065 69.0872 12
    endloop
  endfacet
  facet normal -0 0 1
    outer loop
      vertex 7.78852 69.6552 12
      vertex 8.22013 69.3868 12
      vertex 7.78981 69.6663 12
    endloop
  endfacet
  facet normal 0 0 1
    outer loop
      vertex 8.22013 69.3868 12
      vertex 7.78852 69.6552 12
      vertex 8.21454 69.3786 12
    endloop
  endfacet
  facet normal 0 0 1
    outer loop
      vertex 7.78981 69.6663 12
      vertex 7.78451 69.6578 12
      vertex 7.78852 69.6552 12
    endloop
  endfacet
  facet normal 0 0 1
    outer loop
      vertex 7.78981 69.6663 12
      vertex 7.78041 69.6603 12
      vertex 7.78451 69.6578 12
    endloop
  endfacet
  facet normal 0 0 1
    outer loop
      vertex 7.35 69.9306 12
      vertex 7.78041 69.6603 12
      vertex 7.78981 69.6663 12
    endloop
  endfacet
  facet normal 0 0 1
    outer loop
      vertex 7.35 69.9306 12
      vertex 7.345 69.9219 12
      vertex 7.78041 69.6603 12
    endloop
  endfacet
  facet normal -0 0 1
    outer loop
      vertex 6.90072 70.1682 12
      vertex 7.35 69.9306 12
      vertex 6.90123 70.1793 12
    endloop
  endfacet
  facet normal 0 0 1
    outer loop
      vertex 7.35 69.9306 12
      vertex 6.90072 70.1682 12
      vertex 7.345 69.9219 12
    endloop
  endfacet
  facet normal 0 0 1
    outer loop
      vertex 6.90123 70.1793 12
      vertex 6.89654 70.1705 12
      vertex 6.90072 70.1682 12
    endloop
  endfacet
  facet normal 0 0 1
    outer loop
      vertex 6.90123 70.1793 12
      vertex 6.89228 70.1727 12
      vertex 6.89654 70.1705 12
    endloop
  endfacet
  facet normal 0 0 1
    outer loop
      vertex 6.44406 70.4123 12
      vertex 6.89228 70.1727 12
      vertex 6.90123 70.1793 12
    endloop
  endfacet
  facet normal 0 0 1
    outer loop
      vertex 6.44406 70.4123 12
      vertex 6.43967 70.4033 12
      vertex 6.89228 70.1727 12
    endloop
  endfacet
  facet normal 0 0 1
    outer loop
      vertex 6.44406 70.4123 12
      vertex 6.43534 70.4053 12
      vertex 6.43967 70.4033 12
    endloop
  endfacet
  facet normal 0 0 1
    outer loop
      vertex 5.97903 70.6291 12
      vertex 6.43534 70.4053 12
      vertex 6.44406 70.4123 12
    endloop
  endfacet
  facet normal 0 0 1
    outer loop
      vertex 5.97903 70.6291 12
      vertex 5.97496 70.62 12
      vertex 6.43534 70.4053 12
    endloop
  endfacet
  facet normal 0 0 1
    outer loop
      vertex 5.97903 70.6291 12
      vertex 5.50737 70.8185 12
      vertex 5.97496 70.62 12
    endloop
  endfacet
  facet normal 0 0 1
    outer loop
      vertex 5.50672 70.8296 12
      vertex 5.50737 70.8185 12
      vertex 5.97903 70.6291 12
    endloop
  endfacet
  facet normal 0 0 1
    outer loop
      vertex 5.50672 70.8296 12
      vertex 5.50297 70.8203 12
      vertex 5.50737 70.8185 12
    endloop
  endfacet
  facet normal 0 0 1
    outer loop
      vertex 5.50672 70.8296 12
      vertex 5.49851 70.822 12
      vertex 5.50297 70.8203 12
    endloop
  endfacet
  facet normal 0 0 1
    outer loop
      vertex 5.0277 71.0135 12
      vertex 5.49851 70.822 12
      vertex 5.50672 70.8296 12
    endloop
  endfacet
  facet normal 0 0 1
    outer loop
      vertex 5.0277 71.0135 12
      vertex 5.02428 71.0041 12
      vertex 5.49851 70.822 12
    endloop
  endfacet
  facet normal 0 0 1
    outer loop
      vertex 5.0277 71.0135 12
      vertex 4.54398 71.1695 12
      vertex 5.02428 71.0041 12
    endloop
  endfacet
  facet normal 0 0 1
    outer loop
      vertex 4.54255 71.1805 12
      vertex 4.54398 71.1695 12
      vertex 5.0277 71.0135 12
    endloop
  endfacet
  facet normal 0 0 1
    outer loop
      vertex 4.54255 71.1805 12
      vertex 4.53946 71.171 12
      vertex 4.54398 71.1695 12
    endloop
  endfacet
  facet normal 0 0 1
    outer loop
      vertex 4.54255 71.1805 12
      vertex 4.53489 71.1724 12
      vertex 4.53946 71.171 12
    endloop
  endfacet
  facet normal 0 0 1
    outer loop
      vertex 4.05187 71.3305 12
      vertex 4.53489 71.1724 12
      vertex 4.54255 71.1805 12
    endloop
  endfacet
  facet normal 0 0 1
    outer loop
      vertex 4.05187 71.3305 12
      vertex 4.04911 71.3209 12
      vertex 4.53489 71.1724 12
    endloop
  endfacet
  facet normal 0 0 1
    outer loop
      vertex 4.05187 71.3305 12
      vertex 3.55845 71.4524 12
      vertex 4.04911 71.3209 12
    endloop
  endfacet
  facet normal 0 0 1
    outer loop
      vertex 3.55625 71.4633 12
      vertex 3.55845 71.4524 12
      vertex 4.05187 71.3305 12
    endloop
  endfacet
  facet normal 0 0 1
    outer loop
      vertex 3.55625 71.4633 12
      vertex 3.55383 71.4536 12
      vertex 3.55845 71.4524 12
    endloop
  endfacet
  facet normal 0 0 1
    outer loop
      vertex 3.55625 71.4633 12
      vertex 3.54917 71.4547 12
      vertex 3.55383 71.4536 12
    endloop
  endfacet
  facet normal 0 0 1
    outer loop
      vertex 3.0563 71.5788 12
      vertex 3.54917 71.4547 12
      vertex 3.55625 71.4633 12
    endloop
  endfacet
  facet normal 0 0 1
    outer loop
      vertex 3.0563 71.5788 12
      vertex 3.05422 71.569 12
      vertex 3.54917 71.4547 12
    endloop
  endfacet
  facet normal 0 0 1
    outer loop
      vertex 3.0563 71.5788 12
      vertex 3.04953 71.5699 12
      vertex 3.05422 71.569 12
    endloop
  endfacet
  facet normal 0 0 1
    outer loop
      vertex 2.55263 71.6767 12
      vertex 3.04953 71.5699 12
      vertex 3.0563 71.5788 12
    endloop
  endfacet
  facet normal 0 0 1
    outer loop
      vertex 2.55263 71.6767 12
      vertex 2.55089 71.6668 12
      vertex 3.04953 71.5699 12
    endloop
  endfacet
  facet normal 0 0 1
    outer loop
      vertex 2.55263 71.6767 12
      vertex 2.04918 71.7463 12
      vertex 2.55089 71.6668 12
    endloop
  endfacet
  facet normal 0 0 1
    outer loop
      vertex 2.04584 71.7569 12
      vertex 2.04918 71.7463 12
      vertex 2.55263 71.6767 12
    endloop
  endfacet
  facet normal 0 0 1
    outer loop
      vertex 2.04584 71.7569 12
      vertex 2.04445 71.747 12
      vertex 2.04918 71.7463 12
    endloop
  endfacet
  facet normal 0 0 1
    outer loop
      vertex 2.04584 71.7569 12
      vertex 1.54027 71.8089 12
      vertex 2.04445 71.747 12
    endloop
  endfacet
  facet normal 0 0 1
    outer loop
      vertex 1.53657 71.8195 12
      vertex 1.54027 71.8089 12
      vertex 2.04584 71.7569 12
    endloop
  endfacet
  facet normal 0 0 1
    outer loop
      vertex 1.53657 71.8195 12
      vertex 1.53552 71.8095 12
      vertex 1.54027 71.8089 12
    endloop
  endfacet
  facet normal 0 0 1
    outer loop
      vertex 1.53657 71.8195 12
      vertex 1.53076 71.8099 12
      vertex 1.53552 71.8095 12
    endloop
  endfacet
  facet normal 0 0 1
    outer loop
      vertex 1.02542 71.8642 12
      vertex 1.53076 71.8099 12
      vertex 1.53657 71.8195 12
    endloop
  endfacet
  facet normal 0 0 1
    outer loop
      vertex 1.02542 71.8642 12
      vertex 1.02472 71.8542 12
      vertex 1.53076 71.8099 12
    endloop
  endfacet
  facet normal 0 0 1
    outer loop
      vertex 1.02542 71.8642 12
      vertex 1.01995 71.8545 12
      vertex 1.02472 71.8542 12
    endloop
  endfacet
  facet normal 0 0 1
    outer loop
      vertex 0.513022 71.891 12
      vertex 1.01995 71.8545 12
      vertex 1.02542 71.8642 12
    endloop
  endfacet
  facet normal 0 0 1
    outer loop
      vertex 0.513022 71.891 12
      vertex 0.512673 71.8811 12
      vertex 1.01995 71.8545 12
    endloop
  endfacet
  facet normal 0 0 1
    outer loop
      vertex 0.513022 71.891 12
      vertex 0.00478134 71.8899 12
      vertex 0.512673 71.8811 12
    endloop
  endfacet
  facet normal 0 0 1
    outer loop
      vertex 0 71.9 12
      vertex 0.00478134 71.8899 12
      vertex 0.513022 71.891 12
    endloop
  endfacet
  facet normal 0 0 1
    outer loop
      vertex 0 71.9 12
      vertex 0 71.89 12
      vertex 0.00478134 71.8899 12
    endloop
  endfacet
  facet normal 0 0 1
    outer loop
      vertex 0 71.9 12
      vertex -0.00478134 71.8899 12
      vertex 0 71.89 12
    endloop
  endfacet
  facet normal -0 0 1
    outer loop
      vertex -0.513022 71.891 12
      vertex -0.00478134 71.8899 12
      vertex 0 71.9 12
    endloop
  endfacet
  facet normal 0 0 1
    outer loop
      vertex -0.00478134 71.8899 12
      vertex -0.513022 71.891 12
      vertex -0.512673 71.8811 12
    endloop
  endfacet
  facet normal 0 0 1
    outer loop
      vertex -0.513022 71.891 12
      vertex -1.01995 71.8545 12
      vertex -0.512673 71.8811 12
    endloop
  endfacet
  facet normal -0 0 1
    outer loop
      vertex -1.02542 71.8642 12
      vertex -1.01995 71.8545 12
      vertex -0.513022 71.891 12
    endloop
  endfacet
  facet normal 0 0 1
    outer loop
      vertex -1.01995 71.8545 12
      vertex -1.02542 71.8642 12
      vertex -1.02472 71.8542 12
    endloop
  endfacet
  facet normal 0 0 1
    outer loop
      vertex -1.02542 71.8642 12
      vertex -1.53076 71.8099 12
      vertex -1.02472 71.8542 12
    endloop
  endfacet
  facet normal -0 0 1
    outer loop
      vertex -1.53657 71.8195 12
      vertex -1.53076 71.8099 12
      vertex -1.02542 71.8642 12
    endloop
  endfacet
  facet normal 0 0 1
    outer loop
      vertex -1.53076 71.8099 12
      vertex -1.53657 71.8195 12
      vertex -1.53552 71.8095 12
    endloop
  endfacet
  facet normal 0 0 1
    outer loop
      vertex -1.53657 71.8195 12
      vertex -1.54027 71.8089 12
      vertex -1.53552 71.8095 12
    endloop
  endfacet
  facet normal 0 0 1
    outer loop
      vertex -2.04584 71.7569 12
      vertex -1.54027 71.8089 12
      vertex -1.53657 71.8195 12
    endloop
  endfacet
  facet normal 0 0 1
    outer loop
      vertex -1.54027 71.8089 12
      vertex -2.04584 71.7569 12
      vertex -2.04445 71.747 12
    endloop
  endfacet
  facet normal 0 0 1
    outer loop
      vertex -2.04584 71.7569 12
      vertex -2.04918 71.7463 12
      vertex -2.04445 71.747 12
    endloop
  endfacet
  facet normal 0 0 1
    outer loop
      vertex -2.55263 71.6767 12
      vertex -2.04918 71.7463 12
      vertex -2.04584 71.7569 12
    endloop
  endfacet
  facet normal 0 0 1
    outer loop
      vertex -2.04918 71.7463 12
      vertex -2.55263 71.6767 12
      vertex -2.55089 71.6668 12
    endloop
  endfacet
  facet normal 0 0 1
    outer loop
      vertex -2.55263 71.6767 12
      vertex -3.04953 71.5699 12
      vertex -2.55089 71.6668 12
    endloop
  endfacet
  facet normal -0 0 1
    outer loop
      vertex -3.0563 71.5788 12
      vertex -3.04953 71.5699 12
      vertex -2.55263 71.6767 12
    endloop
  endfacet
  facet normal 0 0 1
    outer loop
      vertex -3.04953 71.5699 12
      vertex -3.0563 71.5788 12
      vertex -3.05422 71.569 12
    endloop
  endfacet
  facet normal 0 0 1
    outer loop
      vertex -3.0563 71.5788 12
      vertex -3.54917 71.4547 12
      vertex -3.05422 71.569 12
    endloop
  endfacet
  facet normal -0 0 1
    outer loop
      vertex -3.55625 71.4633 12
      vertex -3.54917 71.4547 12
      vertex -3.0563 71.5788 12
    endloop
  endfacet
  facet normal 0 0 1
    outer loop
      vertex -3.54917 71.4547 12
      vertex -3.55625 71.4633 12
      vertex -3.55383 71.4536 12
    endloop
  endfacet
  facet normal 0 0 1
    outer loop
      vertex -3.55625 71.4633 12
      vertex -3.55845 71.4524 12
      vertex -3.55383 71.4536 12
    endloop
  endfacet
  facet normal 0 0 1
    outer loop
      vertex -4.05187 71.3305 12
      vertex -3.55845 71.4524 12
      vertex -3.55625 71.4633 12
    endloop
  endfacet
  facet normal 0 0 1
    outer loop
      vertex -3.55845 71.4524 12
      vertex -4.05187 71.3305 12
      vertex -4.04911 71.3209 12
    endloop
  endfacet
  facet normal 0 0 1
    outer loop
      vertex -4.05187 71.3305 12
      vertex -4.53489 71.1724 12
      vertex -4.04911 71.3209 12
    endloop
  endfacet
  facet normal -0 0 1
    outer loop
      vertex -4.54255 71.1805 12
      vertex -4.53489 71.1724 12
      vertex -4.05187 71.3305 12
    endloop
  endfacet
  facet normal 0 0 1
    outer loop
      vertex -4.53489 71.1724 12
      vertex -4.54255 71.1805 12
      vertex -4.53946 71.171 12
    endloop
  endfacet
  facet normal 0 0 1
    outer loop
      vertex -4.54255 71.1805 12
      vertex -4.54398 71.1695 12
      vertex -4.53946 71.171 12
    endloop
  endfacet
  facet normal 0 0 1
    outer loop
      vertex -5.0277 71.0135 12
      vertex -4.54398 71.1695 12
      vertex -4.54255 71.1805 12
    endloop
  endfacet
  facet normal 0 0 1
    outer loop
      vertex -4.54398 71.1695 12
      vertex -5.0277 71.0135 12
      vertex -5.02428 71.0041 12
    endloop
  endfacet
  facet normal 0 0 1
    outer loop
      vertex -5.0277 71.0135 12
      vertex -5.49851 70.822 12
      vertex -5.02428 71.0041 12
    endloop
  endfacet
  facet normal -0 0 1
    outer loop
      vertex -5.50672 70.8296 12
      vertex -5.49851 70.822 12
      vertex -5.0277 71.0135 12
    endloop
  endfacet
  facet normal 0 0 1
    outer loop
      vertex -5.49851 70.822 12
      vertex -5.50672 70.8296 12
      vertex -5.50297 70.8203 12
    endloop
  endfacet
  facet normal 0 0 1
    outer loop
      vertex -5.50672 70.8296 12
      vertex -5.50737 70.8185 12
      vertex -5.50297 70.8203 12
    endloop
  endfacet
  facet normal 0 0 1
    outer loop
      vertex -5.97903 70.6291 12
      vertex -5.50737 70.8185 12
      vertex -5.50672 70.8296 12
    endloop
  endfacet
  facet normal 0 0 1
    outer loop
      vertex -5.50737 70.8185 12
      vertex -5.97903 70.6291 12
      vertex -5.97496 70.62 12
    endloop
  endfacet
  facet normal 0 0 1
    outer loop
      vertex -5.97903 70.6291 12
      vertex -6.43534 70.4053 12
      vertex -5.97496 70.62 12
    endloop
  endfacet
  facet normal -0 0 1
    outer loop
      vertex -6.44406 70.4123 12
      vertex -6.43534 70.4053 12
      vertex -5.97903 70.6291 12
    endloop
  endfacet
  facet normal 0 0 1
    outer loop
      vertex -6.43534 70.4053 12
      vertex -6.44406 70.4123 12
      vertex -6.43967 70.4033 12
    endloop
  endfacet
  facet normal 0 0 1
    outer loop
      vertex -6.44406 70.4123 12
      vertex -6.89228 70.1727 12
      vertex -6.43967 70.4033 12
    endloop
  endfacet
  facet normal -0 0 1
    outer loop
      vertex -6.90123 70.1793 12
      vertex -6.89228 70.1727 12
      vertex -6.44406 70.4123 12
    endloop
  endfacet
  facet normal 0 0 1
    outer loop
      vertex -6.89228 70.1727 12
      vertex -6.90123 70.1793 12
      vertex -6.89654 70.1705 12
    endloop
  endfacet
  facet normal 0 0 1
    outer loop
      vertex -6.90123 70.1793 12
      vertex -6.90072 70.1682 12
      vertex -6.89654 70.1705 12
    endloop
  endfacet
  facet normal 0 0 1
    outer loop
      vertex -7.35 69.9306 12
      vertex -6.90072 70.1682 12
      vertex -6.90123 70.1793 12
    endloop
  endfacet
  facet normal 0 0 1
    outer loop
      vertex -6.90072 70.1682 12
      vertex -7.35 69.9306 12
      vertex -7.345 69.9219 12
    endloop
  endfacet
  facet normal 0 0 1
    outer loop
      vertex -7.35 69.9306 12
      vertex -7.78041 69.6603 12
      vertex -7.345 69.9219 12
    endloop
  endfacet
  facet normal -0 0 1
    outer loop
      vertex -7.78981 69.6663 12
      vertex -7.78041 69.6603 12
      vertex -7.35 69.9306 12
    endloop
  endfacet
  facet normal 0 0 1
    outer loop
      vertex -7.78041 69.6603 12
      vertex -7.78981 69.6663 12
      vertex -7.78451 69.6578 12
    endloop
  endfacet
  facet normal 0 0 1
    outer loop
      vertex -7.78981 69.6663 12
      vertex -7.78852 69.6552 12
      vertex -7.78451 69.6578 12
    endloop
  endfacet
  facet normal 0 0 1
    outer loop
      vertex -8.22013 69.3868 12
      vertex -7.78852 69.6552 12
      vertex -7.78981 69.6663 12
    endloop
  endfacet
  facet normal 0 0 1
    outer loop
      vertex -7.78852 69.6552 12
      vertex -8.22013 69.3868 12
      vertex -8.21454 69.3786 12
    endloop
  endfacet
  facet normal 0 0 1
    outer loop
      vertex -8.22013 69.3868 12
      vertex -8.63065 69.0872 12
      vertex -8.21454 69.3786 12
    endloop
  endfacet
  facet normal -0 0 1
    outer loop
      vertex -8.64044 69.0926 12
      vertex -8.63065 69.0872 12
      vertex -8.22013 69.3868 12
    endloop
  endfacet
  facet normal 0 0 1
    outer loop
      vertex -8.63065 69.0872 12
      vertex -8.64044 69.0926 12
      vertex -8.63456 69.0845 12
    endloop
  endfacet
  facet normal 0 0 1
    outer loop
      vertex -8.64044 69.0926 12
      vertex -8.63838 69.0816 12
      vertex -8.63456 69.0845 12
    endloop
  endfacet
  facet normal 0 0 1
    outer loop
      vertex -9.05022 68.7838 12
      vertex -8.63838 69.0816 12
      vertex -8.64044 69.0926 12
    endloop
  endfacet
  facet normal 0 0 1
    outer loop
      vertex -8.63838 69.0816 12
      vertex -9.05022 68.7838 12
      vertex -9.04407 68.7759 12
    endloop
  endfacet
  facet normal 0 0 1
    outer loop
      vertex -9.05022 68.7838 12
      vertex -9.43883 68.4562 12
      vertex -9.04407 68.7759 12
    endloop
  endfacet
  facet normal -0 0 1
    outer loop
      vertex -9.44898 68.4609 12
      vertex -9.43883 68.4562 12
      vertex -9.05022 68.7838 12
    endloop
  endfacet
  facet normal 0 0 1
    outer loop
      vertex -9.43883 68.4562 12
      vertex -9.44898 68.4609 12
      vertex -9.44255 68.4532 12
    endloop
  endfacet
  facet normal 0 0 1
    outer loop
      vertex -9.44898 68.4609 12
      vertex -9.82592 68.1199 12
      vertex -9.44255 68.4532 12
    endloop
  endfacet
  facet normal -0 0 1
    outer loop
      vertex -9.83622 68.1242 12
      vertex -9.82592 68.1199 12
      vertex -9.44898 68.4609 12
    endloop
  endfacet
  facet normal 0 0 1
    outer loop
      vertex -9.82592 68.1199 12
      vertex -9.83622 68.1242 12
      vertex -9.82953 68.1168 12
    endloop
  endfacet
  facet normal 0 0 1
    outer loop
      vertex -9.83622 68.1242 12
      vertex -9.83303 68.1135 12
      vertex -9.82953 68.1168 12
    endloop
  endfacet
  facet normal 0 0 1
    outer loop
      vertex -10.2115 67.7743 12
      vertex -9.83303 68.1135 12
      vertex -9.83622 68.1242 12
    endloop
  endfacet
  facet normal 0 0 1
    outer loop
      vertex -9.83303 68.1135 12
      vertex -10.2115 67.7743 12
      vertex -10.2045 67.7671 12
    endloop
  endfacet
  facet normal 0 0 1
    outer loop
      vertex -10.2115 67.7743 12
      vertex -10.5671 67.4045 12
      vertex -10.2045 67.7671 12
    endloop
  endfacet
  facet normal -0 0 1
    outer loop
      vertex -10.5743 67.4115 12
      vertex -10.5671 67.4045 12
      vertex -10.2115 67.7743 12
    endloop
  endfacet
  facet normal 0 0 1
    outer loop
      vertex -10.5743 67.4115 12
      vertex -10.9135 67.033 12
      vertex -10.5671 67.4045 12
    endloop
  endfacet
  facet normal -0 0 1
    outer loop
      vertex -10.9242 67.0362 12
      vertex -10.9135 67.033 12
      vertex -10.5743 67.4115 12
    endloop
  endfacet
  facet normal 0 0 1
    outer loop
      vertex -10.9135 67.033 12
      vertex -10.9242 67.0362 12
      vertex -10.9168 67.0295 12
    endloop
  endfacet
  facet normal 0 0 1
    outer loop
      vertex -10.9242 67.0362 12
      vertex -10.9199 67.0259 12
      vertex -10.9168 67.0295 12
    endloop
  endfacet
  facet normal 0 0 1
    outer loop
      vertex -11.2609 66.649 12
      vertex -10.9199 67.0259 12
      vertex -10.9242 67.0362 12
    endloop
  endfacet
  facet normal 0 0 1
    outer loop
      vertex -10.9199 67.0259 12
      vertex -11.2609 66.649 12
      vertex -11.2532 66.6425 12
    endloop
  endfacet
  facet normal 0 0 1
    outer loop
      vertex -11.2609 66.649 12
      vertex -11.2562 66.6388 12
      vertex -11.2532 66.6425 12
    endloop
  endfacet
  facet normal 0 0 1
    outer loop
      vertex -11.5838 66.2502 12
      vertex -11.2562 66.6388 12
      vertex -11.2609 66.649 12
    endloop
  endfacet
  facet normal 0 0 1
    outer loop
      vertex -11.2562 66.6388 12
      vertex -11.5838 66.2502 12
      vertex -11.5759 66.2441 12
    endloop
  endfacet
  facet normal 0 0 1
    outer loop
      vertex -11.5838 66.2502 12
      vertex -11.8816 65.8384 12
      vertex -11.5759 66.2441 12
    endloop
  endfacet
  facet normal -0 0 1
    outer loop
      vertex -11.8925 65.8404 12
      vertex -11.8816 65.8384 12
      vertex -11.5838 66.2502 12
    endloop
  endfacet
  facet normal 0 0 1
    outer loop
      vertex -11.8816 65.8384 12
      vertex -11.8925 65.8404 12
      vertex -11.8845 65.8346 12
    endloop
  endfacet
  facet normal 0 0 1
    outer loop
      vertex -11.8925 65.8404 12
      vertex -11.8872 65.8307 12
      vertex -11.8845 65.8346 12
    endloop
  endfacet
  facet normal 0 0 1
    outer loop
      vertex -12.1869 65.4201 12
      vertex -11.8872 65.8307 12
      vertex -11.8925 65.8404 12
    endloop
  endfacet
  facet normal 0 0 1
    outer loop
      vertex -11.8872 65.8307 12
      vertex -12.1869 65.4201 12
      vertex -12.1786 65.4145 12
    endloop
  endfacet
  facet normal 0 0 1
    outer loop
      vertex -12.1869 65.4201 12
      vertex -12.4552 64.9885 12
      vertex -12.1786 65.4145 12
    endloop
  endfacet
  facet normal -0 0 1
    outer loop
      vertex -12.4663 64.9898 12
      vertex -12.4552 64.9885 12
      vertex -12.1869 65.4201 12
    endloop
  endfacet
  facet normal 0 0 1
    outer loop
      vertex -12.4552 64.9885 12
      vertex -12.4663 64.9898 12
      vertex -12.4578 64.9845 12
    endloop
  endfacet
  facet normal 0 0 1
    outer loop
      vertex -12.4663 64.9898 12
      vertex -12.4603 64.9804 12
      vertex -12.4578 64.9845 12
    endloop
  endfacet
  facet normal 0 0 1
    outer loop
      vertex -12.7306 64.55 12
      vertex -12.4603 64.9804 12
      vertex -12.4663 64.9898 12
    endloop
  endfacet
  facet normal 0 0 1
    outer loop
      vertex -12.4603 64.9804 12
      vertex -12.7306 64.55 12
      vertex -12.7219 64.545 12
    endloop
  endfacet
  facet normal 0 0 1
    outer loop
      vertex -12.7306 64.55 12
      vertex -12.9682 64.1007 12
      vertex -12.7219 64.545 12
    endloop
  endfacet
  facet normal -0 0 1
    outer loop
      vertex -12.9793 64.1012 12
      vertex -12.9682 64.1007 12
      vertex -12.7306 64.55 12
    endloop
  endfacet
  facet normal 0 0 1
    outer loop
      vertex -12.9682 64.1007 12
      vertex -12.9793 64.1012 12
      vertex -12.9705 64.0965 12
    endloop
  endfacet
  facet normal 0 0 1
    outer loop
      vertex -12.9793 64.1012 12
      vertex -12.9727 64.0923 12
      vertex -12.9705 64.0965 12
    endloop
  endfacet
  facet normal 0 0 1
    outer loop
      vertex -13.2123 63.6441 12
      vertex -12.9727 64.0923 12
      vertex -12.9793 64.1012 12
    endloop
  endfacet
  facet normal 0 0 1
    outer loop
      vertex -12.9727 64.0923 12
      vertex -13.2123 63.6441 12
      vertex -13.2033 63.6397 12
    endloop
  endfacet
  facet normal 0 0 1
    outer loop
      vertex -13.2123 63.6441 12
      vertex -13.2053 63.6353 12
      vertex -13.2033 63.6397 12
    endloop
  endfacet
  facet normal 0 0 1
    outer loop
      vertex -13.4291 63.179 12
      vertex -13.2053 63.6353 12
      vertex -13.2123 63.6441 12
    endloop
  endfacet
  facet normal 0 0 1
    outer loop
      vertex -13.2053 63.6353 12
      vertex -13.4291 63.179 12
      vertex -13.42 63.175 12
    endloop
  endfacet
  facet normal 0 0 1
    outer loop
      vertex -13.4291 63.179 12
      vertex -13.6185 62.7074 12
      vertex -13.42 63.175 12
    endloop
  endfacet
  facet normal 0 0 1
    outer loop
      vertex -13.6296 62.7067 12
      vertex -13.6185 62.7074 12
      vertex -13.4291 63.179 12
    endloop
  endfacet
  facet normal 0 0 1
    outer loop
      vertex -13.6185 62.7074 12
      vertex -13.6296 62.7067 12
      vertex -13.6203 62.703 12
    endloop
  endfacet
  facet normal 0 0 1
    outer loop
      vertex -13.6296 62.7067 12
      vertex -13.622 62.6985 12
      vertex -13.6203 62.703 12
    endloop
  endfacet
  facet normal 0 0 1
    outer loop
      vertex -13.8135 62.2277 12
      vertex -13.622 62.6985 12
      vertex -13.6296 62.7067 12
    endloop
  endfacet
  facet normal 0 0 1
    outer loop
      vertex -13.622 62.6985 12
      vertex -13.8135 62.2277 12
      vertex -13.8041 62.2243 12
    endloop
  endfacet
  facet normal 0 0 1
    outer loop
      vertex -13.8135 62.2277 12
      vertex -13.9695 61.744 12
      vertex -13.8041 62.2243 12
    endloop
  endfacet
  facet normal 0 0 1
    outer loop
      vertex -13.9805 61.7425 12
      vertex -13.9695 61.744 12
      vertex -13.8135 62.2277 12
    endloop
  endfacet
  facet normal 0 0 1
    outer loop
      vertex -13.9695 61.744 12
      vertex -13.9805 61.7425 12
      vertex -13.971 61.7395 12
    endloop
  endfacet
  facet normal 0 0 1
    outer loop
      vertex -13.9805 61.7425 12
      vertex -13.9724 61.7349 12
      vertex -13.971 61.7395 12
    endloop
  endfacet
  facet normal 0 0 1
    outer loop
      vertex -14.1305 61.2519 12
      vertex -13.9724 61.7349 12
      vertex -13.9805 61.7425 12
    endloop
  endfacet
  facet normal 0 0 1
    outer loop
      vertex -13.9724 61.7349 12
      vertex -14.1305 61.2519 12
      vertex -14.1209 61.2491 12
    endloop
  endfacet
  facet normal 0 0 1
    outer loop
      vertex -14.1305 61.2519 12
      vertex -14.2524 60.7584 12
      vertex -14.1209 61.2491 12
    endloop
  endfacet
  facet normal 0 0 1
    outer loop
      vertex -14.2633 60.7563 12
      vertex -14.2524 60.7584 12
      vertex -14.1305 61.2519 12
    endloop
  endfacet
  facet normal 0 0 1
    outer loop
      vertex -14.2524 60.7584 12
      vertex -14.2633 60.7563 12
      vertex -14.2536 60.7538 12
    endloop
  endfacet
  facet normal 0 0 1
    outer loop
      vertex -14.2633 60.7563 12
      vertex -14.2547 60.7492 12
      vertex -14.2536 60.7538 12
    endloop
  endfacet
  facet normal 0 0 1
    outer loop
      vertex -14.3788 60.2563 12
      vertex -14.2547 60.7492 12
      vertex -14.2633 60.7563 12
    endloop
  endfacet
  facet normal 0 0 1
    outer loop
      vertex -14.2547 60.7492 12
      vertex -14.3788 60.2563 12
      vertex -14.369 60.2542 12
    endloop
  endfacet
  facet normal 0 0 1
    outer loop
      vertex -14.3788 60.2563 12
      vertex -14.3699 60.2495 12
      vertex -14.369 60.2542 12
    endloop
  endfacet
  facet normal 0 0 1
    outer loop
      vertex -14.4767 59.7526 12
      vertex -14.3699 60.2495 12
      vertex -14.3788 60.2563 12
    endloop
  endfacet
  facet normal 0 0 1
    outer loop
      vertex -14.3699 60.2495 12
      vertex -14.4767 59.7526 12
      vertex -14.4668 59.7509 12
    endloop
  endfacet
  facet normal 0 0 1
    outer loop
      vertex -14.4767 59.7526 12
      vertex -14.5463 59.2492 12
      vertex -14.4668 59.7509 12
    endloop
  endfacet
  facet normal 0 0 1
    outer loop
      vertex -14.5569 59.2458 12
      vertex -14.5463 59.2492 12
      vertex -14.4767 59.7526 12
    endloop
  endfacet
  facet normal 0 0 1
    outer loop
      vertex -14.5463 59.2492 12
      vertex -14.5569 59.2458 12
      vertex -14.547 59.2445 12
    endloop
  endfacet
  facet normal 0 0 1
    outer loop
      vertex -14.5569 59.2458 12
      vertex -14.6089 58.7403 12
      vertex -14.547 59.2445 12
    endloop
  endfacet
  facet normal 0 0 1
    outer loop
      vertex -14.6195 58.7366 12
      vertex -14.6089 58.7403 12
      vertex -14.5569 59.2458 12
    endloop
  endfacet
  facet normal 0 0 1
    outer loop
      vertex -14.6089 58.7403 12
      vertex -14.6195 58.7366 12
      vertex -14.6095 58.7355 12
    endloop
  endfacet
  facet normal 0 0 1
    outer loop
      vertex -14.6195 58.7366 12
      vertex -14.6099 58.7308 12
      vertex -14.6095 58.7355 12
    endloop
  endfacet
  facet normal 0 0 1
    outer loop
      vertex -14.6642 58.2254 12
      vertex -14.6099 58.7308 12
      vertex -14.6195 58.7366 12
    endloop
  endfacet
  facet normal 0 0 1
    outer loop
      vertex -14.6099 58.7308 12
      vertex -14.6642 58.2254 12
      vertex -14.6542 58.2247 12
    endloop
  endfacet
  facet normal 0 0 1
    outer loop
      vertex -14.6642 58.2254 12
      vertex -14.6545 58.2199 12
      vertex -14.6542 58.2247 12
    endloop
  endfacet
  facet normal 0 0 1
    outer loop
      vertex -14.691 57.713 12
      vertex -14.6545 58.2199 12
      vertex -14.6642 58.2254 12
    endloop
  endfacet
  facet normal 0 0 1
    outer loop
      vertex -14.691 57.713 12
      vertex -14.6899 57.2048 12
      vertex -14.6811 57.7127 12
    endloop
  endfacet
  facet normal 0 0 1
    outer loop
      vertex -14.7 57.2 12
      vertex -14.6899 57.2048 12
      vertex -14.691 57.713 12
    endloop
  endfacet
  facet normal 0 0 1
    outer loop
      vertex -14.6545 58.2199 12
      vertex -14.691 57.713 12
      vertex -14.6811 57.7127 12
    endloop
  endfacet
  facet normal 0 0 1
    outer loop
      vertex 14.7 57.2 12
      vertex 14.6899 57.1952 12
      vertex 14.691 56.687 12
    endloop
  endfacet
  facet normal -0 0 1
    outer loop
      vertex 14.6811 56.6873 12
      vertex 14.691 56.687 12
      vertex 14.6899 57.1952 12
    endloop
  endfacet
  facet normal 0 0 1
    outer loop
      vertex 14.6545 56.1801 12
      vertex 14.691 56.687 12
      vertex 14.6811 56.6873 12
    endloop
  endfacet
  facet normal 0 0 1
    outer loop
      vertex 14.691 56.687 12
      vertex 14.6545 56.1801 12
      vertex 14.6642 56.1746 12
    endloop
  endfacet
  facet normal -0 0 1
    outer loop
      vertex 14.6542 56.1753 12
      vertex 14.6642 56.1746 12
      vertex 14.6545 56.1801 12
    endloop
  endfacet
  facet normal 0 0 1
    outer loop
      vertex 14.6099 55.6692 12
      vertex 14.6642 56.1746 12
      vertex 14.6542 56.1753 12
    endloop
  endfacet
  facet normal 0 0 1
    outer loop
      vertex 14.6642 56.1746 12
      vertex 14.6099 55.6692 12
      vertex 14.6195 55.6634 12
    endloop
  endfacet
  facet normal -0 0 1
    outer loop
      vertex 14.6095 55.6645 12
      vertex 14.6195 55.6634 12
      vertex 14.6099 55.6692 12
    endloop
  endfacet
  facet normal 0 0 1
    outer loop
      vertex 14.6089 55.6597 12
      vertex 14.6195 55.6634 12
      vertex 14.6095 55.6645 12
    endloop
  endfacet
  facet normal -0 0 1
    outer loop
      vertex 14.6089 55.6597 12
      vertex 14.5569 55.1542 12
      vertex 14.6195 55.6634 12
    endloop
  endfacet
  facet normal -0 0 1
    outer loop
      vertex 14.547 55.1555 12
      vertex 14.5569 55.1542 12
      vertex 14.6089 55.6597 12
    endloop
  endfacet
  facet normal 0 0 1
    outer loop
      vertex 14.5463 55.1508 12
      vertex 14.5569 55.1542 12
      vertex 14.547 55.1555 12
    endloop
  endfacet
  facet normal -0 0 1
    outer loop
      vertex 14.5463 55.1508 12
      vertex 14.4767 54.6474 12
      vertex 14.5569 55.1542 12
    endloop
  endfacet
  facet normal -0 0 1
    outer loop
      vertex 14.4668 54.6491 12
      vertex 14.4767 54.6474 12
      vertex 14.5463 55.1508 12
    endloop
  endfacet
  facet normal 0 0 1
    outer loop
      vertex 14.3699 54.1505 12
      vertex 14.4767 54.6474 12
      vertex 14.4668 54.6491 12
    endloop
  endfacet
  facet normal 0 0 1
    outer loop
      vertex 14.4767 54.6474 12
      vertex 14.3699 54.1505 12
      vertex 14.3788 54.1437 12
    endloop
  endfacet
  facet normal -0 0 1
    outer loop
      vertex 14.369 54.1458 12
      vertex 14.3788 54.1437 12
      vertex 14.3699 54.1505 12
    endloop
  endfacet
  facet normal 0 0 1
    outer loop
      vertex 14.2547 53.6508 12
      vertex 14.3788 54.1437 12
      vertex 14.369 54.1458 12
    endloop
  endfacet
  facet normal 0 0 1
    outer loop
      vertex 14.3788 54.1437 12
      vertex 14.2547 53.6508 12
      vertex 14.2633 53.6437 12
    endloop
  endfacet
  facet normal -0 0 1
    outer loop
      vertex 14.2536 53.6462 12
      vertex 14.2633 53.6437 12
      vertex 14.2547 53.6508 12
    endloop
  endfacet
  facet normal 0 0 1
    outer loop
      vertex 14.2524 53.6415 12
      vertex 14.2633 53.6437 12
      vertex 14.2536 53.6462 12
    endloop
  endfacet
  facet normal -0 0 1
    outer loop
      vertex 14.2524 53.6415 12
      vertex 14.1305 53.1481 12
      vertex 14.2633 53.6437 12
    endloop
  endfacet
  facet normal -0 0 1
    outer loop
      vertex 14.1209 53.1509 12
      vertex 14.1305 53.1481 12
      vertex 14.2524 53.6415 12
    endloop
  endfacet
  facet normal 0 0 1
    outer loop
      vertex 13.9724 52.6651 12
      vertex 14.1305 53.1481 12
      vertex 14.1209 53.1509 12
    endloop
  endfacet
  facet normal 0 0 1
    outer loop
      vertex 14.1305 53.1481 12
      vertex 13.9724 52.6651 12
      vertex 13.9805 52.6575 12
    endloop
  endfacet
  facet normal -0 0 1
    outer loop
      vertex 13.971 52.6605 12
      vertex 13.9805 52.6575 12
      vertex 13.9724 52.6651 12
    endloop
  endfacet
  facet normal 0 0 1
    outer loop
      vertex 13.9695 52.656 12
      vertex 13.9805 52.6575 12
      vertex 13.971 52.6605 12
    endloop
  endfacet
  facet normal -0 0 1
    outer loop
      vertex 13.9695 52.656 12
      vertex 13.8135 52.1723 12
      vertex 13.9805 52.6575 12
    endloop
  endfacet
  facet normal -0 0 1
    outer loop
      vertex 13.8041 52.1757 12
      vertex 13.8135 52.1723 12
      vertex 13.9695 52.656 12
    endloop
  endfacet
  facet normal 0 0 1
    outer loop
      vertex 13.622 51.7015 12
      vertex 13.8135 52.1723 12
      vertex 13.8041 52.1757 12
    endloop
  endfacet
  facet normal 0 0 1
    outer loop
      vertex 13.8135 52.1723 12
      vertex 13.622 51.7015 12
      vertex 13.6296 51.6933 12
    endloop
  endfacet
  facet normal -0 0 1
    outer loop
      vertex 13.6203 51.697 12
      vertex 13.6296 51.6933 12
      vertex 13.622 51.7015 12
    endloop
  endfacet
  facet normal 0 0 1
    outer loop
      vertex 13.6185 51.6926 12
      vertex 13.6296 51.6933 12
      vertex 13.6203 51.697 12
    endloop
  endfacet
  facet normal -0 0 1
    outer loop
      vertex 13.6185 51.6926 12
      vertex 13.4291 51.221 12
      vertex 13.6296 51.6933 12
    endloop
  endfacet
  facet normal -0 0 1
    outer loop
      vertex 13.42 51.225 12
      vertex 13.4291 51.221 12
      vertex 13.6185 51.6926 12
    endloop
  endfacet
  facet normal 0 0 1
    outer loop
      vertex 13.2053 50.7647 12
      vertex 13.4291 51.221 12
      vertex 13.42 51.225 12
    endloop
  endfacet
  facet normal 0 0 1
    outer loop
      vertex 13.4291 51.221 12
      vertex 13.2053 50.7647 12
      vertex 13.2123 50.7559 12
    endloop
  endfacet
  facet normal -0 0 1
    outer loop
      vertex 13.2033 50.7603 12
      vertex 13.2123 50.7559 12
      vertex 13.2053 50.7647 12
    endloop
  endfacet
  facet normal 0 0 1
    outer loop
      vertex 12.9727 50.3077 12
      vertex 13.2123 50.7559 12
      vertex 13.2033 50.7603 12
    endloop
  endfacet
  facet normal 0 0 1
    outer loop
      vertex 13.2123 50.7559 12
      vertex 12.9727 50.3077 12
      vertex 12.9793 50.2988 12
    endloop
  endfacet
  facet normal -0 0 1
    outer loop
      vertex 12.9705 50.3035 12
      vertex 12.9793 50.2988 12
      vertex 12.9727 50.3077 12
    endloop
  endfacet
  facet normal -0 0 1
    outer loop
      vertex 12.9682 50.2993 12
      vertex 12.9793 50.2988 12
      vertex 12.9705 50.3035 12
    endloop
  endfacet
  facet normal 0 0 1
    outer loop
      vertex 12.9682 50.2993 12
      vertex 12.7306 49.85 12
      vertex 12.9793 50.2988 12
    endloop
  endfacet
  facet normal -0 0 1
    outer loop
      vertex 12.7219 49.855 12
      vertex 12.7306 49.85 12
      vertex 12.9682 50.2993 12
    endloop
  endfacet
  facet normal 0 0 1
    outer loop
      vertex 12.4603 49.4196 12
      vertex 12.7306 49.85 12
      vertex 12.7219 49.855 12
    endloop
  endfacet
  facet normal 0 0 1
    outer loop
      vertex 12.7306 49.85 12
      vertex 12.4603 49.4196 12
      vertex 12.4663 49.4102 12
    endloop
  endfacet
  facet normal -0 0 1
    outer loop
      vertex 12.4578 49.4155 12
      vertex 12.4663 49.4102 12
      vertex 12.4603 49.4196 12
    endloop
  endfacet
  facet normal -0 0 1
    outer loop
      vertex 12.4552 49.4115 12
      vertex 12.4663 49.4102 12
      vertex 12.4578 49.4155 12
    endloop
  endfacet
  facet normal 0 0 1
    outer loop
      vertex 12.4552 49.4115 12
      vertex 12.1869 48.9799 12
      vertex 12.4663 49.4102 12
    endloop
  endfacet
  facet normal -0 0 1
    outer loop
      vertex 12.1786 48.9855 12
      vertex 12.1869 48.9799 12
      vertex 12.4552 49.4115 12
    endloop
  endfacet
  facet normal 0 0 1
    outer loop
      vertex 11.8872 48.5694 12
      vertex 12.1869 48.9799 12
      vertex 12.1786 48.9855 12
    endloop
  endfacet
  facet normal 0 0 1
    outer loop
      vertex 12.1869 48.9799 12
      vertex 11.8872 48.5694 12
      vertex 11.8925 48.5596 12
    endloop
  endfacet
  facet normal -0 0 1
    outer loop
      vertex 11.8845 48.5654 12
      vertex 11.8925 48.5596 12
      vertex 11.8872 48.5694 12
    endloop
  endfacet
  facet normal -0 0 1
    outer loop
      vertex 11.8816 48.5616 12
      vertex 11.8925 48.5596 12
      vertex 11.8845 48.5654 12
    endloop
  endfacet
  facet normal 0 0 1
    outer loop
      vertex 11.8816 48.5616 12
      vertex 11.5838 48.1498 12
      vertex 11.8925 48.5596 12
    endloop
  endfacet
  facet normal -0 0 1
    outer loop
      vertex 11.5759 48.1559 12
      vertex 11.5838 48.1498 12
      vertex 11.8816 48.5616 12
    endloop
  endfacet
  facet normal 0 0 1
    outer loop
      vertex 11.2562 47.7612 12
      vertex 11.5838 48.1498 12
      vertex 11.5759 48.1559 12
    endloop
  endfacet
  facet normal 0 0 1
    outer loop
      vertex 11.5838 48.1498 12
      vertex 11.2562 47.7612 12
      vertex 11.2609 47.751 12
    endloop
  endfacet
  facet normal -0 0 1
    outer loop
      vertex 11.2532 47.7575 12
      vertex 11.2609 47.751 12
      vertex 11.2562 47.7612 12
    endloop
  endfacet
  facet normal 0 0 1
    outer loop
      vertex 10.9199 47.3741 12
      vertex 11.2609 47.751 12
      vertex 11.2532 47.7575 12
    endloop
  endfacet
  facet normal 0 0 1
    outer loop
      vertex 11.2609 47.751 12
      vertex 10.9199 47.3741 12
      vertex 10.9242 47.3638 12
    endloop
  endfacet
  facet normal -0 0 1
    outer loop
      vertex 10.9168 47.3705 12
      vertex 10.9242 47.3638 12
      vertex 10.9199 47.3741 12
    endloop
  endfacet
  facet normal -0 0 1
    outer loop
      vertex 10.9135 47.367 12
      vertex 10.9242 47.3638 12
      vertex 10.9168 47.3705 12
    endloop
  endfacet
  facet normal 0 0 1
    outer loop
      vertex 10.9135 47.367 12
      vertex 10.5743 46.9885 12
      vertex 10.9242 47.3638 12
    endloop
  endfacet
  facet normal -0 0 1
    outer loop
      vertex 10.5671 46.9955 12
      vertex 10.5743 46.9885 12
      vertex 10.9135 47.367 12
    endloop
  endfacet
  facet normal 0 0 1
    outer loop
      vertex 10.5671 46.9955 12
      vertex 10.2115 46.6257 12
      vertex 10.5743 46.9885 12
    endloop
  endfacet
  facet normal -0 0 1
    outer loop
      vertex 10.2045 46.6329 12
      vertex 10.2115 46.6257 12
      vertex 10.5671 46.9955 12
    endloop
  endfacet
  facet normal 0 0 1
    outer loop
      vertex 9.83303 46.2865 12
      vertex 10.2115 46.6257 12
      vertex 10.2045 46.6329 12
    endloop
  endfacet
  facet normal 0 0 1
    outer loop
      vertex 10.2115 46.6257 12
      vertex 9.83303 46.2865 12
      vertex 9.83622 46.2758 12
    endloop
  endfacet
  facet normal -0 0 1
    outer loop
      vertex 9.82953 46.2832 12
      vertex 9.83622 46.2758 12
      vertex 9.83303 46.2865 12
    endloop
  endfacet
  facet normal -0 0 1
    outer loop
      vertex 9.82592 46.2801 12
      vertex 9.83622 46.2758 12
      vertex 9.82953 46.2832 12
    endloop
  endfacet
  facet normal 0 0 1
    outer loop
      vertex 9.82592 46.2801 12
      vertex 9.44898 45.9391 12
      vertex 9.83622 46.2758 12
    endloop
  endfacet
  facet normal -0 0 1
    outer loop
      vertex 9.44255 45.9468 12
      vertex 9.44898 45.9391 12
      vertex 9.82592 46.2801 12
    endloop
  endfacet
  facet normal -0 0 1
    outer loop
      vertex 9.43883 45.9438 12
      vertex 9.44898 45.9391 12
      vertex 9.44255 45.9468 12
    endloop
  endfacet
  facet normal 0 0 1
    outer loop
      vertex 9.43883 45.9438 12
      vertex 9.05022 45.6162 12
      vertex 9.44898 45.9391 12
    endloop
  endfacet
  facet normal -0 0 1
    outer loop
      vertex 9.04407 45.6241 12
      vertex 9.05022 45.6162 12
      vertex 9.43883 45.9438 12
    endloop
  endfacet
  facet normal 0 0 1
    outer loop
      vertex 8.63838 45.3184 12
      vertex 9.05022 45.6162 12
      vertex 9.04407 45.6241 12
    endloop
  endfacet
  facet normal 0 0 1
    outer loop
      vertex 9.05022 45.6162 12
      vertex 8.63838 45.3184 12
      vertex 8.64044 45.3074 12
    endloop
  endfacet
  facet normal -0 0 1
    outer loop
      vertex 8.63456 45.3155 12
      vertex 8.64044 45.3074 12
      vertex 8.63838 45.3184 12
    endloop
  endfacet
  facet normal -0 0 1
    outer loop
      vertex 8.63065 45.3128 12
      vertex 8.64044 45.3074 12
      vertex 8.63456 45.3155 12
    endloop
  endfacet
  facet normal 0 0 1
    outer loop
      vertex 8.63065 45.3128 12
      vertex 8.22013 45.0131 12
      vertex 8.64044 45.3074 12
    endloop
  endfacet
  facet normal -0 0 1
    outer loop
      vertex 8.21454 45.0214 12
      vertex 8.22013 45.0131 12
      vertex 8.63065 45.3128 12
    endloop
  endfacet
  facet normal 0 0 1
    outer loop
      vertex 7.78852 44.7448 12
      vertex 8.22013 45.0131 12
      vertex 8.21454 45.0214 12
    endloop
  endfacet
  facet normal 0 0 1
    outer loop
      vertex 8.22013 45.0131 12
      vertex 7.78852 44.7448 12
      vertex 7.78981 44.7337 12
    endloop
  endfacet
  facet normal -0 0 1
    outer loop
      vertex 7.78451 44.7422 12
      vertex 7.78981 44.7337 12
      vertex 7.78852 44.7448 12
    endloop
  endfacet
  facet normal -0 0 1
    outer loop
      vertex 7.78041 44.7397 12
      vertex 7.78981 44.7337 12
      vertex 7.78451 44.7422 12
    endloop
  endfacet
  facet normal 0 0 1
    outer loop
      vertex 7.78041 44.7397 12
      vertex 7.35 44.4694 12
      vertex 7.78981 44.7337 12
    endloop
  endfacet
  facet normal -0 0 1
    outer loop
      vertex 7.345 44.4781 12
      vertex 7.35 44.4694 12
      vertex 7.78041 44.7397 12
    endloop
  endfacet
  facet normal 0 0 1
    outer loop
      vertex 6.90072 44.2318 12
      vertex 7.35 44.4694 12
      vertex 7.345 44.4781 12
    endloop
  endfacet
  facet normal 0 0 1
    outer loop
      vertex 7.35 44.4694 12
      vertex 6.90072 44.2318 12
      vertex 6.90123 44.2207 12
    endloop
  endfacet
  facet normal -0 0 1
    outer loop
      vertex 6.89654 44.2295 12
      vertex 6.90123 44.2207 12
      vertex 6.90072 44.2318 12
    endloop
  endfacet
  facet normal -0 0 1
    outer loop
      vertex 6.89228 44.2273 12
      vertex 6.90123 44.2207 12
      vertex 6.89654 44.2295 12
    endloop
  endfacet
  facet normal 0 0 1
    outer loop
      vertex 6.89228 44.2273 12
      vertex 6.44406 43.9877 12
      vertex 6.90123 44.2207 12
    endloop
  endfacet
  facet normal -0 0 1
    outer loop
      vertex 6.43967 43.9967 12
      vertex 6.44406 43.9877 12
      vertex 6.89228 44.2273 12
    endloop
  endfacet
  facet normal -0 0 1
    outer loop
      vertex 6.43534 43.9947 12
      vertex 6.44406 43.9877 12
      vertex 6.43967 43.9967 12
    endloop
  endfacet
  facet normal 0 0 1
    outer loop
      vertex 6.43534 43.9947 12
      vertex 5.97903 43.7709 12
      vertex 6.44406 43.9877 12
    endloop
  endfacet
  facet normal -0 0 1
    outer loop
      vertex 5.97496 43.78 12
      vertex 5.97903 43.7709 12
      vertex 6.43534 43.9947 12
    endloop
  endfacet
  facet normal 0 0 1
    outer loop
      vertex 5.50737 43.5815 12
      vertex 5.97903 43.7709 12
      vertex 5.97496 43.78 12
    endloop
  endfacet
  facet normal -0 0 1
    outer loop
      vertex 5.50737 43.5815 12
      vertex 5.50672 43.5704 12
      vertex 5.97903 43.7709 12
    endloop
  endfacet
  facet normal -0 0 1
    outer loop
      vertex 5.50297 43.5797 12
      vertex 5.50672 43.5704 12
      vertex 5.50737 43.5815 12
    endloop
  endfacet
  facet normal -0 0 1
    outer loop
      vertex 5.49851 43.578 12
      vertex 5.50672 43.5704 12
      vertex 5.50297 43.5797 12
    endloop
  endfacet
  facet normal 0 0 1
    outer loop
      vertex 5.49851 43.578 12
      vertex 5.0277 43.3865 12
      vertex 5.50672 43.5704 12
    endloop
  endfacet
  facet normal -0 0 1
    outer loop
      vertex 5.02428 43.3959 12
      vertex 5.0277 43.3865 12
      vertex 5.49851 43.578 12
    endloop
  endfacet
  facet normal 0 0 1
    outer loop
      vertex 4.54398 43.2305 12
      vertex 5.0277 43.3865 12
      vertex 5.02428 43.3959 12
    endloop
  endfacet
  facet normal -0 0 1
    outer loop
      vertex 4.54398 43.2305 12
      vertex 4.54255 43.2195 12
      vertex 5.0277 43.3865 12
    endloop
  endfacet
  facet normal -0 0 1
    outer loop
      vertex 4.53946 43.229 12
      vertex 4.54255 43.2195 12
      vertex 4.54398 43.2305 12
    endloop
  endfacet
  facet normal -0 0 1
    outer loop
      vertex 4.53489 43.2276 12
      vertex 4.54255 43.2195 12
      vertex 4.53946 43.229 12
    endloop
  endfacet
  facet normal 0 0 1
    outer loop
      vertex 4.53489 43.2276 12
      vertex 4.05187 43.0695 12
      vertex 4.54255 43.2195 12
    endloop
  endfacet
  facet normal -0 0 1
    outer loop
      vertex 4.04911 43.0791 12
      vertex 4.05187 43.0695 12
      vertex 4.53489 43.2276 12
    endloop
  endfacet
  facet normal 0 0 1
    outer loop
      vertex 3.55845 42.9476 12
      vertex 4.05187 43.0695 12
      vertex 4.04911 43.0791 12
    endloop
  endfacet
  facet normal -0 0 1
    outer loop
      vertex 3.55845 42.9476 12
      vertex 3.55625 42.9367 12
      vertex 4.05187 43.0695 12
    endloop
  endfacet
  facet normal -0 0 1
    outer loop
      vertex 3.55383 42.9464 12
      vertex 3.55625 42.9367 12
      vertex 3.55845 42.9476 12
    endloop
  endfacet
  facet normal -0 0 1
    outer loop
      vertex 3.54917 42.9453 12
      vertex 3.55625 42.9367 12
      vertex 3.55383 42.9464 12
    endloop
  endfacet
  facet normal 0 0 1
    outer loop
      vertex 3.54917 42.9453 12
      vertex 3.0563 42.8212 12
      vertex 3.55625 42.9367 12
    endloop
  endfacet
  facet normal -0 0 1
    outer loop
      vertex 3.05422 42.831 12
      vertex 3.0563 42.8212 12
      vertex 3.54917 42.9453 12
    endloop
  endfacet
  facet normal -0 0 1
    outer loop
      vertex 3.04953 42.8301 12
      vertex 3.0563 42.8212 12
      vertex 3.05422 42.831 12
    endloop
  endfacet
  facet normal 0 0 1
    outer loop
      vertex 3.04953 42.8301 12
      vertex 2.55263 42.7233 12
      vertex 3.0563 42.8212 12
    endloop
  endfacet
  facet normal -0 0 1
    outer loop
      vertex 2.55089 42.7332 12
      vertex 2.55263 42.7233 12
      vertex 3.04953 42.8301 12
    endloop
  endfacet
  facet normal 0 0 1
    outer loop
      vertex 2.04918 42.6537 12
      vertex 2.55263 42.7233 12
      vertex 2.55089 42.7332 12
    endloop
  endfacet
  facet normal -0 0 1
    outer loop
      vertex 2.04918 42.6537 12
      vertex 2.04584 42.6431 12
      vertex 2.55263 42.7233 12
    endloop
  endfacet
  facet normal -0 0 1
    outer loop
      vertex 2.04445 42.653 12
      vertex 2.04584 42.6431 12
      vertex 2.04918 42.6537 12
    endloop
  endfacet
  facet normal 0 0 1
    outer loop
      vertex 1.54027 42.5911 12
      vertex 2.04584 42.6431 12
      vertex 2.04445 42.653 12
    endloop
  endfacet
  facet normal -0 0 1
    outer loop
      vertex 1.54027 42.5911 12
      vertex 1.53657 42.5805 12
      vertex 2.04584 42.6431 12
    endloop
  endfacet
  facet normal -0 0 1
    outer loop
      vertex 1.53552 42.5905 12
      vertex 1.53657 42.5805 12
      vertex 1.54027 42.5911 12
    endloop
  endfacet
  facet normal -0 0 1
    outer loop
      vertex 1.53076 42.5901 12
      vertex 1.53657 42.5805 12
      vertex 1.53552 42.5905 12
    endloop
  endfacet
  facet normal 0 0 1
    outer loop
      vertex 1.53076 42.5901 12
      vertex 1.02542 42.5358 12
      vertex 1.53657 42.5805 12
    endloop
  endfacet
  facet normal -0 0 1
    outer loop
      vertex 1.02472 42.5458 12
      vertex 1.02542 42.5358 12
      vertex 1.53076 42.5901 12
    endloop
  endfacet
  facet normal -0 0 1
    outer loop
      vertex 1.01995 42.5455 12
      vertex 1.02542 42.5358 12
      vertex 1.02472 42.5458 12
    endloop
  endfacet
  facet normal 0 0 1
    outer loop
      vertex 1.01995 42.5455 12
      vertex 0.513022 42.509 12
      vertex 1.02542 42.5358 12
    endloop
  endfacet
  facet normal -0 0 1
    outer loop
      vertex 0.512673 42.5189 12
      vertex 0.513022 42.509 12
      vertex 1.01995 42.5455 12
    endloop
  endfacet
  facet normal -0 0 1
    outer loop
      vertex 0.00478134 42.5101 12
      vertex 0.513022 42.509 12
      vertex 0.512673 42.5189 12
    endloop
  endfacet
  facet normal 0 0 1
    outer loop
      vertex 0 42.5 12
      vertex 0.00478134 42.5101 12
      vertex 0 42.51 12
    endloop
  endfacet
  facet normal 0 0 1
    outer loop
      vertex 0.00478134 42.5101 12
      vertex 0 42.5 12
      vertex 0.513022 42.509 12
    endloop
  endfacet
  facet normal 0 0 1
    outer loop
      vertex -0.00478134 42.5101 12
      vertex 0 42.5 12
      vertex 0 42.51 12
    endloop
  endfacet
  facet normal 0 0 1
    outer loop
      vertex -0.513022 42.509 12
      vertex -0.00478134 42.5101 12
      vertex -0.512673 42.5189 12
    endloop
  endfacet
  facet normal 0 0 1
    outer loop
      vertex -0.00478134 42.5101 12
      vertex -0.513022 42.509 12
      vertex 0 42.5 12
    endloop
  endfacet
  facet normal 0 0 1
    outer loop
      vertex -1.01995 42.5455 12
      vertex -0.513022 42.509 12
      vertex -0.512673 42.5189 12
    endloop
  endfacet
  facet normal 0 0 1
    outer loop
      vertex -1.02542 42.5358 12
      vertex -1.01995 42.5455 12
      vertex -1.02472 42.5458 12
    endloop
  endfacet
  facet normal 0 0 1
    outer loop
      vertex -1.01995 42.5455 12
      vertex -1.02542 42.5358 12
      vertex -0.513022 42.509 12
    endloop
  endfacet
  facet normal 0 0 1
    outer loop
      vertex -1.53076 42.5901 12
      vertex -1.02542 42.5358 12
      vertex -1.02472 42.5458 12
    endloop
  endfacet
  facet normal 0 0 1
    outer loop
      vertex -1.53657 42.5805 12
      vertex -1.53076 42.5901 12
      vertex -1.53552 42.5905 12
    endloop
  endfacet
  facet normal 0 0 1
    outer loop
      vertex -1.53076 42.5901 12
      vertex -1.53657 42.5805 12
      vertex -1.02542 42.5358 12
    endloop
  endfacet
  facet normal 0 0 1
    outer loop
      vertex -1.54027 42.5911 12
      vertex -1.53657 42.5805 12
      vertex -1.53552 42.5905 12
    endloop
  endfacet
  facet normal -0 0 1
    outer loop
      vertex -2.04584 42.6431 12
      vertex -1.54027 42.5911 12
      vertex -2.04445 42.653 12
    endloop
  endfacet
  facet normal 0 0 1
    outer loop
      vertex -1.54027 42.5911 12
      vertex -2.04584 42.6431 12
      vertex -1.53657 42.5805 12
    endloop
  endfacet
  facet normal 0 0 1
    outer loop
      vertex -2.04918 42.6537 12
      vertex -2.04584 42.6431 12
      vertex -2.04445 42.653 12
    endloop
  endfacet
  facet normal -0 0 1
    outer loop
      vertex -2.55263 42.7233 12
      vertex -2.04918 42.6537 12
      vertex -2.55089 42.7332 12
    endloop
  endfacet
  facet normal 0 0 1
    outer loop
      vertex -2.04918 42.6537 12
      vertex -2.55263 42.7233 12
      vertex -2.04584 42.6431 12
    endloop
  endfacet
  facet normal 0 0 1
    outer loop
      vertex -3.04953 42.8301 12
      vertex -2.55263 42.7233 12
      vertex -2.55089 42.7332 12
    endloop
  endfacet
  facet normal 0 0 1
    outer loop
      vertex -3.0563 42.8212 12
      vertex -3.04953 42.8301 12
      vertex -3.05422 42.831 12
    endloop
  endfacet
  facet normal 0 0 1
    outer loop
      vertex -3.04953 42.8301 12
      vertex -3.0563 42.8212 12
      vertex -2.55263 42.7233 12
    endloop
  endfacet
  facet normal 0 0 1
    outer loop
      vertex -3.54917 42.9453 12
      vertex -3.0563 42.8212 12
      vertex -3.05422 42.831 12
    endloop
  endfacet
  facet normal 0 0 1
    outer loop
      vertex -3.55625 42.9367 12
      vertex -3.54917 42.9453 12
      vertex -3.55383 42.9464 12
    endloop
  endfacet
  facet normal 0 0 1
    outer loop
      vertex -3.54917 42.9453 12
      vertex -3.55625 42.9367 12
      vertex -3.0563 42.8212 12
    endloop
  endfacet
  facet normal 0 0 1
    outer loop
      vertex -3.55845 42.9476 12
      vertex -3.55625 42.9367 12
      vertex -3.55383 42.9464 12
    endloop
  endfacet
  facet normal -0 0 1
    outer loop
      vertex -4.05187 43.0695 12
      vertex -3.55845 42.9476 12
      vertex -4.04911 43.0791 12
    endloop
  endfacet
  facet normal 0 0 1
    outer loop
      vertex -3.55845 42.9476 12
      vertex -4.05187 43.0695 12
      vertex -3.55625 42.9367 12
    endloop
  endfacet
  facet normal 0 0 1
    outer loop
      vertex -4.53489 43.2276 12
      vertex -4.05187 43.0695 12
      vertex -4.04911 43.0791 12
    endloop
  endfacet
  facet normal 0 0 1
    outer loop
      vertex -4.54255 43.2195 12
      vertex -4.53489 43.2276 12
      vertex -4.53946 43.229 12
    endloop
  endfacet
  facet normal 0 0 1
    outer loop
      vertex -4.53489 43.2276 12
      vertex -4.54255 43.2195 12
      vertex -4.05187 43.0695 12
    endloop
  endfacet
  facet normal 0 0 1
    outer loop
      vertex -4.54398 43.2305 12
      vertex -4.54255 43.2195 12
      vertex -4.53946 43.229 12
    endloop
  endfacet
  facet normal -0 0 1
    outer loop
      vertex -5.0277 43.3865 12
      vertex -4.54398 43.2305 12
      vertex -5.02428 43.3959 12
    endloop
  endfacet
  facet normal 0 0 1
    outer loop
      vertex -4.54398 43.2305 12
      vertex -5.0277 43.3865 12
      vertex -4.54255 43.2195 12
    endloop
  endfacet
  facet normal 0 0 1
    outer loop
      vertex -5.49851 43.578 12
      vertex -5.0277 43.3865 12
      vertex -5.02428 43.3959 12
    endloop
  endfacet
  facet normal 0 0 1
    outer loop
      vertex -5.50672 43.5704 12
      vertex -5.49851 43.578 12
      vertex -5.50297 43.5797 12
    endloop
  endfacet
  facet normal 0 0 1
    outer loop
      vertex -5.49851 43.578 12
      vertex -5.50672 43.5704 12
      vertex -5.0277 43.3865 12
    endloop
  endfacet
  facet normal 0 0 1
    outer loop
      vertex -5.50737 43.5815 12
      vertex -5.50672 43.5704 12
      vertex -5.50297 43.5797 12
    endloop
  endfacet
  facet normal -0 0 1
    outer loop
      vertex -5.97903 43.7709 12
      vertex -5.50737 43.5815 12
      vertex -5.97496 43.78 12
    endloop
  endfacet
  facet normal 0 0 1
    outer loop
      vertex -5.50737 43.5815 12
      vertex -5.97903 43.7709 12
      vertex -5.50672 43.5704 12
    endloop
  endfacet
  facet normal 0 0 1
    outer loop
      vertex -6.43534 43.9947 12
      vertex -5.97903 43.7709 12
      vertex -5.97496 43.78 12
    endloop
  endfacet
  facet normal 0 0 1
    outer loop
      vertex -6.44406 43.9877 12
      vertex -6.43534 43.9947 12
      vertex -6.43967 43.9967 12
    endloop
  endfacet
  facet normal 0 0 1
    outer loop
      vertex -6.43534 43.9947 12
      vertex -6.44406 43.9877 12
      vertex -5.97903 43.7709 12
    endloop
  endfacet
  facet normal 0 0 1
    outer loop
      vertex -6.89228 44.2273 12
      vertex -6.44406 43.9877 12
      vertex -6.43967 43.9967 12
    endloop
  endfacet
  facet normal 0 0 1
    outer loop
      vertex -6.90123 44.2207 12
      vertex -6.89228 44.2273 12
      vertex -6.89654 44.2295 12
    endloop
  endfacet
  facet normal 0 0 1
    outer loop
      vertex -6.89228 44.2273 12
      vertex -6.90123 44.2207 12
      vertex -6.44406 43.9877 12
    endloop
  endfacet
  facet normal 0 0 1
    outer loop
      vertex -6.90072 44.2318 12
      vertex -6.90123 44.2207 12
      vertex -6.89654 44.2295 12
    endloop
  endfacet
  facet normal -0 0 1
    outer loop
      vertex -7.35 44.4694 12
      vertex -6.90072 44.2318 12
      vertex -7.345 44.4781 12
    endloop
  endfacet
  facet normal 0 0 1
    outer loop
      vertex -6.90072 44.2318 12
      vertex -7.35 44.4694 12
      vertex -6.90123 44.2207 12
    endloop
  endfacet
  facet normal 0 0 1
    outer loop
      vertex -7.78041 44.7397 12
      vertex -7.35 44.4694 12
      vertex -7.345 44.4781 12
    endloop
  endfacet
  facet normal 0 0 1
    outer loop
      vertex -7.78981 44.7337 12
      vertex -7.78041 44.7397 12
      vertex -7.78451 44.7422 12
    endloop
  endfacet
  facet normal 0 0 1
    outer loop
      vertex -7.78041 44.7397 12
      vertex -7.78981 44.7337 12
      vertex -7.35 44.4694 12
    endloop
  endfacet
  facet normal 0 0 1
    outer loop
      vertex -7.78852 44.7448 12
      vertex -7.78981 44.7337 12
      vertex -7.78451 44.7422 12
    endloop
  endfacet
  facet normal -0 0 1
    outer loop
      vertex -8.22013 45.0131 12
      vertex -7.78852 44.7448 12
      vertex -8.21454 45.0214 12
    endloop
  endfacet
  facet normal 0 0 1
    outer loop
      vertex -7.78852 44.7448 12
      vertex -8.22013 45.0131 12
      vertex -7.78981 44.7337 12
    endloop
  endfacet
  facet normal 0 0 1
    outer loop
      vertex -8.63065 45.3128 12
      vertex -8.22013 45.0131 12
      vertex -8.21454 45.0214 12
    endloop
  endfacet
  facet normal 0 0 1
    outer loop
      vertex -8.64044 45.3074 12
      vertex -8.63065 45.3128 12
      vertex -8.63456 45.3155 12
    endloop
  endfacet
  facet normal 0 0 1
    outer loop
      vertex -8.63065 45.3128 12
      vertex -8.64044 45.3074 12
      vertex -8.22013 45.0131 12
    endloop
  endfacet
  facet normal 0 0 1
    outer loop
      vertex -8.63838 45.3184 12
      vertex -8.64044 45.3074 12
      vertex -8.63456 45.3155 12
    endloop
  endfacet
  facet normal -0 0 1
    outer loop
      vertex -9.05022 45.6162 12
      vertex -8.63838 45.3184 12
      vertex -9.04407 45.6241 12
    endloop
  endfacet
  facet normal 0 0 1
    outer loop
      vertex -8.63838 45.3184 12
      vertex -9.05022 45.6162 12
      vertex -8.64044 45.3074 12
    endloop
  endfacet
  facet normal 0 0 1
    outer loop
      vertex -9.43883 45.9438 12
      vertex -9.05022 45.6162 12
      vertex -9.04407 45.6241 12
    endloop
  endfacet
  facet normal 0 0 1
    outer loop
      vertex -9.44898 45.9391 12
      vertex -9.43883 45.9438 12
      vertex -9.44255 45.9468 12
    endloop
  endfacet
  facet normal 0 0 1
    outer loop
      vertex -9.43883 45.9438 12
      vertex -9.44898 45.9391 12
      vertex -9.05022 45.6162 12
    endloop
  endfacet
  facet normal 0 0 1
    outer loop
      vertex -9.82592 46.2801 12
      vertex -9.44898 45.9391 12
      vertex -9.44255 45.9468 12
    endloop
  endfacet
  facet normal 0 0 1
    outer loop
      vertex -9.83622 46.2758 12
      vertex -9.82592 46.2801 12
      vertex -9.82953 46.2832 12
    endloop
  endfacet
  facet normal 0 0 1
    outer loop
      vertex -9.82592 46.2801 12
      vertex -9.83622 46.2758 12
      vertex -9.44898 45.9391 12
    endloop
  endfacet
  facet normal 0 0 1
    outer loop
      vertex -9.83303 46.2865 12
      vertex -9.83622 46.2758 12
      vertex -9.82953 46.2832 12
    endloop
  endfacet
  facet normal -0 0 1
    outer loop
      vertex -10.2115 46.6257 12
      vertex -9.83303 46.2865 12
      vertex -10.2045 46.6329 12
    endloop
  endfacet
  facet normal 0 0 1
    outer loop
      vertex -9.83303 46.2865 12
      vertex -10.2115 46.6257 12
      vertex -9.83622 46.2758 12
    endloop
  endfacet
  facet normal 0 0 1
    outer loop
      vertex -10.5671 46.9955 12
      vertex -10.2115 46.6257 12
      vertex -10.2045 46.6329 12
    endloop
  endfacet
  facet normal 0 0 1
    outer loop
      vertex -10.5671 46.9955 12
      vertex -10.5743 46.9885 12
      vertex -10.2115 46.6257 12
    endloop
  endfacet
  facet normal 0 0 1
    outer loop
      vertex -10.9135 47.367 12
      vertex -10.5743 46.9885 12
      vertex -10.5671 46.9955 12
    endloop
  endfacet
  facet normal 0 0 1
    outer loop
      vertex -10.9242 47.3638 12
      vertex -10.9135 47.367 12
      vertex -10.9168 47.3705 12
    endloop
  endfacet
  facet normal 0 0 1
    outer loop
      vertex -10.9135 47.367 12
      vertex -10.9242 47.3638 12
      vertex -10.5743 46.9885 12
    endloop
  endfacet
  facet normal 0 0 1
    outer loop
      vertex -10.9199 47.3741 12
      vertex -10.9242 47.3638 12
      vertex -10.9168 47.3705 12
    endloop
  endfacet
  facet normal -0 0 1
    outer loop
      vertex -11.2609 47.751 12
      vertex -10.9199 47.3741 12
      vertex -11.2532 47.7575 12
    endloop
  endfacet
  facet normal 0 0 1
    outer loop
      vertex -10.9199 47.3741 12
      vertex -11.2609 47.751 12
      vertex -10.9242 47.3638 12
    endloop
  endfacet
  facet normal 0 0 1
    outer loop
      vertex -11.2562 47.7612 12
      vertex -11.2609 47.751 12
      vertex -11.2532 47.7575 12
    endloop
  endfacet
  facet normal -0 0 1
    outer loop
      vertex -11.5838 48.1498 12
      vertex -11.2562 47.7612 12
      vertex -11.5759 48.1559 12
    endloop
  endfacet
  facet normal 0 0 1
    outer loop
      vertex -11.2562 47.7612 12
      vertex -11.5838 48.1498 12
      vertex -11.2609 47.751 12
    endloop
  endfacet
  facet normal 0 0 1
    outer loop
      vertex -11.8816 48.5616 12
      vertex -11.5838 48.1498 12
      vertex -11.5759 48.1559 12
    endloop
  endfacet
  facet normal 0 0 1
    outer loop
      vertex -11.8925 48.5596 12
      vertex -11.8816 48.5616 12
      vertex -11.8845 48.5654 12
    endloop
  endfacet
  facet normal 0 0 1
    outer loop
      vertex -11.8816 48.5616 12
      vertex -11.8925 48.5596 12
      vertex -11.5838 48.1498 12
    endloop
  endfacet
  facet normal 0 0 1
    outer loop
      vertex -11.8872 48.5694 12
      vertex -11.8925 48.5596 12
      vertex -11.8845 48.5654 12
    endloop
  endfacet
  facet normal -0 0 1
    outer loop
      vertex -12.1869 48.9799 12
      vertex -11.8872 48.5694 12
      vertex -12.1786 48.9855 12
    endloop
  endfacet
  facet normal 0 0 1
    outer loop
      vertex -11.8872 48.5694 12
      vertex -12.1869 48.9799 12
      vertex -11.8925 48.5596 12
    endloop
  endfacet
  facet normal 0 0 1
    outer loop
      vertex -12.4552 49.4115 12
      vertex -12.1869 48.9799 12
      vertex -12.1786 48.9855 12
    endloop
  endfacet
  facet normal 0 0 1
    outer loop
      vertex -12.4663 49.4102 12
      vertex -12.4552 49.4115 12
      vertex -12.4578 49.4155 12
    endloop
  endfacet
  facet normal 0 0 1
    outer loop
      vertex -12.4552 49.4115 12
      vertex -12.4663 49.4102 12
      vertex -12.1869 48.9799 12
    endloop
  endfacet
  facet normal 0 0 1
    outer loop
      vertex -12.4603 49.4196 12
      vertex -12.4663 49.4102 12
      vertex -12.4578 49.4155 12
    endloop
  endfacet
  facet normal -0 0 1
    outer loop
      vertex -12.7306 49.85 12
      vertex -12.4603 49.4196 12
      vertex -12.7219 49.855 12
    endloop
  endfacet
  facet normal 0 0 1
    outer loop
      vertex -12.4603 49.4196 12
      vertex -12.7306 49.85 12
      vertex -12.4663 49.4102 12
    endloop
  endfacet
  facet normal 0 0 1
    outer loop
      vertex -12.9682 50.2993 12
      vertex -12.7306 49.85 12
      vertex -12.7219 49.855 12
    endloop
  endfacet
  facet normal 0 0 1
    outer loop
      vertex -12.9793 50.2988 12
      vertex -12.9682 50.2993 12
      vertex -12.9705 50.3035 12
    endloop
  endfacet
  facet normal 0 0 1
    outer loop
      vertex -12.9682 50.2993 12
      vertex -12.9793 50.2988 12
      vertex -12.7306 49.85 12
    endloop
  endfacet
  facet normal 0 0 1
    outer loop
      vertex -12.9727 50.3077 12
      vertex -12.9793 50.2988 12
      vertex -12.9705 50.3035 12
    endloop
  endfacet
  facet normal -0 0 1
    outer loop
      vertex -13.2123 50.7559 12
      vertex -12.9727 50.3077 12
      vertex -13.2033 50.7603 12
    endloop
  endfacet
  facet normal 0 0 1
    outer loop
      vertex -12.9727 50.3077 12
      vertex -13.2123 50.7559 12
      vertex -12.9793 50.2988 12
    endloop
  endfacet
  facet normal 0 0 1
    outer loop
      vertex -13.2053 50.7647 12
      vertex -13.2123 50.7559 12
      vertex -13.2033 50.7603 12
    endloop
  endfacet
  facet normal -0 0 1
    outer loop
      vertex -13.4291 51.221 12
      vertex -13.2053 50.7647 12
      vertex -13.42 51.225 12
    endloop
  endfacet
  facet normal 0 0 1
    outer loop
      vertex -13.2053 50.7647 12
      vertex -13.4291 51.221 12
      vertex -13.2123 50.7559 12
    endloop
  endfacet
  facet normal 0 0 1
    outer loop
      vertex -13.6185 51.6926 12
      vertex -13.4291 51.221 12
      vertex -13.42 51.225 12
    endloop
  endfacet
  facet normal -0 0 1
    outer loop
      vertex -13.6296 51.6933 12
      vertex -13.6185 51.6926 12
      vertex -13.6203 51.697 12
    endloop
  endfacet
  facet normal 0 0 1
    outer loop
      vertex -13.6185 51.6926 12
      vertex -13.6296 51.6933 12
      vertex -13.4291 51.221 12
    endloop
  endfacet
  facet normal 0 0 1
    outer loop
      vertex -13.622 51.7015 12
      vertex -13.6296 51.6933 12
      vertex -13.6203 51.697 12
    endloop
  endfacet
  facet normal -0 0 1
    outer loop
      vertex -13.8135 52.1723 12
      vertex -13.622 51.7015 12
      vertex -13.8041 52.1757 12
    endloop
  endfacet
  facet normal 0 0 1
    outer loop
      vertex -13.622 51.7015 12
      vertex -13.8135 52.1723 12
      vertex -13.6296 51.6933 12
    endloop
  endfacet
  facet normal 0 0 1
    outer loop
      vertex -13.9695 52.656 12
      vertex -13.8135 52.1723 12
      vertex -13.8041 52.1757 12
    endloop
  endfacet
  facet normal -0 0 1
    outer loop
      vertex -13.9805 52.6575 12
      vertex -13.9695 52.656 12
      vertex -13.971 52.6605 12
    endloop
  endfacet
  facet normal 0 0 1
    outer loop
      vertex -13.9695 52.656 12
      vertex -13.9805 52.6575 12
      vertex -13.8135 52.1723 12
    endloop
  endfacet
  facet normal 0 0 1
    outer loop
      vertex -13.9724 52.6651 12
      vertex -13.9805 52.6575 12
      vertex -13.971 52.6605 12
    endloop
  endfacet
  facet normal -0 0 1
    outer loop
      vertex -14.1305 53.1481 12
      vertex -13.9724 52.6651 12
      vertex -14.1209 53.1509 12
    endloop
  endfacet
  facet normal 0 0 1
    outer loop
      vertex -13.9724 52.6651 12
      vertex -14.1305 53.1481 12
      vertex -13.9805 52.6575 12
    endloop
  endfacet
  facet normal 0 0 1
    outer loop
      vertex -14.2524 53.6415 12
      vertex -14.1305 53.1481 12
      vertex -14.1209 53.1509 12
    endloop
  endfacet
  facet normal -0 0 1
    outer loop
      vertex -14.2633 53.6437 12
      vertex -14.2524 53.6415 12
      vertex -14.2536 53.6462 12
    endloop
  endfacet
  facet normal 0 0 1
    outer loop
      vertex -14.2524 53.6415 12
      vertex -14.2633 53.6437 12
      vertex -14.1305 53.1481 12
    endloop
  endfacet
  facet normal 0 0 1
    outer loop
      vertex -14.2547 53.6508 12
      vertex -14.2633 53.6437 12
      vertex -14.2536 53.6462 12
    endloop
  endfacet
  facet normal -0 0 1
    outer loop
      vertex -14.3788 54.1437 12
      vertex -14.2547 53.6508 12
      vertex -14.369 54.1458 12
    endloop
  endfacet
  facet normal 0 0 1
    outer loop
      vertex -14.2547 53.6508 12
      vertex -14.3788 54.1437 12
      vertex -14.2633 53.6437 12
    endloop
  endfacet
  facet normal 0 0 1
    outer loop
      vertex -14.3699 54.1505 12
      vertex -14.3788 54.1437 12
      vertex -14.369 54.1458 12
    endloop
  endfacet
  facet normal -0 0 1
    outer loop
      vertex -14.4767 54.6474 12
      vertex -14.3699 54.1505 12
      vertex -14.4668 54.6491 12
    endloop
  endfacet
  facet normal 0 0 1
    outer loop
      vertex -14.3699 54.1505 12
      vertex -14.4767 54.6474 12
      vertex -14.3788 54.1437 12
    endloop
  endfacet
  facet normal 0 0 1
    outer loop
      vertex -14.5463 55.1508 12
      vertex -14.4767 54.6474 12
      vertex -14.4668 54.6491 12
    endloop
  endfacet
  facet normal -0 0 1
    outer loop
      vertex -14.5569 55.1542 12
      vertex -14.5463 55.1508 12
      vertex -14.547 55.1555 12
    endloop
  endfacet
  facet normal 0 0 1
    outer loop
      vertex -14.5463 55.1508 12
      vertex -14.5569 55.1542 12
      vertex -14.4767 54.6474 12
    endloop
  endfacet
  facet normal 0 0 1
    outer loop
      vertex -14.6089 55.6597 12
      vertex -14.5569 55.1542 12
      vertex -14.547 55.1555 12
    endloop
  endfacet
  facet normal -0 0 1
    outer loop
      vertex -14.6195 55.6634 12
      vertex -14.6089 55.6597 12
      vertex -14.6095 55.6645 12
    endloop
  endfacet
  facet normal 0 0 1
    outer loop
      vertex -14.6089 55.6597 12
      vertex -14.6195 55.6634 12
      vertex -14.5569 55.1542 12
    endloop
  endfacet
  facet normal 0 0 1
    outer loop
      vertex -14.6099 55.6692 12
      vertex -14.6195 55.6634 12
      vertex -14.6095 55.6645 12
    endloop
  endfacet
  facet normal -0 0 1
    outer loop
      vertex -14.6642 56.1746 12
      vertex -14.6099 55.6692 12
      vertex -14.6542 56.1753 12
    endloop
  endfacet
  facet normal 0 0 1
    outer loop
      vertex -14.6099 55.6692 12
      vertex -14.6642 56.1746 12
      vertex -14.6195 55.6634 12
    endloop
  endfacet
  facet normal 0 0 1
    outer loop
      vertex -14.6545 56.1801 12
      vertex -14.6642 56.1746 12
      vertex -14.6542 56.1753 12
    endloop
  endfacet
  facet normal -0 0 1
    outer loop
      vertex -14.691 56.687 12
      vertex -14.6545 56.1801 12
      vertex -14.6811 56.6873 12
    endloop
  endfacet
  facet normal -0 0 1
    outer loop
      vertex -14.7 57.2 12
      vertex -14.6899 57.1952 12
      vertex -14.69 57.2 12
    endloop
  endfacet
  facet normal 0 0 1
    outer loop
      vertex -14.6545 56.1801 12
      vertex -14.691 56.687 12
      vertex -14.6642 56.1746 12
    endloop
  endfacet
  facet normal 0 0 1
    outer loop
      vertex -14.6899 57.1952 12
      vertex -14.691 56.687 12
      vertex -14.6811 56.6873 12
    endloop
  endfacet
  facet normal 0 0 1
    outer loop
      vertex -14.6899 57.2048 12
      vertex -14.7 57.2 12
      vertex -14.69 57.2 12
    endloop
  endfacet
  facet normal 0 0 1
    outer loop
      vertex -14.6899 57.1952 12
      vertex -14.7 57.2 12
      vertex -14.691 56.687 12
    endloop
  endfacet
  facet normal -0.159116 -0.689016 0.707064
    outer loop
      vertex -2.84839 43.7994 12.99
      vertex -3.54917 42.9453 12
      vertex -3.05422 42.831 12
    endloop
  endfacet
  facet normal -0.707054 -0.0122506 0.707054
    outer loop
      vertex -13.6917 56.7219 12.99
      vertex -14.6899 57.1952 12
      vertex -14.6811 56.6873 12
    endloop
  endfacet
  facet normal 0.707059 0.0122748 0.707048
    outer loop
      vertex 13.7 57.2 12.99
      vertex 14.6899 57.2048 12
      vertex 13.6917 57.6781 12.99
    endloop
  endfacet
  facet normal 0.70703 0.0147298 0.70703
    outer loop
      vertex 14.6899 57.2048 12
      vertex 13.7 57.2 12.99
      vertex 14.69 57.2 12
    endloop
  endfacet
  facet normal 0.707054 0.0122506 0.707054
    outer loop
      vertex 14.6811 57.7127 12
      vertex 13.6917 57.6781 12.99
      vertex 14.6899 57.2048 12
    endloop
  endfacet
  facet normal -0.630091 -0.321032 0.707053
    outer loop
      vertex -12.3135 51.1943 12.99
      vertex -13.2033 50.7603 12
      vertex -12.9727 50.3077 12
    endloop
  endfacet
  facet normal 0.676284 0.206727 0.707038
    outer loop
      vertex 13.9724 61.7349 12
      vertex 13.1693 60.9762 12.99
      vertex 14.1209 61.2491 12
    endloop
  endfacet
  facet normal 0.296541 0.64201 0.707027
    outer loop
      vertex 6.43534 70.4053 12
      vertex 6.00568 69.5135 12.99
      vertex 6.43967 70.4033 12
    endloop
  endfacet
  facet normal 0.298871 0.640908 0.707045
    outer loop
      vertex 6.00568 69.5135 12.99
      vertex 6.43534 70.4053 12
      vertex 5.57229 69.7156 12.99
    endloop
  endfacet
  facet normal 0.368147 -0.603761 0.707065
    outer loop
      vertex 7.25989 45.5817 12.99
      vertex 7.78041 44.7397 12
      vertex 7.78451 44.7422 12
    endloop
  endfacet
  facet normal 0.364126 -0.60622 0.707043
    outer loop
      vertex 7.78041 44.7397 12
      vertex 7.25989 45.5817 12.99
      vertex 6.85 45.3355 12.99
    endloop
  endfacet
  facet normal -0.618451 -0.342943 0.707042
    outer loop
      vertex -12.0964 50.7682 12.99
      vertex -12.9682 50.2993 12
      vertex -11.8645 50.35 12.99
    endloop
  endfacet
  facet normal -0.620241 -0.339656 0.707061
    outer loop
      vertex -12.9682 50.2993 12
      vertex -12.0964 50.7682 12.99
      vertex -12.9705 50.3035 12
    endloop
  endfacet
  facet normal -0.650951 0.276233 0.707077
    outer loop
      vertex -13.6185 62.7074 12
      vertex -12.7024 62.3321 12.99
      vertex -12.5156 62.7723 12.99
    endloop
  endfacet
  facet normal -0.654462 0.267735 0.707105
    outer loop
      vertex -12.7024 62.3321 12.99
      vertex -13.6185 62.7074 12
      vertex -13.6203 62.703 12
    endloop
  endfacet
  facet normal 0.485151 0.514554 0.70701
    outer loop
      vertex 9.16709 67.3811 12.99
      vertex 9.83303 68.1135 12
      vertex 9.82953 68.1168 12
    endloop
  endfacet
  facet normal 0.482268 0.517215 0.70704
    outer loop
      vertex 9.83303 68.1135 12
      vertex 9.16709 67.3811 12.99
      vertex 9.51682 67.055 12.99
    endloop
  endfacet
  facet normal -0.706188 0.0370359 0.707055
    outer loop
      vertex -14.6545 58.2199 12
      vertex -14.6811 57.7127 12
      vertex -13.6917 57.6781 12.99
    endloop
  endfacet
  facet normal 0.110616 -0.698461 0.707047
    outer loop
      vertex 1.90667 43.6333 12.99
      vertex 2.04918 42.6537 12
      vertex 2.37898 43.7081 12.99
    endloop
  endfacet
  facet normal 0.103523 -0.699521 0.707074
    outer loop
      vertex 2.04918 42.6537 12
      vertex 1.90667 43.6333 12.99
      vertex 2.04445 42.653 12
    endloop
  endfacet
  facet normal -0.134902 0.694195 0.707032
    outer loop
      vertex -2.55089 71.6668 12
      vertex -3.04953 71.5699 12
      vertex -2.37898 70.6919 12.99
    endloop
  endfacet
  facet normal 0.562178 -0.429031 0.707028
    outer loop
      vertex 11.0835 49.1473 12.99
      vertex 11.8816 48.5616 12
      vertex 11.8845 48.5654 12
    endloop
  endfacet
  facet normal 0.564744 -0.425591 0.707062
    outer loop
      vertex 11.8816 48.5616 12
      vertex 11.0835 49.1473 12.99
      vertex 10.7957 48.7654 12.99
    endloop
  endfacet
  facet normal 0.630091 -0.321032 0.707053
    outer loop
      vertex 13.2033 50.7603 12
      vertex 12.3135 51.1943 12.99
      vertex 12.9727 50.3077 12
    endloop
  endfacet
  facet normal 0.401842 0.581927 0.707025
    outer loop
      vertex 8.63065 69.0872 12
      vertex 8.05266 68.2835 12.99
      vertex 8.63456 69.0845 12
    endloop
  endfacet
  facet normal 0.40562 0.579255 0.707062
    outer loop
      vertex 8.05266 68.2835 12.99
      vertex 8.63065 69.0872 12
      vertex 7.66094 68.5578 12.99
    endloop
  endfacet
  facet normal -0.463969 -0.533669 0.707057
    outer loop
      vertex -8.80619 46.7052 12.99
      vertex -9.82592 46.2801 12
      vertex -9.44255 45.9468 12
    endloop
  endfacet
  facet normal 0.549585 -0.445022 0.707045
    outer loop
      vertex 10.4948 48.3938 12.99
      vertex 11.2562 47.7612 12
      vertex 10.7957 48.7654 12.99
    endloop
  endfacet
  facet normal 0.549295 -0.445374 0.707048
    outer loop
      vertex 11.2562 47.7612 12
      vertex 10.4948 48.3938 12.99
      vertex 11.2532 47.7575 12
    endloop
  endfacet
  facet normal 0.699426 0.10417 0.707073
    outer loop
      vertex 14.5463 59.2492 12
      vertex 13.5667 59.1067 12.99
      vertex 14.547 59.2445 12
    endloop
  endfacet
  facet normal 0.698462 0.110618 0.707047
    outer loop
      vertex 13.5667 59.1067 12.99
      vertex 14.5463 59.2492 12
      vertex 13.4919 59.579 12.99
    endloop
  endfacet
  facet normal 0.0122508 -0.707054 0.707053
    outer loop
      vertex 0.478123 43.5083 12.99
      vertex 0.00478134 42.5101 12
      vertex 0.512673 42.5189 12
    endloop
  endfacet
  facet normal 0.321027 -0.630095 0.707052
    outer loop
      vertex 6.89228 44.2273 12
      vertex 6.00568 44.8865 12.99
      vertex 6.43967 43.9967 12
    endloop
  endfacet
  facet normal -0.444994 -0.549595 0.707054
    outer loop
      vertex -8.80619 46.7052 12.99
      vertex -9.43883 45.9438 12
      vertex -8.43456 46.4043 12.99
    endloop
  endfacet
  facet normal -0.443927 -0.55047 0.707044
    outer loop
      vertex -9.43883 45.9438 12
      vertex -8.80619 46.7052 12.99
      vertex -9.44255 45.9468 12
    endloop
  endfacet
  facet normal -0.668627 0.230219 0.707063
    outer loop
      vertex -13.9695 61.744 12
      vertex -13.0295 61.4335 12.99
      vertex -12.8738 61.8857 12.99
    endloop
  endfacet
  facet normal -0.670837 0.223612 0.707089
    outer loop
      vertex -13.0295 61.4335 12.99
      vertex -13.9695 61.744 12
      vertex -13.971 61.7395 12
    endloop
  endfacet
  facet normal 0.603764 0.368149 0.707061
    outer loop
      vertex 11.6183 64.4599 12.99
      vertex 12.4603 64.9804 12
      vertex 12.4578 64.9845 12
    endloop
  endfacet
  facet normal 0.606228 0.364121 0.707039
    outer loop
      vertex 12.4603 64.9804 12
      vertex 11.6183 64.4599 12.99
      vertex 11.8645 64.05 12.99
    endloop
  endfacet
  facet normal 0.38508 0.593101 0.707068
    outer loop
      vertex 7.78852 69.6552 12
      vertex 7.66094 68.5578 12.99
      vertex 8.21454 69.3786 12
    endloop
  endfacet
  facet normal -0.704465 0.0616633 0.707055
    outer loop
      vertex -14.6099 58.7308 12
      vertex -14.6542 58.2247 12
      vertex -13.6666 58.1557 12.99
    endloop
  endfacet
  facet normal -0.640873 -0.298926 0.707054
    outer loop
      vertex -12.5156 51.6277 12.99
      vertex -13.42 51.225 12
      vertex -13.2053 50.7647 12
    endloop
  endfacet
  facet normal 0.159116 -0.689016 0.707064
    outer loop
      vertex 3.54917 42.9453 12
      vertex 2.84839 43.7994 12.99
      vertex 3.05422 42.831 12
    endloop
  endfacet
  facet normal 0.103523 0.699521 0.707074
    outer loop
      vertex 1.90667 70.7667 12.99
      vertex 2.04918 71.7463 12
      vertex 2.04445 71.747 12
    endloop
  endfacet
  facet normal 0.110616 0.698461 0.707047
    outer loop
      vertex 2.04918 71.7463 12
      vertex 1.90667 70.7667 12.99
      vertex 2.37898 70.6919 12.99
    endloop
  endfacet
  facet normal 0.533698 0.463958 0.707043
    outer loop
      vertex 10.9199 67.0259 12
      vertex 10.4948 66.0062 12.99
      vertex 11.2532 66.6425 12
    endloop
  endfacet
  facet normal 0.660157 0.25351 0.707054
    outer loop
      vertex 13.622 62.6985 12
      vertex 12.8738 61.8857 12.99
      vertex 13.8041 62.2243 12
    endloop
  endfacet
  facet normal 0.579277 0.405577 0.707068
    outer loop
      vertex 11.8872 65.8307 12
      vertex 11.3578 64.8609 12.99
      vertex 12.1786 65.4145 12
    endloop
  endfacet
  facet normal 0.276246 -0.650952 0.707072
    outer loop
      vertex 5.13211 44.4976 12.99
      vertex 5.50737 43.5815 12
      vertex 5.57229 44.6844 12.99
    endloop
  endfacet
  facet normal 0.267737 -0.654467 0.707099
    outer loop
      vertex 5.50737 43.5815 12
      vertex 5.13211 44.4976 12.99
      vertex 5.50297 43.5797 12
    endloop
  endfacet
  facet normal -0.70462 0.0599677 0.707046
    outer loop
      vertex -14.6099 58.7308 12
      vertex -13.6249 58.632 12.99
      vertex -14.6095 58.7355 12
    endloop
  endfacet
  facet normal -0.704461 0.0616755 0.707058
    outer loop
      vertex -13.6249 58.632 12.99
      vertex -14.6099 58.7308 12
      vertex -13.6666 58.1557 12.99
    endloop
  endfacet
  facet normal 0.660157 -0.25351 0.707054
    outer loop
      vertex 13.8041 52.1757 12
      vertex 12.8738 52.5143 12.99
      vertex 13.622 51.7015 12
    endloop
  endfacet
  facet normal 0.606228 -0.364121 0.707039
    outer loop
      vertex 11.6183 49.9401 12.99
      vertex 12.4603 49.4196 12
      vertex 11.8645 50.35 12.99
    endloop
  endfacet
  facet normal 0.603764 -0.368149 0.707061
    outer loop
      vertex 12.4603 49.4196 12
      vertex 11.6183 49.9401 12.99
      vertex 12.4578 49.4155 12
    endloop
  endfacet
  facet normal 0.701913 0.086173 0.70703
    outer loop
      vertex 14.547 59.2445 12
      vertex 13.5667 59.1067 12.99
      vertex 14.6089 58.7403 12
    endloop
  endfacet
  facet normal 0.0886277 0.701636 0.707002
    outer loop
      vertex 1.43204 70.825 12.99
      vertex 1.54027 71.8089 12
      vertex 1.53552 71.8095 12
    endloop
  endfacet
  facet normal 0.0862184 0.701919 0.707019
    outer loop
      vertex 1.54027 71.8089 12
      vertex 1.43204 70.825 12.99
      vertex 1.90667 70.7667 12.99
    endloop
  endfacet
  facet normal -0.683073 0.183079 0.707032
    outer loop
      vertex -14.2524 60.7584 12
      vertex -13.2931 60.5143 12.99
      vertex -13.1693 60.9762 12.99
    endloop
  endfacet
  facet normal -0.68426 0.178503 0.707054
    outer loop
      vertex -13.2931 60.5143 12.99
      vertex -14.2524 60.7584 12
      vertex -14.2536 60.7538 12
    endloop
  endfacet
  facet normal -0.0122508 -0.707054 0.707053
    outer loop
      vertex -0.478123 43.5083 12.99
      vertex -0.512673 42.5189 12
      vertex -0.00478134 42.5101 12
    endloop
  endfacet
  facet normal -0.698467 -0.11068 0.707032
    outer loop
      vertex -13.4919 54.821 12.99
      vertex -14.5463 55.1508 12
      vertex -14.4668 54.6491 12
    endloop
  endfacet
  facet normal 0.699426 -0.10417 0.707073
    outer loop
      vertex 13.5667 55.2933 12.99
      vertex 14.5463 55.1508 12
      vertex 14.547 55.1555 12
    endloop
  endfacet
  facet normal 0.698462 -0.110618 0.707047
    outer loop
      vertex 14.5463 55.1508 12
      vertex 13.5667 55.2933 12.99
      vertex 13.4919 54.821 12.99
    endloop
  endfacet
  facet normal -0.549585 -0.445022 0.707045
    outer loop
      vertex -11.2562 47.7612 12
      vertex -10.4948 48.3938 12.99
      vertex -10.7957 48.7654 12.99
    endloop
  endfacet
  facet normal -0.549295 -0.445374 0.707048
    outer loop
      vertex -10.4948 48.3938 12.99
      vertex -11.2562 47.7612 12
      vertex -11.2532 47.7575 12
    endloop
  endfacet
  facet normal 0.535899 0.461468 0.707007
    outer loop
      vertex 10.1811 66.3671 12.99
      vertex 10.9199 67.0259 12
      vertex 10.9168 67.0295 12
    endloop
  endfacet
  facet normal 0.533735 0.463931 0.707032
    outer loop
      vertex 10.9199 67.0259 12
      vertex 10.1811 66.3671 12.99
      vertex 10.4948 66.0062 12.99
    endloop
  endfacet
  facet normal 0.0592208 0.704727 0.707002
    outer loop
      vertex 1.53076 71.8099 12
      vertex 1.43204 70.825 12.99
      vertex 1.53552 71.8095 12
    endloop
  endfacet
  facet normal 0.0615223 0.704513 0.707019
    outer loop
      vertex 1.43204 70.825 12.99
      vertex 1.53076 71.8099 12
      vertex 0.955664 70.8666 12.99
    endloop
  endfacet
  facet normal 0.443927 0.55047 0.707044
    outer loop
      vertex 9.43883 68.4562 12
      vertex 8.80619 67.6948 12.99
      vertex 9.44255 68.4532 12
    endloop
  endfacet
  facet normal 0.445083 0.549523 0.707054
    outer loop
      vertex 8.80619 67.6948 12.99
      vertex 9.43883 68.4562 12
      vertex 8.43456 67.9958 12.99
    endloop
  endfacet
  facet normal -0.110678 0.698467 0.707032
    outer loop
      vertex -2.04918 71.7463 12
      vertex -2.55089 71.6668 12
      vertex -2.37898 70.6919 12.99
    endloop
  endfacet
  facet normal 0.110678 -0.698467 0.707032
    outer loop
      vertex 2.37898 43.7081 12.99
      vertex 2.04918 42.6537 12
      vertex 2.55089 42.7332 12
    endloop
  endfacet
  facet normal 0.342913 -0.618456 0.707053
    outer loop
      vertex 6.43176 45.1036 12.99
      vertex 6.90072 44.2318 12
      vertex 6.85 45.3355 12.99
    endloop
  endfacet
  facet normal 0.340902 -0.619552 0.707065
    outer loop
      vertex 6.90072 44.2318 12
      vertex 6.43176 45.1036 12.99
      vertex 6.89654 44.2295 12
    endloop
  endfacet
  facet normal -0.463927 0.53373 0.707039
    outer loop
      vertex -9.82592 68.1199 12
      vertex -9.16709 67.3811 12.99
      vertex -8.80619 67.6948 12.99
    endloop
  endfacet
  facet normal -0.460734 0.536532 0.707006
    outer loop
      vertex -9.16709 67.3811 12.99
      vertex -9.82592 68.1199 12
      vertex -9.82953 68.1168 12
    endloop
  endfacet
  facet normal 0.687765 0.164465 0.707058
    outer loop
      vertex 13.2931 60.5143 12.99
      vertex 14.2547 60.7492 12
      vertex 14.2536 60.7538 12
    endloop
  endfacet
  facet normal 0.689075 0.158995 0.707033
    outer loop
      vertex 14.2547 60.7492 12
      vertex 13.2931 60.5143 12.99
      vertex 13.4006 60.0484 12.99
    endloop
  endfacet
  facet normal 0.68426 0.178503 0.707054
    outer loop
      vertex 14.2524 60.7584 12
      vertex 13.2931 60.5143 12.99
      vertex 14.2536 60.7538 12
    endloop
  endfacet
  facet normal 0.683073 0.183079 0.707032
    outer loop
      vertex 13.2931 60.5143 12.99
      vertex 14.2524 60.7584 12
      vertex 13.1693 60.9762 12.99
    endloop
  endfacet
  facet normal 0.460734 0.536532 0.707006
    outer loop
      vertex 9.82592 68.1199 12
      vertex 9.16709 67.3811 12.99
      vertex 9.82953 68.1168 12
    endloop
  endfacet
  facet normal 0.463927 0.53373 0.707039
    outer loop
      vertex 9.16709 67.3811 12.99
      vertex 9.82592 68.1199 12
      vertex 8.80619 67.6948 12.99
    endloop
  endfacet
  facet normal 0.445043 -0.549531 0.707073
    outer loop
      vertex 9.43883 45.9438 12
      vertex 8.43456 46.4043 12.99
      vertex 9.04407 45.6241 12
    endloop
  endfacet
  facet normal 0.230253 0.668624 0.707055
    outer loop
      vertex 5.02428 71.0041 12
      vertex 4.54398 71.1695 12
      vertex 4.68568 70.0738 12.99
    endloop
  endfacet
  facet normal 0.640919 -0.298869 0.707036
    outer loop
      vertex 12.3135 51.1943 12.99
      vertex 13.2053 50.7647 12
      vertex 12.5156 51.6277 12.99
    endloop
  endfacet
  facet normal 0.643845 -0.292657 0.706976
    outer loop
      vertex 13.2053 50.7647 12
      vertex 12.3135 51.1943 12.99
      vertex 13.2033 50.7603 12
    endloop
  endfacet
  facet normal 0.368147 0.603761 0.707065
    outer loop
      vertex 7.78041 69.6603 12
      vertex 7.25989 68.8183 12.99
      vertex 7.78451 69.6578 12
    endloop
  endfacet
  facet normal 0.364126 0.60622 0.707043
    outer loop
      vertex 7.25989 68.8183 12.99
      vertex 7.78041 69.6603 12
      vertex 6.85 69.0645 12.99
    endloop
  endfacet
  facet normal -0.535899 0.461468 0.707007
    outer loop
      vertex -10.9199 67.0259 12
      vertex -10.1811 66.3671 12.99
      vertex -10.9168 67.0295 12
    endloop
  endfacet
  facet normal -0.533735 0.463931 0.707032
    outer loop
      vertex -10.1811 66.3671 12.99
      vertex -10.9199 67.0259 12
      vertex -10.4948 66.0062 12.99
    endloop
  endfacet
  facet normal 0.694194 -0.134913 0.707031
    outer loop
      vertex 14.4668 54.6491 12
      vertex 13.4919 54.821 12.99
      vertex 14.3699 54.1505 12
    endloop
  endfacet
  facet normal 0.579231 -0.405643 0.707068
    outer loop
      vertex 12.1786 48.9855 12
      vertex 11.3578 49.5391 12.99
      vertex 11.8872 48.5694 12
    endloop
  endfacet
  facet normal 0.670837 -0.223612 0.707089
    outer loop
      vertex 13.0295 52.9665 12.99
      vertex 13.9695 52.656 12
      vertex 13.971 52.6605 12
    endloop
  endfacet
  facet normal 0.668627 -0.230219 0.707063
    outer loop
      vertex 13.9695 52.656 12
      vertex 13.0295 52.9665 12.99
      vertex 12.8738 52.5143 12.99
    endloop
  endfacet
  facet normal 0.676284 -0.206727 0.707038
    outer loop
      vertex 14.1209 53.1509 12
      vertex 13.1693 53.4238 12.99
      vertex 13.9724 52.6651 12
    endloop
  endfacet
  facet normal 0.206736 0.676284 0.707036
    outer loop
      vertex 4.04911 71.3209 12
      vertex 3.77623 70.3693 12.99
      vertex 4.53489 71.1724 12
    endloop
  endfacet
  facet normal -0.676284 -0.206727 0.707038
    outer loop
      vertex -13.1693 53.4238 12.99
      vertex -14.1209 53.1509 12
      vertex -13.9724 52.6651 12
    endloop
  endfacet
  facet normal 0.650936 0.276328 0.707054
    outer loop
      vertex 13.42 63.175 12
      vertex 12.5156 62.7723 12.99
      vertex 13.6185 62.7074 12
    endloop
  endfacet
  facet normal 0.683073 0.183053 0.707038
    outer loop
      vertex 14.1209 61.2491 12
      vertex 13.1693 60.9762 12.99
      vertex 14.2524 60.7584 12
    endloop
  endfacet
  facet normal 0.177769 0.684411 0.707092
    outer loop
      vertex 3.31433 70.493 12.99
      vertex 3.55845 71.4524 12
      vertex 3.55383 71.4536 12
    endloop
  endfacet
  facet normal 0.182932 0.683074 0.707069
    outer loop
      vertex 3.55845 71.4524 12
      vertex 3.31433 70.493 12.99
      vertex 3.77623 70.3693 12.99
    endloop
  endfacet
  facet normal -0.253467 -0.660183 0.707045
    outer loop
      vertex -5.13211 44.4976 12.99
      vertex -5.49851 43.578 12
      vertex -4.68568 44.3262 12.99
    endloop
  endfacet
  facet normal -0.251876 -0.660804 0.707033
    outer loop
      vertex -5.49851 43.578 12
      vertex -5.13211 44.4976 12.99
      vertex -5.50297 43.5797 12
    endloop
  endfacet
  facet normal 0.517207 -0.482262 0.707051
    outer loop
      vertex 10.9135 47.367 12
      vertex 9.85495 47.6832 12.99
      vertex 10.5671 46.9955 12
    endloop
  endfacet
  facet normal 0.482295 0.5172 0.707033
    outer loop
      vertex 9.83303 68.1135 12
      vertex 9.51682 67.055 12.99
      vertex 10.2045 67.7671 12
    endloop
  endfacet
  facet normal 0.0616704 0.704463 0.707057
    outer loop
      vertex 1.02472 71.8542 12
      vertex 0.955664 70.8666 12.99
      vertex 1.53076 71.8099 12
    endloop
  endfacet
  facet normal 0.425576 0.564776 0.707045
    outer loop
      vertex 8.63838 69.0816 12
      vertex 8.43456 67.9958 12.99
      vertex 9.04407 68.7759 12
    endloop
  endfacet
  facet normal -0.676284 0.206727 0.707038
    outer loop
      vertex -13.9724 61.7349 12
      vertex -14.1209 61.2491 12
      vertex -13.1693 60.9762 12.99
    endloop
  endfacet
  facet normal -0.159116 0.689016 0.707064
    outer loop
      vertex -3.05422 71.569 12
      vertex -3.54917 71.4547 12
      vertex -2.84839 70.6006 12.99
    endloop
  endfacet
  facet normal 0.533735 -0.463931 0.707032
    outer loop
      vertex 10.1811 48.0329 12.99
      vertex 10.9199 47.3741 12
      vertex 10.4948 48.3938 12.99
    endloop
  endfacet
  facet normal 0.535899 -0.461468 0.707007
    outer loop
      vertex 10.9199 47.3741 12
      vertex 10.1811 48.0329 12.99
      vertex 10.9168 47.3705 12
    endloop
  endfacet
  facet normal -0.650951 -0.276233 0.707077
    outer loop
      vertex -12.7024 52.0679 12.99
      vertex -13.6185 51.6926 12
      vertex -12.5156 51.6277 12.99
    endloop
  endfacet
  facet normal -0.654462 -0.267735 0.707105
    outer loop
      vertex -13.6185 51.6926 12
      vertex -12.7024 52.0679 12.99
      vertex -13.6203 51.697 12
    endloop
  endfacet
  facet normal -0.385215 -0.593054 0.707033
    outer loop
      vertex -7.78852 44.7448 12
      vertex -7.25989 45.5817 12.99
      vertex -7.66094 45.8422 12.99
    endloop
  endfacet
  facet normal -0.384727 -0.593367 0.707037
    outer loop
      vertex -7.25989 45.5817 12.99
      vertex -7.78852 44.7448 12
      vertex -7.78451 44.7422 12
    endloop
  endfacet
  facet normal -0.517165 -0.482337 0.70703
    outer loop
      vertex -10.1811 48.0329 12.99
      vertex -10.9135 47.367 12
      vertex -9.85495 47.6832 12.99
    endloop
  endfacet
  facet normal -0.514561 -0.485157 0.707
    outer loop
      vertex -10.9135 47.367 12
      vertex -10.1811 48.0329 12.99
      vertex -10.9168 47.3705 12
    endloop
  endfacet
  facet normal -0.482268 -0.517215 0.70704
    outer loop
      vertex -9.83303 46.2865 12
      vertex -9.16709 47.0189 12.99
      vertex -9.51682 47.345 12.99
    endloop
  endfacet
  facet normal -0.485151 -0.514554 0.70701
    outer loop
      vertex -9.16709 47.0189 12.99
      vertex -9.83303 46.2865 12
      vertex -9.82953 46.2832 12
    endloop
  endfacet
  facet normal -0.0370303 0.70619 0.707054
    outer loop
      vertex -0.512673 71.8811 12
      vertex -1.01995 71.8545 12
      vertex -0.478123 70.8917 12.99
    endloop
  endfacet
  facet normal 0.517207 0.482262 0.707051
    outer loop
      vertex 10.5671 67.4045 12
      vertex 9.85495 66.7168 12.99
      vertex 10.9135 67.033 12
    endloop
  endfacet
  facet normal 0.533698 -0.463958 0.707043
    outer loop
      vertex 11.2532 47.7575 12
      vertex 10.4948 48.3938 12.99
      vertex 10.9199 47.3741 12
    endloop
  endfacet
  facet normal 0.701913 -0.086173 0.70703
    outer loop
      vertex 14.6089 55.6597 12
      vertex 13.5667 55.2933 12.99
      vertex 14.547 55.1555 12
    endloop
  endfacet
  facet normal -0.689021 -0.159101 0.707062
    outer loop
      vertex -13.4006 54.3516 12.99
      vertex -14.369 54.1458 12
      vertex -14.2547 53.6508 12
    endloop
  endfacet
  facet normal -0.668624 -0.230253 0.707055
    outer loop
      vertex -12.8738 52.5143 12.99
      vertex -13.9695 52.656 12
      vertex -13.8041 52.1757 12
    endloop
  endfacet
  facet normal 0.661563 0.249924 0.707016
    outer loop
      vertex 12.7024 62.3321 12.99
      vertex 13.622 62.6985 12
      vertex 13.6203 62.703 12
    endloop
  endfacet
  facet normal 0.660177 0.253482 0.707045
    outer loop
      vertex 13.622 62.6985 12
      vertex 12.7024 62.3321 12.99
      vertex 12.8738 61.8857 12.99
    endloop
  endfacet
  facet normal 0.134902 0.694195 0.707032
    outer loop
      vertex 2.55089 71.6668 12
      vertex 2.37898 70.6919 12.99
      vertex 3.04953 71.5699 12
    endloop
  endfacet
  facet normal 0.251876 -0.660804 0.707033
    outer loop
      vertex 5.13211 44.4976 12.99
      vertex 5.49851 43.578 12
      vertex 5.50297 43.5797 12
    endloop
  endfacet
  facet normal 0.253467 -0.660183 0.707045
    outer loop
      vertex 5.49851 43.578 12
      vertex 5.13211 44.4976 12.99
      vertex 4.68568 44.3262 12.99
    endloop
  endfacet
  facet normal 0.222723 0.671138 0.707085
    outer loop
      vertex 4.23353 70.2295 12.99
      vertex 4.54398 71.1695 12
      vertex 4.53946 71.171 12
    endloop
  endfacet
  facet normal 0.230244 0.668624 0.707057
    outer loop
      vertex 4.54398 71.1695 12
      vertex 4.23353 70.2295 12.99
      vertex 4.68568 70.0738 12.99
    endloop
  endfacet
  facet normal 0.364188 -0.606158 0.707064
    outer loop
      vertex 7.78041 44.7397 12
      vertex 6.85 45.3355 12.99
      vertex 7.345 44.4781 12
    endloop
  endfacet
  facet normal -0.0147873 0.707029 0.707029
    outer loop
      vertex -0.00478134 71.8899 12
      vertex 0 70.9 12.99
      vertex 0 71.89 12
    endloop
  endfacet
  facet normal -0.0122742 0.70706 0.707047
    outer loop
      vertex 0 70.9 12.99
      vertex -0.00478134 71.8899 12
      vertex -0.478123 70.8917 12.99
    endloop
  endfacet
  facet normal 0.630091 0.321032 0.707053
    outer loop
      vertex 12.9727 64.0923 12
      vertex 12.3135 63.2057 12.99
      vertex 13.2033 63.6397 12
    endloop
  endfacet
  facet normal 0.689075 -0.158995 0.707033
    outer loop
      vertex 13.2931 53.8857 12.99
      vertex 14.2547 53.6508 12
      vertex 13.4006 54.3516 12.99
    endloop
  endfacet
  facet normal 0.687765 -0.164465 0.707058
    outer loop
      vertex 14.2547 53.6508 12
      vertex 13.2931 53.8857 12.99
      vertex 14.2536 53.6462 12
    endloop
  endfacet
  facet normal -0.321027 -0.630095 0.707052
    outer loop
      vertex -6.00568 44.8865 12.99
      vertex -6.89228 44.2273 12
      vertex -6.43967 43.9967 12
    endloop
  endfacet
  facet normal 0.110678 0.698467 0.707032
    outer loop
      vertex 2.55089 71.6668 12
      vertex 2.04918 71.7463 12
      vertex 2.37898 70.6919 12.99
    endloop
  endfacet
  facet normal -0.230253 -0.668624 0.707055
    outer loop
      vertex -4.68568 44.3262 12.99
      vertex -5.02428 43.3959 12
      vertex -4.54398 43.2305 12
    endloop
  endfacet
  facet normal 0.482295 -0.5172 0.707033
    outer loop
      vertex 10.2045 46.6329 12
      vertex 9.51682 47.345 12.99
      vertex 9.83303 46.2865 12
    endloop
  endfacet
  facet normal 0.276334 0.650938 0.70705
    outer loop
      vertex 5.97496 70.62 12
      vertex 5.50737 70.8185 12
      vertex 5.57229 69.7156 12.99
    endloop
  endfacet
  facet normal 0.206736 -0.676284 0.707036
    outer loop
      vertex 4.53489 43.2276 12
      vertex 3.77623 44.0307 12.99
      vertex 4.04911 43.0791 12
    endloop
  endfacet
  facet normal -0.707054 0.0122506 0.707054
    outer loop
      vertex -14.6811 57.7127 12
      vertex -14.6899 57.2048 12
      vertex -13.6917 57.6781 12.99
    endloop
  endfacet
  facet normal -0.701913 -0.086173 0.70703
    outer loop
      vertex -13.5667 55.2933 12.99
      vertex -14.6089 55.6597 12
      vertex -14.547 55.1555 12
    endloop
  endfacet
  facet normal -0.581437 0.402533 0.707035
    outer loop
      vertex -11.8872 65.8307 12
      vertex -11.0835 65.2527 12.99
      vertex -11.8845 65.8346 12
    endloop
  endfacet
  facet normal -0.579292 0.405564 0.707063
    outer loop
      vertex -11.0835 65.2527 12.99
      vertex -11.8872 65.8307 12
      vertex -11.3578 64.8609 12.99
    endloop
  endfacet
  facet normal 0.704465 -0.0616633 0.707055
    outer loop
      vertex 14.6542 56.1753 12
      vertex 13.6666 56.2443 12.99
      vertex 14.6099 55.6692 12
    endloop
  endfacet
  facet normal 0.701705 0.0877131 0.707048
    outer loop
      vertex 14.6089 58.7403 12
      vertex 13.6249 58.632 12.99
      vertex 14.6095 58.7355 12
    endloop
  endfacet
  facet normal 0.701899 0.0860554 0.707059
    outer loop
      vertex 13.6249 58.632 12.99
      vertex 14.6089 58.7403 12
      vertex 13.5667 59.1067 12.99
    endloop
  endfacet
  facet normal -0.704465 -0.0616633 0.707055
    outer loop
      vertex -13.6666 56.2443 12.99
      vertex -14.6542 56.1753 12
      vertex -14.6099 55.6692 12
    endloop
  endfacet
  facet normal -0.222723 0.671138 0.707085
    outer loop
      vertex -4.54398 71.1695 12
      vertex -4.23353 70.2295 12.99
      vertex -4.53946 71.171 12
    endloop
  endfacet
  facet normal -0.230244 0.668624 0.707057
    outer loop
      vertex -4.23353 70.2295 12.99
      vertex -4.54398 71.1695 12
      vertex -4.68568 70.0738 12.99
    endloop
  endfacet
  facet normal -0.56476 0.425554 0.707072
    outer loop
      vertex -11.5759 66.2441 12
      vertex -11.8816 65.8384 12
      vertex -10.7957 65.6346 12.99
    endloop
  endfacet
  facet normal 0.6264 0.328114 0.707082
    outer loop
      vertex 12.0964 63.6318 12.99
      vertex 12.9727 64.0923 12
      vertex 12.9705 64.0965 12
    endloop
  endfacet
  facet normal 0.630089 0.321034 0.707054
    outer loop
      vertex 12.9727 64.0923 12
      vertex 12.0964 63.6318 12.99
      vertex 12.3135 63.2057 12.99
    endloop
  endfacet
  facet normal 0.0370303 0.70619 0.707054
    outer loop
      vertex 0.512673 71.8811 12
      vertex 0.478123 70.8917 12.99
      vertex 1.01995 71.8545 12
    endloop
  endfacet
  facet normal 0.704461 -0.0616755 0.707058
    outer loop
      vertex 13.6249 55.768 12.99
      vertex 14.6099 55.6692 12
      vertex 13.6666 56.2443 12.99
    endloop
  endfacet
  facet normal 0.70462 -0.0599677 0.707046
    outer loop
      vertex 14.6099 55.6692 12
      vertex 13.6249 55.768 12.99
      vertex 14.6095 55.6645 12
    endloop
  endfacet
  facet normal 0.683064 -0.183088 0.707038
    outer loop
      vertex 14.2524 53.6415 12
      vertex 13.1693 53.4238 12.99
      vertex 14.1209 53.1509 12
    endloop
  endfacet
  facet normal -0.206736 -0.676284 0.707036
    outer loop
      vertex -3.77623 44.0307 12.99
      vertex -4.53489 43.2276 12
      vertex -4.04911 43.0791 12
    endloop
  endfacet
  facet normal -0.276334 -0.650938 0.70705
    outer loop
      vertex -5.57229 44.6844 12.99
      vertex -5.97496 43.78 12
      vertex -5.50737 43.5815 12
    endloop
  endfacet
  facet normal 0.0443847 -0.705717 0.707102
    outer loop
      vertex 0.955664 43.5334 12.99
      vertex 1.01995 42.5455 12
      vertex 1.02472 42.5458 12
    endloop
  endfacet
  facet normal 0.0371166 -0.706163 0.707076
    outer loop
      vertex 1.01995 42.5455 12
      vertex 0.955664 43.5334 12.99
      vertex 0.478123 43.5083 12.99
    endloop
  endfacet
  facet normal -0.425576 0.564776 0.707045
    outer loop
      vertex -8.63838 69.0816 12
      vertex -9.04407 68.7759 12
      vertex -8.43456 67.9958 12.99
    endloop
  endfacet
  facet normal -0.183067 -0.683071 0.707036
    outer loop
      vertex -3.77623 44.0307 12.99
      vertex -4.04911 43.0791 12
      vertex -3.55845 42.9476 12
    endloop
  endfacet
  facet normal 0.606155 0.364194 0.707064
    outer loop
      vertex 12.4603 64.9804 12
      vertex 11.8645 64.05 12.99
      vertex 12.7219 64.545 12
    endloop
  endfacet
  facet normal 0.698467 -0.11068 0.707032
    outer loop
      vertex 14.5463 55.1508 12
      vertex 13.4919 54.821 12.99
      vertex 14.4668 54.6491 12
    endloop
  endfacet
  facet normal -0.38508 0.593101 0.707068
    outer loop
      vertex -7.78852 69.6552 12
      vertex -8.21454 69.3786 12
      vertex -7.66094 68.5578 12.99
    endloop
  endfacet
  facet normal 0.689021 0.159101 0.707062
    outer loop
      vertex 14.2547 60.7492 12
      vertex 13.4006 60.0484 12.99
      vertex 14.369 60.2542 12
    endloop
  endfacet
  facet normal 0.668624 -0.230253 0.707055
    outer loop
      vertex 13.9695 52.656 12
      vertex 12.8738 52.5143 12.99
      vertex 13.8041 52.1757 12
    endloop
  endfacet
  facet normal 0.69455 0.132999 0.707044
    outer loop
      vertex 13.4006 60.0484 12.99
      vertex 14.3699 60.2495 12
      vertex 14.369 60.2542 12
    endloop
  endfacet
  facet normal 0.694147 0.135014 0.707058
    outer loop
      vertex 14.3699 60.2495 12
      vertex 13.4006 60.0484 12.99
      vertex 13.4919 59.579 12.99
    endloop
  endfacet
  facet normal -0.40562 0.579255 0.707062
    outer loop
      vertex -8.63065 69.0872 12
      vertex -8.05266 68.2835 12.99
      vertex -7.66094 68.5578 12.99
    endloop
  endfacet
  facet normal -0.401842 0.581927 0.707025
    outer loop
      vertex -8.05266 68.2835 12.99
      vertex -8.63065 69.0872 12
      vertex -8.63456 69.0845 12
    endloop
  endfacet
  facet normal -0.0886277 0.701636 0.707002
    outer loop
      vertex -1.54027 71.8089 12
      vertex -1.43204 70.825 12.99
      vertex -1.53552 71.8095 12
    endloop
  endfacet
  facet normal -0.0862184 0.701919 0.707019
    outer loop
      vertex -1.43204 70.825 12.99
      vertex -1.54027 71.8089 12
      vertex -1.90667 70.7667 12.99
    endloop
  endfacet
  facet normal 0.705737 0.0441085 0.7071
    outer loop
      vertex 13.6666 58.1557 12.99
      vertex 14.6545 58.2199 12
      vertex 14.6542 58.2247 12
    endloop
  endfacet
  facet normal 0.706165 0.0371121 0.707074
    outer loop
      vertex 14.6545 58.2199 12
      vertex 13.6666 58.1557 12.99
      vertex 13.6917 57.6781 12.99
    endloop
  endfacet
  facet normal 0.706188 0.0370359 0.707055
    outer loop
      vertex 14.6545 58.2199 12
      vertex 13.6917 57.6781 12.99
      vertex 14.6811 57.7127 12
    endloop
  endfacet
  facet normal 0.463969 -0.533669 0.707057
    outer loop
      vertex 9.82592 46.2801 12
      vertex 8.80619 46.7052 12.99
      vertex 9.44255 45.9468 12
    endloop
  endfacet
  facet normal -0.206736 0.676284 0.707036
    outer loop
      vertex -4.04911 71.3209 12
      vertex -4.53489 71.1724 12
      vertex -3.77623 70.3693 12.99
    endloop
  endfacet
  facet normal -0.650936 -0.276328 0.707054
    outer loop
      vertex -12.5156 51.6277 12.99
      vertex -13.6185 51.6926 12
      vertex -13.42 51.225 12
    endloop
  endfacet
  facet normal 0.668624 0.230253 0.707055
    outer loop
      vertex 13.8041 62.2243 12
      vertex 12.8738 61.8857 12.99
      vertex 13.9695 61.744 12
    endloop
  endfacet
  facet normal -0.253467 0.660183 0.707045
    outer loop
      vertex -5.49851 70.822 12
      vertex -5.13211 69.9024 12.99
      vertex -4.68568 70.0738 12.99
    endloop
  endfacet
  facet normal -0.251876 0.660804 0.707033
    outer loop
      vertex -5.13211 69.9024 12.99
      vertex -5.49851 70.822 12
      vertex -5.50297 70.8203 12
    endloop
  endfacet
  facet normal 0.514561 0.485157 0.707
    outer loop
      vertex 10.9135 67.033 12
      vertex 10.1811 66.3671 12.99
      vertex 10.9168 67.0295 12
    endloop
  endfacet
  facet normal 0.517165 0.482337 0.70703
    outer loop
      vertex 10.1811 66.3671 12.99
      vertex 10.9135 67.033 12
      vertex 9.85495 66.7168 12.99
    endloop
  endfacet
  facet normal -0.660157 0.25351 0.707054
    outer loop
      vertex -13.622 62.6985 12
      vertex -13.8041 62.2243 12
      vertex -12.8738 61.8857 12.99
    endloop
  endfacet
  facet normal -0.70703 0.0147298 0.70703
    outer loop
      vertex -13.7 57.2 12.99
      vertex -14.6899 57.2048 12
      vertex -14.69 57.2 12
    endloop
  endfacet
  facet normal -0.707059 0.0122748 0.707048
    outer loop
      vertex -14.6899 57.2048 12
      vertex -13.7 57.2 12.99
      vertex -13.6917 57.6781 12.99
    endloop
  endfacet
  facet normal -0.564744 0.425591 0.707062
    outer loop
      vertex -11.8816 65.8384 12
      vertex -11.0835 65.2527 12.99
      vertex -10.7957 65.6346 12.99
    endloop
  endfacet
  facet normal -0.562178 0.429031 0.707028
    outer loop
      vertex -11.0835 65.2527 12.99
      vertex -11.8816 65.8384 12
      vertex -11.8845 65.8346 12
    endloop
  endfacet
  facet normal -0.0122508 0.707054 0.707053
    outer loop
      vertex -0.00478134 71.8899 12
      vertex -0.512673 71.8811 12
      vertex -0.478123 70.8917 12.99
    endloop
  endfacet
  facet normal -0.689075 -0.158995 0.707033
    outer loop
      vertex -14.2547 53.6508 12
      vertex -13.2931 53.8857 12.99
      vertex -13.4006 54.3516 12.99
    endloop
  endfacet
  facet normal -0.687765 -0.164465 0.707058
    outer loop
      vertex -13.2931 53.8857 12.99
      vertex -14.2547 53.6508 12
      vertex -14.2536 53.6462 12
    endloop
  endfacet
  facet normal 0.0616704 -0.704463 0.707057
    outer loop
      vertex 1.53076 42.5901 12
      vertex 0.955664 43.5334 12.99
      vertex 1.02472 42.5458 12
    endloop
  endfacet
  facet normal -0.0861765 0.701914 0.70703
    outer loop
      vertex -1.54027 71.8089 12
      vertex -2.04445 71.747 12
      vertex -1.90667 70.7667 12.99
    endloop
  endfacet
  facet normal -0.38508 -0.593101 0.707068
    outer loop
      vertex -7.66094 45.8422 12.99
      vertex -8.21454 45.0214 12
      vertex -7.78852 44.7448 12
    endloop
  endfacet
  facet normal -0.701899 -0.0860554 0.707059
    outer loop
      vertex -13.6249 55.768 12.99
      vertex -14.6089 55.6597 12
      vertex -13.5667 55.2933 12.99
    endloop
  endfacet
  facet normal -0.701705 -0.0877131 0.707048
    outer loop
      vertex -14.6089 55.6597 12
      vertex -13.6249 55.768 12.99
      vertex -14.6095 55.6645 12
    endloop
  endfacet
  facet normal -0.668627 -0.230219 0.707063
    outer loop
      vertex -13.0295 52.9665 12.99
      vertex -13.9695 52.656 12
      vertex -12.8738 52.5143 12.99
    endloop
  endfacet
  facet normal -0.670837 -0.223612 0.707089
    outer loop
      vertex -13.9695 52.656 12
      vertex -13.0295 52.9665 12.99
      vertex -13.971 52.6605 12
    endloop
  endfacet
  facet normal -0.706188 -0.0370359 0.707055
    outer loop
      vertex -13.6917 56.7219 12.99
      vertex -14.6811 56.6873 12
      vertex -14.6545 56.1801 12
    endloop
  endfacet
  facet normal 0.253496 -0.660163 0.707054
    outer loop
      vertex 5.49851 43.578 12
      vertex 4.68568 44.3262 12.99
      vertex 5.02428 43.3959 12
    endloop
  endfacet
  facet normal 0.0443847 0.705717 0.707102
    outer loop
      vertex 1.01995 71.8545 12
      vertex 0.955664 70.8666 12.99
      vertex 1.02472 71.8542 12
    endloop
  endfacet
  facet normal 0.0371166 0.706163 0.707076
    outer loop
      vertex 0.955664 70.8666 12.99
      vertex 1.01995 71.8545 12
      vertex 0.478123 70.8917 12.99
    endloop
  endfacet
  facet normal 0.704465 0.0616633 0.707055
    outer loop
      vertex 14.6099 58.7308 12
      vertex 13.6666 58.1557 12.99
      vertex 14.6542 58.2247 12
    endloop
  endfacet
  facet normal -0.70703 -0.0147298 0.70703
    outer loop
      vertex -14.6899 57.1952 12
      vertex -13.7 57.2 12.99
      vertex -14.69 57.2 12
    endloop
  endfacet
  facet normal -0.707059 -0.0122748 0.707048
    outer loop
      vertex -13.7 57.2 12.99
      vertex -14.6899 57.1952 12
      vertex -13.6917 56.7219 12.99
    endloop
  endfacet
  facet normal 0.405636 -0.579236 0.707068
    outer loop
      vertex 8.63065 45.3128 12
      vertex 7.66094 45.8422 12.99
      vertex 8.21454 45.0214 12
    endloop
  endfacet
  facet normal 0.676538 0.205903 0.707037
    outer loop
      vertex 13.0295 61.4335 12.99
      vertex 13.9724 61.7349 12
      vertex 13.971 61.7395 12
    endloop
  endfacet
  facet normal 0.676275 0.206742 0.707043
    outer loop
      vertex 13.9724 61.7349 12
      vertex 13.0295 61.4335 12.99
      vertex 13.1693 60.9762 12.99
    endloop
  endfacet
  facet normal 0.706165 -0.0371121 0.707074
    outer loop
      vertex 13.6666 56.2443 12.99
      vertex 14.6545 56.1801 12
      vertex 13.6917 56.7219 12.99
    endloop
  endfacet
  facet normal 0.705737 -0.0441085 0.7071
    outer loop
      vertex 14.6545 56.1801 12
      vertex 13.6666 56.2443 12.99
      vertex 14.6542 56.1753 12
    endloop
  endfacet
  facet normal 0.443927 -0.55047 0.707044
    outer loop
      vertex 8.80619 46.7052 12.99
      vertex 9.43883 45.9438 12
      vertex 9.44255 45.9468 12
    endloop
  endfacet
  facet normal 0.444994 -0.549595 0.707054
    outer loop
      vertex 9.43883 45.9438 12
      vertex 8.80619 46.7052 12.99
      vertex 8.43456 46.4043 12.99
    endloop
  endfacet
  facet normal -0.364126 -0.60622 0.707043
    outer loop
      vertex -7.25989 45.5817 12.99
      vertex -7.78041 44.7397 12
      vertex -6.85 45.3355 12.99
    endloop
  endfacet
  facet normal -0.368147 -0.603761 0.707065
    outer loop
      vertex -7.78041 44.7397 12
      vertex -7.25989 45.5817 12.99
      vertex -7.78451 44.7422 12
    endloop
  endfacet
  facet normal -0.482295 -0.5172 0.707033
    outer loop
      vertex -9.51682 47.345 12.99
      vertex -10.2045 46.6329 12
      vertex -9.83303 46.2865 12
    endloop
  endfacet
  facet normal -0.564744 -0.425591 0.707062
    outer loop
      vertex -11.0835 49.1473 12.99
      vertex -11.8816 48.5616 12
      vertex -10.7957 48.7654 12.99
    endloop
  endfacet
  facet normal -0.562178 -0.429031 0.707028
    outer loop
      vertex -11.8816 48.5616 12
      vertex -11.0835 49.1473 12.99
      vertex -11.8845 48.5654 12
    endloop
  endfacet
  facet normal 0.593092 -0.385092 0.707068
    outer loop
      vertex 12.4552 49.4115 12
      vertex 11.3578 49.5391 12.99
      vertex 12.1786 48.9855 12
    endloop
  endfacet
  facet normal 0.134902 -0.694195 0.707032
    outer loop
      vertex 3.04953 42.8301 12
      vertex 2.37898 43.7081 12.99
      vertex 2.55089 42.7332 12
    endloop
  endfacet
  facet normal 0.230253 -0.668624 0.707055
    outer loop
      vertex 4.68568 44.3262 12.99
      vertex 4.54398 43.2305 12
      vertex 5.02428 43.3959 12
    endloop
  endfacet
  facet normal 0.340902 0.619552 0.707065
    outer loop
      vertex 6.43176 69.2964 12.99
      vertex 6.90072 70.1682 12
      vertex 6.89654 70.1705 12
    endloop
  endfacet
  facet normal 0.342913 0.618456 0.707053
    outer loop
      vertex 6.90072 70.1682 12
      vertex 6.43176 69.2964 12.99
      vertex 6.85 69.0645 12.99
    endloop
  endfacet
  facet normal 0.364188 0.606158 0.707064
    outer loop
      vertex 7.345 69.9219 12
      vertex 6.85 69.0645 12.99
      vertex 7.78041 69.6603 12
    endloop
  endfacet
  facet normal -0.159115 0.689016 0.707064
    outer loop
      vertex -3.54917 71.4547 12
      vertex -3.31433 70.493 12.99
      vertex -2.84839 70.6006 12.99
    endloop
  endfacet
  facet normal -0.162455 0.688218 0.707081
    outer loop
      vertex -3.31433 70.493 12.99
      vertex -3.54917 71.4547 12
      vertex -3.55383 71.4536 12
    endloop
  endfacet
  facet normal -0.321027 0.630095 0.707052
    outer loop
      vertex -6.43967 70.4033 12
      vertex -6.89228 70.1727 12
      vertex -6.00568 69.5135 12.99
    endloop
  endfacet
  facet normal -0.222723 -0.671138 0.707085
    outer loop
      vertex -4.23353 44.1705 12.99
      vertex -4.54398 43.2305 12
      vertex -4.53946 43.229 12
    endloop
  endfacet
  facet normal -0.230244 -0.668624 0.707057
    outer loop
      vertex -4.54398 43.2305 12
      vertex -4.23353 44.1705 12.99
      vertex -4.68568 44.3262 12.99
    endloop
  endfacet
  facet normal 0.670837 0.223612 0.707089
    outer loop
      vertex 13.9695 61.744 12
      vertex 13.0295 61.4335 12.99
      vertex 13.971 61.7395 12
    endloop
  endfacet
  facet normal 0.668627 0.230219 0.707063
    outer loop
      vertex 13.0295 61.4335 12.99
      vertex 13.9695 61.744 12
      vertex 12.8738 61.8857 12.99
    endloop
  endfacet
  facet normal -0.298885 -0.640897 0.70705
    outer loop
      vertex -5.57229 44.6844 12.99
      vertex -6.43534 43.9947 12
      vertex -5.97496 43.78 12
    endloop
  endfacet
  facet normal -0.485151 0.514554 0.70701
    outer loop
      vertex -9.83303 68.1135 12
      vertex -9.16709 67.3811 12.99
      vertex -9.82953 68.1168 12
    endloop
  endfacet
  facet normal -0.482268 0.517215 0.70704
    outer loop
      vertex -9.16709 67.3811 12.99
      vertex -9.83303 68.1135 12
      vertex -9.51682 67.055 12.99
    endloop
  endfacet
  facet normal -0.640919 -0.298869 0.707036
    outer loop
      vertex -13.2053 50.7647 12
      vertex -12.3135 51.1943 12.99
      vertex -12.5156 51.6277 12.99
    endloop
  endfacet
  facet normal -0.643845 -0.292657 0.706976
    outer loop
      vertex -12.3135 51.1943 12.99
      vertex -13.2053 50.7647 12
      vertex -13.2033 50.7603 12
    endloop
  endfacet
  facet normal -0.660177 -0.253482 0.707045
    outer loop
      vertex -13.622 51.7015 12
      vertex -12.7024 52.0679 12.99
      vertex -12.8738 52.5143 12.99
    endloop
  endfacet
  facet normal -0.661563 -0.249924 0.707016
    outer loop
      vertex -12.7024 52.0679 12.99
      vertex -13.622 51.7015 12
      vertex -13.6203 51.697 12
    endloop
  endfacet
  facet normal -0.705737 0.0441085 0.7071
    outer loop
      vertex -14.6545 58.2199 12
      vertex -13.6666 58.1557 12.99
      vertex -14.6542 58.2247 12
    endloop
  endfacet
  facet normal -0.706165 0.0371121 0.707074
    outer loop
      vertex -13.6666 58.1557 12.99
      vertex -14.6545 58.2199 12
      vertex -13.6917 57.6781 12.99
    endloop
  endfacet
  facet normal 0.0122508 0.707054 0.707053
    outer loop
      vertex 0.512673 71.8811 12
      vertex 0.00478134 71.8899 12
      vertex 0.478123 70.8917 12.99
    endloop
  endfacet
  facet normal 0.581437 0.402533 0.707035
    outer loop
      vertex 11.0835 65.2527 12.99
      vertex 11.8872 65.8307 12
      vertex 11.8845 65.8346 12
    endloop
  endfacet
  facet normal 0.579292 0.405564 0.707063
    outer loop
      vertex 11.8872 65.8307 12
      vertex 11.0835 65.2527 12.99
      vertex 11.3578 64.8609 12.99
    endloop
  endfacet
  facet normal 0.654462 -0.267735 0.707105
    outer loop
      vertex 12.7024 52.0679 12.99
      vertex 13.6185 51.6926 12
      vertex 13.6203 51.697 12
    endloop
  endfacet
  facet normal 0.650951 -0.276233 0.707077
    outer loop
      vertex 13.6185 51.6926 12
      vertex 12.7024 52.0679 12.99
      vertex 12.5156 51.6277 12.99
    endloop
  endfacet
  facet normal 0.56476 0.425554 0.707072
    outer loop
      vertex 11.5759 66.2441 12
      vertex 10.7957 65.6346 12.99
      vertex 11.8816 65.8384 12
    endloop
  endfacet
  facet normal 0.5495 0.445085 0.70707
    outer loop
      vertex 11.2562 66.6388 12
      vertex 10.7957 65.6346 12.99
      vertex 11.5759 66.2441 12
    endloop
  endfacet
  facet normal 0.0861765 -0.701914 0.70703
    outer loop
      vertex 1.90667 43.6333 12.99
      vertex 1.54027 42.5911 12
      vertex 2.04445 42.653 12
    endloop
  endfacet
  facet normal 0.133272 0.694493 0.707049
    outer loop
      vertex 3.04953 71.5699 12
      vertex 2.84839 70.6006 12.99
      vertex 3.05422 71.569 12
    endloop
  endfacet
  facet normal 0.135011 0.694145 0.707061
    outer loop
      vertex 2.84839 70.6006 12.99
      vertex 3.04953 71.5699 12
      vertex 2.37898 70.6919 12.99
    endloop
  endfacet
  facet normal 0.706188 -0.0370359 0.707055
    outer loop
      vertex 14.6811 56.6873 12
      vertex 13.6917 56.7219 12.99
      vertex 14.6545 56.1801 12
    endloop
  endfacet
  facet normal -0.230253 0.668624 0.707055
    outer loop
      vertex -4.54398 71.1695 12
      vertex -5.02428 71.0041 12
      vertex -4.68568 70.0738 12.99
    endloop
  endfacet
  facet normal 0.162463 -0.688252 0.707047
    outer loop
      vertex 3.31433 43.9069 12.99
      vertex 3.54917 42.9453 12
      vertex 3.55383 42.9464 12
    endloop
  endfacet
  facet normal 0.158983 -0.689083 0.707028
    outer loop
      vertex 3.54917 42.9453 12
      vertex 3.31433 43.9069 12.99
      vertex 2.84839 43.7994 12.99
    endloop
  endfacet
  facet normal 0.549295 0.445374 0.707048
    outer loop
      vertex 10.4948 66.0062 12.99
      vertex 11.2562 66.6388 12
      vertex 11.2532 66.6425 12
    endloop
  endfacet
  facet normal 0.549585 0.445022 0.707045
    outer loop
      vertex 11.2562 66.6388 12
      vertex 10.4948 66.0062 12.99
      vertex 10.7957 65.6346 12.99
    endloop
  endfacet
  facet normal -0.618475 -0.342855 0.707064
    outer loop
      vertex -11.8645 50.35 12.99
      vertex -12.9682 50.2993 12
      vertex -12.7219 49.855 12
    endloop
  endfacet
  facet normal 0.701705 -0.0877131 0.707048
    outer loop
      vertex 13.6249 55.768 12.99
      vertex 14.6089 55.6597 12
      vertex 14.6095 55.6645 12
    endloop
  endfacet
  facet normal 0.701899 -0.0860554 0.707059
    outer loop
      vertex 14.6089 55.6597 12
      vertex 13.6249 55.768 12.99
      vertex 13.5667 55.2933 12.99
    endloop
  endfacet
  facet normal 0.654462 0.267735 0.707105
    outer loop
      vertex 13.6185 62.7074 12
      vertex 12.7024 62.3321 12.99
      vertex 13.6203 62.703 12
    endloop
  endfacet
  facet normal 0.650951 0.276233 0.707077
    outer loop
      vertex 12.7024 62.3321 12.99
      vertex 13.6185 62.7074 12
      vertex 12.5156 62.7723 12.99
    endloop
  endfacet
  facet normal 0.562178 0.429031 0.707028
    outer loop
      vertex 11.8816 65.8384 12
      vertex 11.0835 65.2527 12.99
      vertex 11.8845 65.8346 12
    endloop
  endfacet
  facet normal 0.564744 0.425591 0.707062
    outer loop
      vertex 11.0835 65.2527 12.99
      vertex 11.8816 65.8384 12
      vertex 10.7957 65.6346 12.99
    endloop
  endfacet
  facet normal 0.640873 0.298926 0.707054
    outer loop
      vertex 13.2053 63.6353 12
      vertex 12.5156 62.7723 12.99
      vertex 13.42 63.175 12
    endloop
  endfacet
  facet normal -0.630089 -0.321034 0.707054
    outer loop
      vertex -12.9727 50.3077 12
      vertex -12.0964 50.7682 12.99
      vertex -12.3135 51.1943 12.99
    endloop
  endfacet
  facet normal -0.6264 -0.328114 0.707082
    outer loop
      vertex -12.0964 50.7682 12.99
      vertex -12.9727 50.3077 12
      vertex -12.9705 50.3035 12
    endloop
  endfacet
  facet normal 0.0122742 0.70706 0.707047
    outer loop
      vertex 0.00478134 71.8899 12
      vertex 0 70.9 12.99
      vertex 0.478123 70.8917 12.99
    endloop
  endfacet
  facet normal 0.0147873 0.707029 0.707029
    outer loop
      vertex 0 70.9 12.99
      vertex 0.00478134 71.8899 12
      vertex 0 71.89 12
    endloop
  endfacet
  facet normal 0.50004 0.50004 0.707051
    outer loop
      vertex 10.2045 67.7671 12
      vertex 9.85495 66.7168 12.99
      vertex 10.5671 67.4045 12
    endloop
  endfacet
  facet normal 0.500104 0.500001 0.707033
    outer loop
      vertex 9.85495 66.7168 12.99
      vertex 10.2045 67.7671 12
      vertex 9.51682 67.055 12.99
    endloop
  endfacet
  facet normal -0.206744 0.676279 0.707038
    outer loop
      vertex -4.53489 71.1724 12
      vertex -4.23353 70.2295 12.99
      vertex -3.77623 70.3693 12.99
    endloop
  endfacet
  facet normal -0.207138 0.676156 0.707041
    outer loop
      vertex -4.23353 70.2295 12.99
      vertex -4.53489 71.1724 12
      vertex -4.53946 71.171 12
    endloop
  endfacet
  facet normal 0.660177 -0.253482 0.707045
    outer loop
      vertex 12.7024 52.0679 12.99
      vertex 13.622 51.7015 12
      vertex 12.8738 52.5143 12.99
    endloop
  endfacet
  facet normal 0.661563 -0.249924 0.707016
    outer loop
      vertex 13.622 51.7015 12
      vertex 12.7024 52.0679 12.99
      vertex 13.6203 51.697 12
    endloop
  endfacet
  facet normal 0.0861765 0.701914 0.70703
    outer loop
      vertex 2.04445 71.747 12
      vertex 1.54027 71.8089 12
      vertex 1.90667 70.7667 12.99
    endloop
  endfacet
  facet normal -0.405636 -0.579236 0.707068
    outer loop
      vertex -7.66094 45.8422 12.99
      vertex -8.63065 45.3128 12
      vertex -8.21454 45.0214 12
    endloop
  endfacet
  facet normal 0.707054 -0.0122506 0.707054
    outer loop
      vertex 14.6899 57.1952 12
      vertex 13.6917 56.7219 12.99
      vertex 14.6811 56.6873 12
    endloop
  endfacet
  facet normal 0.70703 -0.0147298 0.70703
    outer loop
      vertex 13.7 57.2 12.99
      vertex 14.6899 57.1952 12
      vertex 14.69 57.2 12
    endloop
  endfacet
  facet normal 0.707059 -0.0122748 0.707048
    outer loop
      vertex 14.6899 57.1952 12
      vertex 13.7 57.2 12.99
      vertex 13.6917 56.7219 12.99
    endloop
  endfacet
  facet normal 0.698467 0.11068 0.707032
    outer loop
      vertex 14.4668 59.7509 12
      vertex 13.4919 59.579 12.99
      vertex 14.5463 59.2492 12
    endloop
  endfacet
  facet normal -0.298885 0.640897 0.70705
    outer loop
      vertex -5.97496 70.62 12
      vertex -6.43534 70.4053 12
      vertex -5.57229 69.7156 12.99
    endloop
  endfacet
  facet normal 0.425589 -0.564741 0.707066
    outer loop
      vertex 8.05266 46.1165 12.99
      vertex 8.63838 45.3184 12
      vertex 8.43456 46.4043 12.99
    endloop
  endfacet
  facet normal 0.427595 -0.563246 0.707048
    outer loop
      vertex 8.63838 45.3184 12
      vertex 8.05266 46.1165 12.99
      vertex 8.63456 45.3155 12
    endloop
  endfacet
  facet normal 0.694194 0.134913 0.707031
    outer loop
      vertex 14.3699 60.2495 12
      vertex 13.4919 59.579 12.99
      vertex 14.4668 59.7509 12
    endloop
  endfacet
  facet normal 0.514561 -0.485157 0.707
    outer loop
      vertex 10.1811 48.0329 12.99
      vertex 10.9135 47.367 12
      vertex 10.9168 47.3705 12
    endloop
  endfacet
  facet normal 0.517165 -0.482337 0.70703
    outer loop
      vertex 10.9135 47.367 12
      vertex 10.1811 48.0329 12.99
      vertex 9.85495 47.6832 12.99
    endloop
  endfacet
  facet normal -0.0370303 -0.70619 0.707054
    outer loop
      vertex -0.478123 43.5083 12.99
      vertex -1.01995 42.5455 12
      vertex -0.512673 42.5189 12
    endloop
  endfacet
  facet normal -0.701913 0.086173 0.70703
    outer loop
      vertex -14.547 59.2445 12
      vertex -14.6089 58.7403 12
      vertex -13.5667 59.1067 12.99
    endloop
  endfacet
  facet normal 0.425559 -0.564753 0.707074
    outer loop
      vertex 9.04407 45.6241 12
      vertex 8.43456 46.4043 12.99
      vertex 8.63838 45.3184 12
    endloop
  endfacet
  facet normal -0.661563 0.249924 0.707016
    outer loop
      vertex -13.622 62.6985 12
      vertex -12.7024 62.3321 12.99
      vertex -13.6203 62.703 12
    endloop
  endfacet
  facet normal -0.660177 0.253482 0.707045
    outer loop
      vertex -12.7024 62.3321 12.99
      vertex -13.622 62.6985 12
      vertex -12.8738 61.8857 12.99
    endloop
  endfacet
  facet normal -0.0615223 0.704513 0.707019
    outer loop
      vertex -1.53076 71.8099 12
      vertex -1.43204 70.825 12.99
      vertex -0.955664 70.8666 12.99
    endloop
  endfacet
  facet normal -0.0592208 0.704727 0.707002
    outer loop
      vertex -1.43204 70.825 12.99
      vertex -1.53076 71.8099 12
      vertex -1.53552 71.8095 12
    endloop
  endfacet
  facet normal 0.427595 0.563246 0.707048
    outer loop
      vertex 8.05266 68.2835 12.99
      vertex 8.63838 69.0816 12
      vertex 8.63456 69.0845 12
    endloop
  endfacet
  facet normal 0.425494 0.564811 0.707067
    outer loop
      vertex 8.63838 69.0816 12
      vertex 8.05266 68.2835 12.99
      vertex 8.43456 67.9958 12.99
    endloop
  endfacet
  facet normal -0.704461 -0.0616755 0.707058
    outer loop
      vertex -14.6099 55.6692 12
      vertex -13.6249 55.768 12.99
      vertex -13.6666 56.2443 12.99
    endloop
  endfacet
  facet normal -0.70462 -0.0599677 0.707046
    outer loop
      vertex -13.6249 55.768 12.99
      vertex -14.6099 55.6692 12
      vertex -14.6095 55.6645 12
    endloop
  endfacet
  facet normal -0.606155 -0.364194 0.707064
    outer loop
      vertex -11.8645 50.35 12.99
      vertex -12.7219 49.855 12
      vertex -12.4603 49.4196 12
    endloop
  endfacet
  facet normal -0.618475 0.342855 0.707064
    outer loop
      vertex -12.7219 64.545 12
      vertex -12.9682 64.1007 12
      vertex -11.8645 64.05 12.99
    endloop
  endfacet
  facet normal 0.650936 -0.276328 0.707054
    outer loop
      vertex 13.6185 51.6926 12
      vertex 12.5156 51.6277 12.99
      vertex 13.42 51.225 12
    endloop
  endfacet
  facet normal -0.694194 0.134913 0.707031
    outer loop
      vertex -14.3699 60.2495 12
      vertex -14.4668 59.7509 12
      vertex -13.4919 59.579 12.99
    endloop
  endfacet
  facet normal 0.324474 -0.628299 0.707076
    outer loop
      vertex 6.43176 45.1036 12.99
      vertex 6.89228 44.2273 12
      vertex 6.89654 44.2295 12
    endloop
  endfacet
  facet normal 0.321044 -0.63008 0.707057
    outer loop
      vertex 6.89228 44.2273 12
      vertex 6.43176 45.1036 12.99
      vertex 6.00568 44.8865 12.99
    endloop
  endfacet
  facet normal -0.603764 0.368149 0.707061
    outer loop
      vertex -12.4603 64.9804 12
      vertex -11.6183 64.4599 12.99
      vertex -12.4578 64.9845 12
    endloop
  endfacet
  facet normal -0.606228 0.364121 0.707039
    outer loop
      vertex -11.6183 64.4599 12.99
      vertex -12.4603 64.9804 12
      vertex -11.8645 64.05 12.99
    endloop
  endfacet
  facet normal 0.251876 0.660804 0.707033
    outer loop
      vertex 5.49851 70.822 12
      vertex 5.13211 69.9024 12.99
      vertex 5.50297 70.8203 12
    endloop
  endfacet
  facet normal 0.253467 0.660183 0.707045
    outer loop
      vertex 5.13211 69.9024 12.99
      vertex 5.49851 70.822 12
      vertex 4.68568 70.0738 12.99
    endloop
  endfacet
  facet normal -0.364188 -0.606158 0.707064
    outer loop
      vertex -6.85 45.3355 12.99
      vertex -7.78041 44.7397 12
      vertex -7.345 44.4781 12
    endloop
  endfacet
  facet normal -0.676538 0.205903 0.707037
    outer loop
      vertex -13.9724 61.7349 12
      vertex -13.0295 61.4335 12.99
      vertex -13.971 61.7395 12
    endloop
  endfacet
  facet normal -0.676275 0.206742 0.707043
    outer loop
      vertex -13.0295 61.4335 12.99
      vertex -13.9724 61.7349 12
      vertex -13.1693 60.9762 12.99
    endloop
  endfacet
  facet normal 0.298885 -0.640897 0.70705
    outer loop
      vertex 6.43534 43.9947 12
      vertex 5.57229 44.6844 12.99
      vertex 5.97496 43.78 12
    endloop
  endfacet
  facet normal -0.445043 -0.549531 0.707073
    outer loop
      vertex -8.43456 46.4043 12.99
      vertex -9.43883 45.9438 12
      vertex -9.04407 45.6241 12
    endloop
  endfacet
  facet normal 0.56476 -0.425554 0.707072
    outer loop
      vertex 11.8816 48.5616 12
      vertex 10.7957 48.7654 12.99
      vertex 11.5759 48.1559 12
    endloop
  endfacet
  facet normal 0.579309 -0.405575 0.707043
    outer loop
      vertex 11.0835 49.1473 12.99
      vertex 11.8872 48.5694 12
      vertex 11.3578 49.5391 12.99
    endloop
  endfacet
  facet normal 0.586243 -0.395714 0.706916
    outer loop
      vertex 11.8872 48.5694 12
      vertex 11.0835 49.1473 12.99
      vertex 11.8845 48.5654 12
    endloop
  endfacet
  facet normal -0.579277 0.405577 0.707068
    outer loop
      vertex -11.8872 65.8307 12
      vertex -12.1786 65.4145 12
      vertex -11.3578 64.8609 12.99
    endloop
  endfacet
  facet normal -0.683064 -0.183088 0.707038
    outer loop
      vertex -13.1693 53.4238 12.99
      vertex -14.2524 53.6415 12
      vertex -14.1209 53.1509 12
    endloop
  endfacet
  facet normal 0.50004 -0.50004 0.707051
    outer loop
      vertex 9.85495 47.6832 12.99
      vertex 10.2045 46.6329 12
      vertex 10.5671 46.9955 12
    endloop
  endfacet
  facet normal 0.500104 -0.500001 0.707033
    outer loop
      vertex 10.2045 46.6329 12
      vertex 9.85495 47.6832 12.99
      vertex 9.51682 47.345 12.99
    endloop
  endfacet
  facet normal -0.482295 0.5172 0.707033
    outer loop
      vertex -9.83303 68.1135 12
      vertex -10.2045 67.7671 12
      vertex -9.51682 67.055 12.99
    endloop
  endfacet
  facet normal 0.694147 -0.135014 0.707058
    outer loop
      vertex 13.4006 54.3516 12.99
      vertex 14.3699 54.1505 12
      vertex 13.4919 54.821 12.99
    endloop
  endfacet
  facet normal 0.69455 -0.132999 0.707044
    outer loop
      vertex 14.3699 54.1505 12
      vertex 13.4006 54.3516 12.99
      vertex 14.369 54.1458 12
    endloop
  endfacet
  facet normal 0.689021 -0.159101 0.707062
    outer loop
      vertex 14.369 54.1458 12
      vertex 13.4006 54.3516 12.99
      vertex 14.2547 53.6508 12
    endloop
  endfacet
  facet normal -0.500104 -0.500001 0.707033
    outer loop
      vertex -9.85495 47.6832 12.99
      vertex -10.2045 46.6329 12
      vertex -9.51682 47.345 12.99
    endloop
  endfacet
  facet normal -0.50004 -0.50004 0.707051
    outer loop
      vertex -10.2045 46.6329 12
      vertex -9.85495 47.6832 12.99
      vertex -10.5671 46.9955 12
    endloop
  endfacet
  facet normal -0.69455 0.132999 0.707044
    outer loop
      vertex -14.3699 60.2495 12
      vertex -13.4006 60.0484 12.99
      vertex -14.369 60.2542 12
    endloop
  endfacet
  facet normal -0.694147 0.135014 0.707058
    outer loop
      vertex -13.4006 60.0484 12.99
      vertex -14.3699 60.2495 12
      vertex -13.4919 59.579 12.99
    endloop
  endfacet
  facet normal -0.579231 -0.405643 0.707068
    outer loop
      vertex -11.3578 49.5391 12.99
      vertex -12.1786 48.9855 12
      vertex -11.8872 48.5694 12
    endloop
  endfacet
  facet normal -0.253496 0.660163 0.707054
    outer loop
      vertex -5.02428 71.0041 12
      vertex -5.49851 70.822 12
      vertex -4.68568 70.0738 12.99
    endloop
  endfacet
  facet normal 0.630089 -0.321034 0.707054
    outer loop
      vertex 12.0964 50.7682 12.99
      vertex 12.9727 50.3077 12
      vertex 12.3135 51.1943 12.99
    endloop
  endfacet
  facet normal 0.6264 -0.328114 0.707082
    outer loop
      vertex 12.9727 50.3077 12
      vertex 12.0964 50.7682 12.99
      vertex 12.9705 50.3035 12
    endloop
  endfacet
  facet normal -0.660157 -0.25351 0.707054
    outer loop
      vertex -12.8738 52.5143 12.99
      vertex -13.8041 52.1757 12
      vertex -13.622 51.7015 12
    endloop
  endfacet
  facet normal 0.133272 -0.694493 0.707049
    outer loop
      vertex 2.84839 43.7994 12.99
      vertex 3.04953 42.8301 12
      vertex 3.05422 42.831 12
    endloop
  endfacet
  facet normal 0.135011 -0.694145 0.707061
    outer loop
      vertex 3.04953 42.8301 12
      vertex 2.84839 43.7994 12.99
      vertex 2.37898 43.7081 12.99
    endloop
  endfacet
  facet normal -0.706165 -0.0371121 0.707074
    outer loop
      vertex -14.6545 56.1801 12
      vertex -13.6666 56.2443 12.99
      vertex -13.6917 56.7219 12.99
    endloop
  endfacet
  facet normal -0.705737 -0.0441085 0.7071
    outer loop
      vertex -13.6666 56.2443 12.99
      vertex -14.6545 56.1801 12
      vertex -14.6542 56.1753 12
    endloop
  endfacet
  facet normal 0.342866 -0.618468 0.707064
    outer loop
      vertex 7.345 44.4781 12
      vertex 6.85 45.3355 12.99
      vertex 6.90072 44.2318 12
    endloop
  endfacet
  facet normal 0.267737 0.654467 0.707099
    outer loop
      vertex 5.13211 69.9024 12.99
      vertex 5.50737 70.8185 12
      vertex 5.50297 70.8203 12
    endloop
  endfacet
  facet normal 0.276246 0.650952 0.707072
    outer loop
      vertex 5.50737 70.8185 12
      vertex 5.13211 69.9024 12.99
      vertex 5.57229 69.7156 12.99
    endloop
  endfacet
  facet normal -0.340902 0.619552 0.707065
    outer loop
      vertex -6.90072 70.1682 12
      vertex -6.43176 69.2964 12.99
      vertex -6.89654 70.1705 12
    endloop
  endfacet
  facet normal -0.342913 0.618456 0.707053
    outer loop
      vertex -6.43176 69.2964 12.99
      vertex -6.90072 70.1682 12
      vertex -6.85 69.0645 12.99
    endloop
  endfacet
  facet normal -0.267737 -0.654467 0.707099
    outer loop
      vertex -5.13211 44.4976 12.99
      vertex -5.50737 43.5815 12
      vertex -5.50297 43.5797 12
    endloop
  endfacet
  facet normal -0.276246 -0.650952 0.707072
    outer loop
      vertex -5.50737 43.5815 12
      vertex -5.13211 44.4976 12.99
      vertex -5.57229 44.6844 12.99
    endloop
  endfacet
  facet normal -0.683064 -0.183077 0.707041
    outer loop
      vertex -13.2931 53.8857 12.99
      vertex -14.2524 53.6415 12
      vertex -13.1693 53.4238 12.99
    endloop
  endfacet
  facet normal -0.685165 -0.174936 0.707069
    outer loop
      vertex -14.2524 53.6415 12
      vertex -13.2931 53.8857 12.99
      vertex -14.2536 53.6462 12
    endloop
  endfacet
  facet normal -0.110678 -0.698467 0.707032
    outer loop
      vertex -2.37898 43.7081 12.99
      vertex -2.55089 42.7332 12
      vertex -2.04918 42.6537 12
    endloop
  endfacet
  facet normal -0.134902 -0.694195 0.707032
    outer loop
      vertex -2.37898 43.7081 12.99
      vertex -3.04953 42.8301 12
      vertex -2.55089 42.7332 12
    endloop
  endfacet
  facet normal -0.593092 0.385092 0.707068
    outer loop
      vertex -12.1786 65.4145 12
      vertex -12.4552 64.9885 12
      vertex -11.3578 64.8609 12.99
    endloop
  endfacet
  facet normal -0.5495 -0.445085 0.70707
    outer loop
      vertex -10.7957 48.7654 12.99
      vertex -11.5759 48.1559 12
      vertex -11.2562 47.7612 12
    endloop
  endfacet
  facet normal 0.0147873 -0.707029 0.707029
    outer loop
      vertex 0.00478134 42.5101 12
      vertex 0 43.5 12.99
      vertex 0 42.51 12
    endloop
  endfacet
  facet normal 0.0122742 -0.70706 0.707047
    outer loop
      vertex 0 43.5 12.99
      vertex 0.00478134 42.5101 12
      vertex 0.478123 43.5083 12.99
    endloop
  endfacet
  facet normal 0.0370303 -0.70619 0.707054
    outer loop
      vertex 1.01995 42.5455 12
      vertex 0.478123 43.5083 12.99
      vertex 0.512673 42.5189 12
    endloop
  endfacet
  facet normal 0.183067 -0.683071 0.707036
    outer loop
      vertex 3.77623 44.0307 12.99
      vertex 3.55845 42.9476 12
      vertex 4.04911 43.0791 12
    endloop
  endfacet
  facet normal 0.342866 0.618468 0.707064
    outer loop
      vertex 6.90072 70.1682 12
      vertex 6.85 69.0645 12.99
      vertex 7.345 69.9219 12
    endloop
  endfacet
  facet normal 0.183067 0.683071 0.707036
    outer loop
      vertex 4.04911 71.3209 12
      vertex 3.55845 71.4524 12
      vertex 3.77623 70.3693 12.99
    endloop
  endfacet
  facet normal -0.517165 0.482337 0.70703
    outer loop
      vertex -10.9135 67.033 12
      vertex -10.1811 66.3671 12.99
      vertex -9.85495 66.7168 12.99
    endloop
  endfacet
  facet normal -0.514561 0.485157 0.707
    outer loop
      vertex -10.1811 66.3671 12.99
      vertex -10.9135 67.033 12
      vertex -10.9168 67.0295 12
    endloop
  endfacet
  facet normal -0.698462 0.110618 0.707047
    outer loop
      vertex -14.5463 59.2492 12
      vertex -13.5667 59.1067 12.99
      vertex -13.4919 59.579 12.99
    endloop
  endfacet
  facet normal -0.699426 0.10417 0.707073
    outer loop
      vertex -13.5667 59.1067 12.99
      vertex -14.5463 59.2492 12
      vertex -14.547 59.2445 12
    endloop
  endfacet
  facet normal -0.276334 0.650938 0.70705
    outer loop
      vertex -5.50737 70.8185 12
      vertex -5.97496 70.62 12
      vertex -5.57229 69.7156 12.99
    endloop
  endfacet
  facet normal -0.40562 -0.579255 0.707062
    outer loop
      vertex -8.05266 46.1165 12.99
      vertex -8.63065 45.3128 12
      vertex -7.66094 45.8422 12.99
    endloop
  endfacet
  facet normal -0.401842 -0.581927 0.707025
    outer loop
      vertex -8.63065 45.3128 12
      vertex -8.05266 46.1165 12.99
      vertex -8.63456 45.3155 12
    endloop
  endfacet
  facet normal -0.183067 0.683071 0.707036
    outer loop
      vertex -3.55845 71.4524 12
      vertex -4.04911 71.3209 12
      vertex -3.77623 70.3693 12.99
    endloop
  endfacet
  facet normal 0.620241 -0.339656 0.707061
    outer loop
      vertex 12.0964 50.7682 12.99
      vertex 12.9682 50.2993 12
      vertex 12.9705 50.3035 12
    endloop
  endfacet
  facet normal 0.618451 -0.342943 0.707042
    outer loop
      vertex 12.9682 50.2993 12
      vertex 12.0964 50.7682 12.99
      vertex 11.8645 50.35 12.99
    endloop
  endfacet
  facet normal -0.0616704 -0.704463 0.707057
    outer loop
      vertex -0.955664 43.5334 12.99
      vertex -1.53076 42.5901 12
      vertex -1.02472 42.5458 12
    endloop
  endfacet
  facet normal 0.44506 0.549553 0.707045
    outer loop
      vertex 9.04407 68.7759 12
      vertex 8.43456 67.9958 12.99
      vertex 9.43883 68.4562 12
    endloop
  endfacet
  facet normal 0.618475 0.342855 0.707064
    outer loop
      vertex 12.7219 64.545 12
      vertex 11.8645 64.05 12.99
      vertex 12.9682 64.1007 12
    endloop
  endfacet
  facet normal -0.606155 0.364194 0.707064
    outer loop
      vertex -12.4603 64.9804 12
      vertex -12.7219 64.545 12
      vertex -11.8645 64.05 12.99
    endloop
  endfacet
  facet normal 0.460734 -0.536532 0.707006
    outer loop
      vertex 9.16709 47.0189 12.99
      vertex 9.82592 46.2801 12
      vertex 9.82953 46.2832 12
    endloop
  endfacet
  facet normal 0.463927 -0.53373 0.707039
    outer loop
      vertex 9.82592 46.2801 12
      vertex 9.16709 47.0189 12.99
      vertex 8.80619 46.7052 12.99
    endloop
  endfacet
  facet normal 0.482268 -0.517215 0.70704
    outer loop
      vertex 9.16709 47.0189 12.99
      vertex 9.83303 46.2865 12
      vertex 9.51682 47.345 12.99
    endloop
  endfacet
  facet normal 0.485151 -0.514554 0.70701
    outer loop
      vertex 9.83303 46.2865 12
      vertex 9.16709 47.0189 12.99
      vertex 9.82953 46.2832 12
    endloop
  endfacet
  facet normal -0.533698 0.463958 0.707043
    outer loop
      vertex -10.9199 67.0259 12
      vertex -11.2532 66.6425 12
      vertex -10.4948 66.0062 12.99
    endloop
  endfacet
  facet normal 0.230244 -0.668624 0.707057
    outer loop
      vertex 4.23353 44.1705 12.99
      vertex 4.54398 43.2305 12
      vertex 4.68568 44.3262 12.99
    endloop
  endfacet
  facet normal 0.222723 -0.671138 0.707085
    outer loop
      vertex 4.54398 43.2305 12
      vertex 4.23353 44.1705 12.99
      vertex 4.53946 43.229 12
    endloop
  endfacet
  facet normal 0.207138 -0.676156 0.707041
    outer loop
      vertex 4.23353 44.1705 12.99
      vertex 4.53489 43.2276 12
      vertex 4.53946 43.229 12
    endloop
  endfacet
  facet normal 0.206744 -0.676279 0.707038
    outer loop
      vertex 4.53489 43.2276 12
      vertex 4.23353 44.1705 12.99
      vertex 3.77623 44.0307 12.99
    endloop
  endfacet
  facet normal -0.579309 -0.405575 0.707043
    outer loop
      vertex -11.8872 48.5694 12
      vertex -11.0835 49.1473 12.99
      vertex -11.3578 49.5391 12.99
    endloop
  endfacet
  facet normal -0.586243 -0.395714 0.706916
    outer loop
      vertex -11.0835 49.1473 12.99
      vertex -11.8872 48.5694 12
      vertex -11.8845 48.5654 12
    endloop
  endfacet
  facet normal -0.463927 -0.53373 0.707039
    outer loop
      vertex -9.16709 47.0189 12.99
      vertex -9.82592 46.2801 12
      vertex -8.80619 46.7052 12.99
    endloop
  endfacet
  facet normal -0.460734 -0.536532 0.707006
    outer loop
      vertex -9.82592 46.2801 12
      vertex -9.16709 47.0189 12.99
      vertex -9.82953 46.2832 12
    endloop
  endfacet
  facet normal 0.183079 -0.683071 0.707033
    outer loop
      vertex 3.31433 43.9069 12.99
      vertex 3.55845 42.9476 12
      vertex 3.77623 44.0307 12.99
    endloop
  endfacet
  facet normal 0.177778 -0.684445 0.707058
    outer loop
      vertex 3.55845 42.9476 12
      vertex 3.31433 43.9069 12.99
      vertex 3.55383 42.9464 12
    endloop
  endfacet
  facet normal -0.676275 -0.206742 0.707043
    outer loop
      vertex -13.9724 52.6651 12
      vertex -13.0295 52.9665 12.99
      vertex -13.1693 53.4238 12.99
    endloop
  endfacet
  facet normal -0.676538 -0.205903 0.707037
    outer loop
      vertex -13.0295 52.9665 12.99
      vertex -13.9724 52.6651 12
      vertex -13.971 52.6605 12
    endloop
  endfacet
  facet normal -0.177769 0.684411 0.707092
    outer loop
      vertex -3.55845 71.4524 12
      vertex -3.31433 70.493 12.99
      vertex -3.55383 71.4536 12
    endloop
  endfacet
  facet normal -0.182932 0.683074 0.707069
    outer loop
      vertex -3.31433 70.493 12.99
      vertex -3.55845 71.4524 12
      vertex -3.77623 70.3693 12.99
    endloop
  endfacet
  facet normal 0.276334 -0.650938 0.70705
    outer loop
      vertex 5.57229 44.6844 12.99
      vertex 5.50737 43.5815 12
      vertex 5.97496 43.78 12
    endloop
  endfacet
  facet normal -0.342866 0.618468 0.707064
    outer loop
      vertex -6.90072 70.1682 12
      vertex -7.345 69.9219 12
      vertex -6.85 69.0645 12.99
    endloop
  endfacet
  facet normal -0.0886233 -0.701601 0.707037
    outer loop
      vertex -1.43204 43.5751 12.99
      vertex -1.54027 42.5911 12
      vertex -1.53552 42.5905 12
    endloop
  endfacet
  facet normal -0.0860683 -0.7019 0.707056
    outer loop
      vertex -1.54027 42.5911 12
      vertex -1.43204 43.5751 12.99
      vertex -1.90667 43.6333 12.99
    endloop
  endfacet
  facet normal -0.103523 0.699521 0.707074
    outer loop
      vertex -2.04918 71.7463 12
      vertex -1.90667 70.7667 12.99
      vertex -2.04445 71.747 12
    endloop
  endfacet
  facet normal -0.110616 0.698461 0.707047
    outer loop
      vertex -1.90667 70.7667 12.99
      vertex -2.04918 71.7463 12
      vertex -2.37898 70.6919 12.99
    endloop
  endfacet
  facet normal 0.593092 0.385092 0.707068
    outer loop
      vertex 12.1786 65.4145 12
      vertex 11.3578 64.8609 12.99
      vertex 12.4552 64.9885 12
    endloop
  endfacet
  facet normal -0.427595 0.563246 0.707048
    outer loop
      vertex -8.63838 69.0816 12
      vertex -8.05266 68.2835 12.99
      vertex -8.63456 69.0845 12
    endloop
  endfacet
  facet normal -0.425494 0.564811 0.707067
    outer loop
      vertex -8.05266 68.2835 12.99
      vertex -8.63838 69.0816 12
      vertex -8.43456 67.9958 12.99
    endloop
  endfacet
  facet normal -0.158983 -0.689083 0.707028
    outer loop
      vertex -3.31433 43.9069 12.99
      vertex -3.54917 42.9453 12
      vertex -2.84839 43.7994 12.99
    endloop
  endfacet
  facet normal -0.162463 -0.688252 0.707047
    outer loop
      vertex -3.54917 42.9453 12
      vertex -3.31433 43.9069 12.99
      vertex -3.55383 42.9464 12
    endloop
  endfacet
  facet normal -0.267737 0.654467 0.707099
    outer loop
      vertex -5.50737 70.8185 12
      vertex -5.13211 69.9024 12.99
      vertex -5.50297 70.8203 12
    endloop
  endfacet
  facet normal -0.276246 0.650952 0.707072
    outer loop
      vertex -5.13211 69.9024 12.99
      vertex -5.50737 70.8185 12
      vertex -5.57229 69.7156 12.99
    endloop
  endfacet
  facet normal -0.135011 -0.694145 0.707061
    outer loop
      vertex -2.84839 43.7994 12.99
      vertex -3.04953 42.8301 12
      vertex -2.37898 43.7081 12.99
    endloop
  endfacet
  facet normal -0.133272 -0.694493 0.707049
    outer loop
      vertex -3.04953 42.8301 12
      vertex -2.84839 43.7994 12.99
      vertex -3.05422 42.831 12
    endloop
  endfacet
  facet normal 0.676275 -0.206742 0.707043
    outer loop
      vertex 13.0295 52.9665 12.99
      vertex 13.9724 52.6651 12
      vertex 13.1693 53.4238 12.99
    endloop
  endfacet
  facet normal 0.676538 -0.205903 0.707037
    outer loop
      vertex 13.9724 52.6651 12
      vertex 13.0295 52.9665 12.99
      vertex 13.971 52.6605 12
    endloop
  endfacet
  facet normal 0.643845 0.292657 0.706976
    outer loop
      vertex 12.3135 63.2057 12.99
      vertex 13.2053 63.6353 12
      vertex 13.2033 63.6397 12
    endloop
  endfacet
  facet normal 0.640919 0.298869 0.707036
    outer loop
      vertex 13.2053 63.6353 12
      vertex 12.3135 63.2057 12.99
      vertex 12.5156 62.7723 12.99
    endloop
  endfacet
  facet normal 0.5495 -0.445085 0.70707
    outer loop
      vertex 11.5759 48.1559 12
      vertex 10.7957 48.7654 12.99
      vertex 11.2562 47.7612 12
    endloop
  endfacet
  facet normal 0.463969 0.533669 0.707057
    outer loop
      vertex 9.44255 68.4532 12
      vertex 8.80619 67.6948 12.99
      vertex 9.82592 68.1199 12
    endloop
  endfacet
  facet normal -0.5495 0.445085 0.70707
    outer loop
      vertex -11.2562 66.6388 12
      vertex -11.5759 66.2441 12
      vertex -10.7957 65.6346 12.99
    endloop
  endfacet
  facet normal -0.517207 -0.482262 0.707051
    outer loop
      vertex -9.85495 47.6832 12.99
      vertex -10.9135 47.367 12
      vertex -10.5671 46.9955 12
    endloop
  endfacet
  facet normal 0.620241 0.339656 0.707061
    outer loop
      vertex 12.9682 64.1007 12
      vertex 12.0964 63.6318 12.99
      vertex 12.9705 64.0965 12
    endloop
  endfacet
  facet normal 0.618451 0.342943 0.707042
    outer loop
      vertex 12.0964 63.6318 12.99
      vertex 12.9682 64.1007 12
      vertex 11.8645 64.05 12.99
    endloop
  endfacet
  facet normal -0.606228 -0.364121 0.707039
    outer loop
      vertex -12.4603 49.4196 12
      vertex -11.6183 49.9401 12.99
      vertex -11.8645 50.35 12.99
    endloop
  endfacet
  facet normal -0.603764 -0.368149 0.707061
    outer loop
      vertex -11.6183 49.9401 12.99
      vertex -12.4603 49.4196 12
      vertex -12.4578 49.4155 12
    endloop
  endfacet
  facet normal 0.0592178 -0.704692 0.707038
    outer loop
      vertex 1.43204 43.5751 12.99
      vertex 1.53076 42.5901 12
      vertex 1.53552 42.5905 12
    endloop
  endfacet
  facet normal 0.0616659 -0.704464 0.707055
    outer loop
      vertex 1.53076 42.5901 12
      vertex 1.43204 43.5751 12.99
      vertex 0.955664 43.5334 12.99
    endloop
  endfacet
  facet normal 0.0860683 -0.7019 0.707056
    outer loop
      vertex 1.43204 43.5751 12.99
      vertex 1.54027 42.5911 12
      vertex 1.90667 43.6333 12.99
    endloop
  endfacet
  facet normal 0.0886233 -0.701601 0.707037
    outer loop
      vertex 1.54027 42.5911 12
      vertex 1.43204 43.5751 12.99
      vertex 1.53552 42.5905 12
    endloop
  endfacet
  facet normal -0.0371166 -0.706163 0.707076
    outer loop
      vertex -0.955664 43.5334 12.99
      vertex -1.01995 42.5455 12
      vertex -0.478123 43.5083 12.99
    endloop
  endfacet
  facet normal -0.0443847 -0.705717 0.707102
    outer loop
      vertex -1.01995 42.5455 12
      vertex -0.955664 43.5334 12.99
      vertex -1.02472 42.5458 12
    endloop
  endfacet
  facet normal -0.425589 -0.564741 0.707066
    outer loop
      vertex -8.63838 45.3184 12
      vertex -8.05266 46.1165 12.99
      vertex -8.43456 46.4043 12.99
    endloop
  endfacet
  facet normal -0.427595 -0.563246 0.707048
    outer loop
      vertex -8.05266 46.1165 12.99
      vertex -8.63838 45.3184 12
      vertex -8.63456 45.3155 12
    endloop
  endfacet
  facet normal -0.694194 -0.134913 0.707031
    outer loop
      vertex -13.4919 54.821 12.99
      vertex -14.4668 54.6491 12
      vertex -14.3699 54.1505 12
    endloop
  endfacet
  facet normal 0.38508 -0.593101 0.707068
    outer loop
      vertex 8.21454 45.0214 12
      vertex 7.66094 45.8422 12.99
      vertex 7.78852 44.7448 12
    endloop
  endfacet
  facet normal -0.593037 -0.385252 0.707027
    outer loop
      vertex -11.6183 49.9401 12.99
      vertex -12.4552 49.4115 12
      vertex -11.3578 49.5391 12.99
    endloop
  endfacet
  facet normal -0.592937 -0.385409 0.707026
    outer loop
      vertex -12.4552 49.4115 12
      vertex -11.6183 49.9401 12.99
      vertex -12.4578 49.4155 12
    endloop
  endfacet
  facet normal 0.70462 0.0599677 0.707046
    outer loop
      vertex 13.6249 58.632 12.99
      vertex 14.6099 58.7308 12
      vertex 14.6095 58.7355 12
    endloop
  endfacet
  facet normal 0.704461 0.0616755 0.707058
    outer loop
      vertex 14.6099 58.7308 12
      vertex 13.6249 58.632 12.99
      vertex 13.6666 58.1557 12.99
    endloop
  endfacet
  facet normal -0.694147 -0.135014 0.707058
    outer loop
      vertex -14.3699 54.1505 12
      vertex -13.4006 54.3516 12.99
      vertex -13.4919 54.821 12.99
    endloop
  endfacet
  facet normal -0.69455 -0.132999 0.707044
    outer loop
      vertex -13.4006 54.3516 12.99
      vertex -14.3699 54.1505 12
      vertex -14.369 54.1458 12
    endloop
  endfacet
  facet normal -0.698462 -0.110618 0.707047
    outer loop
      vertex -13.5667 55.2933 12.99
      vertex -14.5463 55.1508 12
      vertex -13.4919 54.821 12.99
    endloop
  endfacet
  facet normal -0.699426 -0.10417 0.707073
    outer loop
      vertex -14.5463 55.1508 12
      vertex -13.5667 55.2933 12.99
      vertex -14.547 55.1555 12
    endloop
  endfacet
  facet normal -0.445083 0.549523 0.707054
    outer loop
      vertex -9.43883 68.4562 12
      vertex -8.80619 67.6948 12.99
      vertex -8.43456 67.9958 12.99
    endloop
  endfacet
  facet normal -0.443927 0.55047 0.707044
    outer loop
      vertex -8.80619 67.6948 12.99
      vertex -9.43883 68.4562 12
      vertex -9.44255 68.4532 12
    endloop
  endfacet
  facet normal 0.685165 -0.174936 0.707069
    outer loop
      vertex 13.2931 53.8857 12.99
      vertex 14.2524 53.6415 12
      vertex 14.2536 53.6462 12
    endloop
  endfacet
  facet normal 0.683064 -0.183077 0.707041
    outer loop
      vertex 14.2524 53.6415 12
      vertex 13.2931 53.8857 12.99
      vertex 13.1693 53.4238 12.99
    endloop
  endfacet
  facet normal -0.321044 0.63008 0.707057
    outer loop
      vertex -6.89228 70.1727 12
      vertex -6.43176 69.2964 12.99
      vertex -6.00568 69.5135 12.99
    endloop
  endfacet
  facet normal -0.324474 0.628299 0.707076
    outer loop
      vertex -6.43176 69.2964 12.99
      vertex -6.89228 70.1727 12
      vertex -6.89654 70.1705 12
    endloop
  endfacet
  facet normal 0.296541 -0.64201 0.707027
    outer loop
      vertex 6.00568 44.8865 12.99
      vertex 6.43534 43.9947 12
      vertex 6.43967 43.9967 12
    endloop
  endfacet
  facet normal 0.298871 -0.640908 0.707045
    outer loop
      vertex 6.43534 43.9947 12
      vertex 6.00568 44.8865 12.99
      vertex 5.57229 44.6844 12.99
    endloop
  endfacet
  facet normal 0.405636 0.579236 0.707068
    outer loop
      vertex 8.21454 69.3786 12
      vertex 7.66094 68.5578 12.99
      vertex 8.63065 69.0872 12
    endloop
  endfacet
  facet normal -0.549295 0.445374 0.707048
    outer loop
      vertex -11.2562 66.6388 12
      vertex -10.4948 66.0062 12.99
      vertex -11.2532 66.6425 12
    endloop
  endfacet
  facet normal -0.549585 0.445022 0.707045
    outer loop
      vertex -10.4948 66.0062 12.99
      vertex -11.2562 66.6388 12
      vertex -10.7957 65.6346 12.99
    endloop
  endfacet
  facet normal -0.0371166 0.706163 0.707076
    outer loop
      vertex -1.01995 71.8545 12
      vertex -0.955664 70.8666 12.99
      vertex -0.478123 70.8917 12.99
    endloop
  endfacet
  facet normal -0.0443847 0.705717 0.707102
    outer loop
      vertex -0.955664 70.8666 12.99
      vertex -1.01995 71.8545 12
      vertex -1.02472 71.8542 12
    endloop
  endfacet
  facet normal -0.0616704 0.704463 0.707057
    outer loop
      vertex -1.02472 71.8542 12
      vertex -1.53076 71.8099 12
      vertex -0.955664 70.8666 12.99
    endloop
  endfacet
  facet normal -0.364126 0.60622 0.707043
    outer loop
      vertex -7.78041 69.6603 12
      vertex -7.25989 68.8183 12.99
      vertex -6.85 69.0645 12.99
    endloop
  endfacet
  facet normal -0.368147 0.603761 0.707065
    outer loop
      vertex -7.25989 68.8183 12.99
      vertex -7.78041 69.6603 12
      vertex -7.78451 69.6578 12
    endloop
  endfacet
  facet normal -0.384727 0.593367 0.707037
    outer loop
      vertex -7.78852 69.6552 12
      vertex -7.25989 68.8183 12.99
      vertex -7.78451 69.6578 12
    endloop
  endfacet
  facet normal -0.385215 0.593054 0.707033
    outer loop
      vertex -7.25989 68.8183 12.99
      vertex -7.78852 69.6552 12
      vertex -7.66094 68.5578 12.99
    endloop
  endfacet
  facet normal -0.668624 0.230253 0.707055
    outer loop
      vertex -13.8041 62.2243 12
      vertex -13.9695 61.744 12
      vertex -12.8738 61.8857 12.99
    endloop
  endfacet
  facet normal -0.650936 0.276328 0.707054
    outer loop
      vertex -13.42 63.175 12
      vertex -13.6185 62.7074 12
      vertex -12.5156 62.7723 12.99
    endloop
  endfacet
  facet normal -0.405636 0.579236 0.707068
    outer loop
      vertex -8.21454 69.3786 12
      vertex -8.63065 69.0872 12
      vertex -7.66094 68.5578 12.99
    endloop
  endfacet
  facet normal -0.364188 0.606158 0.707064
    outer loop
      vertex -7.345 69.9219 12
      vertex -7.78041 69.6603 12
      vertex -6.85 69.0645 12.99
    endloop
  endfacet
  facet normal -0.44506 0.549553 0.707045
    outer loop
      vertex -9.04407 68.7759 12
      vertex -9.43883 68.4562 12
      vertex -8.43456 67.9958 12.99
    endloop
  endfacet
  facet normal 0.207138 0.676156 0.707041
    outer loop
      vertex 4.53489 71.1724 12
      vertex 4.23353 70.2295 12.99
      vertex 4.53946 71.171 12
    endloop
  endfacet
  facet normal 0.206744 0.676279 0.707038
    outer loop
      vertex 4.23353 70.2295 12.99
      vertex 4.53489 71.1724 12
      vertex 3.77623 70.3693 12.99
    endloop
  endfacet
  facet normal -0.687765 0.164465 0.707058
    outer loop
      vertex -14.2547 60.7492 12
      vertex -13.2931 60.5143 12.99
      vertex -14.2536 60.7538 12
    endloop
  endfacet
  facet normal -0.689075 0.158995 0.707033
    outer loop
      vertex -13.2931 60.5143 12.99
      vertex -14.2547 60.7492 12
      vertex -13.4006 60.0484 12.99
    endloop
  endfacet
  facet normal -0.689021 0.159101 0.707062
    outer loop
      vertex -14.2547 60.7492 12
      vertex -14.369 60.2542 12
      vertex -13.4006 60.0484 12.99
    endloop
  endfacet
  facet normal 0.159116 0.689016 0.707064
    outer loop
      vertex 3.05422 71.569 12
      vertex 2.84839 70.6006 12.99
      vertex 3.54917 71.4547 12
    endloop
  endfacet
  facet normal 0.321027 0.630095 0.707052
    outer loop
      vertex 6.43967 70.4033 12
      vertex 6.00568 69.5135 12.99
      vertex 6.89228 70.1727 12
    endloop
  endfacet
  facet normal -0.135011 0.694145 0.707061
    outer loop
      vertex -3.04953 71.5699 12
      vertex -2.84839 70.6006 12.99
      vertex -2.37898 70.6919 12.99
    endloop
  endfacet
  facet normal -0.133272 0.694493 0.707049
    outer loop
      vertex -2.84839 70.6006 12.99
      vertex -3.04953 71.5699 12
      vertex -3.05422 71.569 12
    endloop
  endfacet
  facet normal 0.385215 -0.593054 0.707033
    outer loop
      vertex 7.25989 45.5817 12.99
      vertex 7.78852 44.7448 12
      vertex 7.66094 45.8422 12.99
    endloop
  endfacet
  facet normal 0.384727 -0.593367 0.707037
    outer loop
      vertex 7.78852 44.7448 12
      vertex 7.25989 45.5817 12.99
      vertex 7.78451 44.7422 12
    endloop
  endfacet
  facet normal -0.701899 0.0860554 0.707059
    outer loop
      vertex -14.6089 58.7403 12
      vertex -13.6249 58.632 12.99
      vertex -13.5667 59.1067 12.99
    endloop
  endfacet
  facet normal -0.701705 0.0877131 0.707048
    outer loop
      vertex -13.6249 58.632 12.99
      vertex -14.6089 58.7403 12
      vertex -14.6095 58.7355 12
    endloop
  endfacet
  facet normal -0.253496 -0.660163 0.707054
    outer loop
      vertex -4.68568 44.3262 12.99
      vertex -5.49851 43.578 12
      vertex -5.02428 43.3959 12
    endloop
  endfacet
  facet normal -0.640873 0.298926 0.707054
    outer loop
      vertex -13.2053 63.6353 12
      vertex -13.42 63.175 12
      vertex -12.5156 62.7723 12.99
    endloop
  endfacet
  facet normal 0.384727 0.593367 0.707037
    outer loop
      vertex 7.25989 68.8183 12.99
      vertex 7.78852 69.6552 12
      vertex 7.78451 69.6578 12
    endloop
  endfacet
  facet normal 0.385215 0.593054 0.707033
    outer loop
      vertex 7.78852 69.6552 12
      vertex 7.25989 68.8183 12.99
      vertex 7.66094 68.5578 12.99
    endloop
  endfacet
  facet normal -0.0122742 -0.70706 0.707047
    outer loop
      vertex -0.00478134 42.5101 12
      vertex 0 43.5 12.99
      vertex -0.478123 43.5083 12.99
    endloop
  endfacet
  facet normal -0.0147873 -0.707029 0.707029
    outer loop
      vertex 0 43.5 12.99
      vertex -0.00478134 42.5101 12
      vertex 0 42.51 12
    endloop
  endfacet
  facet normal -0.103523 -0.699521 0.707074
    outer loop
      vertex -1.90667 43.6333 12.99
      vertex -2.04918 42.6537 12
      vertex -2.04445 42.653 12
    endloop
  endfacet
  facet normal -0.110616 -0.698461 0.707047
    outer loop
      vertex -2.04918 42.6537 12
      vertex -1.90667 43.6333 12.99
      vertex -2.37898 43.7081 12.99
    endloop
  endfacet
  facet normal -0.0861765 -0.701914 0.70703
    outer loop
      vertex -1.90667 43.6333 12.99
      vertex -2.04445 42.653 12
      vertex -1.54027 42.5911 12
    endloop
  endfacet
  facet normal -0.643845 0.292657 0.706976
    outer loop
      vertex -13.2053 63.6353 12
      vertex -12.3135 63.2057 12.99
      vertex -13.2033 63.6397 12
    endloop
  endfacet
  facet normal -0.640919 0.298869 0.707036
    outer loop
      vertex -12.3135 63.2057 12.99
      vertex -13.2053 63.6353 12
      vertex -12.5156 62.7723 12.99
    endloop
  endfacet
  facet normal 0.640873 -0.298926 0.707054
    outer loop
      vertex 13.42 51.225 12
      vertex 12.5156 51.6277 12.99
      vertex 13.2053 50.7647 12
    endloop
  endfacet
  facet normal 0.401842 -0.581927 0.707025
    outer loop
      vertex 8.05266 46.1165 12.99
      vertex 8.63065 45.3128 12
      vertex 8.63456 45.3155 12
    endloop
  endfacet
  facet normal 0.40562 -0.579255 0.707062
    outer loop
      vertex 8.63065 45.3128 12
      vertex 8.05266 46.1165 12.99
      vertex 7.66094 45.8422 12.99
    endloop
  endfacet
  facet normal -0.56476 -0.425554 0.707072
    outer loop
      vertex -10.7957 48.7654 12.99
      vertex -11.8816 48.5616 12
      vertex -11.5759 48.1559 12
    endloop
  endfacet
  facet normal -0.698467 0.11068 0.707032
    outer loop
      vertex -14.4668 59.7509 12
      vertex -14.5463 59.2492 12
      vertex -13.4919 59.579 12.99
    endloop
  endfacet
  facet normal -0.533698 -0.463958 0.707043
    outer loop
      vertex -10.4948 48.3938 12.99
      vertex -11.2532 47.7575 12
      vertex -10.9199 47.3741 12
    endloop
  endfacet
  facet normal -0.533735 -0.463931 0.707032
    outer loop
      vertex -10.9199 47.3741 12
      vertex -10.1811 48.0329 12.99
      vertex -10.4948 48.3938 12.99
    endloop
  endfacet
  facet normal -0.535899 -0.461468 0.707007
    outer loop
      vertex -10.1811 48.0329 12.99
      vertex -10.9199 47.3741 12
      vertex -10.9168 47.3705 12
    endloop
  endfacet
  facet normal 0.592937 0.385409 0.707026
    outer loop
      vertex 12.4552 64.9885 12
      vertex 11.6183 64.4599 12.99
      vertex 12.4578 64.9845 12
    endloop
  endfacet
  facet normal 0.593037 0.385252 0.707027
    outer loop
      vertex 11.6183 64.4599 12.99
      vertex 12.4552 64.9885 12
      vertex 11.3578 64.8609 12.99
    endloop
  endfacet
  facet normal -0.6264 0.328114 0.707082
    outer loop
      vertex -12.9727 64.0923 12
      vertex -12.0964 63.6318 12.99
      vertex -12.9705 64.0965 12
    endloop
  endfacet
  facet normal -0.630089 0.321034 0.707054
    outer loop
      vertex -12.0964 63.6318 12.99
      vertex -12.9727 64.0923 12
      vertex -12.3135 63.2057 12.99
    endloop
  endfacet
  facet normal -0.593092 -0.385092 0.707068
    outer loop
      vertex -11.3578 49.5391 12.99
      vertex -12.4552 49.4115 12
      vertex -12.1786 48.9855 12
    endloop
  endfacet
  facet normal -0.0616659 -0.704464 0.707055
    outer loop
      vertex -1.43204 43.5751 12.99
      vertex -1.53076 42.5901 12
      vertex -0.955664 43.5334 12.99
    endloop
  endfacet
  facet normal -0.0592178 -0.704692 0.707038
    outer loop
      vertex -1.53076 42.5901 12
      vertex -1.43204 43.5751 12.99
      vertex -1.53552 42.5905 12
    endloop
  endfacet
  facet normal 0 0 1
    outer loop
      vertex 13.6917 57.6781 12.99
      vertex 13.6917 56.7219 12.99
      vertex 13.7 57.2 12.99
    endloop
  endfacet
  facet normal 0 0 1
    outer loop
      vertex 13.6666 58.1557 12.99
      vertex 13.6917 56.7219 12.99
      vertex 13.6917 57.6781 12.99
    endloop
  endfacet
  facet normal 0 0 1
    outer loop
      vertex 13.6666 58.1557 12.99
      vertex 13.6666 56.2443 12.99
      vertex 13.6917 56.7219 12.99
    endloop
  endfacet
  facet normal 0 0 1
    outer loop
      vertex 13.6249 58.632 12.99
      vertex 13.6666 56.2443 12.99
      vertex 13.6666 58.1557 12.99
    endloop
  endfacet
  facet normal 0 0 1
    outer loop
      vertex 13.6249 58.632 12.99
      vertex 13.6249 55.768 12.99
      vertex 13.6666 56.2443 12.99
    endloop
  endfacet
  facet normal 0 0 1
    outer loop
      vertex 13.5667 59.1067 12.99
      vertex 13.6249 55.768 12.99
      vertex 13.6249 58.632 12.99
    endloop
  endfacet
  facet normal 0 0 1
    outer loop
      vertex 13.5667 59.1067 12.99
      vertex 13.5667 55.2933 12.99
      vertex 13.6249 55.768 12.99
    endloop
  endfacet
  facet normal 0 0 1
    outer loop
      vertex 13.4919 59.579 12.99
      vertex 13.5667 55.2933 12.99
      vertex 13.5667 59.1067 12.99
    endloop
  endfacet
  facet normal 0 0 1
    outer loop
      vertex 13.4919 59.579 12.99
      vertex 13.4919 54.821 12.99
      vertex 13.5667 55.2933 12.99
    endloop
  endfacet
  facet normal 0 0 1
    outer loop
      vertex 13.4006 60.0484 12.99
      vertex 13.4919 54.821 12.99
      vertex 13.4919 59.579 12.99
    endloop
  endfacet
  facet normal 0 0 1
    outer loop
      vertex 13.4006 60.0484 12.99
      vertex 13.4006 54.3516 12.99
      vertex 13.4919 54.821 12.99
    endloop
  endfacet
  facet normal 0 0 1
    outer loop
      vertex 13.2931 60.5143 12.99
      vertex 13.4006 54.3516 12.99
      vertex 13.4006 60.0484 12.99
    endloop
  endfacet
  facet normal 0 0 1
    outer loop
      vertex 13.2931 60.5143 12.99
      vertex 13.2931 53.8857 12.99
      vertex 13.4006 54.3516 12.99
    endloop
  endfacet
  facet normal 0 0 1
    outer loop
      vertex 13.1693 60.9762 12.99
      vertex 13.2931 53.8857 12.99
      vertex 13.2931 60.5143 12.99
    endloop
  endfacet
  facet normal 0 0 1
    outer loop
      vertex 13.1693 60.9762 12.99
      vertex 13.1693 53.4238 12.99
      vertex 13.2931 53.8857 12.99
    endloop
  endfacet
  facet normal 0 0 1
    outer loop
      vertex 13.0295 61.4335 12.99
      vertex 13.1693 53.4238 12.99
      vertex 13.1693 60.9762 12.99
    endloop
  endfacet
  facet normal 0 0 1
    outer loop
      vertex 13.0295 61.4335 12.99
      vertex 13.0295 52.9665 12.99
      vertex 13.1693 53.4238 12.99
    endloop
  endfacet
  facet normal 0 0 1
    outer loop
      vertex 12.8738 61.8857 12.99
      vertex 13.0295 52.9665 12.99
      vertex 13.0295 61.4335 12.99
    endloop
  endfacet
  facet normal 0 0 1
    outer loop
      vertex 12.8738 61.8857 12.99
      vertex 12.8738 52.5143 12.99
      vertex 13.0295 52.9665 12.99
    endloop
  endfacet
  facet normal 0 0 1
    outer loop
      vertex 12.7024 62.3321 12.99
      vertex 12.8738 52.5143 12.99
      vertex 12.8738 61.8857 12.99
    endloop
  endfacet
  facet normal 0 0 1
    outer loop
      vertex 12.7024 62.3321 12.99
      vertex 12.7024 52.0679 12.99
      vertex 12.8738 52.5143 12.99
    endloop
  endfacet
  facet normal 0 0 1
    outer loop
      vertex 12.5156 62.7723 12.99
      vertex 12.7024 52.0679 12.99
      vertex 12.7024 62.3321 12.99
    endloop
  endfacet
  facet normal 0 0 1
    outer loop
      vertex 12.5156 62.7723 12.99
      vertex 12.5156 51.6277 12.99
      vertex 12.7024 52.0679 12.99
    endloop
  endfacet
  facet normal 0 0 1
    outer loop
      vertex 12.3135 63.2057 12.99
      vertex 12.5156 51.6277 12.99
      vertex 12.5156 62.7723 12.99
    endloop
  endfacet
  facet normal 0 0 1
    outer loop
      vertex 12.3135 63.2057 12.99
      vertex 12.3135 51.1943 12.99
      vertex 12.5156 51.6277 12.99
    endloop
  endfacet
  facet normal 0 0 1
    outer loop
      vertex 12.0964 63.6318 12.99
      vertex 12.3135 51.1943 12.99
      vertex 12.3135 63.2057 12.99
    endloop
  endfacet
  facet normal 0 0 1
    outer loop
      vertex 12.0964 63.6318 12.99
      vertex 12.0964 50.7682 12.99
      vertex 12.3135 51.1943 12.99
    endloop
  endfacet
  facet normal 0 0 1
    outer loop
      vertex 11.8645 64.05 12.99
      vertex 12.0964 50.7682 12.99
      vertex 12.0964 63.6318 12.99
    endloop
  endfacet
  facet normal 0 0 1
    outer loop
      vertex 11.8645 64.05 12.99
      vertex 11.8645 50.35 12.99
      vertex 12.0964 50.7682 12.99
    endloop
  endfacet
  facet normal 0 0 1
    outer loop
      vertex 11.6183 64.4599 12.99
      vertex 11.8645 50.35 12.99
      vertex 11.8645 64.05 12.99
    endloop
  endfacet
  facet normal 0 0 1
    outer loop
      vertex 11.6183 64.4599 12.99
      vertex 11.6183 49.9401 12.99
      vertex 11.8645 50.35 12.99
    endloop
  endfacet
  facet normal 0 0 1
    outer loop
      vertex 11.3578 64.8609 12.99
      vertex 11.6183 49.9401 12.99
      vertex 11.6183 64.4599 12.99
    endloop
  endfacet
  facet normal 0 0 1
    outer loop
      vertex 11.3578 64.8609 12.99
      vertex 11.3578 49.5391 12.99
      vertex 11.6183 49.9401 12.99
    endloop
  endfacet
  facet normal 0 0 1
    outer loop
      vertex 11.0835 65.2527 12.99
      vertex 11.3578 49.5391 12.99
      vertex 11.3578 64.8609 12.99
    endloop
  endfacet
  facet normal 0 0 1
    outer loop
      vertex 11.0835 65.2527 12.99
      vertex 11.0835 49.1473 12.99
      vertex 11.3578 49.5391 12.99
    endloop
  endfacet
  facet normal 0 0 1
    outer loop
      vertex 10.7957 65.6346 12.99
      vertex 11.0835 49.1473 12.99
      vertex 11.0835 65.2527 12.99
    endloop
  endfacet
  facet normal 0 0 1
    outer loop
      vertex 10.7957 65.6346 12.99
      vertex 10.7957 48.7654 12.99
      vertex 11.0835 49.1473 12.99
    endloop
  endfacet
  facet normal 0 0 1
    outer loop
      vertex 10.4948 66.0062 12.99
      vertex 10.7957 48.7654 12.99
      vertex 10.7957 65.6346 12.99
    endloop
  endfacet
  facet normal 0 0 1
    outer loop
      vertex 10.4948 66.0062 12.99
      vertex 10.4948 48.3938 12.99
      vertex 10.7957 48.7654 12.99
    endloop
  endfacet
  facet normal 0 0 1
    outer loop
      vertex 10.1811 66.3671 12.99
      vertex 10.4948 48.3938 12.99
      vertex 10.4948 66.0062 12.99
    endloop
  endfacet
  facet normal 0 0 1
    outer loop
      vertex 10.1811 66.3671 12.99
      vertex 10.1811 48.0329 12.99
      vertex 10.4948 48.3938 12.99
    endloop
  endfacet
  facet normal 0 0 1
    outer loop
      vertex 9.85495 66.7168 12.99
      vertex 10.1811 48.0329 12.99
      vertex 10.1811 66.3671 12.99
    endloop
  endfacet
  facet normal 0 0 1
    outer loop
      vertex 9.85495 66.7168 12.99
      vertex 9.85495 47.6832 12.99
      vertex 10.1811 48.0329 12.99
    endloop
  endfacet
  facet normal 0 0 1
    outer loop
      vertex 9.51682 67.055 12.99
      vertex 9.85495 47.6832 12.99
      vertex 9.85495 66.7168 12.99
    endloop
  endfacet
  facet normal 0 0 1
    outer loop
      vertex 9.51682 67.055 12.99
      vertex 9.51682 47.345 12.99
      vertex 9.85495 47.6832 12.99
    endloop
  endfacet
  facet normal 0 0 1
    outer loop
      vertex 9.16709 67.3811 12.99
      vertex 9.51682 47.345 12.99
      vertex 9.51682 67.055 12.99
    endloop
  endfacet
  facet normal 0 0 1
    outer loop
      vertex 9.16709 67.3811 12.99
      vertex 9.16709 47.0189 12.99
      vertex 9.51682 47.345 12.99
    endloop
  endfacet
  facet normal 0 0 1
    outer loop
      vertex 8.80619 67.6948 12.99
      vertex 9.16709 47.0189 12.99
      vertex 9.16709 67.3811 12.99
    endloop
  endfacet
  facet normal 0 0 1
    outer loop
      vertex 8.80619 67.6948 12.99
      vertex 8.80619 46.7052 12.99
      vertex 9.16709 47.0189 12.99
    endloop
  endfacet
  facet normal 0 0 1
    outer loop
      vertex 8.43456 67.9958 12.99
      vertex 8.80619 46.7052 12.99
      vertex 8.80619 67.6948 12.99
    endloop
  endfacet
  facet normal 0 0 1
    outer loop
      vertex 8.43456 67.9958 12.99
      vertex 8.43456 46.4043 12.99
      vertex 8.80619 46.7052 12.99
    endloop
  endfacet
  facet normal 0 0 1
    outer loop
      vertex 8.05266 68.2835 12.99
      vertex 8.43456 46.4043 12.99
      vertex 8.43456 67.9958 12.99
    endloop
  endfacet
  facet normal 0 0 1
    outer loop
      vertex 8.05266 68.2835 12.99
      vertex 8.05266 46.1165 12.99
      vertex 8.43456 46.4043 12.99
    endloop
  endfacet
  facet normal 0 0 1
    outer loop
      vertex 7.66094 68.5578 12.99
      vertex 8.05266 46.1165 12.99
      vertex 8.05266 68.2835 12.99
    endloop
  endfacet
  facet normal 0 0 1
    outer loop
      vertex 7.66094 68.5578 12.99
      vertex 7.66094 45.8422 12.99
      vertex 8.05266 46.1165 12.99
    endloop
  endfacet
  facet normal 0 0 1
    outer loop
      vertex 7.25989 68.8183 12.99
      vertex 7.66094 45.8422 12.99
      vertex 7.66094 68.5578 12.99
    endloop
  endfacet
  facet normal 0 0 1
    outer loop
      vertex 7.25989 68.8183 12.99
      vertex 7.25989 45.5817 12.99
      vertex 7.66094 45.8422 12.99
    endloop
  endfacet
  facet normal 0 0 1
    outer loop
      vertex 6.85 69.0645 12.99
      vertex 7.25989 45.5817 12.99
      vertex 7.25989 68.8183 12.99
    endloop
  endfacet
  facet normal 0 0 1
    outer loop
      vertex 6.85 69.0645 12.99
      vertex 6.85 45.3355 12.99
      vertex 7.25989 45.5817 12.99
    endloop
  endfacet
  facet normal 0 0 1
    outer loop
      vertex 6.43176 69.2964 12.99
      vertex 6.85 45.3355 12.99
      vertex 6.85 69.0645 12.99
    endloop
  endfacet
  facet normal 0 0 1
    outer loop
      vertex 6.43176 69.2964 12.99
      vertex 6.43176 45.1036 12.99
      vertex 6.85 45.3355 12.99
    endloop
  endfacet
  facet normal 0 0 1
    outer loop
      vertex 6.00568 69.5135 12.99
      vertex 6.43176 45.1036 12.99
      vertex 6.43176 69.2964 12.99
    endloop
  endfacet
  facet normal 0 0 1
    outer loop
      vertex 6.00568 69.5135 12.99
      vertex 6.00568 44.8865 12.99
      vertex 6.43176 45.1036 12.99
    endloop
  endfacet
  facet normal 0 0 1
    outer loop
      vertex 5.57229 69.7156 12.99
      vertex 6.00568 44.8865 12.99
      vertex 6.00568 69.5135 12.99
    endloop
  endfacet
  facet normal 0 0 1
    outer loop
      vertex 5.57229 69.7156 12.99
      vertex 5.57229 44.6844 12.99
      vertex 6.00568 44.8865 12.99
    endloop
  endfacet
  facet normal 0 0 1
    outer loop
      vertex 5.13211 69.9024 12.99
      vertex 5.57229 44.6844 12.99
      vertex 5.57229 69.7156 12.99
    endloop
  endfacet
  facet normal 0 0 1
    outer loop
      vertex 5.13211 69.9024 12.99
      vertex 5.13211 44.4976 12.99
      vertex 5.57229 44.6844 12.99
    endloop
  endfacet
  facet normal 0 0 1
    outer loop
      vertex 4.68568 70.0738 12.99
      vertex 5.13211 44.4976 12.99
      vertex 5.13211 69.9024 12.99
    endloop
  endfacet
  facet normal 0 0 1
    outer loop
      vertex 4.68568 70.0738 12.99
      vertex 4.68568 44.3262 12.99
      vertex 5.13211 44.4976 12.99
    endloop
  endfacet
  facet normal 0 0 1
    outer loop
      vertex 4.23353 70.2295 12.99
      vertex 4.68568 44.3262 12.99
      vertex 4.68568 70.0738 12.99
    endloop
  endfacet
  facet normal 0 0 1
    outer loop
      vertex 4.23353 70.2295 12.99
      vertex 4.23353 44.1705 12.99
      vertex 4.68568 44.3262 12.99
    endloop
  endfacet
  facet normal 0 0 1
    outer loop
      vertex 3.77623 70.3693 12.99
      vertex 4.23353 44.1705 12.99
      vertex 4.23353 70.2295 12.99
    endloop
  endfacet
  facet normal 0 0 1
    outer loop
      vertex 3.77623 70.3693 12.99
      vertex 3.77623 44.0307 12.99
      vertex 4.23353 44.1705 12.99
    endloop
  endfacet
  facet normal 0 0 1
    outer loop
      vertex 3.31433 70.493 12.99
      vertex 3.77623 44.0307 12.99
      vertex 3.77623 70.3693 12.99
    endloop
  endfacet
  facet normal 0 0 1
    outer loop
      vertex 3.31433 70.493 12.99
      vertex 3.31433 43.9069 12.99
      vertex 3.77623 44.0307 12.99
    endloop
  endfacet
  facet normal 0 0 1
    outer loop
      vertex 2.84839 70.6006 12.99
      vertex 3.31433 43.9069 12.99
      vertex 3.31433 70.493 12.99
    endloop
  endfacet
  facet normal 0 0 1
    outer loop
      vertex 2.84839 70.6006 12.99
      vertex 2.84839 43.7994 12.99
      vertex 3.31433 43.9069 12.99
    endloop
  endfacet
  facet normal 0 0 1
    outer loop
      vertex 2.37898 70.6919 12.99
      vertex 2.84839 43.7994 12.99
      vertex 2.84839 70.6006 12.99
    endloop
  endfacet
  facet normal 0 0 1
    outer loop
      vertex 2.37898 70.6919 12.99
      vertex 2.37898 43.7081 12.99
      vertex 2.84839 43.7994 12.99
    endloop
  endfacet
  facet normal 0 0 1
    outer loop
      vertex 1.90667 70.7667 12.99
      vertex 2.37898 43.7081 12.99
      vertex 2.37898 70.6919 12.99
    endloop
  endfacet
  facet normal 0 0 1
    outer loop
      vertex 1.90667 70.7667 12.99
      vertex 1.90667 43.6333 12.99
      vertex 2.37898 43.7081 12.99
    endloop
  endfacet
  facet normal 0 0 1
    outer loop
      vertex 1.43204 70.825 12.99
      vertex 1.90667 43.6333 12.99
      vertex 1.90667 70.7667 12.99
    endloop
  endfacet
  facet normal 0 0 1
    outer loop
      vertex 1.43204 70.825 12.99
      vertex 1.43204 43.5751 12.99
      vertex 1.90667 43.6333 12.99
    endloop
  endfacet
  facet normal 0 0 1
    outer loop
      vertex 0.955664 70.8666 12.99
      vertex 1.43204 43.5751 12.99
      vertex 1.43204 70.825 12.99
    endloop
  endfacet
  facet normal 0 0 1
    outer loop
      vertex 0.955664 70.8666 12.99
      vertex 0.955664 43.5334 12.99
      vertex 1.43204 43.5751 12.99
    endloop
  endfacet
  facet normal 0 0 1
    outer loop
      vertex 0.478123 70.8917 12.99
      vertex 0.955664 43.5334 12.99
      vertex 0.955664 70.8666 12.99
    endloop
  endfacet
  facet normal 0 0 1
    outer loop
      vertex 0.478123 70.8917 12.99
      vertex 0.478123 43.5083 12.99
      vertex 0.955664 43.5334 12.99
    endloop
  endfacet
  facet normal 0 0 1
    outer loop
      vertex 0 70.9 12.99
      vertex 0.478123 43.5083 12.99
      vertex 0.478123 70.8917 12.99
    endloop
  endfacet
  facet normal 0 0 1
    outer loop
      vertex 0 70.9 12.99
      vertex 0 43.5 12.99
      vertex 0.478123 43.5083 12.99
    endloop
  endfacet
  facet normal -0 0 1
    outer loop
      vertex -0.478123 70.8917 12.99
      vertex 0 43.5 12.99
      vertex 0 70.9 12.99
    endloop
  endfacet
  facet normal 0 0 1
    outer loop
      vertex -0.478123 70.8917 12.99
      vertex -0.478123 43.5083 12.99
      vertex 0 43.5 12.99
    endloop
  endfacet
  facet normal -0 0 1
    outer loop
      vertex -0.955664 70.8666 12.99
      vertex -0.478123 43.5083 12.99
      vertex -0.478123 70.8917 12.99
    endloop
  endfacet
  facet normal 0 0 1
    outer loop
      vertex -0.955664 70.8666 12.99
      vertex -0.955664 43.5334 12.99
      vertex -0.478123 43.5083 12.99
    endloop
  endfacet
  facet normal -0 0 1
    outer loop
      vertex -1.43204 70.825 12.99
      vertex -0.955664 43.5334 12.99
      vertex -0.955664 70.8666 12.99
    endloop
  endfacet
  facet normal 0 0 1
    outer loop
      vertex -1.43204 70.825 12.99
      vertex -1.43204 43.5751 12.99
      vertex -0.955664 43.5334 12.99
    endloop
  endfacet
  facet normal -0 0 1
    outer loop
      vertex -1.90667 70.7667 12.99
      vertex -1.43204 43.5751 12.99
      vertex -1.43204 70.825 12.99
    endloop
  endfacet
  facet normal 0 0 1
    outer loop
      vertex -1.90667 70.7667 12.99
      vertex -1.90667 43.6333 12.99
      vertex -1.43204 43.5751 12.99
    endloop
  endfacet
  facet normal -0 0 1
    outer loop
      vertex -2.37898 70.6919 12.99
      vertex -1.90667 43.6333 12.99
      vertex -1.90667 70.7667 12.99
    endloop
  endfacet
  facet normal 0 0 1
    outer loop
      vertex -2.37898 70.6919 12.99
      vertex -2.37898 43.7081 12.99
      vertex -1.90667 43.6333 12.99
    endloop
  endfacet
  facet normal -0 0 1
    outer loop
      vertex -2.84839 70.6006 12.99
      vertex -2.37898 43.7081 12.99
      vertex -2.37898 70.6919 12.99
    endloop
  endfacet
  facet normal 0 0 1
    outer loop
      vertex -2.84839 70.6006 12.99
      vertex -2.84839 43.7994 12.99
      vertex -2.37898 43.7081 12.99
    endloop
  endfacet
  facet normal -0 0 1
    outer loop
      vertex -3.31433 70.493 12.99
      vertex -2.84839 43.7994 12.99
      vertex -2.84839 70.6006 12.99
    endloop
  endfacet
  facet normal 0 0 1
    outer loop
      vertex -3.31433 70.493 12.99
      vertex -3.31433 43.9069 12.99
      vertex -2.84839 43.7994 12.99
    endloop
  endfacet
  facet normal -0 0 1
    outer loop
      vertex -3.77623 70.3693 12.99
      vertex -3.31433 43.9069 12.99
      vertex -3.31433 70.493 12.99
    endloop
  endfacet
  facet normal 0 0 1
    outer loop
      vertex -3.77623 70.3693 12.99
      vertex -3.77623 44.0307 12.99
      vertex -3.31433 43.9069 12.99
    endloop
  endfacet
  facet normal -0 0 1
    outer loop
      vertex -4.23353 70.2295 12.99
      vertex -3.77623 44.0307 12.99
      vertex -3.77623 70.3693 12.99
    endloop
  endfacet
  facet normal 0 0 1
    outer loop
      vertex -4.23353 70.2295 12.99
      vertex -4.23353 44.1705 12.99
      vertex -3.77623 44.0307 12.99
    endloop
  endfacet
  facet normal -0 0 1
    outer loop
      vertex -4.68568 70.0738 12.99
      vertex -4.23353 44.1705 12.99
      vertex -4.23353 70.2295 12.99
    endloop
  endfacet
  facet normal 0 0 1
    outer loop
      vertex -4.68568 70.0738 12.99
      vertex -4.68568 44.3262 12.99
      vertex -4.23353 44.1705 12.99
    endloop
  endfacet
  facet normal -0 0 1
    outer loop
      vertex -5.13211 69.9024 12.99
      vertex -4.68568 44.3262 12.99
      vertex -4.68568 70.0738 12.99
    endloop
  endfacet
  facet normal 0 0 1
    outer loop
      vertex -5.13211 69.9024 12.99
      vertex -5.13211 44.4976 12.99
      vertex -4.68568 44.3262 12.99
    endloop
  endfacet
  facet normal -0 0 1
    outer loop
      vertex -5.57229 69.7156 12.99
      vertex -5.13211 44.4976 12.99
      vertex -5.13211 69.9024 12.99
    endloop
  endfacet
  facet normal 0 0 1
    outer loop
      vertex -5.57229 69.7156 12.99
      vertex -5.57229 44.6844 12.99
      vertex -5.13211 44.4976 12.99
    endloop
  endfacet
  facet normal -0 0 1
    outer loop
      vertex -6.00568 69.5135 12.99
      vertex -5.57229 44.6844 12.99
      vertex -5.57229 69.7156 12.99
    endloop
  endfacet
  facet normal 0 0 1
    outer loop
      vertex -6.00568 69.5135 12.99
      vertex -6.00568 44.8865 12.99
      vertex -5.57229 44.6844 12.99
    endloop
  endfacet
  facet normal -0 0 1
    outer loop
      vertex -6.43176 69.2964 12.99
      vertex -6.00568 44.8865 12.99
      vertex -6.00568 69.5135 12.99
    endloop
  endfacet
  facet normal 0 0 1
    outer loop
      vertex -6.43176 69.2964 12.99
      vertex -6.43176 45.1036 12.99
      vertex -6.00568 44.8865 12.99
    endloop
  endfacet
  facet normal -0 0 1
    outer loop
      vertex -6.85 69.0645 12.99
      vertex -6.43176 45.1036 12.99
      vertex -6.43176 69.2964 12.99
    endloop
  endfacet
  facet normal 0 0 1
    outer loop
      vertex -6.85 69.0645 12.99
      vertex -6.85 45.3355 12.99
      vertex -6.43176 45.1036 12.99
    endloop
  endfacet
  facet normal -0 0 1
    outer loop
      vertex -7.25989 68.8183 12.99
      vertex -6.85 45.3355 12.99
      vertex -6.85 69.0645 12.99
    endloop
  endfacet
  facet normal 0 0 1
    outer loop
      vertex -7.25989 68.8183 12.99
      vertex -7.25989 45.5817 12.99
      vertex -6.85 45.3355 12.99
    endloop
  endfacet
  facet normal -0 0 1
    outer loop
      vertex -7.66094 68.5578 12.99
      vertex -7.25989 45.5817 12.99
      vertex -7.25989 68.8183 12.99
    endloop
  endfacet
  facet normal 0 0 1
    outer loop
      vertex -7.66094 68.5578 12.99
      vertex -7.66094 45.8422 12.99
      vertex -7.25989 45.5817 12.99
    endloop
  endfacet
  facet normal -0 0 1
    outer loop
      vertex -8.05266 68.2835 12.99
      vertex -7.66094 45.8422 12.99
      vertex -7.66094 68.5578 12.99
    endloop
  endfacet
  facet normal 0 0 1
    outer loop
      vertex -8.05266 68.2835 12.99
      vertex -8.05266 46.1165 12.99
      vertex -7.66094 45.8422 12.99
    endloop
  endfacet
  facet normal -0 0 1
    outer loop
      vertex -8.43456 67.9958 12.99
      vertex -8.05266 46.1165 12.99
      vertex -8.05266 68.2835 12.99
    endloop
  endfacet
  facet normal 0 0 1
    outer loop
      vertex -8.43456 67.9958 12.99
      vertex -8.43456 46.4043 12.99
      vertex -8.05266 46.1165 12.99
    endloop
  endfacet
  facet normal -0 0 1
    outer loop
      vertex -8.80619 67.6948 12.99
      vertex -8.43456 46.4043 12.99
      vertex -8.43456 67.9958 12.99
    endloop
  endfacet
  facet normal 0 0 1
    outer loop
      vertex -8.80619 67.6948 12.99
      vertex -8.80619 46.7052 12.99
      vertex -8.43456 46.4043 12.99
    endloop
  endfacet
  facet normal -0 0 1
    outer loop
      vertex -9.16709 67.3811 12.99
      vertex -8.80619 46.7052 12.99
      vertex -8.80619 67.6948 12.99
    endloop
  endfacet
  facet normal 0 0 1
    outer loop
      vertex -9.16709 67.3811 12.99
      vertex -9.16709 47.0189 12.99
      vertex -8.80619 46.7052 12.99
    endloop
  endfacet
  facet normal -0 0 1
    outer loop
      vertex -9.51682 67.055 12.99
      vertex -9.16709 47.0189 12.99
      vertex -9.16709 67.3811 12.99
    endloop
  endfacet
  facet normal 0 0 1
    outer loop
      vertex -9.51682 67.055 12.99
      vertex -9.51682 47.345 12.99
      vertex -9.16709 47.0189 12.99
    endloop
  endfacet
  facet normal -0 0 1
    outer loop
      vertex -9.85495 66.7168 12.99
      vertex -9.51682 47.345 12.99
      vertex -9.51682 67.055 12.99
    endloop
  endfacet
  facet normal 0 0 1
    outer loop
      vertex -9.85495 66.7168 12.99
      vertex -9.85495 47.6832 12.99
      vertex -9.51682 47.345 12.99
    endloop
  endfacet
  facet normal -0 0 1
    outer loop
      vertex -10.1811 66.3671 12.99
      vertex -9.85495 47.6832 12.99
      vertex -9.85495 66.7168 12.99
    endloop
  endfacet
  facet normal 0 0 1
    outer loop
      vertex -10.1811 66.3671 12.99
      vertex -10.1811 48.0329 12.99
      vertex -9.85495 47.6832 12.99
    endloop
  endfacet
  facet normal -0 0 1
    outer loop
      vertex -10.4948 66.0062 12.99
      vertex -10.1811 48.0329 12.99
      vertex -10.1811 66.3671 12.99
    endloop
  endfacet
  facet normal 0 0 1
    outer loop
      vertex -10.4948 66.0062 12.99
      vertex -10.4948 48.3938 12.99
      vertex -10.1811 48.0329 12.99
    endloop
  endfacet
  facet normal -0 0 1
    outer loop
      vertex -10.7957 65.6346 12.99
      vertex -10.4948 48.3938 12.99
      vertex -10.4948 66.0062 12.99
    endloop
  endfacet
  facet normal 0 0 1
    outer loop
      vertex -10.7957 65.6346 12.99
      vertex -10.7957 48.7654 12.99
      vertex -10.4948 48.3938 12.99
    endloop
  endfacet
  facet normal -0 0 1
    outer loop
      vertex -11.0835 65.2527 12.99
      vertex -10.7957 48.7654 12.99
      vertex -10.7957 65.6346 12.99
    endloop
  endfacet
  facet normal 0 0 1
    outer loop
      vertex -11.0835 65.2527 12.99
      vertex -11.0835 49.1473 12.99
      vertex -10.7957 48.7654 12.99
    endloop
  endfacet
  facet normal -0 0 1
    outer loop
      vertex -11.3578 64.8609 12.99
      vertex -11.0835 49.1473 12.99
      vertex -11.0835 65.2527 12.99
    endloop
  endfacet
  facet normal 0 0 1
    outer loop
      vertex -11.3578 64.8609 12.99
      vertex -11.3578 49.5391 12.99
      vertex -11.0835 49.1473 12.99
    endloop
  endfacet
  facet normal -0 0 1
    outer loop
      vertex -11.6183 64.4599 12.99
      vertex -11.3578 49.5391 12.99
      vertex -11.3578 64.8609 12.99
    endloop
  endfacet
  facet normal 0 0 1
    outer loop
      vertex -11.6183 64.4599 12.99
      vertex -11.6183 49.9401 12.99
      vertex -11.3578 49.5391 12.99
    endloop
  endfacet
  facet normal -0 0 1
    outer loop
      vertex -11.8645 64.05 12.99
      vertex -11.6183 49.9401 12.99
      vertex -11.6183 64.4599 12.99
    endloop
  endfacet
  facet normal 0 0 1
    outer loop
      vertex -11.8645 64.05 12.99
      vertex -11.8645 50.35 12.99
      vertex -11.6183 49.9401 12.99
    endloop
  endfacet
  facet normal -0 0 1
    outer loop
      vertex -12.0964 63.6318 12.99
      vertex -11.8645 50.35 12.99
      vertex -11.8645 64.05 12.99
    endloop
  endfacet
  facet normal 0 0 1
    outer loop
      vertex -12.0964 63.6318 12.99
      vertex -12.0964 50.7682 12.99
      vertex -11.8645 50.35 12.99
    endloop
  endfacet
  facet normal -0 0 1
    outer loop
      vertex -12.3135 63.2057 12.99
      vertex -12.0964 50.7682 12.99
      vertex -12.0964 63.6318 12.99
    endloop
  endfacet
  facet normal 0 0 1
    outer loop
      vertex -12.3135 63.2057 12.99
      vertex -12.3135 51.1943 12.99
      vertex -12.0964 50.7682 12.99
    endloop
  endfacet
  facet normal -0 0 1
    outer loop
      vertex -12.5156 62.7723 12.99
      vertex -12.3135 51.1943 12.99
      vertex -12.3135 63.2057 12.99
    endloop
  endfacet
  facet normal 0 0 1
    outer loop
      vertex -12.5156 62.7723 12.99
      vertex -12.5156 51.6277 12.99
      vertex -12.3135 51.1943 12.99
    endloop
  endfacet
  facet normal -0 0 1
    outer loop
      vertex -12.7024 62.3321 12.99
      vertex -12.5156 51.6277 12.99
      vertex -12.5156 62.7723 12.99
    endloop
  endfacet
  facet normal 0 0 1
    outer loop
      vertex -12.7024 62.3321 12.99
      vertex -12.7024 52.0679 12.99
      vertex -12.5156 51.6277 12.99
    endloop
  endfacet
  facet normal -0 0 1
    outer loop
      vertex -12.8738 61.8857 12.99
      vertex -12.7024 52.0679 12.99
      vertex -12.7024 62.3321 12.99
    endloop
  endfacet
  facet normal 0 0 1
    outer loop
      vertex -12.8738 61.8857 12.99
      vertex -12.8738 52.5143 12.99
      vertex -12.7024 52.0679 12.99
    endloop
  endfacet
  facet normal -0 0 1
    outer loop
      vertex -13.0295 61.4335 12.99
      vertex -12.8738 52.5143 12.99
      vertex -12.8738 61.8857 12.99
    endloop
  endfacet
  facet normal 0 0 1
    outer loop
      vertex -13.0295 61.4335 12.99
      vertex -13.0295 52.9665 12.99
      vertex -12.8738 52.5143 12.99
    endloop
  endfacet
  facet normal -0 0 1
    outer loop
      vertex -13.1693 60.9762 12.99
      vertex -13.0295 52.9665 12.99
      vertex -13.0295 61.4335 12.99
    endloop
  endfacet
  facet normal 0 0 1
    outer loop
      vertex -13.1693 60.9762 12.99
      vertex -13.1693 53.4238 12.99
      vertex -13.0295 52.9665 12.99
    endloop
  endfacet
  facet normal -0 0 1
    outer loop
      vertex -13.2931 60.5143 12.99
      vertex -13.1693 53.4238 12.99
      vertex -13.1693 60.9762 12.99
    endloop
  endfacet
  facet normal 0 0 1
    outer loop
      vertex -13.2931 60.5143 12.99
      vertex -13.2931 53.8857 12.99
      vertex -13.1693 53.4238 12.99
    endloop
  endfacet
  facet normal -0 0 1
    outer loop
      vertex -13.4006 60.0484 12.99
      vertex -13.2931 53.8857 12.99
      vertex -13.2931 60.5143 12.99
    endloop
  endfacet
  facet normal 0 0 1
    outer loop
      vertex -13.4006 60.0484 12.99
      vertex -13.4006 54.3516 12.99
      vertex -13.2931 53.8857 12.99
    endloop
  endfacet
  facet normal -0 0 1
    outer loop
      vertex -13.4919 59.579 12.99
      vertex -13.4006 54.3516 12.99
      vertex -13.4006 60.0484 12.99
    endloop
  endfacet
  facet normal 0 0 1
    outer loop
      vertex -13.4919 59.579 12.99
      vertex -13.4919 54.821 12.99
      vertex -13.4006 54.3516 12.99
    endloop
  endfacet
  facet normal -0 0 1
    outer loop
      vertex -13.5667 59.1067 12.99
      vertex -13.4919 54.821 12.99
      vertex -13.4919 59.579 12.99
    endloop
  endfacet
  facet normal 0 0 1
    outer loop
      vertex -13.5667 59.1067 12.99
      vertex -13.5667 55.2933 12.99
      vertex -13.4919 54.821 12.99
    endloop
  endfacet
  facet normal -0 0 1
    outer loop
      vertex -13.6249 58.632 12.99
      vertex -13.5667 55.2933 12.99
      vertex -13.5667 59.1067 12.99
    endloop
  endfacet
  facet normal 0 0 1
    outer loop
      vertex -13.6249 58.632 12.99
      vertex -13.6249 55.768 12.99
      vertex -13.5667 55.2933 12.99
    endloop
  endfacet
  facet normal -0 0 1
    outer loop
      vertex -13.6666 58.1557 12.99
      vertex -13.6249 55.768 12.99
      vertex -13.6249 58.632 12.99
    endloop
  endfacet
  facet normal 0 0 1
    outer loop
      vertex -13.6666 58.1557 12.99
      vertex -13.6666 56.2443 12.99
      vertex -13.6249 55.768 12.99
    endloop
  endfacet
  facet normal -0 0 1
    outer loop
      vertex -13.6917 57.6781 12.99
      vertex -13.6666 56.2443 12.99
      vertex -13.6666 58.1557 12.99
    endloop
  endfacet
  facet normal 0 0 1
    outer loop
      vertex -13.6917 57.6781 12.99
      vertex -13.6917 56.7219 12.99
      vertex -13.6666 56.2443 12.99
    endloop
  endfacet
  facet normal 0 -0 1
    outer loop
      vertex -13.6917 56.7219 12.99
      vertex -13.6917 57.6781 12.99
      vertex -13.7 57.2 12.99
    endloop
  endfacet
  facet normal -0.630091 0.321032 0.707053
    outer loop
      vertex -12.9727 64.0923 12
      vertex -13.2033 63.6397 12
      vertex -12.3135 63.2057 12.99
    endloop
  endfacet
  facet normal -0.342866 -0.618468 0.707064
    outer loop
      vertex -6.85 45.3355 12.99
      vertex -7.345 44.4781 12
      vertex -6.90072 44.2318 12
    endloop
  endfacet
  facet normal -0.342913 -0.618456 0.707053
    outer loop
      vertex -6.90072 44.2318 12
      vertex -6.43176 45.1036 12.99
      vertex -6.85 45.3355 12.99
    endloop
  endfacet
  facet normal -0.340902 -0.619552 0.707065
    outer loop
      vertex -6.43176 45.1036 12.99
      vertex -6.90072 44.2318 12
      vertex -6.89654 44.2295 12
    endloop
  endfacet
  facet normal -0.593037 0.385252 0.707027
    outer loop
      vertex -12.4552 64.9885 12
      vertex -11.6183 64.4599 12.99
      vertex -11.3578 64.8609 12.99
    endloop
  endfacet
  facet normal -0.592937 0.385409 0.707026
    outer loop
      vertex -11.6183 64.4599 12.99
      vertex -12.4552 64.9885 12
      vertex -12.4578 64.9845 12
    endloop
  endfacet
  facet normal -0.463969 0.533669 0.707057
    outer loop
      vertex -9.44255 68.4532 12
      vertex -9.82592 68.1199 12
      vertex -8.80619 67.6948 12.99
    endloop
  endfacet
  facet normal -0.517207 0.482262 0.707051
    outer loop
      vertex -10.5671 67.4045 12
      vertex -10.9135 67.033 12
      vertex -9.85495 66.7168 12.99
    endloop
  endfacet
  facet normal -0.500104 0.500001 0.707033
    outer loop
      vertex -10.2045 67.7671 12
      vertex -9.85495 66.7168 12.99
      vertex -9.51682 67.055 12.99
    endloop
  endfacet
  facet normal -0.50004 0.50004 0.707051
    outer loop
      vertex -9.85495 66.7168 12.99
      vertex -10.2045 67.7671 12
      vertex -10.5671 67.4045 12
    endloop
  endfacet
  facet normal 0.606155 -0.364194 0.707064
    outer loop
      vertex 12.7219 49.855 12
      vertex 11.8645 50.35 12.99
      vertex 12.4603 49.4196 12
    endloop
  endfacet
  facet normal 0.618475 -0.342855 0.707064
    outer loop
      vertex 12.9682 50.2993 12
      vertex 11.8645 50.35 12.99
      vertex 12.7219 49.855 12
    endloop
  endfacet
  facet normal -0.206744 -0.676279 0.707038
    outer loop
      vertex -4.23353 44.1705 12.99
      vertex -4.53489 43.2276 12
      vertex -3.77623 44.0307 12.99
    endloop
  endfacet
  facet normal -0.207138 -0.676156 0.707041
    outer loop
      vertex -4.53489 43.2276 12
      vertex -4.23353 44.1705 12.99
      vertex -4.53946 43.229 12
    endloop
  endfacet
  facet normal 0.298885 0.640897 0.70705
    outer loop
      vertex 5.97496 70.62 12
      vertex 5.57229 69.7156 12.99
      vertex 6.43534 70.4053 12
    endloop
  endfacet
  facet normal -0.177778 -0.684445 0.707058
    outer loop
      vertex -3.31433 43.9069 12.99
      vertex -3.55845 42.9476 12
      vertex -3.55383 42.9464 12
    endloop
  endfacet
  facet normal -0.183079 -0.683071 0.707033
    outer loop
      vertex -3.55845 42.9476 12
      vertex -3.31433 43.9069 12.99
      vertex -3.77623 44.0307 12.99
    endloop
  endfacet
  facet normal 0.162455 0.688218 0.707081
    outer loop
      vertex 3.54917 71.4547 12
      vertex 3.31433 70.493 12.99
      vertex 3.55383 71.4536 12
    endloop
  endfacet
  facet normal 0.159115 0.689016 0.707064
    outer loop
      vertex 3.31433 70.493 12.99
      vertex 3.54917 71.4547 12
      vertex 2.84839 70.6006 12.99
    endloop
  endfacet
  facet normal -0.618451 0.342943 0.707042
    outer loop
      vertex -12.9682 64.1007 12
      vertex -12.0964 63.6318 12.99
      vertex -11.8645 64.05 12.99
    endloop
  endfacet
  facet normal -0.620241 0.339656 0.707061
    outer loop
      vertex -12.0964 63.6318 12.99
      vertex -12.9682 64.1007 12
      vertex -12.9705 64.0965 12
    endloop
  endfacet
  facet normal -0.298871 0.640908 0.707045
    outer loop
      vertex -6.43534 70.4053 12
      vertex -6.00568 69.5135 12.99
      vertex -5.57229 69.7156 12.99
    endloop
  endfacet
  facet normal -0.296541 0.64201 0.707027
    outer loop
      vertex -6.00568 69.5135 12.99
      vertex -6.43534 70.4053 12
      vertex -6.43967 70.4033 12
    endloop
  endfacet
  facet normal 0.592937 -0.385409 0.707026
    outer loop
      vertex 11.6183 49.9401 12.99
      vertex 12.4552 49.4115 12
      vertex 12.4578 49.4155 12
    endloop
  endfacet
  facet normal 0.593037 -0.385252 0.707027
    outer loop
      vertex 12.4552 49.4115 12
      vertex 11.6183 49.9401 12.99
      vertex 11.3578 49.5391 12.99
    endloop
  endfacet
  facet normal -0.321044 -0.63008 0.707057
    outer loop
      vertex -6.43176 45.1036 12.99
      vertex -6.89228 44.2273 12
      vertex -6.00568 44.8865 12.99
    endloop
  endfacet
  facet normal -0.324474 -0.628299 0.707076
    outer loop
      vertex -6.89228 44.2273 12
      vertex -6.43176 45.1036 12.99
      vertex -6.89654 44.2295 12
    endloop
  endfacet
  facet normal -0.298871 -0.640908 0.707045
    outer loop
      vertex -6.00568 44.8865 12.99
      vertex -6.43534 43.9947 12
      vertex -5.57229 44.6844 12.99
    endloop
  endfacet
  facet normal -0.296541 -0.64201 0.707027
    outer loop
      vertex -6.43534 43.9947 12
      vertex -6.00568 44.8865 12.99
      vertex -6.43967 43.9967 12
    endloop
  endfacet
  facet normal -0.425559 -0.564753 0.707074
    outer loop
      vertex -8.43456 46.4043 12.99
      vertex -9.04407 45.6241 12
      vertex -8.63838 45.3184 12
    endloop
  endfacet
  facet normal 0.324474 0.628299 0.707076
    outer loop
      vertex 6.89228 70.1727 12
      vertex 6.43176 69.2964 12.99
      vertex 6.89654 70.1705 12
    endloop
  endfacet
  facet normal 0.321044 0.63008 0.707057
    outer loop
      vertex 6.43176 69.2964 12.99
      vertex 6.89228 70.1727 12
      vertex 6.00568 69.5135 12.99
    endloop
  endfacet
  facet normal -0.683073 0.183053 0.707038
    outer loop
      vertex -14.1209 61.2491 12
      vertex -14.2524 60.7584 12
      vertex -13.1693 60.9762 12.99
    endloop
  endfacet
  facet normal 0.253496 0.660163 0.707054
    outer loop
      vertex 5.02428 71.0041 12
      vertex 4.68568 70.0738 12.99
      vertex 5.49851 70.822 12
    endloop
  endfacet
endsolid OpenSCAD_Model
