solid OpenSCAD_Model
  facet normal 0.998629 0.0523474 0
    outer loop
      vertex 51.4686 1.79732 5
      vertex 51.3745 3.59246 0
      vertex 51.3745 3.59246 5
    endloop
  endfacet
  facet normal 0.998629 0.0523474 0
    outer loop
      vertex 51.3745 3.59246 0
      vertex 51.4686 1.79732 5
      vertex 51.4686 1.79732 0
    endloop
  endfacet
  facet normal 0.999847 0.0174678 0
    outer loop
      vertex 51.5 0 5
      vertex 51.4686 1.79732 0
      vertex 51.4686 1.79732 5
    endloop
  endfacet
  facet normal 0.999847 0.0174678 0
    outer loop
      vertex 51.4686 1.79732 0
      vertex 51.5 0 5
      vertex 51.5 0 0
    endloop
  endfacet
  facet normal 0.996198 0.0871169 0
    outer loop
      vertex 51.3745 3.59246 5
      vertex 51.2179 5.38321 0
      vertex 51.2179 5.38321 5
    endloop
  endfacet
  facet normal 0.996198 0.0871169 0
    outer loop
      vertex 51.2179 5.38321 0
      vertex 51.3745 3.59246 5
      vertex 51.3745 3.59246 0
    endloop
  endfacet
  facet normal -0.573556 0.819167 0
    outer loop
      vertex -28.7984 42.6954 0
      vertex -30.2709 41.6644 5
      vertex -28.7984 42.6954 5
    endloop
  endfacet
  facet normal -0.573556 0.819167 0
    outer loop
      vertex -30.2709 41.6644 5
      vertex -28.7984 42.6954 0
      vertex -30.2709 41.6644 0
    endloop
  endfacet
  facet normal -0.484816 0.874616 0
    outer loop
      vertex -24.1778 45.4718 0
      vertex -25.75 44.6003 5
      vertex -24.1778 45.4718 5
    endloop
  endfacet
  facet normal -0.484816 0.874616 0
    outer loop
      vertex -25.75 44.6003 5
      vertex -24.1778 45.4718 0
      vertex -25.75 44.6003 0
    endloop
  endfacet
  facet normal -0.258798 -0.965931 0
    outer loop
      vertex -14.1953 -49.505 0
      vertex -12.459 -49.9702 5
      vertex -14.1953 -49.505 5
    endloop
  endfacet
  facet normal -0.258798 -0.965931 -0
    outer loop
      vertex -12.459 -49.9702 5
      vertex -14.1953 -49.505 0
      vertex -12.459 -49.9702 0
    endloop
  endfacet
  facet normal 0.0871169 -0.996198 0
    outer loop
      vertex 3.59246 -51.3745 0
      vertex 5.38321 -51.2179 5
      vertex 3.59246 -51.3745 5
    endloop
  endfacet
  facet normal 0.0871169 -0.996198 0
    outer loop
      vertex 5.38321 -51.2179 5
      vertex 3.59246 -51.3745 0
      vertex 5.38321 -51.2179 0
    endloop
  endfacet
  facet normal -0.54466 -0.838657 0
    outer loop
      vertex -28.7984 -42.6954 0
      vertex -27.2908 -43.6745 5
      vertex -28.7984 -42.6954 5
    endloop
  endfacet
  facet normal -0.54466 -0.838657 -0
    outer loop
      vertex -27.2908 -43.6745 5
      vertex -28.7984 -42.6954 0
      vertex -27.2908 -43.6745 0
    endloop
  endfacet
  facet normal -0.777137 -0.629331 0
    outer loop
      vertex -39.4513 -33.1036 0
      vertex -40.5826 -31.7066 5
      vertex -40.5826 -31.7066 0
    endloop
  endfacet
  facet normal -0.777137 -0.629331 0
    outer loop
      vertex -40.5826 -31.7066 5
      vertex -39.4513 -33.1036 0
      vertex -39.4513 -33.1036 5
    endloop
  endfacet
  facet normal 0.682005 -0.731347 0
    outer loop
      vertex 34.4602 -38.272 0
      vertex 35.7749 -37.046 5
      vertex 34.4602 -38.272 5
    endloop
  endfacet
  facet normal 0.682005 -0.731347 0
    outer loop
      vertex 35.7749 -37.046 5
      vertex 34.4602 -38.272 0
      vertex 35.7749 -37.046 0
    endloop
  endfacet
  facet normal -0.0174678 0.999847 0
    outer loop
      vertex 0 51.5 0
      vertex -1.79732 51.4686 5
      vertex 0 51.5 5
    endloop
  endfacet
  facet normal -0.0174678 0.999847 0
    outer loop
      vertex -1.79732 51.4686 5
      vertex 0 51.5 0
      vertex -1.79732 51.4686 0
    endloop
  endfacet
  facet normal 0.999847 -0.0174678 0
    outer loop
      vertex 51.4686 -1.79732 5
      vertex 51.5 0 0
      vertex 51.5 0 5
    endloop
  endfacet
  facet normal 0.999847 -0.0174678 0
    outer loop
      vertex 51.5 0 0
      vertex 51.4686 -1.79732 5
      vertex 51.4686 -1.79732 0
    endloop
  endfacet
  facet normal -0.121885 -0.992544 0
    outer loop
      vertex -7.16741 -50.9988 0
      vertex -5.38321 -51.2179 5
      vertex -7.16741 -50.9988 5
    endloop
  endfacet
  facet normal -0.121885 -0.992544 -0
    outer loop
      vertex -5.38321 -51.2179 5
      vertex -7.16741 -50.9988 0
      vertex -5.38321 -51.2179 0
    endloop
  endfacet
  facet normal -0.974366 -0.224969 0
    outer loop
      vertex -49.9702 -12.459 0
      vertex -50.3746 -10.7075 5
      vertex -50.3746 -10.7075 0
    endloop
  endfacet
  facet normal -0.974366 -0.224969 0
    outer loop
      vertex -50.3746 -10.7075 5
      vertex -49.9702 -12.459 0
      vertex -49.9702 -12.459 5
    endloop
  endfacet
  facet normal -0.121885 0.992544 0
    outer loop
      vertex -5.38321 51.2179 0
      vertex -7.16741 50.9988 5
      vertex -5.38321 51.2179 5
    endloop
  endfacet
  facet normal -0.121885 0.992544 0
    outer loop
      vertex -7.16741 50.9988 5
      vertex -5.38321 51.2179 0
      vertex -7.16741 50.9988 0
    endloop
  endfacet
  facet normal -0.325559 -0.945522 0
    outer loop
      vertex -17.614 -48.3942 0
      vertex -15.9144 -48.9794 5
      vertex -17.614 -48.3942 5
    endloop
  endfacet
  facet normal -0.325559 -0.945522 -0
    outer loop
      vertex -15.9144 -48.9794 5
      vertex -17.614 -48.3942 0
      vertex -15.9144 -48.9794 0
    endloop
  endfacet
  facet normal 0.798656 -0.601788 0
    outer loop
      vertex 40.5826 -31.7066 5
      vertex 41.6644 -30.2709 0
      vertex 41.6644 -30.2709 5
    endloop
  endfacet
  facet normal 0.798656 -0.601788 0
    outer loop
      vertex 41.6644 -30.2709 0
      vertex 40.5826 -31.7066 5
      vertex 40.5826 -31.7066 0
    endloop
  endfacet
  facet normal 0.981628 -0.190805 0
    outer loop
      vertex 50.3746 -10.7075 5
      vertex 50.7176 -8.94288 0
      vertex 50.7176 -8.94288 5
    endloop
  endfacet
  facet normal 0.981628 -0.190805 0
    outer loop
      vertex 50.7176 -8.94288 0
      vertex 50.3746 -10.7075 5
      vertex 50.3746 -10.7075 0
    endloop
  endfacet
  facet normal -0.996198 -0.0871169 0
    outer loop
      vertex -51.2179 -5.38321 0
      vertex -51.3745 -3.59246 5
      vertex -51.3745 -3.59246 0
    endloop
  endfacet
  facet normal -0.996198 -0.0871169 0
    outer loop
      vertex -51.3745 -3.59246 5
      vertex -51.2179 -5.38321 0
      vertex -51.2179 -5.38321 5
    endloop
  endfacet
  facet normal -0.390741 0.920501 0
    outer loop
      vertex -19.2922 47.75 0
      vertex -20.9469 47.0476 5
      vertex -19.2922 47.75 5
    endloop
  endfacet
  facet normal -0.390741 0.920501 0
    outer loop
      vertex -20.9469 47.0476 5
      vertex -19.2922 47.75 0
      vertex -20.9469 47.0476 0
    endloop
  endfacet
  facet normal 0.515036 -0.857169 0
    outer loop
      vertex 25.75 -44.6003 0
      vertex 27.2908 -43.6745 5
      vertex 25.75 -44.6003 5
    endloop
  endfacet
  facet normal 0.515036 -0.857169 0
    outer loop
      vertex 27.2908 -43.6745 5
      vertex 25.75 -44.6003 0
      vertex 27.2908 -43.6745 0
    endloop
  endfacet
  facet normal 0.422614 0.90631 -0
    outer loop
      vertex 22.5761 46.2879 0
      vertex 20.9469 47.0476 5
      vertex 22.5761 46.2879 5
    endloop
  endfacet
  facet normal 0.422614 0.90631 0
    outer loop
      vertex 20.9469 47.0476 5
      vertex 22.5761 46.2879 0
      vertex 20.9469 47.0476 0
    endloop
  endfacet
  facet normal -0.857169 -0.515036 0
    outer loop
      vertex -43.6745 -27.2908 0
      vertex -44.6003 -25.75 5
      vertex -44.6003 -25.75 0
    endloop
  endfacet
  facet normal -0.857169 -0.515036 0
    outer loop
      vertex -44.6003 -25.75 5
      vertex -43.6745 -27.2908 0
      vertex -43.6745 -27.2908 5
    endloop
  endfacet
  facet normal -0.629331 0.777137 0
    outer loop
      vertex -31.7066 40.5826 0
      vertex -33.1036 39.4513 5
      vertex -31.7066 40.5826 5
    endloop
  endfacet
  facet normal -0.629331 0.777137 0
    outer loop
      vertex -33.1036 39.4513 5
      vertex -31.7066 40.5826 0
      vertex -33.1036 39.4513 0
    endloop
  endfacet
  facet normal 0.754703 -0.656067 0
    outer loop
      vertex 38.272 -34.4602 5
      vertex 39.4513 -33.1036 0
      vertex 39.4513 -33.1036 5
    endloop
  endfacet
  facet normal 0.754703 -0.656067 0
    outer loop
      vertex 39.4513 -33.1036 0
      vertex 38.272 -34.4602 5
      vertex 38.272 -34.4602 0
    endloop
  endfacet
  facet normal -0.999847 0.0174678 0
    outer loop
      vertex -51.5 0 0
      vertex -51.4686 1.79732 5
      vertex -51.4686 1.79732 0
    endloop
  endfacet
  facet normal -0.999847 0.0174678 0
    outer loop
      vertex -51.4686 1.79732 5
      vertex -51.5 0 0
      vertex -51.5 0 5
    endloop
  endfacet
  facet normal 0.798656 0.601788 0
    outer loop
      vertex 41.6644 30.2709 5
      vertex 40.5826 31.7066 0
      vertex 40.5826 31.7066 5
    endloop
  endfacet
  facet normal 0.798656 0.601788 0
    outer loop
      vertex 40.5826 31.7066 0
      vertex 41.6644 30.2709 5
      vertex 41.6644 30.2709 0
    endloop
  endfacet
  facet normal -0.390741 -0.920501 0
    outer loop
      vertex -20.9469 -47.0476 0
      vertex -19.2922 -47.75 5
      vertex -20.9469 -47.0476 5
    endloop
  endfacet
  facet normal -0.390741 -0.920501 -0
    outer loop
      vertex -19.2922 -47.75 5
      vertex -20.9469 -47.0476 0
      vertex -19.2922 -47.75 0
    endloop
  endfacet
  facet normal 0.731347 -0.682005 0
    outer loop
      vertex 37.046 -35.7749 5
      vertex 38.272 -34.4602 0
      vertex 38.272 -34.4602 5
    endloop
  endfacet
  facet normal 0.731347 -0.682005 0
    outer loop
      vertex 38.272 -34.4602 0
      vertex 37.046 -35.7749 5
      vertex 37.046 -35.7749 0
    endloop
  endfacet
  facet normal 0.945522 -0.325559 0
    outer loop
      vertex 48.3942 -17.614 5
      vertex 48.9794 -15.9144 0
      vertex 48.9794 -15.9144 5
    endloop
  endfacet
  facet normal 0.945522 -0.325559 0
    outer loop
      vertex 48.9794 -15.9144 0
      vertex 48.3942 -17.614 5
      vertex 48.3942 -17.614 0
    endloop
  endfacet
  facet normal 0.484816 -0.874616 0
    outer loop
      vertex 24.1778 -45.4718 0
      vertex 25.75 -44.6003 5
      vertex 24.1778 -45.4718 5
    endloop
  endfacet
  facet normal 0.484816 -0.874616 0
    outer loop
      vertex 25.75 -44.6003 5
      vertex 24.1778 -45.4718 0
      vertex 25.75 -44.6003 0
    endloop
  endfacet
  facet normal 0.857169 -0.515036 0
    outer loop
      vertex 43.6745 -27.2908 5
      vertex 44.6003 -25.75 0
      vertex 44.6003 -25.75 5
    endloop
  endfacet
  facet normal 0.857169 -0.515036 0
    outer loop
      vertex 44.6003 -25.75 0
      vertex 43.6745 -27.2908 5
      vertex 43.6745 -27.2908 0
    endloop
  endfacet
  facet normal -0.731347 0.682005 0
    outer loop
      vertex -38.272 34.4602 0
      vertex -37.046 35.7749 5
      vertex -37.046 35.7749 0
    endloop
  endfacet
  facet normal -0.731347 0.682005 0
    outer loop
      vertex -37.046 35.7749 5
      vertex -38.272 34.4602 0
      vertex -38.272 34.4602 5
    endloop
  endfacet
  facet normal 0.656067 0.754703 -0
    outer loop
      vertex 34.4602 38.272 0
      vertex 33.1036 39.4513 5
      vertex 34.4602 38.272 5
    endloop
  endfacet
  facet normal 0.656067 0.754703 0
    outer loop
      vertex 33.1036 39.4513 5
      vertex 34.4602 38.272 0
      vertex 33.1036 39.4513 0
    endloop
  endfacet
  facet normal -0.0523474 -0.998629 0
    outer loop
      vertex -3.59246 -51.3745 0
      vertex -1.79732 -51.4686 5
      vertex -3.59246 -51.3745 5
    endloop
  endfacet
  facet normal -0.0523474 -0.998629 -0
    outer loop
      vertex -1.79732 -51.4686 5
      vertex -3.59246 -51.3745 0
      vertex -1.79732 -51.4686 0
    endloop
  endfacet
  facet normal 0.258798 -0.965931 0
    outer loop
      vertex 12.459 -49.9702 0
      vertex 14.1953 -49.505 5
      vertex 12.459 -49.9702 5
    endloop
  endfacet
  facet normal 0.258798 -0.965931 0
    outer loop
      vertex 14.1953 -49.505 5
      vertex 12.459 -49.9702 0
      vertex 14.1953 -49.505 0
    endloop
  endfacet
  facet normal 0.54466 0.838657 -0
    outer loop
      vertex 28.7984 42.6954 0
      vertex 27.2908 43.6745 5
      vertex 28.7984 42.6954 5
    endloop
  endfacet
  facet normal 0.54466 0.838657 0
    outer loop
      vertex 27.2908 43.6745 5
      vertex 28.7984 42.6954 0
      vertex 27.2908 43.6745 0
    endloop
  endfacet
  facet normal 0.965931 0.258798 0
    outer loop
      vertex 49.9702 12.459 5
      vertex 49.505 14.1953 0
      vertex 49.505 14.1953 5
    endloop
  endfacet
  facet normal 0.965931 0.258798 0
    outer loop
      vertex 49.505 14.1953 0
      vertex 49.9702 12.459 5
      vertex 49.9702 12.459 0
    endloop
  endfacet
  facet normal 0.422614 -0.90631 0
    outer loop
      vertex 20.9469 -47.0476 0
      vertex 22.5761 -46.2879 5
      vertex 20.9469 -47.0476 5
    endloop
  endfacet
  facet normal 0.422614 -0.90631 0
    outer loop
      vertex 22.5761 -46.2879 5
      vertex 20.9469 -47.0476 0
      vertex 22.5761 -46.2879 0
    endloop
  endfacet
  facet normal 0.390741 0.920501 -0
    outer loop
      vertex 20.9469 47.0476 0
      vertex 19.2922 47.75 5
      vertex 20.9469 47.0476 5
    endloop
  endfacet
  facet normal 0.390741 0.920501 0
    outer loop
      vertex 19.2922 47.75 5
      vertex 20.9469 47.0476 0
      vertex 19.2922 47.75 0
    endloop
  endfacet
  facet normal -0.857169 0.515036 0
    outer loop
      vertex -44.6003 25.75 0
      vertex -43.6745 27.2908 5
      vertex -43.6745 27.2908 0
    endloop
  endfacet
  facet normal -0.857169 0.515036 0
    outer loop
      vertex -43.6745 27.2908 5
      vertex -44.6003 25.75 0
      vertex -44.6003 25.75 5
    endloop
  endfacet
  facet normal -0.656067 -0.754703 0
    outer loop
      vertex -34.4602 -38.272 0
      vertex -33.1036 -39.4513 5
      vertex -34.4602 -38.272 5
    endloop
  endfacet
  facet normal -0.656067 -0.754703 -0
    outer loop
      vertex -33.1036 -39.4513 5
      vertex -34.4602 -38.272 0
      vertex -33.1036 -39.4513 0
    endloop
  endfacet
  facet normal -0.707107 -0.707107 0
    outer loop
      vertex -35.7749 -37.046 0
      vertex -37.046 -35.7749 5
      vertex -37.046 -35.7749 0
    endloop
  endfacet
  facet normal -0.707107 -0.707107 0
    outer loop
      vertex -37.046 -35.7749 5
      vertex -35.7749 -37.046 0
      vertex -35.7749 -37.046 5
    endloop
  endfacet
  facet normal 0.358368 0.933581 -0
    outer loop
      vertex 19.2922 47.75 0
      vertex 17.614 48.3942 5
      vertex 19.2922 47.75 5
    endloop
  endfacet
  facet normal 0.358368 0.933581 0
    outer loop
      vertex 17.614 48.3942 5
      vertex 19.2922 47.75 0
      vertex 17.614 48.3942 0
    endloop
  endfacet
  facet normal 0.682005 0.731347 -0
    outer loop
      vertex 35.7749 37.046 0
      vertex 34.4602 38.272 5
      vertex 35.7749 37.046 5
    endloop
  endfacet
  facet normal 0.682005 0.731347 0
    outer loop
      vertex 34.4602 38.272 5
      vertex 35.7749 37.046 0
      vertex 34.4602 38.272 0
    endloop
  endfacet
  facet normal 0.777137 0.629331 0
    outer loop
      vertex 40.5826 31.7066 5
      vertex 39.4513 33.1036 0
      vertex 39.4513 33.1036 5
    endloop
  endfacet
  facet normal 0.777137 0.629331 0
    outer loop
      vertex 39.4513 33.1036 0
      vertex 40.5826 31.7066 5
      vertex 40.5826 31.7066 0
    endloop
  endfacet
  facet normal 0.777137 -0.629331 0
    outer loop
      vertex 39.4513 -33.1036 5
      vertex 40.5826 -31.7066 0
      vertex 40.5826 -31.7066 5
    endloop
  endfacet
  facet normal 0.777137 -0.629331 0
    outer loop
      vertex 40.5826 -31.7066 0
      vertex 39.4513 -33.1036 5
      vertex 39.4513 -33.1036 0
    endloop
  endfacet
  facet normal -0.956302 0.292381 0
    outer loop
      vertex -49.505 14.1953 0
      vertex -48.9794 15.9144 5
      vertex -48.9794 15.9144 0
    endloop
  endfacet
  facet normal -0.956302 0.292381 0
    outer loop
      vertex -48.9794 15.9144 5
      vertex -49.505 14.1953 0
      vertex -49.505 14.1953 5
    endloop
  endfacet
  facet normal -0.0174678 -0.999847 0
    outer loop
      vertex -1.79732 -51.4686 0
      vertex 0 -51.5 5
      vertex -1.79732 -51.4686 5
    endloop
  endfacet
  facet normal -0.0174678 -0.999847 -0
    outer loop
      vertex 0 -51.5 5
      vertex -1.79732 -51.4686 0
      vertex 0 -51.5 0
    endloop
  endfacet
  facet normal 0.90631 0.422614 0
    outer loop
      vertex 47.0476 20.9469 5
      vertex 46.2879 22.5761 0
      vertex 46.2879 22.5761 5
    endloop
  endfacet
  facet normal 0.90631 0.422614 0
    outer loop
      vertex 46.2879 22.5761 0
      vertex 47.0476 20.9469 5
      vertex 47.0476 20.9469 0
    endloop
  endfacet
  facet normal -0.933581 0.358368 0
    outer loop
      vertex -48.3942 17.614 0
      vertex -47.75 19.2922 5
      vertex -47.75 19.2922 0
    endloop
  endfacet
  facet normal -0.933581 0.358368 0
    outer loop
      vertex -47.75 19.2922 5
      vertex -48.3942 17.614 0
      vertex -48.3942 17.614 5
    endloop
  endfacet
  facet normal 0.0523474 0.998629 -0
    outer loop
      vertex 3.59246 51.3745 0
      vertex 1.79732 51.4686 5
      vertex 3.59246 51.3745 5
    endloop
  endfacet
  facet normal 0.0523474 0.998629 0
    outer loop
      vertex 1.79732 51.4686 5
      vertex 3.59246 51.3745 0
      vertex 1.79732 51.4686 0
    endloop
  endfacet
  facet normal 0.453987 0.891008 -0
    outer loop
      vertex 24.1778 45.4718 0
      vertex 22.5761 46.2879 5
      vertex 24.1778 45.4718 5
    endloop
  endfacet
  facet normal 0.453987 0.891008 0
    outer loop
      vertex 22.5761 46.2879 5
      vertex 24.1778 45.4718 0
      vertex 22.5761 46.2879 0
    endloop
  endfacet
  facet normal 0.453987 -0.891008 0
    outer loop
      vertex 22.5761 -46.2879 0
      vertex 24.1778 -45.4718 5
      vertex 22.5761 -46.2879 5
    endloop
  endfacet
  facet normal 0.453987 -0.891008 0
    outer loop
      vertex 24.1778 -45.4718 5
      vertex 22.5761 -46.2879 0
      vertex 24.1778 -45.4718 0
    endloop
  endfacet
  facet normal 0.838657 0.54466 0
    outer loop
      vertex 43.6745 27.2908 5
      vertex 42.6954 28.7984 0
      vertex 42.6954 28.7984 5
    endloop
  endfacet
  facet normal 0.838657 0.54466 0
    outer loop
      vertex 42.6954 28.7984 0
      vertex 43.6745 27.2908 5
      vertex 43.6745 27.2908 0
    endloop
  endfacet
  facet normal -0.156431 -0.987689 0
    outer loop
      vertex -8.94288 -50.7176 0
      vertex -7.16741 -50.9988 5
      vertex -8.94288 -50.7176 5
    endloop
  endfacet
  facet normal -0.156431 -0.987689 -0
    outer loop
      vertex -7.16741 -50.9988 5
      vertex -8.94288 -50.7176 0
      vertex -7.16741 -50.9988 0
    endloop
  endfacet
  facet normal -0.90631 0.422614 0
    outer loop
      vertex -47.0476 20.9469 0
      vertex -46.2879 22.5761 5
      vertex -46.2879 22.5761 0
    endloop
  endfacet
  facet normal -0.90631 0.422614 0
    outer loop
      vertex -46.2879 22.5761 5
      vertex -47.0476 20.9469 0
      vertex -47.0476 20.9469 5
    endloop
  endfacet
  facet normal -0.731347 -0.682005 0
    outer loop
      vertex -37.046 -35.7749 0
      vertex -38.272 -34.4602 5
      vertex -38.272 -34.4602 0
    endloop
  endfacet
  facet normal -0.731347 -0.682005 0
    outer loop
      vertex -38.272 -34.4602 5
      vertex -37.046 -35.7749 0
      vertex -37.046 -35.7749 5
    endloop
  endfacet
  facet normal 0.920501 0.390741 0
    outer loop
      vertex 47.75 19.2922 5
      vertex 47.0476 20.9469 0
      vertex 47.0476 20.9469 5
    endloop
  endfacet
  facet normal 0.920501 0.390741 0
    outer loop
      vertex 47.0476 20.9469 0
      vertex 47.75 19.2922 5
      vertex 47.75 19.2922 0
    endloop
  endfacet
  facet normal -0.945522 -0.325559 0
    outer loop
      vertex -48.3942 -17.614 0
      vertex -48.9794 -15.9144 5
      vertex -48.9794 -15.9144 0
    endloop
  endfacet
  facet normal -0.945522 -0.325559 0
    outer loop
      vertex -48.9794 -15.9144 5
      vertex -48.3942 -17.614 0
      vertex -48.3942 -17.614 5
    endloop
  endfacet
  facet normal -0.945522 0.325559 0
    outer loop
      vertex -48.9794 15.9144 0
      vertex -48.3942 17.614 5
      vertex -48.3942 17.614 0
    endloop
  endfacet
  facet normal -0.945522 0.325559 0
    outer loop
      vertex -48.3942 17.614 5
      vertex -48.9794 15.9144 0
      vertex -48.9794 15.9144 5
    endloop
  endfacet
  facet normal 0.707107 0.707107 0
    outer loop
      vertex 37.046 35.7749 5
      vertex 35.7749 37.046 0
      vertex 35.7749 37.046 5
    endloop
  endfacet
  facet normal 0.707107 0.707107 0
    outer loop
      vertex 35.7749 37.046 0
      vertex 37.046 35.7749 5
      vertex 37.046 35.7749 0
    endloop
  endfacet
  facet normal 0.258798 0.965931 -0
    outer loop
      vertex 14.1953 49.505 0
      vertex 12.459 49.9702 5
      vertex 14.1953 49.505 5
    endloop
  endfacet
  facet normal 0.258798 0.965931 0
    outer loop
      vertex 12.459 49.9702 5
      vertex 14.1953 49.505 0
      vertex 12.459 49.9702 0
    endloop
  endfacet
  facet normal -0.754703 -0.656067 0
    outer loop
      vertex -38.272 -34.4602 0
      vertex -39.4513 -33.1036 5
      vertex -39.4513 -33.1036 0
    endloop
  endfacet
  facet normal -0.754703 -0.656067 0
    outer loop
      vertex -39.4513 -33.1036 5
      vertex -38.272 -34.4602 0
      vertex -38.272 -34.4602 5
    endloop
  endfacet
  facet normal -0.629331 -0.777137 0
    outer loop
      vertex -33.1036 -39.4513 0
      vertex -31.7066 -40.5826 5
      vertex -33.1036 -39.4513 5
    endloop
  endfacet
  facet normal -0.629331 -0.777137 -0
    outer loop
      vertex -31.7066 -40.5826 5
      vertex -33.1036 -39.4513 0
      vertex -31.7066 -40.5826 0
    endloop
  endfacet
  facet normal -0.0871169 -0.996198 0
    outer loop
      vertex -5.38321 -51.2179 0
      vertex -3.59246 -51.3745 5
      vertex -5.38321 -51.2179 5
    endloop
  endfacet
  facet normal -0.0871169 -0.996198 -0
    outer loop
      vertex -3.59246 -51.3745 5
      vertex -5.38321 -51.2179 0
      vertex -3.59246 -51.3745 0
    endloop
  endfacet
  facet normal -0.682005 -0.731347 0
    outer loop
      vertex -35.7749 -37.046 0
      vertex -34.4602 -38.272 5
      vertex -35.7749 -37.046 5
    endloop
  endfacet
  facet normal -0.682005 -0.731347 -0
    outer loop
      vertex -34.4602 -38.272 5
      vertex -35.7749 -37.046 0
      vertex -34.4602 -38.272 0
    endloop
  endfacet
  facet normal -0.224969 -0.974366 0
    outer loop
      vertex -12.459 -49.9702 0
      vertex -10.7075 -50.3746 5
      vertex -12.459 -49.9702 5
    endloop
  endfacet
  facet normal -0.224969 -0.974366 -0
    outer loop
      vertex -10.7075 -50.3746 5
      vertex -12.459 -49.9702 0
      vertex -10.7075 -50.3746 0
    endloop
  endfacet
  facet normal -0.981628 -0.190805 0
    outer loop
      vertex -50.3746 -10.7075 0
      vertex -50.7176 -8.94288 5
      vertex -50.7176 -8.94288 0
    endloop
  endfacet
  facet normal -0.981628 -0.190805 0
    outer loop
      vertex -50.7176 -8.94288 5
      vertex -50.3746 -10.7075 0
      vertex -50.3746 -10.7075 5
    endloop
  endfacet
  facet normal 0.992544 0.121885 0
    outer loop
      vertex 51.2179 5.38321 5
      vertex 50.9988 7.16741 0
      vertex 50.9988 7.16741 5
    endloop
  endfacet
  facet normal 0.992544 0.121885 0
    outer loop
      vertex 50.9988 7.16741 0
      vertex 51.2179 5.38321 5
      vertex 51.2179 5.38321 0
    endloop
  endfacet
  facet normal 0.484816 0.874616 -0
    outer loop
      vertex 25.75 44.6003 0
      vertex 24.1778 45.4718 5
      vertex 25.75 44.6003 5
    endloop
  endfacet
  facet normal 0.484816 0.874616 0
    outer loop
      vertex 24.1778 45.4718 5
      vertex 25.75 44.6003 0
      vertex 24.1778 45.4718 0
    endloop
  endfacet
  facet normal -0.453987 0.891008 0
    outer loop
      vertex -22.5761 46.2879 0
      vertex -24.1778 45.4718 5
      vertex -22.5761 46.2879 5
    endloop
  endfacet
  facet normal -0.453987 0.891008 0
    outer loop
      vertex -24.1778 45.4718 5
      vertex -22.5761 46.2879 0
      vertex -24.1778 45.4718 0
    endloop
  endfacet
  facet normal -0.224969 0.974366 0
    outer loop
      vertex -10.7075 50.3746 0
      vertex -12.459 49.9702 5
      vertex -10.7075 50.3746 5
    endloop
  endfacet
  facet normal -0.224969 0.974366 0
    outer loop
      vertex -12.459 49.9702 5
      vertex -10.7075 50.3746 0
      vertex -12.459 49.9702 0
    endloop
  endfacet
  facet normal -0.777137 0.629331 0
    outer loop
      vertex -40.5826 31.7066 0
      vertex -39.4513 33.1036 5
      vertex -39.4513 33.1036 0
    endloop
  endfacet
  facet normal -0.777137 0.629331 0
    outer loop
      vertex -39.4513 33.1036 5
      vertex -40.5826 31.7066 0
      vertex -40.5826 31.7066 5
    endloop
  endfacet
  facet normal 0.956302 0.292381 0
    outer loop
      vertex 49.505 14.1953 5
      vertex 48.9794 15.9144 0
      vertex 48.9794 15.9144 5
    endloop
  endfacet
  facet normal 0.956302 0.292381 0
    outer loop
      vertex 48.9794 15.9144 0
      vertex 49.505 14.1953 5
      vertex 49.505 14.1953 0
    endloop
  endfacet
  facet normal -0.190805 0.981628 0
    outer loop
      vertex -8.94288 50.7176 0
      vertex -10.7075 50.3746 5
      vertex -8.94288 50.7176 5
    endloop
  endfacet
  facet normal -0.190805 0.981628 0
    outer loop
      vertex -10.7075 50.3746 5
      vertex -8.94288 50.7176 0
      vertex -10.7075 50.3746 0
    endloop
  endfacet
  facet normal 0.891008 0.453987 0
    outer loop
      vertex 46.2879 22.5761 5
      vertex 45.4718 24.1778 0
      vertex 45.4718 24.1778 5
    endloop
  endfacet
  facet normal 0.891008 0.453987 0
    outer loop
      vertex 45.4718 24.1778 0
      vertex 46.2879 22.5761 5
      vertex 46.2879 22.5761 0
    endloop
  endfacet
  facet normal 0.156431 0.987689 -0
    outer loop
      vertex 8.94288 50.7176 0
      vertex 7.16741 50.9988 5
      vertex 8.94288 50.7176 5
    endloop
  endfacet
  facet normal 0.156431 0.987689 0
    outer loop
      vertex 7.16741 50.9988 5
      vertex 8.94288 50.7176 0
      vertex 7.16741 50.9988 0
    endloop
  endfacet
  facet normal 0.974366 -0.224969 0
    outer loop
      vertex 49.9702 -12.459 5
      vertex 50.3746 -10.7075 0
      vertex 50.3746 -10.7075 5
    endloop
  endfacet
  facet normal 0.974366 -0.224969 0
    outer loop
      vertex 50.3746 -10.7075 0
      vertex 49.9702 -12.459 5
      vertex 49.9702 -12.459 0
    endloop
  endfacet
  facet normal 0.998629 -0.0523474 0
    outer loop
      vertex 51.3745 -3.59246 5
      vertex 51.4686 -1.79732 0
      vertex 51.4686 -1.79732 5
    endloop
  endfacet
  facet normal 0.998629 -0.0523474 0
    outer loop
      vertex 51.4686 -1.79732 0
      vertex 51.3745 -3.59246 5
      vertex 51.3745 -3.59246 0
    endloop
  endfacet
  facet normal -0.798656 0.601788 0
    outer loop
      vertex -41.6644 30.2709 0
      vertex -40.5826 31.7066 5
      vertex -40.5826 31.7066 0
    endloop
  endfacet
  facet normal -0.798656 0.601788 0
    outer loop
      vertex -40.5826 31.7066 5
      vertex -41.6644 30.2709 0
      vertex -41.6644 30.2709 5
    endloop
  endfacet
  facet normal -0.358368 0.933581 0
    outer loop
      vertex -17.614 48.3942 0
      vertex -19.2922 47.75 5
      vertex -17.614 48.3942 5
    endloop
  endfacet
  facet normal -0.358368 0.933581 0
    outer loop
      vertex -19.2922 47.75 5
      vertex -17.614 48.3942 0
      vertex -19.2922 47.75 0
    endloop
  endfacet
  facet normal 0.956302 -0.292381 0
    outer loop
      vertex 48.9794 -15.9144 5
      vertex 49.505 -14.1953 0
      vertex 49.505 -14.1953 5
    endloop
  endfacet
  facet normal 0.956302 -0.292381 0
    outer loop
      vertex 49.505 -14.1953 0
      vertex 48.9794 -15.9144 5
      vertex 48.9794 -15.9144 0
    endloop
  endfacet
  facet normal 0.190805 0.981628 -0
    outer loop
      vertex 10.7075 50.3746 0
      vertex 8.94288 50.7176 5
      vertex 10.7075 50.3746 5
    endloop
  endfacet
  facet normal 0.190805 0.981628 0
    outer loop
      vertex 8.94288 50.7176 5
      vertex 10.7075 50.3746 0
      vertex 8.94288 50.7176 0
    endloop
  endfacet
  facet normal -0.992544 0.121885 0
    outer loop
      vertex -51.2179 5.38321 0
      vertex -50.9988 7.16741 5
      vertex -50.9988 7.16741 0
    endloop
  endfacet
  facet normal -0.992544 0.121885 0
    outer loop
      vertex -50.9988 7.16741 5
      vertex -51.2179 5.38321 0
      vertex -51.2179 5.38321 5
    endloop
  endfacet
  facet normal 0.819167 -0.573556 0
    outer loop
      vertex 41.6644 -30.2709 5
      vertex 42.6954 -28.7984 0
      vertex 42.6954 -28.7984 5
    endloop
  endfacet
  facet normal 0.819167 -0.573556 0
    outer loop
      vertex 42.6954 -28.7984 0
      vertex 41.6644 -30.2709 5
      vertex 41.6644 -30.2709 0
    endloop
  endfacet
  facet normal -0.874616 0.484816 0
    outer loop
      vertex -45.4718 24.1778 0
      vertex -44.6003 25.75 5
      vertex -44.6003 25.75 0
    endloop
  endfacet
  facet normal -0.874616 0.484816 0
    outer loop
      vertex -44.6003 25.75 5
      vertex -45.4718 24.1778 0
      vertex -45.4718 24.1778 5
    endloop
  endfacet
  facet normal -0.292381 0.956302 0
    outer loop
      vertex -14.1953 49.505 0
      vertex -15.9144 48.9794 5
      vertex -14.1953 49.505 5
    endloop
  endfacet
  facet normal -0.292381 0.956302 0
    outer loop
      vertex -15.9144 48.9794 5
      vertex -14.1953 49.505 0
      vertex -15.9144 48.9794 0
    endloop
  endfacet
  facet normal 0.573556 -0.819167 0
    outer loop
      vertex 28.7984 -42.6954 0
      vertex 30.2709 -41.6644 5
      vertex 28.7984 -42.6954 5
    endloop
  endfacet
  facet normal 0.573556 -0.819167 0
    outer loop
      vertex 30.2709 -41.6644 5
      vertex 28.7984 -42.6954 0
      vertex 30.2709 -41.6644 0
    endloop
  endfacet
  facet normal 0.121885 0.992544 -0
    outer loop
      vertex 7.16741 50.9988 0
      vertex 5.38321 51.2179 5
      vertex 7.16741 50.9988 5
    endloop
  endfacet
  facet normal 0.121885 0.992544 0
    outer loop
      vertex 5.38321 51.2179 5
      vertex 7.16741 50.9988 0
      vertex 5.38321 51.2179 0
    endloop
  endfacet
  facet normal 0.54466 -0.838657 0
    outer loop
      vertex 27.2908 -43.6745 0
      vertex 28.7984 -42.6954 5
      vertex 27.2908 -43.6745 5
    endloop
  endfacet
  facet normal 0.54466 -0.838657 0
    outer loop
      vertex 28.7984 -42.6954 5
      vertex 27.2908 -43.6745 0
      vertex 28.7984 -42.6954 0
    endloop
  endfacet
  facet normal 0.819167 0.573556 0
    outer loop
      vertex 42.6954 28.7984 5
      vertex 41.6644 30.2709 0
      vertex 41.6644 30.2709 5
    endloop
  endfacet
  facet normal 0.819167 0.573556 0
    outer loop
      vertex 41.6644 30.2709 0
      vertex 42.6954 28.7984 5
      vertex 42.6954 28.7984 0
    endloop
  endfacet
  facet normal 0.573556 0.819167 -0
    outer loop
      vertex 30.2709 41.6644 0
      vertex 28.7984 42.6954 5
      vertex 30.2709 41.6644 5
    endloop
  endfacet
  facet normal 0.573556 0.819167 0
    outer loop
      vertex 28.7984 42.6954 5
      vertex 30.2709 41.6644 0
      vertex 28.7984 42.6954 0
    endloop
  endfacet
  facet normal -0.682005 0.731347 0
    outer loop
      vertex -34.4602 38.272 0
      vertex -35.7749 37.046 5
      vertex -34.4602 38.272 5
    endloop
  endfacet
  facet normal -0.682005 0.731347 0
    outer loop
      vertex -35.7749 37.046 5
      vertex -34.4602 38.272 0
      vertex -35.7749 37.046 0
    endloop
  endfacet
  facet normal -0.707107 0.707107 0
    outer loop
      vertex -37.046 35.7749 0
      vertex -35.7749 37.046 5
      vertex -35.7749 37.046 0
    endloop
  endfacet
  facet normal -0.707107 0.707107 0
    outer loop
      vertex -35.7749 37.046 5
      vertex -37.046 35.7749 0
      vertex -37.046 35.7749 5
    endloop
  endfacet
  facet normal -0.0871169 0.996198 0
    outer loop
      vertex -3.59246 51.3745 0
      vertex -5.38321 51.2179 5
      vertex -3.59246 51.3745 5
    endloop
  endfacet
  facet normal -0.0871169 0.996198 0
    outer loop
      vertex -5.38321 51.2179 5
      vertex -3.59246 51.3745 0
      vertex -5.38321 51.2179 0
    endloop
  endfacet
  facet normal 0.874616 -0.484816 0
    outer loop
      vertex 44.6003 -25.75 5
      vertex 45.4718 -24.1778 0
      vertex 45.4718 -24.1778 5
    endloop
  endfacet
  facet normal 0.874616 -0.484816 0
    outer loop
      vertex 45.4718 -24.1778 0
      vertex 44.6003 -25.75 5
      vertex 44.6003 -25.75 0
    endloop
  endfacet
  facet normal 0.629331 0.777137 -0
    outer loop
      vertex 33.1036 39.4513 0
      vertex 31.7066 40.5826 5
      vertex 33.1036 39.4513 5
    endloop
  endfacet
  facet normal 0.629331 0.777137 0
    outer loop
      vertex 31.7066 40.5826 5
      vertex 33.1036 39.4513 0
      vertex 31.7066 40.5826 0
    endloop
  endfacet
  facet normal 0.0174678 -0.999847 0
    outer loop
      vertex 0 -51.5 0
      vertex 1.79732 -51.4686 5
      vertex 0 -51.5 5
    endloop
  endfacet
  facet normal 0.0174678 -0.999847 0
    outer loop
      vertex 1.79732 -51.4686 5
      vertex 0 -51.5 0
      vertex 1.79732 -51.4686 0
    endloop
  endfacet
  facet normal 0.0523474 -0.998629 0
    outer loop
      vertex 1.79732 -51.4686 0
      vertex 3.59246 -51.3745 5
      vertex 1.79732 -51.4686 5
    endloop
  endfacet
  facet normal 0.0523474 -0.998629 0
    outer loop
      vertex 3.59246 -51.3745 5
      vertex 1.79732 -51.4686 0
      vertex 3.59246 -51.3745 0
    endloop
  endfacet
  facet normal 0.292381 -0.956302 0
    outer loop
      vertex 14.1953 -49.505 0
      vertex 15.9144 -48.9794 5
      vertex 14.1953 -49.505 5
    endloop
  endfacet
  facet normal 0.292381 -0.956302 0
    outer loop
      vertex 15.9144 -48.9794 5
      vertex 14.1953 -49.505 0
      vertex 15.9144 -48.9794 0
    endloop
  endfacet
  facet normal -0.933581 -0.358368 0
    outer loop
      vertex -47.75 -19.2922 0
      vertex -48.3942 -17.614 5
      vertex -48.3942 -17.614 0
    endloop
  endfacet
  facet normal -0.933581 -0.358368 0
    outer loop
      vertex -48.3942 -17.614 5
      vertex -47.75 -19.2922 0
      vertex -47.75 -19.2922 5
    endloop
  endfacet
  facet normal 0.707107 -0.707107 0
    outer loop
      vertex 35.7749 -37.046 5
      vertex 37.046 -35.7749 0
      vertex 37.046 -35.7749 5
    endloop
  endfacet
  facet normal 0.707107 -0.707107 0
    outer loop
      vertex 37.046 -35.7749 0
      vertex 35.7749 -37.046 5
      vertex 35.7749 -37.046 0
    endloop
  endfacet
  facet normal -0.325559 0.945522 0
    outer loop
      vertex -15.9144 48.9794 0
      vertex -17.614 48.3942 5
      vertex -15.9144 48.9794 5
    endloop
  endfacet
  facet normal -0.325559 0.945522 0
    outer loop
      vertex -17.614 48.3942 5
      vertex -15.9144 48.9794 0
      vertex -17.614 48.3942 0
    endloop
  endfacet
  facet normal 0.224969 0.974366 -0
    outer loop
      vertex 12.459 49.9702 0
      vertex 10.7075 50.3746 5
      vertex 12.459 49.9702 5
    endloop
  endfacet
  facet normal 0.224969 0.974366 0
    outer loop
      vertex 10.7075 50.3746 5
      vertex 12.459 49.9702 0
      vertex 10.7075 50.3746 0
    endloop
  endfacet
  facet normal 0.992544 -0.121885 0
    outer loop
      vertex 50.9988 -7.16741 5
      vertex 51.2179 -5.38321 0
      vertex 51.2179 -5.38321 5
    endloop
  endfacet
  facet normal 0.992544 -0.121885 0
    outer loop
      vertex 51.2179 -5.38321 0
      vertex 50.9988 -7.16741 5
      vertex 50.9988 -7.16741 0
    endloop
  endfacet
  facet normal -0.292381 -0.956302 0
    outer loop
      vertex -15.9144 -48.9794 0
      vertex -14.1953 -49.505 5
      vertex -15.9144 -48.9794 5
    endloop
  endfacet
  facet normal -0.292381 -0.956302 -0
    outer loop
      vertex -14.1953 -49.505 5
      vertex -15.9144 -48.9794 0
      vertex -14.1953 -49.505 0
    endloop
  endfacet
  facet normal 0.891008 -0.453987 0
    outer loop
      vertex 45.4718 -24.1778 5
      vertex 46.2879 -22.5761 0
      vertex 46.2879 -22.5761 5
    endloop
  endfacet
  facet normal 0.891008 -0.453987 0
    outer loop
      vertex 46.2879 -22.5761 0
      vertex 45.4718 -24.1778 5
      vertex 45.4718 -24.1778 0
    endloop
  endfacet
  facet normal -0.601788 -0.798656 0
    outer loop
      vertex -31.7066 -40.5826 0
      vertex -30.2709 -41.6644 5
      vertex -31.7066 -40.5826 5
    endloop
  endfacet
  facet normal -0.601788 -0.798656 -0
    outer loop
      vertex -30.2709 -41.6644 5
      vertex -31.7066 -40.5826 0
      vertex -30.2709 -41.6644 0
    endloop
  endfacet
  facet normal -0.998629 0.0523474 0
    outer loop
      vertex -51.4686 1.79732 0
      vertex -51.3745 3.59246 5
      vertex -51.3745 3.59246 0
    endloop
  endfacet
  facet normal -0.998629 0.0523474 0
    outer loop
      vertex -51.3745 3.59246 5
      vertex -51.4686 1.79732 0
      vertex -51.4686 1.79732 5
    endloop
  endfacet
  facet normal 0.754703 0.656067 0
    outer loop
      vertex 39.4513 33.1036 5
      vertex 38.272 34.4602 0
      vertex 38.272 34.4602 5
    endloop
  endfacet
  facet normal 0.754703 0.656067 0
    outer loop
      vertex 38.272 34.4602 0
      vertex 39.4513 33.1036 5
      vertex 39.4513 33.1036 0
    endloop
  endfacet
  facet normal 0.656067 -0.754703 0
    outer loop
      vertex 33.1036 -39.4513 0
      vertex 34.4602 -38.272 5
      vertex 33.1036 -39.4513 5
    endloop
  endfacet
  facet normal 0.656067 -0.754703 0
    outer loop
      vertex 34.4602 -38.272 5
      vertex 33.1036 -39.4513 0
      vertex 34.4602 -38.272 0
    endloop
  endfacet
  facet normal -0.992544 -0.121885 0
    outer loop
      vertex -50.9988 -7.16741 0
      vertex -51.2179 -5.38321 5
      vertex -51.2179 -5.38321 0
    endloop
  endfacet
  facet normal -0.992544 -0.121885 0
    outer loop
      vertex -51.2179 -5.38321 5
      vertex -50.9988 -7.16741 0
      vertex -50.9988 -7.16741 5
    endloop
  endfacet
  facet normal 0.981628 0.190805 0
    outer loop
      vertex 50.7176 8.94288 5
      vertex 50.3746 10.7075 0
      vertex 50.3746 10.7075 5
    endloop
  endfacet
  facet normal 0.981628 0.190805 0
    outer loop
      vertex 50.3746 10.7075 0
      vertex 50.7176 8.94288 5
      vertex 50.7176 8.94288 0
    endloop
  endfacet
  facet normal 0.996198 -0.0871169 0
    outer loop
      vertex 51.2179 -5.38321 5
      vertex 51.3745 -3.59246 0
      vertex 51.3745 -3.59246 5
    endloop
  endfacet
  facet normal 0.996198 -0.0871169 0
    outer loop
      vertex 51.3745 -3.59246 0
      vertex 51.2179 -5.38321 5
      vertex 51.2179 -5.38321 0
    endloop
  endfacet
  facet normal 0.838657 -0.54466 0
    outer loop
      vertex 42.6954 -28.7984 5
      vertex 43.6745 -27.2908 0
      vertex 43.6745 -27.2908 5
    endloop
  endfacet
  facet normal 0.838657 -0.54466 0
    outer loop
      vertex 43.6745 -27.2908 0
      vertex 42.6954 -28.7984 5
      vertex 42.6954 -28.7984 0
    endloop
  endfacet
  facet normal -0.601788 0.798656 0
    outer loop
      vertex -30.2709 41.6644 0
      vertex -31.7066 40.5826 5
      vertex -30.2709 41.6644 5
    endloop
  endfacet
  facet normal -0.601788 0.798656 0
    outer loop
      vertex -31.7066 40.5826 5
      vertex -30.2709 41.6644 0
      vertex -31.7066 40.5826 0
    endloop
  endfacet
  facet normal -0.874616 -0.484816 0
    outer loop
      vertex -44.6003 -25.75 0
      vertex -45.4718 -24.1778 5
      vertex -45.4718 -24.1778 0
    endloop
  endfacet
  facet normal -0.874616 -0.484816 0
    outer loop
      vertex -45.4718 -24.1778 5
      vertex -44.6003 -25.75 0
      vertex -44.6003 -25.75 5
    endloop
  endfacet
  facet normal 0.121885 -0.992544 0
    outer loop
      vertex 5.38321 -51.2179 0
      vertex 7.16741 -50.9988 5
      vertex 5.38321 -51.2179 5
    endloop
  endfacet
  facet normal 0.121885 -0.992544 0
    outer loop
      vertex 7.16741 -50.9988 5
      vertex 5.38321 -51.2179 0
      vertex 7.16741 -50.9988 0
    endloop
  endfacet
  facet normal 0.920501 -0.390741 0
    outer loop
      vertex 47.0476 -20.9469 5
      vertex 47.75 -19.2922 0
      vertex 47.75 -19.2922 5
    endloop
  endfacet
  facet normal 0.920501 -0.390741 0
    outer loop
      vertex 47.75 -19.2922 0
      vertex 47.0476 -20.9469 5
      vertex 47.0476 -20.9469 0
    endloop
  endfacet
  facet normal -0.987689 -0.156431 0
    outer loop
      vertex -50.7176 -8.94288 0
      vertex -50.9988 -7.16741 5
      vertex -50.9988 -7.16741 0
    endloop
  endfacet
  facet normal -0.987689 -0.156431 0
    outer loop
      vertex -50.9988 -7.16741 5
      vertex -50.7176 -8.94288 0
      vertex -50.7176 -8.94288 5
    endloop
  endfacet
  facet normal -0.54466 0.838657 0
    outer loop
      vertex -27.2908 43.6745 0
      vertex -28.7984 42.6954 5
      vertex -27.2908 43.6745 5
    endloop
  endfacet
  facet normal -0.54466 0.838657 0
    outer loop
      vertex -28.7984 42.6954 5
      vertex -27.2908 43.6745 0
      vertex -28.7984 42.6954 0
    endloop
  endfacet
  facet normal 0.0174678 0.999847 -0
    outer loop
      vertex 1.79732 51.4686 0
      vertex 0 51.5 5
      vertex 1.79732 51.4686 5
    endloop
  endfacet
  facet normal 0.0174678 0.999847 0
    outer loop
      vertex 0 51.5 5
      vertex 1.79732 51.4686 0
      vertex 0 51.5 0
    endloop
  endfacet
  facet normal 0.601788 -0.798656 0
    outer loop
      vertex 30.2709 -41.6644 0
      vertex 31.7066 -40.5826 5
      vertex 30.2709 -41.6644 5
    endloop
  endfacet
  facet normal 0.601788 -0.798656 0
    outer loop
      vertex 31.7066 -40.5826 5
      vertex 30.2709 -41.6644 0
      vertex 31.7066 -40.5826 0
    endloop
  endfacet
  facet normal 0.974366 0.224969 0
    outer loop
      vertex 50.3746 10.7075 5
      vertex 49.9702 12.459 0
      vertex 49.9702 12.459 5
    endloop
  endfacet
  facet normal 0.974366 0.224969 0
    outer loop
      vertex 49.9702 12.459 0
      vertex 50.3746 10.7075 5
      vertex 50.3746 10.7075 0
    endloop
  endfacet
  facet normal 0.965931 -0.258798 0
    outer loop
      vertex 49.505 -14.1953 5
      vertex 49.9702 -12.459 0
      vertex 49.9702 -12.459 5
    endloop
  endfacet
  facet normal 0.965931 -0.258798 0
    outer loop
      vertex 49.9702 -12.459 0
      vertex 49.505 -14.1953 5
      vertex 49.505 -14.1953 0
    endloop
  endfacet
  facet normal 0.390741 -0.920501 0
    outer loop
      vertex 19.2922 -47.75 0
      vertex 20.9469 -47.0476 5
      vertex 19.2922 -47.75 5
    endloop
  endfacet
  facet normal 0.390741 -0.920501 0
    outer loop
      vertex 20.9469 -47.0476 5
      vertex 19.2922 -47.75 0
      vertex 20.9469 -47.0476 0
    endloop
  endfacet
  facet normal -0.515036 0.857169 0
    outer loop
      vertex -25.75 44.6003 0
      vertex -27.2908 43.6745 5
      vertex -25.75 44.6003 5
    endloop
  endfacet
  facet normal -0.515036 0.857169 0
    outer loop
      vertex -27.2908 43.6745 5
      vertex -25.75 44.6003 0
      vertex -27.2908 43.6745 0
    endloop
  endfacet
  facet normal -0.920501 -0.390741 0
    outer loop
      vertex -47.0476 -20.9469 0
      vertex -47.75 -19.2922 5
      vertex -47.75 -19.2922 0
    endloop
  endfacet
  facet normal -0.920501 -0.390741 0
    outer loop
      vertex -47.75 -19.2922 5
      vertex -47.0476 -20.9469 0
      vertex -47.0476 -20.9469 5
    endloop
  endfacet
  facet normal 0.515036 0.857169 -0
    outer loop
      vertex 27.2908 43.6745 0
      vertex 25.75 44.6003 5
      vertex 27.2908 43.6745 5
    endloop
  endfacet
  facet normal 0.515036 0.857169 0
    outer loop
      vertex 25.75 44.6003 5
      vertex 27.2908 43.6745 0
      vertex 25.75 44.6003 0
    endloop
  endfacet
  facet normal 0.945522 0.325559 0
    outer loop
      vertex 48.9794 15.9144 5
      vertex 48.3942 17.614 0
      vertex 48.3942 17.614 5
    endloop
  endfacet
  facet normal 0.945522 0.325559 0
    outer loop
      vertex 48.3942 17.614 0
      vertex 48.9794 15.9144 5
      vertex 48.9794 15.9144 0
    endloop
  endfacet
  facet normal -0.656067 0.754703 0
    outer loop
      vertex -33.1036 39.4513 0
      vertex -34.4602 38.272 5
      vertex -33.1036 39.4513 5
    endloop
  endfacet
  facet normal -0.656067 0.754703 0
    outer loop
      vertex -34.4602 38.272 5
      vertex -33.1036 39.4513 0
      vertex -34.4602 38.272 0
    endloop
  endfacet
  facet normal 0.0871169 0.996198 -0
    outer loop
      vertex 5.38321 51.2179 0
      vertex 3.59246 51.3745 5
      vertex 5.38321 51.2179 5
    endloop
  endfacet
  facet normal 0.0871169 0.996198 0
    outer loop
      vertex 3.59246 51.3745 5
      vertex 5.38321 51.2179 0
      vertex 3.59246 51.3745 0
    endloop
  endfacet
  facet normal 0.731347 0.682005 0
    outer loop
      vertex 38.272 34.4602 5
      vertex 37.046 35.7749 0
      vertex 37.046 35.7749 5
    endloop
  endfacet
  facet normal 0.731347 0.682005 0
    outer loop
      vertex 37.046 35.7749 0
      vertex 38.272 34.4602 5
      vertex 38.272 34.4602 0
    endloop
  endfacet
  facet normal -0.998629 -0.0523474 0
    outer loop
      vertex -51.3745 -3.59246 0
      vertex -51.4686 -1.79732 5
      vertex -51.4686 -1.79732 0
    endloop
  endfacet
  facet normal -0.998629 -0.0523474 0
    outer loop
      vertex -51.4686 -1.79732 5
      vertex -51.3745 -3.59246 0
      vertex -51.3745 -3.59246 5
    endloop
  endfacet
  facet normal 0.874616 0.484816 0
    outer loop
      vertex 45.4718 24.1778 5
      vertex 44.6003 25.75 0
      vertex 44.6003 25.75 5
    endloop
  endfacet
  facet normal 0.874616 0.484816 0
    outer loop
      vertex 44.6003 25.75 0
      vertex 45.4718 24.1778 5
      vertex 45.4718 24.1778 0
    endloop
  endfacet
  facet normal -0.838657 -0.54466 0
    outer loop
      vertex -42.6954 -28.7984 0
      vertex -43.6745 -27.2908 5
      vertex -43.6745 -27.2908 0
    endloop
  endfacet
  facet normal -0.838657 -0.54466 0
    outer loop
      vertex -43.6745 -27.2908 5
      vertex -42.6954 -28.7984 0
      vertex -42.6954 -28.7984 5
    endloop
  endfacet
  facet normal -0.974366 0.224969 0
    outer loop
      vertex -50.3746 10.7075 0
      vertex -49.9702 12.459 5
      vertex -49.9702 12.459 0
    endloop
  endfacet
  facet normal -0.974366 0.224969 0
    outer loop
      vertex -49.9702 12.459 5
      vertex -50.3746 10.7075 0
      vertex -50.3746 10.7075 5
    endloop
  endfacet
  facet normal -0.920501 0.390741 0
    outer loop
      vertex -47.75 19.2922 0
      vertex -47.0476 20.9469 5
      vertex -47.0476 20.9469 0
    endloop
  endfacet
  facet normal -0.920501 0.390741 0
    outer loop
      vertex -47.0476 20.9469 5
      vertex -47.75 19.2922 0
      vertex -47.75 19.2922 5
    endloop
  endfacet
  facet normal -0.819167 -0.573556 0
    outer loop
      vertex -41.6644 -30.2709 0
      vertex -42.6954 -28.7984 5
      vertex -42.6954 -28.7984 0
    endloop
  endfacet
  facet normal -0.819167 -0.573556 0
    outer loop
      vertex -42.6954 -28.7984 5
      vertex -41.6644 -30.2709 0
      vertex -41.6644 -30.2709 5
    endloop
  endfacet
  facet normal -0.156431 0.987689 0
    outer loop
      vertex -7.16741 50.9988 0
      vertex -8.94288 50.7176 5
      vertex -7.16741 50.9988 5
    endloop
  endfacet
  facet normal -0.156431 0.987689 0
    outer loop
      vertex -8.94288 50.7176 5
      vertex -7.16741 50.9988 0
      vertex -8.94288 50.7176 0
    endloop
  endfacet
  facet normal -0.996198 0.0871169 0
    outer loop
      vertex -51.3745 3.59246 0
      vertex -51.2179 5.38321 5
      vertex -51.2179 5.38321 0
    endloop
  endfacet
  facet normal -0.996198 0.0871169 0
    outer loop
      vertex -51.2179 5.38321 5
      vertex -51.3745 3.59246 0
      vertex -51.3745 3.59246 5
    endloop
  endfacet
  facet normal -0.258798 0.965931 0
    outer loop
      vertex -12.459 49.9702 0
      vertex -14.1953 49.505 5
      vertex -12.459 49.9702 5
    endloop
  endfacet
  facet normal -0.258798 0.965931 0
    outer loop
      vertex -14.1953 49.505 5
      vertex -12.459 49.9702 0
      vertex -14.1953 49.505 0
    endloop
  endfacet
  facet normal -0.891008 0.453987 0
    outer loop
      vertex -46.2879 22.5761 0
      vertex -45.4718 24.1778 5
      vertex -45.4718 24.1778 0
    endloop
  endfacet
  facet normal -0.891008 0.453987 0
    outer loop
      vertex -45.4718 24.1778 5
      vertex -46.2879 22.5761 0
      vertex -46.2879 22.5761 5
    endloop
  endfacet
  facet normal -0.999847 -0.0174678 0
    outer loop
      vertex -51.4686 -1.79732 0
      vertex -51.5 0 5
      vertex -51.5 0 0
    endloop
  endfacet
  facet normal -0.999847 -0.0174678 0
    outer loop
      vertex -51.5 0 5
      vertex -51.4686 -1.79732 0
      vertex -51.4686 -1.79732 5
    endloop
  endfacet
  facet normal 0.601788 0.798656 -0
    outer loop
      vertex 31.7066 40.5826 0
      vertex 30.2709 41.6644 5
      vertex 31.7066 40.5826 5
    endloop
  endfacet
  facet normal 0.601788 0.798656 0
    outer loop
      vertex 30.2709 41.6644 5
      vertex 31.7066 40.5826 0
      vertex 30.2709 41.6644 0
    endloop
  endfacet
  facet normal -0.573556 -0.819167 0
    outer loop
      vertex -30.2709 -41.6644 0
      vertex -28.7984 -42.6954 5
      vertex -30.2709 -41.6644 5
    endloop
  endfacet
  facet normal -0.573556 -0.819167 -0
    outer loop
      vertex -28.7984 -42.6954 5
      vertex -30.2709 -41.6644 0
      vertex -28.7984 -42.6954 0
    endloop
  endfacet
  facet normal -0.0523474 0.998629 0
    outer loop
      vertex -1.79732 51.4686 0
      vertex -3.59246 51.3745 5
      vertex -1.79732 51.4686 5
    endloop
  endfacet
  facet normal -0.0523474 0.998629 0
    outer loop
      vertex -3.59246 51.3745 5
      vertex -1.79732 51.4686 0
      vertex -3.59246 51.3745 0
    endloop
  endfacet
  facet normal 0.325559 -0.945522 0
    outer loop
      vertex 15.9144 -48.9794 0
      vertex 17.614 -48.3942 5
      vertex 15.9144 -48.9794 5
    endloop
  endfacet
  facet normal 0.325559 -0.945522 0
    outer loop
      vertex 17.614 -48.3942 5
      vertex 15.9144 -48.9794 0
      vertex 17.614 -48.3942 0
    endloop
  endfacet
  facet normal 0.224969 -0.974366 0
    outer loop
      vertex 10.7075 -50.3746 0
      vertex 12.459 -49.9702 5
      vertex 10.7075 -50.3746 5
    endloop
  endfacet
  facet normal 0.224969 -0.974366 0
    outer loop
      vertex 12.459 -49.9702 5
      vertex 10.7075 -50.3746 0
      vertex 12.459 -49.9702 0
    endloop
  endfacet
  facet normal -0.798656 -0.601788 0
    outer loop
      vertex -40.5826 -31.7066 0
      vertex -41.6644 -30.2709 5
      vertex -41.6644 -30.2709 0
    endloop
  endfacet
  facet normal -0.798656 -0.601788 0
    outer loop
      vertex -41.6644 -30.2709 5
      vertex -40.5826 -31.7066 0
      vertex -40.5826 -31.7066 5
    endloop
  endfacet
  facet normal -0.891008 -0.453987 0
    outer loop
      vertex -45.4718 -24.1778 0
      vertex -46.2879 -22.5761 5
      vertex -46.2879 -22.5761 0
    endloop
  endfacet
  facet normal -0.891008 -0.453987 0
    outer loop
      vertex -46.2879 -22.5761 5
      vertex -45.4718 -24.1778 0
      vertex -45.4718 -24.1778 5
    endloop
  endfacet
  facet normal -0.754703 0.656067 0
    outer loop
      vertex -39.4513 33.1036 0
      vertex -38.272 34.4602 5
      vertex -38.272 34.4602 0
    endloop
  endfacet
  facet normal -0.754703 0.656067 0
    outer loop
      vertex -38.272 34.4602 5
      vertex -39.4513 33.1036 0
      vertex -39.4513 33.1036 5
    endloop
  endfacet
  facet normal 0.933581 -0.358368 0
    outer loop
      vertex 47.75 -19.2922 5
      vertex 48.3942 -17.614 0
      vertex 48.3942 -17.614 5
    endloop
  endfacet
  facet normal 0.933581 -0.358368 0
    outer loop
      vertex 48.3942 -17.614 0
      vertex 47.75 -19.2922 5
      vertex 47.75 -19.2922 0
    endloop
  endfacet
  facet normal -0.838657 0.54466 0
    outer loop
      vertex -43.6745 27.2908 0
      vertex -42.6954 28.7984 5
      vertex -42.6954 28.7984 0
    endloop
  endfacet
  facet normal -0.838657 0.54466 0
    outer loop
      vertex -42.6954 28.7984 5
      vertex -43.6745 27.2908 0
      vertex -43.6745 27.2908 5
    endloop
  endfacet
  facet normal -0.965931 -0.258798 0
    outer loop
      vertex -49.505 -14.1953 0
      vertex -49.9702 -12.459 5
      vertex -49.9702 -12.459 0
    endloop
  endfacet
  facet normal -0.965931 -0.258798 0
    outer loop
      vertex -49.9702 -12.459 5
      vertex -49.505 -14.1953 0
      vertex -49.505 -14.1953 5
    endloop
  endfacet
  facet normal -0.358368 -0.933581 0
    outer loop
      vertex -19.2922 -47.75 0
      vertex -17.614 -48.3942 5
      vertex -19.2922 -47.75 5
    endloop
  endfacet
  facet normal -0.358368 -0.933581 -0
    outer loop
      vertex -17.614 -48.3942 5
      vertex -19.2922 -47.75 0
      vertex -17.614 -48.3942 0
    endloop
  endfacet
  facet normal 0.933581 0.358368 0
    outer loop
      vertex 48.3942 17.614 5
      vertex 47.75 19.2922 0
      vertex 47.75 19.2922 5
    endloop
  endfacet
  facet normal 0.933581 0.358368 0
    outer loop
      vertex 47.75 19.2922 0
      vertex 48.3942 17.614 5
      vertex 48.3942 17.614 0
    endloop
  endfacet
  facet normal 0 0 -1
    outer loop
      vertex 45.5 0 0
      vertex 51.5 0 0
      vertex 51.4686 -1.79732 0
    endloop
  endfacet
  facet normal 0 0 -1
    outer loop
      vertex 45.4723 -1.58793 0
      vertex 51.4686 -1.79732 0
      vertex 51.3745 -3.59246 0
    endloop
  endfacet
  facet normal 0 0 -1
    outer loop
      vertex 51.5 0 0
      vertex 45.5 0 0
      vertex 51.4686 1.79732 0
    endloop
  endfacet
  facet normal 0 0 -1
    outer loop
      vertex 45.3892 -3.17392 0
      vertex 51.3745 -3.59246 0
      vertex 51.2179 -5.38321 0
    endloop
  endfacet
  facet normal 0 0 -1
    outer loop
      vertex 45.4723 1.58793 0
      vertex 51.4686 1.79732 0
      vertex 45.5 0 0
    endloop
  endfacet
  facet normal 0 0 -1
    outer loop
      vertex 45.2507 -4.75604 0
      vertex 51.2179 -5.38321 0
      vertex 50.9988 -7.16741 0
    endloop
  endfacet
  facet normal -0 0 -1
    outer loop
      vertex 51.4686 1.79732 0
      vertex 45.4723 1.58793 0
      vertex 51.3745 3.59246 0
    endloop
  endfacet
  facet normal 0 0 -1
    outer loop
      vertex 45.0572 -6.33238 0
      vertex 50.9988 -7.16741 0
      vertex 50.7176 -8.94288 0
    endloop
  endfacet
  facet normal 0 0 -1
    outer loop
      vertex 45.3892 3.17392 0
      vertex 51.3745 3.59246 0
      vertex 45.4723 1.58793 0
    endloop
  endfacet
  facet normal 0 0 -1
    outer loop
      vertex 44.8088 -7.90099 0
      vertex 50.7176 -8.94288 0
      vertex 50.3746 -10.7075 0
    endloop
  endfacet
  facet normal -0 0 -1
    outer loop
      vertex 51.3745 3.59246 0
      vertex 45.3892 3.17392 0
      vertex 51.2179 5.38321 0
    endloop
  endfacet
  facet normal 0 0 -1
    outer loop
      vertex 44.5057 -9.45998 0
      vertex 50.3746 -10.7075 0
      vertex 49.9702 -12.459 0
    endloop
  endfacet
  facet normal 0 0 -1
    outer loop
      vertex 45.2507 4.75604 0
      vertex 51.2179 5.38321 0
      vertex 45.3892 3.17392 0
    endloop
  endfacet
  facet normal 0 0 -1
    outer loop
      vertex 44.1485 -11.0074 0
      vertex 49.9702 -12.459 0
      vertex 49.505 -14.1953 0
    endloop
  endfacet
  facet normal -0 0 -1
    outer loop
      vertex 51.2179 5.38321 0
      vertex 45.2507 4.75604 0
      vertex 50.9988 7.16741 0
    endloop
  endfacet
  facet normal 0 0 -1
    outer loop
      vertex 43.7374 -12.5415 0
      vertex 49.505 -14.1953 0
      vertex 48.9794 -15.9144 0
    endloop
  endfacet
  facet normal 0 0 -1
    outer loop
      vertex 45.0572 6.33238 0
      vertex 50.9988 7.16741 0
      vertex 45.2507 4.75604 0
    endloop
  endfacet
  facet normal 0 0 -1
    outer loop
      vertex 43.2731 -14.0603 0
      vertex 48.9794 -15.9144 0
      vertex 48.3942 -17.614 0
    endloop
  endfacet
  facet normal -0 0 -1
    outer loop
      vertex 50.9988 7.16741 0
      vertex 45.0572 6.33238 0
      vertex 50.7176 8.94288 0
    endloop
  endfacet
  facet normal 0 0 -1
    outer loop
      vertex 42.756 -15.5619 0
      vertex 48.3942 -17.614 0
      vertex 47.75 -19.2922 0
    endloop
  endfacet
  facet normal 0 0 -1
    outer loop
      vertex 44.8088 7.90099 0
      vertex 50.7176 8.94288 0
      vertex 45.0572 6.33238 0
    endloop
  endfacet
  facet normal 0 0 -1
    outer loop
      vertex 42.1869 -17.0446 0
      vertex 47.75 -19.2922 0
      vertex 47.0476 -20.9469 0
    endloop
  endfacet
  facet normal -0 0 -1
    outer loop
      vertex 50.7176 8.94288 0
      vertex 44.8088 7.90099 0
      vertex 50.3746 10.7075 0
    endloop
  endfacet
  facet normal 0 0 -1
    outer loop
      vertex 41.5663 -18.5065 0
      vertex 47.0476 -20.9469 0
      vertex 46.2879 -22.5761 0
    endloop
  endfacet
  facet normal 0 0 -1
    outer loop
      vertex 44.5057 9.45998 0
      vertex 50.3746 10.7075 0
      vertex 44.8088 7.90099 0
    endloop
  endfacet
  facet normal -0 0 -1
    outer loop
      vertex 50.3746 10.7075 0
      vertex 44.5057 9.45998 0
      vertex 49.9702 12.459 0
    endloop
  endfacet
  facet normal 0 0 -1
    outer loop
      vertex 51.4686 -1.79732 0
      vertex 45.4723 -1.58793 0
      vertex 45.5 0 0
    endloop
  endfacet
  facet normal 0 0 -1
    outer loop
      vertex 40.8951 -19.9459 0
      vertex 46.2879 -22.5761 0
      vertex 45.4718 -24.1778 0
    endloop
  endfacet
  facet normal 0 0 -1
    outer loop
      vertex 51.3745 -3.59246 0
      vertex 45.3892 -3.17392 0
      vertex 45.4723 -1.58793 0
    endloop
  endfacet
  facet normal 0 0 -1
    outer loop
      vertex 51.2179 -5.38321 0
      vertex 45.2507 -4.75604 0
      vertex 45.3892 -3.17392 0
    endloop
  endfacet
  facet normal 0 0 -1
    outer loop
      vertex 50.9988 -7.16741 0
      vertex 45.0572 -6.33238 0
      vertex 45.2507 -4.75604 0
    endloop
  endfacet
  facet normal 0 0 -1
    outer loop
      vertex 50.7176 -8.94288 0
      vertex 44.8088 -7.90099 0
      vertex 45.0572 -6.33238 0
    endloop
  endfacet
  facet normal 0 0 -1
    outer loop
      vertex 40.1741 -21.361 0
      vertex 45.4718 -24.1778 0
      vertex 44.6003 -25.75 0
    endloop
  endfacet
  facet normal 0 0 -1
    outer loop
      vertex 50.3746 -10.7075 0
      vertex 44.5057 -9.45998 0
      vertex 44.8088 -7.90099 0
    endloop
  endfacet
  facet normal 0 0 -1
    outer loop
      vertex 49.9702 -12.459 0
      vertex 44.1485 -11.0074 0
      vertex 44.5057 -9.45998 0
    endloop
  endfacet
  facet normal 0 0 -1
    outer loop
      vertex 49.505 -14.1953 0
      vertex 43.7374 -12.5415 0
      vertex 44.1485 -11.0074 0
    endloop
  endfacet
  facet normal 0 0 -1
    outer loop
      vertex 39.4042 -22.75 0
      vertex 44.6003 -25.75 0
      vertex 43.6745 -27.2908 0
    endloop
  endfacet
  facet normal 0 0 -1
    outer loop
      vertex 48.9794 -15.9144 0
      vertex 43.2731 -14.0603 0
      vertex 43.7374 -12.5415 0
    endloop
  endfacet
  facet normal 0 0 -1
    outer loop
      vertex 48.3942 -17.614 0
      vertex 42.756 -15.5619 0
      vertex 43.2731 -14.0603 0
    endloop
  endfacet
  facet normal 0 0 -1
    outer loop
      vertex 38.5862 -24.1113 0
      vertex 43.6745 -27.2908 0
      vertex 42.6954 -28.7984 0
    endloop
  endfacet
  facet normal 0 0 -1
    outer loop
      vertex 47.75 -19.2922 0
      vertex 42.1869 -17.0446 0
      vertex 42.756 -15.5619 0
    endloop
  endfacet
  facet normal 0 0 -1
    outer loop
      vertex 37.7212 -25.4433 0
      vertex 42.6954 -28.7984 0
      vertex 41.6644 -30.2709 0
    endloop
  endfacet
  facet normal 0 0 -1
    outer loop
      vertex 47.0476 -20.9469 0
      vertex 41.5663 -18.5065 0
      vertex 42.1869 -17.0446 0
    endloop
  endfacet
  facet normal 0 0 -1
    outer loop
      vertex 46.2879 -22.5761 0
      vertex 40.8951 -19.9459 0
      vertex 41.5663 -18.5065 0
    endloop
  endfacet
  facet normal 0 0 -1
    outer loop
      vertex 36.8103 -26.7442 0
      vertex 41.6644 -30.2709 0
      vertex 40.5826 -31.7066 0
    endloop
  endfacet
  facet normal 0 0 -1
    outer loop
      vertex 45.4718 -24.1778 0
      vertex 40.1741 -21.361 0
      vertex 40.8951 -19.9459 0
    endloop
  endfacet
  facet normal 0 0 -1
    outer loop
      vertex 35.8545 -28.0126 0
      vertex 40.5826 -31.7066 0
      vertex 39.4513 -33.1036 0
    endloop
  endfacet
  facet normal 0 0 -1
    outer loop
      vertex 44.6003 -25.75 0
      vertex 39.4042 -22.75 0
      vertex 40.1741 -21.361 0
    endloop
  endfacet
  facet normal 0 0 -1
    outer loop
      vertex 43.6745 -27.2908 0
      vertex 38.5862 -24.1113 0
      vertex 39.4042 -22.75 0
    endloop
  endfacet
  facet normal 0 0 -1
    outer loop
      vertex 34.855 -29.2468 0
      vertex 39.4513 -33.1036 0
      vertex 38.272 -34.4602 0
    endloop
  endfacet
  facet normal 0 0 -1
    outer loop
      vertex 42.6954 -28.7984 0
      vertex 37.7212 -25.4433 0
      vertex 38.5862 -24.1113 0
    endloop
  endfacet
  facet normal 0 0 -1
    outer loop
      vertex 33.8131 -30.4454 0
      vertex 38.272 -34.4602 0
      vertex 37.046 -35.7749 0
    endloop
  endfacet
  facet normal 0 0 -1
    outer loop
      vertex 41.6644 -30.2709 0
      vertex 36.8103 -26.7442 0
      vertex 37.7212 -25.4433 0
    endloop
  endfacet
  facet normal 0 0 -1
    outer loop
      vertex 40.5826 -31.7066 0
      vertex 35.8545 -28.0126 0
      vertex 36.8103 -26.7442 0
    endloop
  endfacet
  facet normal 0 0 -1
    outer loop
      vertex 32.73 -31.607 0
      vertex 37.046 -35.7749 0
      vertex 35.7749 -37.046 0
    endloop
  endfacet
  facet normal 0 0 -1
    outer loop
      vertex 39.4513 -33.1036 0
      vertex 34.855 -29.2468 0
      vertex 35.8545 -28.0126 0
    endloop
  endfacet
  facet normal 0 0 -1
    outer loop
      vertex 31.607 -32.73 0
      vertex 35.7749 -37.046 0
      vertex 34.4602 -38.272 0
    endloop
  endfacet
  facet normal 0 0 -1
    outer loop
      vertex 38.272 -34.4602 0
      vertex 33.8131 -30.4454 0
      vertex 34.855 -29.2468 0
    endloop
  endfacet
  facet normal 0 0 -1
    outer loop
      vertex 30.4454 -33.8131 0
      vertex 34.4602 -38.272 0
      vertex 33.1036 -39.4513 0
    endloop
  endfacet
  facet normal 0 0 -1
    outer loop
      vertex 37.046 -35.7749 0
      vertex 32.73 -31.607 0
      vertex 33.8131 -30.4454 0
    endloop
  endfacet
  facet normal 0 0 -1
    outer loop
      vertex 29.2468 -34.855 0
      vertex 33.1036 -39.4513 0
      vertex 31.7066 -40.5826 0
    endloop
  endfacet
  facet normal 0 0 -1
    outer loop
      vertex 35.7749 -37.046 0
      vertex 31.607 -32.73 0
      vertex 32.73 -31.607 0
    endloop
  endfacet
  facet normal 0 0 -1
    outer loop
      vertex 34.4602 -38.272 0
      vertex 30.4454 -33.8131 0
      vertex 31.607 -32.73 0
    endloop
  endfacet
  facet normal 0 0 -1
    outer loop
      vertex 28.0126 -35.8545 0
      vertex 31.7066 -40.5826 0
      vertex 30.2709 -41.6644 0
    endloop
  endfacet
  facet normal 0 0 -1
    outer loop
      vertex 33.1036 -39.4513 0
      vertex 29.2468 -34.855 0
      vertex 30.4454 -33.8131 0
    endloop
  endfacet
  facet normal 0 0 -1
    outer loop
      vertex 26.7442 -36.8103 0
      vertex 30.2709 -41.6644 0
      vertex 28.7984 -42.6954 0
    endloop
  endfacet
  facet normal 0 0 -1
    outer loop
      vertex 31.7066 -40.5826 0
      vertex 28.0126 -35.8545 0
      vertex 29.2468 -34.855 0
    endloop
  endfacet
  facet normal 0 0 -1
    outer loop
      vertex 25.4433 -37.7212 0
      vertex 28.7984 -42.6954 0
      vertex 27.2908 -43.6745 0
    endloop
  endfacet
  facet normal 0 0 -1
    outer loop
      vertex 30.2709 -41.6644 0
      vertex 26.7442 -36.8103 0
      vertex 28.0126 -35.8545 0
    endloop
  endfacet
  facet normal 0 0 -1
    outer loop
      vertex 24.1113 -38.5862 0
      vertex 27.2908 -43.6745 0
      vertex 25.75 -44.6003 0
    endloop
  endfacet
  facet normal 0 0 -1
    outer loop
      vertex 28.7984 -42.6954 0
      vertex 25.4433 -37.7212 0
      vertex 26.7442 -36.8103 0
    endloop
  endfacet
  facet normal 0 0 -1
    outer loop
      vertex 22.75 -39.4042 0
      vertex 25.75 -44.6003 0
      vertex 24.1778 -45.4718 0
    endloop
  endfacet
  facet normal 0 0 -1
    outer loop
      vertex 27.2908 -43.6745 0
      vertex 24.1113 -38.5862 0
      vertex 25.4433 -37.7212 0
    endloop
  endfacet
  facet normal 0 0 -1
    outer loop
      vertex 25.75 -44.6003 0
      vertex 22.75 -39.4042 0
      vertex 24.1113 -38.5862 0
    endloop
  endfacet
  facet normal 0 0 -1
    outer loop
      vertex 21.361 -40.1741 0
      vertex 24.1778 -45.4718 0
      vertex 22.5761 -46.2879 0
    endloop
  endfacet
  facet normal 0 0 -1
    outer loop
      vertex 24.1778 -45.4718 0
      vertex 21.361 -40.1741 0
      vertex 22.75 -39.4042 0
    endloop
  endfacet
  facet normal 0 0 -1
    outer loop
      vertex 19.9459 -40.8951 0
      vertex 22.5761 -46.2879 0
      vertex 20.9469 -47.0476 0
    endloop
  endfacet
  facet normal 0 0 -1
    outer loop
      vertex 22.5761 -46.2879 0
      vertex 19.9459 -40.8951 0
      vertex 21.361 -40.1741 0
    endloop
  endfacet
  facet normal 0 0 -1
    outer loop
      vertex 18.5065 -41.5663 0
      vertex 20.9469 -47.0476 0
      vertex 19.2922 -47.75 0
    endloop
  endfacet
  facet normal 0 0 -1
    outer loop
      vertex 20.9469 -47.0476 0
      vertex 18.5065 -41.5663 0
      vertex 19.9459 -40.8951 0
    endloop
  endfacet
  facet normal 0 0 -1
    outer loop
      vertex 17.0446 -42.1869 0
      vertex 19.2922 -47.75 0
      vertex 17.614 -48.3942 0
    endloop
  endfacet
  facet normal 0 0 -1
    outer loop
      vertex 19.2922 -47.75 0
      vertex 17.0446 -42.1869 0
      vertex 18.5065 -41.5663 0
    endloop
  endfacet
  facet normal 0 0 -1
    outer loop
      vertex 15.5619 -42.756 0
      vertex 17.614 -48.3942 0
      vertex 15.9144 -48.9794 0
    endloop
  endfacet
  facet normal 0 0 -1
    outer loop
      vertex 17.614 -48.3942 0
      vertex 15.5619 -42.756 0
      vertex 17.0446 -42.1869 0
    endloop
  endfacet
  facet normal 0 0 -1
    outer loop
      vertex 14.0603 -43.2731 0
      vertex 15.9144 -48.9794 0
      vertex 14.1953 -49.505 0
    endloop
  endfacet
  facet normal 0 0 -1
    outer loop
      vertex 15.9144 -48.9794 0
      vertex 14.0603 -43.2731 0
      vertex 15.5619 -42.756 0
    endloop
  endfacet
  facet normal 0 0 -1
    outer loop
      vertex 14.1953 -49.505 0
      vertex 12.5415 -43.7374 0
      vertex 14.0603 -43.2731 0
    endloop
  endfacet
  facet normal 0 0 -1
    outer loop
      vertex 12.459 -49.9702 0
      vertex 12.5415 -43.7374 0
      vertex 14.1953 -49.505 0
    endloop
  endfacet
  facet normal 0 0 -1
    outer loop
      vertex 12.459 -49.9702 0
      vertex 11.0074 -44.1485 0
      vertex 12.5415 -43.7374 0
    endloop
  endfacet
  facet normal 0 0 -1
    outer loop
      vertex 10.7075 -50.3746 0
      vertex 11.0074 -44.1485 0
      vertex 12.459 -49.9702 0
    endloop
  endfacet
  facet normal 0 0 -1
    outer loop
      vertex 10.7075 -50.3746 0
      vertex 9.45998 -44.5057 0
      vertex 11.0074 -44.1485 0
    endloop
  endfacet
  facet normal 0 0 -1
    outer loop
      vertex 8.94288 -50.7176 0
      vertex 9.45998 -44.5057 0
      vertex 10.7075 -50.3746 0
    endloop
  endfacet
  facet normal 0 0 -1
    outer loop
      vertex 8.94288 -50.7176 0
      vertex 7.90099 -44.8088 0
      vertex 9.45998 -44.5057 0
    endloop
  endfacet
  facet normal 0 0 -1
    outer loop
      vertex 7.16741 -50.9988 0
      vertex 7.90099 -44.8088 0
      vertex 8.94288 -50.7176 0
    endloop
  endfacet
  facet normal 0 0 -1
    outer loop
      vertex 7.16741 -50.9988 0
      vertex 6.33238 -45.0572 0
      vertex 7.90099 -44.8088 0
    endloop
  endfacet
  facet normal 0 0 -1
    outer loop
      vertex 5.38321 -51.2179 0
      vertex 6.33238 -45.0572 0
      vertex 7.16741 -50.9988 0
    endloop
  endfacet
  facet normal 0 0 -1
    outer loop
      vertex 5.38321 -51.2179 0
      vertex 4.75604 -45.2507 0
      vertex 6.33238 -45.0572 0
    endloop
  endfacet
  facet normal 0 0 -1
    outer loop
      vertex 3.59246 -51.3745 0
      vertex 4.75604 -45.2507 0
      vertex 5.38321 -51.2179 0
    endloop
  endfacet
  facet normal 0 0 -1
    outer loop
      vertex 3.59246 -51.3745 0
      vertex 3.17392 -45.3892 0
      vertex 4.75604 -45.2507 0
    endloop
  endfacet
  facet normal 0 0 -1
    outer loop
      vertex 1.79732 -51.4686 0
      vertex 3.17392 -45.3892 0
      vertex 3.59246 -51.3745 0
    endloop
  endfacet
  facet normal 0 0 -1
    outer loop
      vertex 1.79732 -51.4686 0
      vertex 1.58793 -45.4723 0
      vertex 3.17392 -45.3892 0
    endloop
  endfacet
  facet normal 0 0 -1
    outer loop
      vertex 0 -51.5 0
      vertex 1.58793 -45.4723 0
      vertex 1.79732 -51.4686 0
    endloop
  endfacet
  facet normal 0 0 -1
    outer loop
      vertex 0 -51.5 0
      vertex 0 -45.5 0
      vertex 1.58793 -45.4723 0
    endloop
  endfacet
  facet normal 0 0 -1
    outer loop
      vertex 0 -51.5 0
      vertex -1.58793 -45.4723 0
      vertex 0 -45.5 0
    endloop
  endfacet
  facet normal 0 0 -1
    outer loop
      vertex -1.79732 -51.4686 0
      vertex -1.58793 -45.4723 0
      vertex 0 -51.5 0
    endloop
  endfacet
  facet normal 0 0 -1
    outer loop
      vertex -1.79732 -51.4686 0
      vertex -3.17392 -45.3892 0
      vertex -1.58793 -45.4723 0
    endloop
  endfacet
  facet normal 0 0 -1
    outer loop
      vertex -3.59246 -51.3745 0
      vertex -3.17392 -45.3892 0
      vertex -1.79732 -51.4686 0
    endloop
  endfacet
  facet normal 0 0 -1
    outer loop
      vertex -3.59246 -51.3745 0
      vertex -4.75604 -45.2507 0
      vertex -3.17392 -45.3892 0
    endloop
  endfacet
  facet normal 0 0 -1
    outer loop
      vertex -5.38321 -51.2179 0
      vertex -4.75604 -45.2507 0
      vertex -3.59246 -51.3745 0
    endloop
  endfacet
  facet normal 0 0 -1
    outer loop
      vertex -5.38321 -51.2179 0
      vertex -6.33238 -45.0572 0
      vertex -4.75604 -45.2507 0
    endloop
  endfacet
  facet normal 0 0 -1
    outer loop
      vertex -7.16741 -50.9988 0
      vertex -6.33238 -45.0572 0
      vertex -5.38321 -51.2179 0
    endloop
  endfacet
  facet normal 0 0 -1
    outer loop
      vertex -7.16741 -50.9988 0
      vertex -7.90099 -44.8088 0
      vertex -6.33238 -45.0572 0
    endloop
  endfacet
  facet normal 0 0 -1
    outer loop
      vertex -8.94288 -50.7176 0
      vertex -7.90099 -44.8088 0
      vertex -7.16741 -50.9988 0
    endloop
  endfacet
  facet normal 0 0 -1
    outer loop
      vertex -8.94288 -50.7176 0
      vertex -9.45998 -44.5057 0
      vertex -7.90099 -44.8088 0
    endloop
  endfacet
  facet normal 0 0 -1
    outer loop
      vertex -10.7075 -50.3746 0
      vertex -9.45998 -44.5057 0
      vertex -8.94288 -50.7176 0
    endloop
  endfacet
  facet normal 0 0 -1
    outer loop
      vertex -10.7075 -50.3746 0
      vertex -11.0074 -44.1485 0
      vertex -9.45998 -44.5057 0
    endloop
  endfacet
  facet normal 0 0 -1
    outer loop
      vertex -12.459 -49.9702 0
      vertex -11.0074 -44.1485 0
      vertex -10.7075 -50.3746 0
    endloop
  endfacet
  facet normal 0 0 -1
    outer loop
      vertex -12.459 -49.9702 0
      vertex -12.5415 -43.7374 0
      vertex -11.0074 -44.1485 0
    endloop
  endfacet
  facet normal 0 0 -1
    outer loop
      vertex -14.1953 -49.505 0
      vertex -12.5415 -43.7374 0
      vertex -12.459 -49.9702 0
    endloop
  endfacet
  facet normal -0 0 -1
    outer loop
      vertex -12.5415 -43.7374 0
      vertex -14.1953 -49.505 0
      vertex -14.0603 -43.2731 0
    endloop
  endfacet
  facet normal 0 0 -1
    outer loop
      vertex -15.9144 -48.9794 0
      vertex -14.0603 -43.2731 0
      vertex -14.1953 -49.505 0
    endloop
  endfacet
  facet normal -0 0 -1
    outer loop
      vertex -14.0603 -43.2731 0
      vertex -15.9144 -48.9794 0
      vertex -15.5619 -42.756 0
    endloop
  endfacet
  facet normal 0 0 -1
    outer loop
      vertex -17.614 -48.3942 0
      vertex -15.5619 -42.756 0
      vertex -15.9144 -48.9794 0
    endloop
  endfacet
  facet normal -0 0 -1
    outer loop
      vertex -15.5619 -42.756 0
      vertex -17.614 -48.3942 0
      vertex -17.0446 -42.1869 0
    endloop
  endfacet
  facet normal 0 0 -1
    outer loop
      vertex -19.2922 -47.75 0
      vertex -17.0446 -42.1869 0
      vertex -17.614 -48.3942 0
    endloop
  endfacet
  facet normal -0 0 -1
    outer loop
      vertex -17.0446 -42.1869 0
      vertex -19.2922 -47.75 0
      vertex -18.5065 -41.5663 0
    endloop
  endfacet
  facet normal 0 0 -1
    outer loop
      vertex -20.9469 -47.0476 0
      vertex -18.5065 -41.5663 0
      vertex -19.2922 -47.75 0
    endloop
  endfacet
  facet normal -0 0 -1
    outer loop
      vertex -18.5065 -41.5663 0
      vertex -20.9469 -47.0476 0
      vertex -19.9459 -40.8951 0
    endloop
  endfacet
  facet normal 0 0 -1
    outer loop
      vertex -22.5761 -46.2879 0
      vertex -19.9459 -40.8951 0
      vertex -20.9469 -47.0476 0
    endloop
  endfacet
  facet normal -0 0 -1
    outer loop
      vertex -19.9459 -40.8951 0
      vertex -22.5761 -46.2879 0
      vertex -21.361 -40.1741 0
    endloop
  endfacet
  facet normal 0 0 -1
    outer loop
      vertex -24.1778 -45.4718 0
      vertex -21.361 -40.1741 0
      vertex -22.5761 -46.2879 0
    endloop
  endfacet
  facet normal -0 0 -1
    outer loop
      vertex -21.361 -40.1741 0
      vertex -24.1778 -45.4718 0
      vertex -22.75 -39.4042 0
    endloop
  endfacet
  facet normal 0 0 -1
    outer loop
      vertex -25.75 -44.6003 0
      vertex -22.75 -39.4042 0
      vertex -24.1778 -45.4718 0
    endloop
  endfacet
  facet normal -0 0 -1
    outer loop
      vertex -22.75 -39.4042 0
      vertex -25.75 -44.6003 0
      vertex -24.1113 -38.5862 0
    endloop
  endfacet
  facet normal 0 0 -1
    outer loop
      vertex -27.2908 -43.6745 0
      vertex -24.1113 -38.5862 0
      vertex -25.75 -44.6003 0
    endloop
  endfacet
  facet normal -0 0 -1
    outer loop
      vertex -24.1113 -38.5862 0
      vertex -27.2908 -43.6745 0
      vertex -25.4433 -37.7212 0
    endloop
  endfacet
  facet normal 0 0 -1
    outer loop
      vertex -28.7984 -42.6954 0
      vertex -25.4433 -37.7212 0
      vertex -27.2908 -43.6745 0
    endloop
  endfacet
  facet normal -0 0 -1
    outer loop
      vertex -25.4433 -37.7212 0
      vertex -28.7984 -42.6954 0
      vertex -26.7442 -36.8103 0
    endloop
  endfacet
  facet normal 0 0 -1
    outer loop
      vertex -30.2709 -41.6644 0
      vertex -26.7442 -36.8103 0
      vertex -28.7984 -42.6954 0
    endloop
  endfacet
  facet normal -0 0 -1
    outer loop
      vertex -26.7442 -36.8103 0
      vertex -30.2709 -41.6644 0
      vertex -28.0126 -35.8545 0
    endloop
  endfacet
  facet normal 0 0 -1
    outer loop
      vertex -31.7066 -40.5826 0
      vertex -28.0126 -35.8545 0
      vertex -30.2709 -41.6644 0
    endloop
  endfacet
  facet normal -0 0 -1
    outer loop
      vertex -28.0126 -35.8545 0
      vertex -31.7066 -40.5826 0
      vertex -29.2468 -34.855 0
    endloop
  endfacet
  facet normal 0 0 -1
    outer loop
      vertex -33.1036 -39.4513 0
      vertex -29.2468 -34.855 0
      vertex -31.7066 -40.5826 0
    endloop
  endfacet
  facet normal -0 0 -1
    outer loop
      vertex -29.2468 -34.855 0
      vertex -33.1036 -39.4513 0
      vertex -30.4454 -33.8131 0
    endloop
  endfacet
  facet normal 0 0 -1
    outer loop
      vertex -34.4602 -38.272 0
      vertex -30.4454 -33.8131 0
      vertex -33.1036 -39.4513 0
    endloop
  endfacet
  facet normal -0 0 -1
    outer loop
      vertex -30.4454 -33.8131 0
      vertex -34.4602 -38.272 0
      vertex -31.607 -32.73 0
    endloop
  endfacet
  facet normal 0 0 -1
    outer loop
      vertex -35.7749 -37.046 0
      vertex -31.607 -32.73 0
      vertex -34.4602 -38.272 0
    endloop
  endfacet
  facet normal -0 0 -1
    outer loop
      vertex -31.607 -32.73 0
      vertex -35.7749 -37.046 0
      vertex -32.73 -31.607 0
    endloop
  endfacet
  facet normal 0 0 -1
    outer loop
      vertex -37.046 -35.7749 0
      vertex -32.73 -31.607 0
      vertex -35.7749 -37.046 0
    endloop
  endfacet
  facet normal -0 0 -1
    outer loop
      vertex -32.73 -31.607 0
      vertex -37.046 -35.7749 0
      vertex -33.8131 -30.4454 0
    endloop
  endfacet
  facet normal 0 0 -1
    outer loop
      vertex -38.272 -34.4602 0
      vertex -33.8131 -30.4454 0
      vertex -37.046 -35.7749 0
    endloop
  endfacet
  facet normal -0 0 -1
    outer loop
      vertex -33.8131 -30.4454 0
      vertex -38.272 -34.4602 0
      vertex -34.855 -29.2468 0
    endloop
  endfacet
  facet normal 0 0 -1
    outer loop
      vertex -39.4513 -33.1036 0
      vertex -34.855 -29.2468 0
      vertex -38.272 -34.4602 0
    endloop
  endfacet
  facet normal -0 0 -1
    outer loop
      vertex -34.855 -29.2468 0
      vertex -39.4513 -33.1036 0
      vertex -35.8545 -28.0126 0
    endloop
  endfacet
  facet normal 0 0 -1
    outer loop
      vertex -40.5826 -31.7066 0
      vertex -35.8545 -28.0126 0
      vertex -39.4513 -33.1036 0
    endloop
  endfacet
  facet normal -0 0 -1
    outer loop
      vertex -35.8545 -28.0126 0
      vertex -40.5826 -31.7066 0
      vertex -36.8103 -26.7442 0
    endloop
  endfacet
  facet normal 0 0 -1
    outer loop
      vertex -41.6644 -30.2709 0
      vertex -36.8103 -26.7442 0
      vertex -40.5826 -31.7066 0
    endloop
  endfacet
  facet normal -0 0 -1
    outer loop
      vertex -36.8103 -26.7442 0
      vertex -41.6644 -30.2709 0
      vertex -37.7212 -25.4433 0
    endloop
  endfacet
  facet normal 0 0 -1
    outer loop
      vertex -42.6954 -28.7984 0
      vertex -37.7212 -25.4433 0
      vertex -41.6644 -30.2709 0
    endloop
  endfacet
  facet normal -0 0 -1
    outer loop
      vertex -37.7212 -25.4433 0
      vertex -42.6954 -28.7984 0
      vertex -38.5862 -24.1113 0
    endloop
  endfacet
  facet normal 0 0 -1
    outer loop
      vertex -43.6745 -27.2908 0
      vertex -38.5862 -24.1113 0
      vertex -42.6954 -28.7984 0
    endloop
  endfacet
  facet normal -0 0 -1
    outer loop
      vertex -38.5862 -24.1113 0
      vertex -43.6745 -27.2908 0
      vertex -39.4042 -22.75 0
    endloop
  endfacet
  facet normal 0 0 -1
    outer loop
      vertex -44.6003 -25.75 0
      vertex -39.4042 -22.75 0
      vertex -43.6745 -27.2908 0
    endloop
  endfacet
  facet normal -0 0 -1
    outer loop
      vertex -39.4042 -22.75 0
      vertex -44.6003 -25.75 0
      vertex -40.1741 -21.361 0
    endloop
  endfacet
  facet normal 0 0 -1
    outer loop
      vertex -45.4718 -24.1778 0
      vertex -40.1741 -21.361 0
      vertex -44.6003 -25.75 0
    endloop
  endfacet
  facet normal -0 0 -1
    outer loop
      vertex -40.1741 -21.361 0
      vertex -45.4718 -24.1778 0
      vertex -40.8951 -19.9459 0
    endloop
  endfacet
  facet normal 0 0 -1
    outer loop
      vertex -46.2879 -22.5761 0
      vertex -40.8951 -19.9459 0
      vertex -45.4718 -24.1778 0
    endloop
  endfacet
  facet normal -0 0 -1
    outer loop
      vertex -40.8951 -19.9459 0
      vertex -46.2879 -22.5761 0
      vertex -41.5663 -18.5065 0
    endloop
  endfacet
  facet normal 0 0 -1
    outer loop
      vertex -47.0476 -20.9469 0
      vertex -41.5663 -18.5065 0
      vertex -46.2879 -22.5761 0
    endloop
  endfacet
  facet normal -0 0 -1
    outer loop
      vertex -41.5663 -18.5065 0
      vertex -47.0476 -20.9469 0
      vertex -42.1869 -17.0446 0
    endloop
  endfacet
  facet normal 0 0 -1
    outer loop
      vertex -47.75 -19.2922 0
      vertex -42.1869 -17.0446 0
      vertex -47.0476 -20.9469 0
    endloop
  endfacet
  facet normal -0 0 -1
    outer loop
      vertex -42.1869 -17.0446 0
      vertex -47.75 -19.2922 0
      vertex -42.756 -15.5619 0
    endloop
  endfacet
  facet normal 0 0 -1
    outer loop
      vertex -48.3942 -17.614 0
      vertex -42.756 -15.5619 0
      vertex -47.75 -19.2922 0
    endloop
  endfacet
  facet normal -0 0 -1
    outer loop
      vertex -42.756 -15.5619 0
      vertex -48.3942 -17.614 0
      vertex -43.2731 -14.0603 0
    endloop
  endfacet
  facet normal 0 0 -1
    outer loop
      vertex -48.9794 -15.9144 0
      vertex -43.2731 -14.0603 0
      vertex -48.3942 -17.614 0
    endloop
  endfacet
  facet normal -0 0 -1
    outer loop
      vertex -43.2731 -14.0603 0
      vertex -48.9794 -15.9144 0
      vertex -43.7374 -12.5415 0
    endloop
  endfacet
  facet normal 0 0 -1
    outer loop
      vertex -49.505 -14.1953 0
      vertex -43.7374 -12.5415 0
      vertex -48.9794 -15.9144 0
    endloop
  endfacet
  facet normal -0 0 -1
    outer loop
      vertex -43.7374 -12.5415 0
      vertex -49.505 -14.1953 0
      vertex -44.1485 -11.0074 0
    endloop
  endfacet
  facet normal 0 0 -1
    outer loop
      vertex -49.9702 -12.459 0
      vertex -44.1485 -11.0074 0
      vertex -49.505 -14.1953 0
    endloop
  endfacet
  facet normal -0 0 -1
    outer loop
      vertex -44.1485 -11.0074 0
      vertex -49.9702 -12.459 0
      vertex -44.5057 -9.45998 0
    endloop
  endfacet
  facet normal 0 0 -1
    outer loop
      vertex 44.1485 11.0074 0
      vertex 49.9702 12.459 0
      vertex 44.5057 9.45998 0
    endloop
  endfacet
  facet normal -0 0 -1
    outer loop
      vertex 49.9702 12.459 0
      vertex 44.1485 11.0074 0
      vertex 49.505 14.1953 0
    endloop
  endfacet
  facet normal 0 0 -1
    outer loop
      vertex 43.7374 12.5415 0
      vertex 49.505 14.1953 0
      vertex 44.1485 11.0074 0
    endloop
  endfacet
  facet normal -0 0 -1
    outer loop
      vertex 49.505 14.1953 0
      vertex 43.7374 12.5415 0
      vertex 48.9794 15.9144 0
    endloop
  endfacet
  facet normal 0 0 -1
    outer loop
      vertex 43.2731 14.0603 0
      vertex 48.9794 15.9144 0
      vertex 43.7374 12.5415 0
    endloop
  endfacet
  facet normal -0 0 -1
    outer loop
      vertex 48.9794 15.9144 0
      vertex 43.2731 14.0603 0
      vertex 48.3942 17.614 0
    endloop
  endfacet
  facet normal 0 0 -1
    outer loop
      vertex 42.756 15.5619 0
      vertex 48.3942 17.614 0
      vertex 43.2731 14.0603 0
    endloop
  endfacet
  facet normal -0 0 -1
    outer loop
      vertex 48.3942 17.614 0
      vertex 42.756 15.5619 0
      vertex 47.75 19.2922 0
    endloop
  endfacet
  facet normal 0 0 -1
    outer loop
      vertex 42.1869 17.0446 0
      vertex 47.75 19.2922 0
      vertex 42.756 15.5619 0
    endloop
  endfacet
  facet normal -0 0 -1
    outer loop
      vertex 47.75 19.2922 0
      vertex 42.1869 17.0446 0
      vertex 47.0476 20.9469 0
    endloop
  endfacet
  facet normal 0 0 -1
    outer loop
      vertex 41.5663 18.5065 0
      vertex 47.0476 20.9469 0
      vertex 42.1869 17.0446 0
    endloop
  endfacet
  facet normal -0 0 -1
    outer loop
      vertex 47.0476 20.9469 0
      vertex 41.5663 18.5065 0
      vertex 46.2879 22.5761 0
    endloop
  endfacet
  facet normal 0 0 -1
    outer loop
      vertex 40.8951 19.9459 0
      vertex 46.2879 22.5761 0
      vertex 41.5663 18.5065 0
    endloop
  endfacet
  facet normal -0 0 -1
    outer loop
      vertex 46.2879 22.5761 0
      vertex 40.8951 19.9459 0
      vertex 45.4718 24.1778 0
    endloop
  endfacet
  facet normal 0 0 -1
    outer loop
      vertex 40.1741 21.361 0
      vertex 45.4718 24.1778 0
      vertex 40.8951 19.9459 0
    endloop
  endfacet
  facet normal -0 0 -1
    outer loop
      vertex 45.4718 24.1778 0
      vertex 40.1741 21.361 0
      vertex 44.6003 25.75 0
    endloop
  endfacet
  facet normal 0 0 -1
    outer loop
      vertex 39.4042 22.75 0
      vertex 44.6003 25.75 0
      vertex 40.1741 21.361 0
    endloop
  endfacet
  facet normal -0 0 -1
    outer loop
      vertex 44.6003 25.75 0
      vertex 39.4042 22.75 0
      vertex 43.6745 27.2908 0
    endloop
  endfacet
  facet normal 0 0 -1
    outer loop
      vertex 38.5862 24.1113 0
      vertex 43.6745 27.2908 0
      vertex 39.4042 22.75 0
    endloop
  endfacet
  facet normal -0 0 -1
    outer loop
      vertex 43.6745 27.2908 0
      vertex 38.5862 24.1113 0
      vertex 42.6954 28.7984 0
    endloop
  endfacet
  facet normal 0 0 -1
    outer loop
      vertex 37.7212 25.4433 0
      vertex 42.6954 28.7984 0
      vertex 38.5862 24.1113 0
    endloop
  endfacet
  facet normal -0 0 -1
    outer loop
      vertex 42.6954 28.7984 0
      vertex 37.7212 25.4433 0
      vertex 41.6644 30.2709 0
    endloop
  endfacet
  facet normal 0 0 -1
    outer loop
      vertex 36.8103 26.7442 0
      vertex 41.6644 30.2709 0
      vertex 37.7212 25.4433 0
    endloop
  endfacet
  facet normal -0 0 -1
    outer loop
      vertex 41.6644 30.2709 0
      vertex 36.8103 26.7442 0
      vertex 40.5826 31.7066 0
    endloop
  endfacet
  facet normal 0 0 -1
    outer loop
      vertex 35.8545 28.0126 0
      vertex 40.5826 31.7066 0
      vertex 36.8103 26.7442 0
    endloop
  endfacet
  facet normal -0 0 -1
    outer loop
      vertex 40.5826 31.7066 0
      vertex 35.8545 28.0126 0
      vertex 39.4513 33.1036 0
    endloop
  endfacet
  facet normal 0 0 -1
    outer loop
      vertex 34.855 29.2468 0
      vertex 39.4513 33.1036 0
      vertex 35.8545 28.0126 0
    endloop
  endfacet
  facet normal -0 0 -1
    outer loop
      vertex 39.4513 33.1036 0
      vertex 34.855 29.2468 0
      vertex 38.272 34.4602 0
    endloop
  endfacet
  facet normal 0 0 -1
    outer loop
      vertex 33.8131 30.4454 0
      vertex 38.272 34.4602 0
      vertex 34.855 29.2468 0
    endloop
  endfacet
  facet normal -0 0 -1
    outer loop
      vertex 38.272 34.4602 0
      vertex 33.8131 30.4454 0
      vertex 37.046 35.7749 0
    endloop
  endfacet
  facet normal 0 0 -1
    outer loop
      vertex 32.73 31.607 0
      vertex 37.046 35.7749 0
      vertex 33.8131 30.4454 0
    endloop
  endfacet
  facet normal -0 0 -1
    outer loop
      vertex 37.046 35.7749 0
      vertex 32.73 31.607 0
      vertex 35.7749 37.046 0
    endloop
  endfacet
  facet normal 0 0 -1
    outer loop
      vertex 31.607 32.73 0
      vertex 35.7749 37.046 0
      vertex 32.73 31.607 0
    endloop
  endfacet
  facet normal -0 0 -1
    outer loop
      vertex 35.7749 37.046 0
      vertex 31.607 32.73 0
      vertex 34.4602 38.272 0
    endloop
  endfacet
  facet normal 0 0 -1
    outer loop
      vertex 30.4454 33.8131 0
      vertex 34.4602 38.272 0
      vertex 31.607 32.73 0
    endloop
  endfacet
  facet normal -0 0 -1
    outer loop
      vertex 34.4602 38.272 0
      vertex 30.4454 33.8131 0
      vertex 33.1036 39.4513 0
    endloop
  endfacet
  facet normal 0 0 -1
    outer loop
      vertex 29.2468 34.855 0
      vertex 33.1036 39.4513 0
      vertex 30.4454 33.8131 0
    endloop
  endfacet
  facet normal -0 0 -1
    outer loop
      vertex 33.1036 39.4513 0
      vertex 29.2468 34.855 0
      vertex 31.7066 40.5826 0
    endloop
  endfacet
  facet normal 0 0 -1
    outer loop
      vertex 28.0126 35.8545 0
      vertex 31.7066 40.5826 0
      vertex 29.2468 34.855 0
    endloop
  endfacet
  facet normal -0 0 -1
    outer loop
      vertex 31.7066 40.5826 0
      vertex 28.0126 35.8545 0
      vertex 30.2709 41.6644 0
    endloop
  endfacet
  facet normal 0 0 -1
    outer loop
      vertex 26.7442 36.8103 0
      vertex 30.2709 41.6644 0
      vertex 28.0126 35.8545 0
    endloop
  endfacet
  facet normal -0 0 -1
    outer loop
      vertex 30.2709 41.6644 0
      vertex 26.7442 36.8103 0
      vertex 28.7984 42.6954 0
    endloop
  endfacet
  facet normal 0 0 -1
    outer loop
      vertex 25.4433 37.7212 0
      vertex 28.7984 42.6954 0
      vertex 26.7442 36.8103 0
    endloop
  endfacet
  facet normal -0 0 -1
    outer loop
      vertex 28.7984 42.6954 0
      vertex 25.4433 37.7212 0
      vertex 27.2908 43.6745 0
    endloop
  endfacet
  facet normal 0 0 -1
    outer loop
      vertex 24.1113 38.5862 0
      vertex 27.2908 43.6745 0
      vertex 25.4433 37.7212 0
    endloop
  endfacet
  facet normal -0 0 -1
    outer loop
      vertex 27.2908 43.6745 0
      vertex 24.1113 38.5862 0
      vertex 25.75 44.6003 0
    endloop
  endfacet
  facet normal 0 0 -1
    outer loop
      vertex 22.75 39.4042 0
      vertex 25.75 44.6003 0
      vertex 24.1113 38.5862 0
    endloop
  endfacet
  facet normal -0 0 -1
    outer loop
      vertex 25.75 44.6003 0
      vertex 22.75 39.4042 0
      vertex 24.1778 45.4718 0
    endloop
  endfacet
  facet normal 0 0 -1
    outer loop
      vertex 21.361 40.1741 0
      vertex 24.1778 45.4718 0
      vertex 22.75 39.4042 0
    endloop
  endfacet
  facet normal -0 0 -1
    outer loop
      vertex 24.1778 45.4718 0
      vertex 21.361 40.1741 0
      vertex 22.5761 46.2879 0
    endloop
  endfacet
  facet normal 0 0 -1
    outer loop
      vertex 19.9459 40.8951 0
      vertex 22.5761 46.2879 0
      vertex 21.361 40.1741 0
    endloop
  endfacet
  facet normal -0 0 -1
    outer loop
      vertex 22.5761 46.2879 0
      vertex 19.9459 40.8951 0
      vertex 20.9469 47.0476 0
    endloop
  endfacet
  facet normal 0 0 -1
    outer loop
      vertex 18.5065 41.5663 0
      vertex 20.9469 47.0476 0
      vertex 19.9459 40.8951 0
    endloop
  endfacet
  facet normal -0 0 -1
    outer loop
      vertex 20.9469 47.0476 0
      vertex 18.5065 41.5663 0
      vertex 19.2922 47.75 0
    endloop
  endfacet
  facet normal 0 0 -1
    outer loop
      vertex 17.0446 42.1869 0
      vertex 19.2922 47.75 0
      vertex 18.5065 41.5663 0
    endloop
  endfacet
  facet normal -0 0 -1
    outer loop
      vertex 19.2922 47.75 0
      vertex 17.0446 42.1869 0
      vertex 17.614 48.3942 0
    endloop
  endfacet
  facet normal 0 0 -1
    outer loop
      vertex 15.5619 42.756 0
      vertex 17.614 48.3942 0
      vertex 17.0446 42.1869 0
    endloop
  endfacet
  facet normal -0 0 -1
    outer loop
      vertex 17.614 48.3942 0
      vertex 15.5619 42.756 0
      vertex 15.9144 48.9794 0
    endloop
  endfacet
  facet normal 0 0 -1
    outer loop
      vertex 14.0603 43.2731 0
      vertex 15.9144 48.9794 0
      vertex 15.5619 42.756 0
    endloop
  endfacet
  facet normal -0 0 -1
    outer loop
      vertex 15.9144 48.9794 0
      vertex 14.0603 43.2731 0
      vertex 14.1953 49.505 0
    endloop
  endfacet
  facet normal 0 0 -1
    outer loop
      vertex 12.5415 43.7374 0
      vertex 14.1953 49.505 0
      vertex 14.0603 43.2731 0
    endloop
  endfacet
  facet normal 0 0 -1
    outer loop
      vertex 12.5415 43.7374 0
      vertex 12.459 49.9702 0
      vertex 14.1953 49.505 0
    endloop
  endfacet
  facet normal 0 0 -1
    outer loop
      vertex 11.0074 44.1485 0
      vertex 12.459 49.9702 0
      vertex 12.5415 43.7374 0
    endloop
  endfacet
  facet normal 0 0 -1
    outer loop
      vertex 11.0074 44.1485 0
      vertex 10.7075 50.3746 0
      vertex 12.459 49.9702 0
    endloop
  endfacet
  facet normal 0 0 -1
    outer loop
      vertex 9.45998 44.5057 0
      vertex 10.7075 50.3746 0
      vertex 11.0074 44.1485 0
    endloop
  endfacet
  facet normal 0 0 -1
    outer loop
      vertex 9.45998 44.5057 0
      vertex 8.94288 50.7176 0
      vertex 10.7075 50.3746 0
    endloop
  endfacet
  facet normal 0 0 -1
    outer loop
      vertex 7.90099 44.8088 0
      vertex 8.94288 50.7176 0
      vertex 9.45998 44.5057 0
    endloop
  endfacet
  facet normal 0 0 -1
    outer loop
      vertex 7.90099 44.8088 0
      vertex 7.16741 50.9988 0
      vertex 8.94288 50.7176 0
    endloop
  endfacet
  facet normal 0 0 -1
    outer loop
      vertex 6.33238 45.0572 0
      vertex 7.16741 50.9988 0
      vertex 7.90099 44.8088 0
    endloop
  endfacet
  facet normal 0 0 -1
    outer loop
      vertex 6.33238 45.0572 0
      vertex 5.38321 51.2179 0
      vertex 7.16741 50.9988 0
    endloop
  endfacet
  facet normal 0 0 -1
    outer loop
      vertex 4.75604 45.2507 0
      vertex 5.38321 51.2179 0
      vertex 6.33238 45.0572 0
    endloop
  endfacet
  facet normal 0 0 -1
    outer loop
      vertex 4.75604 45.2507 0
      vertex 3.59246 51.3745 0
      vertex 5.38321 51.2179 0
    endloop
  endfacet
  facet normal 0 0 -1
    outer loop
      vertex 3.17392 45.3892 0
      vertex 3.59246 51.3745 0
      vertex 4.75604 45.2507 0
    endloop
  endfacet
  facet normal 0 0 -1
    outer loop
      vertex 3.17392 45.3892 0
      vertex 1.79732 51.4686 0
      vertex 3.59246 51.3745 0
    endloop
  endfacet
  facet normal 0 0 -1
    outer loop
      vertex 1.58793 45.4723 0
      vertex 1.79732 51.4686 0
      vertex 3.17392 45.3892 0
    endloop
  endfacet
  facet normal 0 0 -1
    outer loop
      vertex 0 45.5 0
      vertex 1.79732 51.4686 0
      vertex 1.58793 45.4723 0
    endloop
  endfacet
  facet normal 0 0 -1
    outer loop
      vertex 0 45.5 0
      vertex 0 51.5 0
      vertex 1.79732 51.4686 0
    endloop
  endfacet
  facet normal 0 0 -1
    outer loop
      vertex -1.58793 45.4723 0
      vertex 0 51.5 0
      vertex 0 45.5 0
    endloop
  endfacet
  facet normal 0 0 -1
    outer loop
      vertex -1.58793 45.4723 0
      vertex -1.79732 51.4686 0
      vertex 0 51.5 0
    endloop
  endfacet
  facet normal 0 0 -1
    outer loop
      vertex -3.17392 45.3892 0
      vertex -1.79732 51.4686 0
      vertex -1.58793 45.4723 0
    endloop
  endfacet
  facet normal 0 0 -1
    outer loop
      vertex -3.17392 45.3892 0
      vertex -3.59246 51.3745 0
      vertex -1.79732 51.4686 0
    endloop
  endfacet
  facet normal 0 0 -1
    outer loop
      vertex -4.75604 45.2507 0
      vertex -3.59246 51.3745 0
      vertex -3.17392 45.3892 0
    endloop
  endfacet
  facet normal 0 0 -1
    outer loop
      vertex -4.75604 45.2507 0
      vertex -5.38321 51.2179 0
      vertex -3.59246 51.3745 0
    endloop
  endfacet
  facet normal 0 0 -1
    outer loop
      vertex -6.33238 45.0572 0
      vertex -5.38321 51.2179 0
      vertex -4.75604 45.2507 0
    endloop
  endfacet
  facet normal 0 0 -1
    outer loop
      vertex -6.33238 45.0572 0
      vertex -7.16741 50.9988 0
      vertex -5.38321 51.2179 0
    endloop
  endfacet
  facet normal 0 0 -1
    outer loop
      vertex -7.90099 44.8088 0
      vertex -7.16741 50.9988 0
      vertex -6.33238 45.0572 0
    endloop
  endfacet
  facet normal 0 0 -1
    outer loop
      vertex -7.90099 44.8088 0
      vertex -8.94288 50.7176 0
      vertex -7.16741 50.9988 0
    endloop
  endfacet
  facet normal 0 0 -1
    outer loop
      vertex -9.45998 44.5057 0
      vertex -8.94288 50.7176 0
      vertex -7.90099 44.8088 0
    endloop
  endfacet
  facet normal 0 0 -1
    outer loop
      vertex -9.45998 44.5057 0
      vertex -10.7075 50.3746 0
      vertex -8.94288 50.7176 0
    endloop
  endfacet
  facet normal 0 0 -1
    outer loop
      vertex -11.0074 44.1485 0
      vertex -10.7075 50.3746 0
      vertex -9.45998 44.5057 0
    endloop
  endfacet
  facet normal 0 0 -1
    outer loop
      vertex -11.0074 44.1485 0
      vertex -12.459 49.9702 0
      vertex -10.7075 50.3746 0
    endloop
  endfacet
  facet normal 0 0 -1
    outer loop
      vertex -12.5415 43.7374 0
      vertex -12.459 49.9702 0
      vertex -11.0074 44.1485 0
    endloop
  endfacet
  facet normal 0 0 -1
    outer loop
      vertex -14.1953 49.505 0
      vertex -12.5415 43.7374 0
      vertex -14.0603 43.2731 0
    endloop
  endfacet
  facet normal 0 0 -1
    outer loop
      vertex -12.5415 43.7374 0
      vertex -14.1953 49.505 0
      vertex -12.459 49.9702 0
    endloop
  endfacet
  facet normal 0 0 -1
    outer loop
      vertex -15.9144 48.9794 0
      vertex -14.0603 43.2731 0
      vertex -15.5619 42.756 0
    endloop
  endfacet
  facet normal 0 0 -1
    outer loop
      vertex -14.0603 43.2731 0
      vertex -15.9144 48.9794 0
      vertex -14.1953 49.505 0
    endloop
  endfacet
  facet normal 0 0 -1
    outer loop
      vertex -17.614 48.3942 0
      vertex -15.5619 42.756 0
      vertex -17.0446 42.1869 0
    endloop
  endfacet
  facet normal 0 0 -1
    outer loop
      vertex -15.5619 42.756 0
      vertex -17.614 48.3942 0
      vertex -15.9144 48.9794 0
    endloop
  endfacet
  facet normal 0 0 -1
    outer loop
      vertex -19.2922 47.75 0
      vertex -17.0446 42.1869 0
      vertex -18.5065 41.5663 0
    endloop
  endfacet
  facet normal 0 0 -1
    outer loop
      vertex -17.0446 42.1869 0
      vertex -19.2922 47.75 0
      vertex -17.614 48.3942 0
    endloop
  endfacet
  facet normal 0 0 -1
    outer loop
      vertex -20.9469 47.0476 0
      vertex -18.5065 41.5663 0
      vertex -19.9459 40.8951 0
    endloop
  endfacet
  facet normal 0 0 -1
    outer loop
      vertex -18.5065 41.5663 0
      vertex -20.9469 47.0476 0
      vertex -19.2922 47.75 0
    endloop
  endfacet
  facet normal 0 0 -1
    outer loop
      vertex -22.5761 46.2879 0
      vertex -19.9459 40.8951 0
      vertex -21.361 40.1741 0
    endloop
  endfacet
  facet normal 0 0 -1
    outer loop
      vertex -19.9459 40.8951 0
      vertex -22.5761 46.2879 0
      vertex -20.9469 47.0476 0
    endloop
  endfacet
  facet normal 0 0 -1
    outer loop
      vertex -24.1778 45.4718 0
      vertex -21.361 40.1741 0
      vertex -22.75 39.4042 0
    endloop
  endfacet
  facet normal 0 0 -1
    outer loop
      vertex -25.75 44.6003 0
      vertex -22.75 39.4042 0
      vertex -24.1113 38.5862 0
    endloop
  endfacet
  facet normal 0 0 -1
    outer loop
      vertex -21.361 40.1741 0
      vertex -24.1778 45.4718 0
      vertex -22.5761 46.2879 0
    endloop
  endfacet
  facet normal 0 0 -1
    outer loop
      vertex -27.2908 43.6745 0
      vertex -24.1113 38.5862 0
      vertex -25.4433 37.7212 0
    endloop
  endfacet
  facet normal 0 0 -1
    outer loop
      vertex -22.75 39.4042 0
      vertex -25.75 44.6003 0
      vertex -24.1778 45.4718 0
    endloop
  endfacet
  facet normal 0 0 -1
    outer loop
      vertex -28.7984 42.6954 0
      vertex -25.4433 37.7212 0
      vertex -26.7442 36.8103 0
    endloop
  endfacet
  facet normal 0 0 -1
    outer loop
      vertex -24.1113 38.5862 0
      vertex -27.2908 43.6745 0
      vertex -25.75 44.6003 0
    endloop
  endfacet
  facet normal 0 0 -1
    outer loop
      vertex -30.2709 41.6644 0
      vertex -26.7442 36.8103 0
      vertex -28.0126 35.8545 0
    endloop
  endfacet
  facet normal 0 0 -1
    outer loop
      vertex -25.4433 37.7212 0
      vertex -28.7984 42.6954 0
      vertex -27.2908 43.6745 0
    endloop
  endfacet
  facet normal 0 0 -1
    outer loop
      vertex -31.7066 40.5826 0
      vertex -28.0126 35.8545 0
      vertex -29.2468 34.855 0
    endloop
  endfacet
  facet normal 0 0 -1
    outer loop
      vertex -26.7442 36.8103 0
      vertex -30.2709 41.6644 0
      vertex -28.7984 42.6954 0
    endloop
  endfacet
  facet normal 0 0 -1
    outer loop
      vertex -33.1036 39.4513 0
      vertex -29.2468 34.855 0
      vertex -30.4454 33.8131 0
    endloop
  endfacet
  facet normal 0 0 -1
    outer loop
      vertex -34.4602 38.272 0
      vertex -30.4454 33.8131 0
      vertex -31.607 32.73 0
    endloop
  endfacet
  facet normal 0 0 -1
    outer loop
      vertex -28.0126 35.8545 0
      vertex -31.7066 40.5826 0
      vertex -30.2709 41.6644 0
    endloop
  endfacet
  facet normal 0 0 -1
    outer loop
      vertex -35.7749 37.046 0
      vertex -31.607 32.73 0
      vertex -32.73 31.607 0
    endloop
  endfacet
  facet normal 0 0 -1
    outer loop
      vertex -29.2468 34.855 0
      vertex -33.1036 39.4513 0
      vertex -31.7066 40.5826 0
    endloop
  endfacet
  facet normal 0 0 -1
    outer loop
      vertex -37.046 35.7749 0
      vertex -32.73 31.607 0
      vertex -33.8131 30.4454 0
    endloop
  endfacet
  facet normal 0 0 -1
    outer loop
      vertex -30.4454 33.8131 0
      vertex -34.4602 38.272 0
      vertex -33.1036 39.4513 0
    endloop
  endfacet
  facet normal 0 0 -1
    outer loop
      vertex -38.272 34.4602 0
      vertex -33.8131 30.4454 0
      vertex -34.855 29.2468 0
    endloop
  endfacet
  facet normal 0 0 -1
    outer loop
      vertex -31.607 32.73 0
      vertex -35.7749 37.046 0
      vertex -34.4602 38.272 0
    endloop
  endfacet
  facet normal 0 0 -1
    outer loop
      vertex -39.4513 33.1036 0
      vertex -34.855 29.2468 0
      vertex -35.8545 28.0126 0
    endloop
  endfacet
  facet normal 0 0 -1
    outer loop
      vertex -40.5826 31.7066 0
      vertex -35.8545 28.0126 0
      vertex -36.8103 26.7442 0
    endloop
  endfacet
  facet normal 0 0 -1
    outer loop
      vertex -32.73 31.607 0
      vertex -37.046 35.7749 0
      vertex -35.7749 37.046 0
    endloop
  endfacet
  facet normal 0 0 -1
    outer loop
      vertex -41.6644 30.2709 0
      vertex -36.8103 26.7442 0
      vertex -37.7212 25.4433 0
    endloop
  endfacet
  facet normal 0 0 -1
    outer loop
      vertex -33.8131 30.4454 0
      vertex -38.272 34.4602 0
      vertex -37.046 35.7749 0
    endloop
  endfacet
  facet normal 0 0 -1
    outer loop
      vertex -42.6954 28.7984 0
      vertex -37.7212 25.4433 0
      vertex -38.5862 24.1113 0
    endloop
  endfacet
  facet normal 0 0 -1
    outer loop
      vertex -43.6745 27.2908 0
      vertex -38.5862 24.1113 0
      vertex -39.4042 22.75 0
    endloop
  endfacet
  facet normal 0 0 -1
    outer loop
      vertex -34.855 29.2468 0
      vertex -39.4513 33.1036 0
      vertex -38.272 34.4602 0
    endloop
  endfacet
  facet normal 0 0 -1
    outer loop
      vertex -44.6003 25.75 0
      vertex -39.4042 22.75 0
      vertex -40.1741 21.361 0
    endloop
  endfacet
  facet normal 0 0 -1
    outer loop
      vertex -35.8545 28.0126 0
      vertex -40.5826 31.7066 0
      vertex -39.4513 33.1036 0
    endloop
  endfacet
  facet normal 0 0 -1
    outer loop
      vertex -45.4718 24.1778 0
      vertex -40.1741 21.361 0
      vertex -40.8951 19.9459 0
    endloop
  endfacet
  facet normal 0 0 -1
    outer loop
      vertex -46.2879 22.5761 0
      vertex -40.8951 19.9459 0
      vertex -41.5663 18.5065 0
    endloop
  endfacet
  facet normal 0 0 -1
    outer loop
      vertex -36.8103 26.7442 0
      vertex -41.6644 30.2709 0
      vertex -40.5826 31.7066 0
    endloop
  endfacet
  facet normal 0 0 -1
    outer loop
      vertex -47.0476 20.9469 0
      vertex -41.5663 18.5065 0
      vertex -42.1869 17.0446 0
    endloop
  endfacet
  facet normal 0 0 -1
    outer loop
      vertex -37.7212 25.4433 0
      vertex -42.6954 28.7984 0
      vertex -41.6644 30.2709 0
    endloop
  endfacet
  facet normal 0 0 -1
    outer loop
      vertex -47.75 19.2922 0
      vertex -42.1869 17.0446 0
      vertex -42.756 15.5619 0
    endloop
  endfacet
  facet normal 0 0 -1
    outer loop
      vertex -48.3942 17.614 0
      vertex -42.756 15.5619 0
      vertex -43.2731 14.0603 0
    endloop
  endfacet
  facet normal 0 0 -1
    outer loop
      vertex -38.5862 24.1113 0
      vertex -43.6745 27.2908 0
      vertex -42.6954 28.7984 0
    endloop
  endfacet
  facet normal 0 0 -1
    outer loop
      vertex -48.9794 15.9144 0
      vertex -43.2731 14.0603 0
      vertex -43.7374 12.5415 0
    endloop
  endfacet
  facet normal 0 0 -1
    outer loop
      vertex -49.505 14.1953 0
      vertex -43.7374 12.5415 0
      vertex -44.1485 11.0074 0
    endloop
  endfacet
  facet normal 0 0 -1
    outer loop
      vertex -49.9702 12.459 0
      vertex -44.1485 11.0074 0
      vertex -44.5057 9.45998 0
    endloop
  endfacet
  facet normal 0 0 -1
    outer loop
      vertex -39.4042 22.75 0
      vertex -44.6003 25.75 0
      vertex -43.6745 27.2908 0
    endloop
  endfacet
  facet normal 0 0 -1
    outer loop
      vertex -50.3746 10.7075 0
      vertex -44.5057 9.45998 0
      vertex -44.8088 7.90099 0
    endloop
  endfacet
  facet normal 0 0 -1
    outer loop
      vertex -50.7176 8.94288 0
      vertex -44.8088 7.90099 0
      vertex -45.0572 6.33238 0
    endloop
  endfacet
  facet normal 0 0 -1
    outer loop
      vertex -50.9988 7.16741 0
      vertex -45.0572 6.33238 0
      vertex -45.2507 4.75604 0
    endloop
  endfacet
  facet normal 0 0 -1
    outer loop
      vertex -51.2179 5.38321 0
      vertex -45.2507 4.75604 0
      vertex -45.3892 3.17392 0
    endloop
  endfacet
  facet normal 0 0 -1
    outer loop
      vertex -40.1741 21.361 0
      vertex -45.4718 24.1778 0
      vertex -44.6003 25.75 0
    endloop
  endfacet
  facet normal 0 0 -1
    outer loop
      vertex -51.3745 3.59246 0
      vertex -45.3892 3.17392 0
      vertex -45.4723 1.58793 0
    endloop
  endfacet
  facet normal 0 0 -1
    outer loop
      vertex -51.4686 1.79732 0
      vertex -45.4723 1.58793 0
      vertex -45.5 0 0
    endloop
  endfacet
  facet normal 0 0 -1
    outer loop
      vertex -50.3746 -10.7075 0
      vertex -44.5057 -9.45998 0
      vertex -49.9702 -12.459 0
    endloop
  endfacet
  facet normal 0 0 -1
    outer loop
      vertex -40.8951 19.9459 0
      vertex -46.2879 22.5761 0
      vertex -45.4718 24.1778 0
    endloop
  endfacet
  facet normal -0 0 -1
    outer loop
      vertex -44.5057 -9.45998 0
      vertex -50.3746 -10.7075 0
      vertex -44.8088 -7.90099 0
    endloop
  endfacet
  facet normal 0 0 -1
    outer loop
      vertex -41.5663 18.5065 0
      vertex -47.0476 20.9469 0
      vertex -46.2879 22.5761 0
    endloop
  endfacet
  facet normal 0 0 -1
    outer loop
      vertex -50.7176 -8.94288 0
      vertex -44.8088 -7.90099 0
      vertex -50.3746 -10.7075 0
    endloop
  endfacet
  facet normal 0 0 -1
    outer loop
      vertex -42.1869 17.0446 0
      vertex -47.75 19.2922 0
      vertex -47.0476 20.9469 0
    endloop
  endfacet
  facet normal -0 0 -1
    outer loop
      vertex -44.8088 -7.90099 0
      vertex -50.7176 -8.94288 0
      vertex -45.0572 -6.33238 0
    endloop
  endfacet
  facet normal 0 0 -1
    outer loop
      vertex -42.756 15.5619 0
      vertex -48.3942 17.614 0
      vertex -47.75 19.2922 0
    endloop
  endfacet
  facet normal 0 0 -1
    outer loop
      vertex -50.9988 -7.16741 0
      vertex -45.0572 -6.33238 0
      vertex -50.7176 -8.94288 0
    endloop
  endfacet
  facet normal 0 0 -1
    outer loop
      vertex -43.2731 14.0603 0
      vertex -48.9794 15.9144 0
      vertex -48.3942 17.614 0
    endloop
  endfacet
  facet normal -0 0 -1
    outer loop
      vertex -45.0572 -6.33238 0
      vertex -50.9988 -7.16741 0
      vertex -45.2507 -4.75604 0
    endloop
  endfacet
  facet normal 0 0 -1
    outer loop
      vertex -43.7374 12.5415 0
      vertex -49.505 14.1953 0
      vertex -48.9794 15.9144 0
    endloop
  endfacet
  facet normal 0 0 -1
    outer loop
      vertex -51.2179 -5.38321 0
      vertex -45.2507 -4.75604 0
      vertex -50.9988 -7.16741 0
    endloop
  endfacet
  facet normal 0 0 -1
    outer loop
      vertex -44.1485 11.0074 0
      vertex -49.9702 12.459 0
      vertex -49.505 14.1953 0
    endloop
  endfacet
  facet normal -0 0 -1
    outer loop
      vertex -45.2507 -4.75604 0
      vertex -51.2179 -5.38321 0
      vertex -45.3892 -3.17392 0
    endloop
  endfacet
  facet normal 0 0 -1
    outer loop
      vertex -44.5057 9.45998 0
      vertex -50.3746 10.7075 0
      vertex -49.9702 12.459 0
    endloop
  endfacet
  facet normal 0 0 -1
    outer loop
      vertex -51.3745 -3.59246 0
      vertex -45.3892 -3.17392 0
      vertex -51.2179 -5.38321 0
    endloop
  endfacet
  facet normal 0 0 -1
    outer loop
      vertex -44.8088 7.90099 0
      vertex -50.7176 8.94288 0
      vertex -50.3746 10.7075 0
    endloop
  endfacet
  facet normal -0 0 -1
    outer loop
      vertex -45.3892 -3.17392 0
      vertex -51.3745 -3.59246 0
      vertex -45.4723 -1.58793 0
    endloop
  endfacet
  facet normal 0 0 -1
    outer loop
      vertex -45.0572 6.33238 0
      vertex -50.9988 7.16741 0
      vertex -50.7176 8.94288 0
    endloop
  endfacet
  facet normal 0 0 -1
    outer loop
      vertex -51.4686 -1.79732 0
      vertex -45.4723 -1.58793 0
      vertex -51.3745 -3.59246 0
    endloop
  endfacet
  facet normal 0 0 -1
    outer loop
      vertex -45.2507 4.75604 0
      vertex -51.2179 5.38321 0
      vertex -50.9988 7.16741 0
    endloop
  endfacet
  facet normal -0 0 -1
    outer loop
      vertex -45.4723 -1.58793 0
      vertex -51.4686 -1.79732 0
      vertex -45.5 0 0
    endloop
  endfacet
  facet normal 0 0 -1
    outer loop
      vertex -45.3892 3.17392 0
      vertex -51.3745 3.59246 0
      vertex -51.2179 5.38321 0
    endloop
  endfacet
  facet normal 0 0 -1
    outer loop
      vertex -51.5 0 0
      vertex -45.5 0 0
      vertex -51.4686 -1.79732 0
    endloop
  endfacet
  facet normal 0 0 -1
    outer loop
      vertex -45.4723 1.58793 0
      vertex -51.4686 1.79732 0
      vertex -51.3745 3.59246 0
    endloop
  endfacet
  facet normal 0 0 -1
    outer loop
      vertex -45.5 0 0
      vertex -51.5 0 0
      vertex -51.4686 1.79732 0
    endloop
  endfacet
  facet normal 0.987689 -0.156431 0
    outer loop
      vertex 50.7176 -8.94288 5
      vertex 50.9988 -7.16741 0
      vertex 50.9988 -7.16741 5
    endloop
  endfacet
  facet normal 0.987689 -0.156431 0
    outer loop
      vertex 50.9988 -7.16741 0
      vertex 50.7176 -8.94288 5
      vertex 50.7176 -8.94288 0
    endloop
  endfacet
  facet normal 0.857169 0.515036 0
    outer loop
      vertex 44.6003 25.75 5
      vertex 43.6745 27.2908 0
      vertex 43.6745 27.2908 5
    endloop
  endfacet
  facet normal 0.857169 0.515036 0
    outer loop
      vertex 43.6745 27.2908 0
      vertex 44.6003 25.75 5
      vertex 44.6003 25.75 0
    endloop
  endfacet
  facet normal 0.629331 -0.777137 0
    outer loop
      vertex 31.7066 -40.5826 0
      vertex 33.1036 -39.4513 5
      vertex 31.7066 -40.5826 5
    endloop
  endfacet
  facet normal 0.629331 -0.777137 0
    outer loop
      vertex 33.1036 -39.4513 5
      vertex 31.7066 -40.5826 0
      vertex 33.1036 -39.4513 0
    endloop
  endfacet
  facet normal 0.987689 0.156431 0
    outer loop
      vertex 50.9988 7.16741 5
      vertex 50.7176 8.94288 0
      vertex 50.7176 8.94288 5
    endloop
  endfacet
  facet normal 0.987689 0.156431 0
    outer loop
      vertex 50.7176 8.94288 0
      vertex 50.9988 7.16741 5
      vertex 50.9988 7.16741 0
    endloop
  endfacet
  facet normal -0.819167 0.573556 0
    outer loop
      vertex -42.6954 28.7984 0
      vertex -41.6644 30.2709 5
      vertex -41.6644 30.2709 0
    endloop
  endfacet
  facet normal -0.819167 0.573556 0
    outer loop
      vertex -41.6644 30.2709 5
      vertex -42.6954 28.7984 0
      vertex -42.6954 28.7984 5
    endloop
  endfacet
  facet normal -0.190805 -0.981628 0
    outer loop
      vertex -10.7075 -50.3746 0
      vertex -8.94288 -50.7176 5
      vertex -10.7075 -50.3746 5
    endloop
  endfacet
  facet normal -0.190805 -0.981628 -0
    outer loop
      vertex -8.94288 -50.7176 5
      vertex -10.7075 -50.3746 0
      vertex -8.94288 -50.7176 0
    endloop
  endfacet
  facet normal -0.515036 -0.857169 0
    outer loop
      vertex -27.2908 -43.6745 0
      vertex -25.75 -44.6003 5
      vertex -27.2908 -43.6745 5
    endloop
  endfacet
  facet normal -0.515036 -0.857169 -0
    outer loop
      vertex -25.75 -44.6003 5
      vertex -27.2908 -43.6745 0
      vertex -25.75 -44.6003 0
    endloop
  endfacet
  facet normal 0.190805 -0.981628 0
    outer loop
      vertex 8.94288 -50.7176 0
      vertex 10.7075 -50.3746 5
      vertex 8.94288 -50.7176 5
    endloop
  endfacet
  facet normal 0.190805 -0.981628 0
    outer loop
      vertex 10.7075 -50.3746 5
      vertex 8.94288 -50.7176 0
      vertex 10.7075 -50.3746 0
    endloop
  endfacet
  facet normal 0.156431 -0.987689 0
    outer loop
      vertex 7.16741 -50.9988 0
      vertex 8.94288 -50.7176 5
      vertex 7.16741 -50.9988 5
    endloop
  endfacet
  facet normal 0.156431 -0.987689 0
    outer loop
      vertex 8.94288 -50.7176 5
      vertex 7.16741 -50.9988 0
      vertex 8.94288 -50.7176 0
    endloop
  endfacet
  facet normal -0.965931 0.258798 0
    outer loop
      vertex -49.9702 12.459 0
      vertex -49.505 14.1953 5
      vertex -49.505 14.1953 0
    endloop
  endfacet
  facet normal -0.965931 0.258798 0
    outer loop
      vertex -49.505 14.1953 5
      vertex -49.9702 12.459 0
      vertex -49.9702 12.459 5
    endloop
  endfacet
  facet normal -0.981628 0.190805 0
    outer loop
      vertex -50.7176 8.94288 0
      vertex -50.3746 10.7075 5
      vertex -50.3746 10.7075 0
    endloop
  endfacet
  facet normal -0.981628 0.190805 0
    outer loop
      vertex -50.3746 10.7075 5
      vertex -50.7176 8.94288 0
      vertex -50.7176 8.94288 5
    endloop
  endfacet
  facet normal -0.987689 0.156431 0
    outer loop
      vertex -50.9988 7.16741 0
      vertex -50.7176 8.94288 5
      vertex -50.7176 8.94288 0
    endloop
  endfacet
  facet normal -0.987689 0.156431 0
    outer loop
      vertex -50.7176 8.94288 5
      vertex -50.9988 7.16741 0
      vertex -50.9988 7.16741 5
    endloop
  endfacet
  facet normal 0.292381 0.956302 -0
    outer loop
      vertex 15.9144 48.9794 0
      vertex 14.1953 49.505 5
      vertex 15.9144 48.9794 5
    endloop
  endfacet
  facet normal 0.292381 0.956302 0
    outer loop
      vertex 14.1953 49.505 5
      vertex 15.9144 48.9794 0
      vertex 14.1953 49.505 0
    endloop
  endfacet
  facet normal -0.453987 -0.891008 0
    outer loop
      vertex -24.1778 -45.4718 0
      vertex -22.5761 -46.2879 5
      vertex -24.1778 -45.4718 5
    endloop
  endfacet
  facet normal -0.453987 -0.891008 -0
    outer loop
      vertex -22.5761 -46.2879 5
      vertex -24.1778 -45.4718 0
      vertex -22.5761 -46.2879 0
    endloop
  endfacet
  facet normal -0.422614 0.90631 0
    outer loop
      vertex -20.9469 47.0476 0
      vertex -22.5761 46.2879 5
      vertex -20.9469 47.0476 5
    endloop
  endfacet
  facet normal -0.422614 0.90631 0
    outer loop
      vertex -22.5761 46.2879 5
      vertex -20.9469 47.0476 0
      vertex -22.5761 46.2879 0
    endloop
  endfacet
  facet normal 0.325559 0.945522 -0
    outer loop
      vertex 17.614 48.3942 0
      vertex 15.9144 48.9794 5
      vertex 17.614 48.3942 5
    endloop
  endfacet
  facet normal 0.325559 0.945522 0
    outer loop
      vertex 15.9144 48.9794 5
      vertex 17.614 48.3942 0
      vertex 15.9144 48.9794 0
    endloop
  endfacet
  facet normal -0.484816 -0.874616 0
    outer loop
      vertex -25.75 -44.6003 0
      vertex -24.1778 -45.4718 5
      vertex -25.75 -44.6003 5
    endloop
  endfacet
  facet normal -0.484816 -0.874616 -0
    outer loop
      vertex -24.1778 -45.4718 5
      vertex -25.75 -44.6003 0
      vertex -24.1778 -45.4718 0
    endloop
  endfacet
  facet normal -0.956302 -0.292381 0
    outer loop
      vertex -48.9794 -15.9144 0
      vertex -49.505 -14.1953 5
      vertex -49.505 -14.1953 0
    endloop
  endfacet
  facet normal -0.956302 -0.292381 0
    outer loop
      vertex -49.505 -14.1953 5
      vertex -48.9794 -15.9144 0
      vertex -48.9794 -15.9144 5
    endloop
  endfacet
  facet normal -0.90631 -0.422614 0
    outer loop
      vertex -46.2879 -22.5761 0
      vertex -47.0476 -20.9469 5
      vertex -47.0476 -20.9469 0
    endloop
  endfacet
  facet normal -0.90631 -0.422614 0
    outer loop
      vertex -47.0476 -20.9469 5
      vertex -46.2879 -22.5761 0
      vertex -46.2879 -22.5761 5
    endloop
  endfacet
  facet normal 0.358368 -0.933581 0
    outer loop
      vertex 17.614 -48.3942 0
      vertex 19.2922 -47.75 5
      vertex 17.614 -48.3942 5
    endloop
  endfacet
  facet normal 0.358368 -0.933581 0
    outer loop
      vertex 19.2922 -47.75 5
      vertex 17.614 -48.3942 0
      vertex 19.2922 -47.75 0
    endloop
  endfacet
  facet normal -0.422614 -0.90631 0
    outer loop
      vertex -22.5761 -46.2879 0
      vertex -20.9469 -47.0476 5
      vertex -22.5761 -46.2879 5
    endloop
  endfacet
  facet normal -0.422614 -0.90631 -0
    outer loop
      vertex -20.9469 -47.0476 5
      vertex -22.5761 -46.2879 0
      vertex -20.9469 -47.0476 0
    endloop
  endfacet
  facet normal 0.90631 -0.422614 0
    outer loop
      vertex 46.2879 -22.5761 5
      vertex 47.0476 -20.9469 0
      vertex 47.0476 -20.9469 5
    endloop
  endfacet
  facet normal 0.90631 -0.422614 0
    outer loop
      vertex 47.0476 -20.9469 0
      vertex 46.2879 -22.5761 5
      vertex 46.2879 -22.5761 0
    endloop
  endfacet
  facet normal 0 0 1
    outer loop
      vertex 47 0 5
      vertex 51.5 0 5
      vertex 51.4686 1.79732 5
    endloop
  endfacet
  facet normal 0 0 1
    outer loop
      vertex 46.9714 1.64028 5
      vertex 51.4686 1.79732 5
      vertex 51.3745 3.59246 5
    endloop
  endfacet
  facet normal 0 0 1
    outer loop
      vertex 51.5 0 5
      vertex 47 0 5
      vertex 51.4686 -1.79732 5
    endloop
  endfacet
  facet normal 0 0 1
    outer loop
      vertex 46.8846 3.28903 5
      vertex 51.3745 3.59246 5
      vertex 51.2179 5.38321 5
    endloop
  endfacet
  facet normal -0 0 1
    outer loop
      vertex 46.9716 -1.62976 5
      vertex 51.4686 -1.79732 5
      vertex 47 0 5
    endloop
  endfacet
  facet normal 0 0 1
    outer loop
      vertex 46.7425 4.91284 5
      vertex 51.2179 5.38321 5
      vertex 50.9988 7.16741 5
    endloop
  endfacet
  facet normal -0 0 1
    outer loop
      vertex 46.9714 -1.64028 5
      vertex 51.4686 -1.79732 5
      vertex 46.9716 -1.62976 5
    endloop
  endfacet
  facet normal 0 0 1
    outer loop
      vertex 46.541 6.55152 5
      vertex 50.9988 7.16741 5
      vertex 50.7176 8.94288 5
    endloop
  endfacet
  facet normal 0 0 1
    outer loop
      vertex 51.4686 -1.79732 5
      vertex 46.9714 -1.64028 5
      vertex 51.3745 -3.59246 5
    endloop
  endfacet
  facet normal 0 0 1
    outer loop
      vertex 46.286 8.16146 5
      vertex 50.7176 8.94288 5
      vertex 50.3746 10.7075 5
    endloop
  endfacet
  facet normal -0 0 1
    outer loop
      vertex 46.8861 -3.26805 5
      vertex 51.3745 -3.59246 5
      vertex 46.9714 -1.64028 5
    endloop
  endfacet
  facet normal 0 0 1
    outer loop
      vertex 45.9729 9.77185 5
      vertex 50.3746 10.7075 5
      vertex 49.9702 12.459 5
    endloop
  endfacet
  facet normal -0 0 1
    outer loop
      vertex 46.8855 -3.27855 5
      vertex 51.3745 -3.59246 5
      vertex 46.8861 -3.26805 5
    endloop
  endfacet
  facet normal 0 0 1
    outer loop
      vertex 45.6012 11.3805 5
      vertex 49.9702 12.459 5
      vertex 49.505 14.1953 5
    endloop
  endfacet
  facet normal -0 0 1
    outer loop
      vertex 46.8846 -3.28903 5
      vertex 51.3745 -3.59246 5
      vertex 46.8855 -3.27855 5
    endloop
  endfacet
  facet normal 0 0 1
    outer loop
      vertex 45.1793 12.955 5
      vertex 49.505 14.1953 5
      vertex 48.9794 15.9144 5
    endloop
  endfacet
  facet normal 0 0 1
    outer loop
      vertex 51.3745 -3.59246 5
      vertex 46.8846 -3.28903 5
      vertex 51.2179 -5.38321 5
    endloop
  endfacet
  facet normal 0 0 1
    outer loop
      vertex 44.6962 14.5337 5
      vertex 48.9794 15.9144 5
      vertex 48.3942 17.614 5
    endloop
  endfacet
  facet normal -0 0 1
    outer loop
      vertex 46.7425 -4.91284 5
      vertex 51.2179 -5.38321 5
      vertex 46.8846 -3.28903 5
    endloop
  endfacet
  facet normal 0 0 1
    outer loop
      vertex 44.1618 16.0848 5
      vertex 48.3942 17.614 5
      vertex 47.75 19.2922 5
    endloop
  endfacet
  facet normal 0 0 1
    outer loop
      vertex 51.2179 -5.38321 5
      vertex 46.7425 -4.91284 5
      vertex 50.9988 -7.16741 5
    endloop
  endfacet
  facet normal 0 0 1
    outer loop
      vertex 43.5776 17.6065 5
      vertex 47.75 19.2922 5
      vertex 47.0476 20.9469 5
    endloop
  endfacet
  facet normal -0 0 1
    outer loop
      vertex 46.5439 -6.5307 5
      vertex 50.9988 -7.16741 5
      vertex 46.7425 -4.91284 5
    endloop
  endfacet
  facet normal -0 0 1
    outer loop
      vertex 46.5426 -6.54114 5
      vertex 50.9988 -7.16741 5
      vertex 46.5439 -6.5307 5
    endloop
  endfacet
  facet normal 0 0 1
    outer loop
      vertex 51.4686 1.79732 5
      vertex 46.9716 1.62976 5
      vertex 47 0 5
    endloop
  endfacet
  facet normal 0 0 1
    outer loop
      vertex 51.4686 1.79732 5
      vertex 46.9714 1.64028 5
      vertex 46.9716 1.62976 5
    endloop
  endfacet
  facet normal 0 0 1
    outer loop
      vertex 51.3745 3.59246 5
      vertex 46.8861 3.26805 5
      vertex 46.9714 1.64028 5
    endloop
  endfacet
  facet normal 0 0 1
    outer loop
      vertex 51.3745 3.59246 5
      vertex 46.8855 3.27855 5
      vertex 46.8861 3.26805 5
    endloop
  endfacet
  facet normal 0 0 1
    outer loop
      vertex 51.3745 3.59246 5
      vertex 46.8846 3.28903 5
      vertex 46.8855 3.27855 5
    endloop
  endfacet
  facet normal 0 0 1
    outer loop
      vertex 51.2179 5.38321 5
      vertex 46.7425 4.91284 5
      vertex 46.8846 3.28903 5
    endloop
  endfacet
  facet normal 0 0 1
    outer loop
      vertex 50.9988 7.16741 5
      vertex 46.5439 6.5307 5
      vertex 46.7425 4.91284 5
    endloop
  endfacet
  facet normal 0 0 1
    outer loop
      vertex 50.9988 7.16741 5
      vertex 46.5426 6.54114 5
      vertex 46.5439 6.5307 5
    endloop
  endfacet
  facet normal 0 0 1
    outer loop
      vertex 50.9988 7.16741 5
      vertex 46.541 6.55152 5
      vertex 46.5426 6.54114 5
    endloop
  endfacet
  facet normal 0 0 1
    outer loop
      vertex 42.9366 19.1166 5
      vertex 47.0476 20.9469 5
      vertex 46.2879 22.5761 5
    endloop
  endfacet
  facet normal 0 0 1
    outer loop
      vertex 50.7176 8.94288 5
      vertex 46.286 8.16146 5
      vertex 46.541 6.55152 5
    endloop
  endfacet
  facet normal 0 0 1
    outer loop
      vertex 50.3746 10.7075 5
      vertex 45.9749 9.76153 5
      vertex 46.286 8.16146 5
    endloop
  endfacet
  facet normal 0 0 1
    outer loop
      vertex 50.3746 10.7075 5
      vertex 45.9729 9.77185 5
      vertex 45.9749 9.76153 5
    endloop
  endfacet
  facet normal 0 0 1
    outer loop
      vertex 49.9702 12.459 5
      vertex 45.6063 11.3601 5
      vertex 45.9729 9.77185 5
    endloop
  endfacet
  facet normal 0 0 1
    outer loop
      vertex 49.9702 12.459 5
      vertex 45.6039 11.3703 5
      vertex 45.6063 11.3601 5
    endloop
  endfacet
  facet normal 0 0 1
    outer loop
      vertex 49.9702 12.459 5
      vertex 45.6012 11.3805 5
      vertex 45.6039 11.3703 5
    endloop
  endfacet
  facet normal 0 0 1
    outer loop
      vertex 42.2385 20.6128 5
      vertex 46.2879 22.5761 5
      vertex 45.4718 24.1778 5
    endloop
  endfacet
  facet normal 0 0 1
    outer loop
      vertex 49.505 14.1953 5
      vertex 45.1793 12.955 5
      vertex 45.6012 11.3805 5
    endloop
  endfacet
  facet normal 0 0 1
    outer loop
      vertex 48.9794 15.9144 5
      vertex 44.7027 14.5137 5
      vertex 45.1793 12.955 5
    endloop
  endfacet
  facet normal 0 0 1
    outer loop
      vertex 48.9794 15.9144 5
      vertex 44.6997 14.5238 5
      vertex 44.7027 14.5137 5
    endloop
  endfacet
  facet normal 0 0 1
    outer loop
      vertex 48.9794 15.9144 5
      vertex 44.6962 14.5337 5
      vertex 44.6997 14.5238 5
    endloop
  endfacet
  facet normal 0 0 1
    outer loop
      vertex 41.4934 22.0744 5
      vertex 45.4718 24.1778 5
      vertex 44.6003 25.75 5
    endloop
  endfacet
  facet normal 0 0 1
    outer loop
      vertex 48.3942 17.614 5
      vertex 44.1656 16.0749 5
      vertex 44.6962 14.5337 5
    endloop
  endfacet
  facet normal 0 0 1
    outer loop
      vertex 48.3942 17.614 5
      vertex 44.1618 16.0848 5
      vertex 44.1656 16.0749 5
    endloop
  endfacet
  facet normal 0 0 1
    outer loop
      vertex 40.6978 23.509 5
      vertex 44.6003 25.75 5
      vertex 43.6745 27.2908 5
    endloop
  endfacet
  facet normal 0 0 1
    outer loop
      vertex 47.75 19.2922 5
      vertex 43.5776 17.6065 5
      vertex 44.1618 16.0848 5
    endloop
  endfacet
  facet normal 0 0 1
    outer loop
      vertex 47.0476 20.9469 5
      vertex 42.9407 19.1069 5
      vertex 43.5776 17.6065 5
    endloop
  endfacet
  facet normal 0 0 1
    outer loop
      vertex 47.0476 20.9469 5
      vertex 42.9366 19.1166 5
      vertex 42.9407 19.1069 5
    endloop
  endfacet
  facet normal 0 0 1
    outer loop
      vertex 39.8583 24.9062 5
      vertex 43.6745 27.2908 5
      vertex 42.6954 28.7984 5
    endloop
  endfacet
  facet normal 0 0 1
    outer loop
      vertex 46.2879 22.5761 5
      vertex 42.2478 20.5939 5
      vertex 42.9366 19.1166 5
    endloop
  endfacet
  facet normal 0 0 1
    outer loop
      vertex 46.2879 22.5761 5
      vertex 42.2433 20.6034 5
      vertex 42.2478 20.5939 5
    endloop
  endfacet
  facet normal 0 0 1
    outer loop
      vertex 46.2879 22.5761 5
      vertex 42.2385 20.6128 5
      vertex 42.2433 20.6034 5
    endloop
  endfacet
  facet normal 0 0 1
    outer loop
      vertex 38.9587 26.2907 5
      vertex 42.6954 28.7984 5
      vertex 41.6644 30.2709 5
    endloop
  endfacet
  facet normal 0 0 1
    outer loop
      vertex 45.4718 24.1778 5
      vertex 41.4985 22.0652 5
      vertex 42.2385 20.6128 5
    endloop
  endfacet
  facet normal 0 0 1
    outer loop
      vertex 45.4718 24.1778 5
      vertex 41.4934 22.0744 5
      vertex 41.4985 22.0652 5
    endloop
  endfacet
  facet normal 0 0 1
    outer loop
      vertex 44.6003 25.75 5
      vertex 40.7032 23.5 5
      vertex 41.4934 22.0744 5
    endloop
  endfacet
  facet normal 0 0 1
    outer loop
      vertex 44.6003 25.75 5
      vertex 40.6978 23.509 5
      vertex 40.7032 23.5 5
    endloop
  endfacet
  facet normal 0 0 1
    outer loop
      vertex 38.0238 27.6259 5
      vertex 41.6644 30.2709 5
      vertex 40.5826 31.7066 5
    endloop
  endfacet
  facet normal 0 0 1
    outer loop
      vertex 43.6745 27.2908 5
      vertex 39.8583 24.9062 5
      vertex 40.6978 23.509 5
    endloop
  endfacet
  facet normal 0 0 1
    outer loop
      vertex 37.0365 28.9361 5
      vertex 40.5826 31.7066 5
      vertex 39.4513 33.1036 5
    endloop
  endfacet
  facet normal 0 0 1
    outer loop
      vertex 42.6954 28.7984 5
      vertex 38.9705 26.2732 5
      vertex 39.8583 24.9062 5
    endloop
  endfacet
  facet normal 0 0 1
    outer loop
      vertex 42.6954 28.7984 5
      vertex 38.9648 26.2821 5
      vertex 38.9705 26.2732 5
    endloop
  endfacet
  facet normal 0 0 1
    outer loop
      vertex 42.6954 28.7984 5
      vertex 38.9587 26.2907 5
      vertex 38.9648 26.2821 5
    endloop
  endfacet
  facet normal 0 0 1
    outer loop
      vertex 35.9972 30.219 5
      vertex 39.4513 33.1036 5
      vertex 38.272 34.4602 5
    endloop
  endfacet
  facet normal 0 0 1
    outer loop
      vertex 41.6644 30.2709 5
      vertex 38.0238 27.6259 5
      vertex 38.9587 26.2907 5
    endloop
  endfacet
  facet normal 0 0 1
    outer loop
      vertex 34.9206 31.4568 5
      vertex 38.272 34.4602 5
      vertex 37.046 35.7749 5
    endloop
  endfacet
  facet normal 0 0 1
    outer loop
      vertex 40.5826 31.7066 5
      vertex 37.0428 28.9277 5
      vertex 38.0238 27.6259 5
    endloop
  endfacet
  facet normal 0 0 1
    outer loop
      vertex 40.5826 31.7066 5
      vertex 37.0365 28.9361 5
      vertex 37.0428 28.9277 5
    endloop
  endfacet
  facet normal 0 0 1
    outer loop
      vertex 39.4513 33.1036 5
      vertex 36.0107 30.2028 5
      vertex 37.0365 28.9361 5
    endloop
  endfacet
  facet normal 0 0 1
    outer loop
      vertex 39.4513 33.1036 5
      vertex 36.0041 30.211 5
      vertex 36.0107 30.2028 5
    endloop
  endfacet
  facet normal 0 0 1
    outer loop
      vertex 39.4513 33.1036 5
      vertex 35.9972 30.219 5
      vertex 36.0041 30.211 5
    endloop
  endfacet
  facet normal 0 0 1
    outer loop
      vertex 33.809 32.6489 5
      vertex 37.046 35.7749 5
      vertex 35.7749 37.046 5
    endloop
  endfacet
  facet normal 0 0 1
    outer loop
      vertex 38.272 34.4602 5
      vertex 34.9278 31.4491 5
      vertex 35.9972 30.219 5
    endloop
  endfacet
  facet normal 0 0 1
    outer loop
      vertex 38.272 34.4602 5
      vertex 34.9206 31.4568 5
      vertex 34.9278 31.4491 5
    endloop
  endfacet
  facet normal 0 0 1
    outer loop
      vertex 32.6489 33.809 5
      vertex 35.7749 37.046 5
      vertex 34.4602 38.272 5
    endloop
  endfacet
  facet normal 0 0 1
    outer loop
      vertex 37.046 35.7749 5
      vertex 33.809 32.6489 5
      vertex 34.9206 31.4568 5
    endloop
  endfacet
  facet normal 0 0 1
    outer loop
      vertex 31.4491 34.9278 5
      vertex 34.4602 38.272 5
      vertex 33.1036 39.4513 5
    endloop
  endfacet
  facet normal 0 0 1
    outer loop
      vertex 35.7749 37.046 5
      vertex 32.6489 33.809 5
      vertex 33.809 32.6489 5
    endloop
  endfacet
  facet normal 0 0 1
    outer loop
      vertex 30.2028 36.0107 5
      vertex 33.1036 39.4513 5
      vertex 31.7066 40.5826 5
    endloop
  endfacet
  facet normal 0 0 1
    outer loop
      vertex 34.4602 38.272 5
      vertex 31.4568 34.9206 5
      vertex 32.6489 33.809 5
    endloop
  endfacet
  facet normal 0 0 1
    outer loop
      vertex 34.4602 38.272 5
      vertex 31.4491 34.9278 5
      vertex 31.4568 34.9206 5
    endloop
  endfacet
  facet normal 0 0 1
    outer loop
      vertex 28.9277 37.0428 5
      vertex 31.7066 40.5826 5
      vertex 30.2709 41.6644 5
    endloop
  endfacet
  facet normal 0 0 1
    outer loop
      vertex 33.1036 39.4513 5
      vertex 30.219 35.9972 5
      vertex 31.4491 34.9278 5
    endloop
  endfacet
  facet normal 0 0 1
    outer loop
      vertex 33.1036 39.4513 5
      vertex 30.211 36.0041 5
      vertex 30.219 35.9972 5
    endloop
  endfacet
  facet normal 0 0 1
    outer loop
      vertex 33.1036 39.4513 5
      vertex 30.2028 36.0107 5
      vertex 30.211 36.0041 5
    endloop
  endfacet
  facet normal 0 0 1
    outer loop
      vertex 31.7066 40.5826 5
      vertex 28.9361 37.0365 5
      vertex 30.2028 36.0107 5
    endloop
  endfacet
  facet normal 0 0 1
    outer loop
      vertex 31.7066 40.5826 5
      vertex 28.9277 37.0428 5
      vertex 28.9361 37.0365 5
    endloop
  endfacet
  facet normal 0 0 1
    outer loop
      vertex 27.6259 38.0238 5
      vertex 30.2709 41.6644 5
      vertex 28.7984 42.6954 5
    endloop
  endfacet
  facet normal 0 0 1
    outer loop
      vertex 30.2709 41.6644 5
      vertex 27.6259 38.0238 5
      vertex 28.9277 37.0428 5
    endloop
  endfacet
  facet normal 0 0 1
    outer loop
      vertex 26.2732 38.9705 5
      vertex 28.7984 42.6954 5
      vertex 27.2908 43.6745 5
    endloop
  endfacet
  facet normal 0 0 1
    outer loop
      vertex 28.7984 42.6954 5
      vertex 26.2907 38.9587 5
      vertex 27.6259 38.0238 5
    endloop
  endfacet
  facet normal 0 0 1
    outer loop
      vertex 28.7984 42.6954 5
      vertex 26.2821 38.9648 5
      vertex 26.2907 38.9587 5
    endloop
  endfacet
  facet normal 0 0 1
    outer loop
      vertex 28.7984 42.6954 5
      vertex 26.2732 38.9705 5
      vertex 26.2821 38.9648 5
    endloop
  endfacet
  facet normal 0 0 1
    outer loop
      vertex 24.9062 39.8583 5
      vertex 27.2908 43.6745 5
      vertex 25.75 44.6003 5
    endloop
  endfacet
  facet normal 0 0 1
    outer loop
      vertex 27.2908 43.6745 5
      vertex 24.9062 39.8583 5
      vertex 26.2732 38.9705 5
    endloop
  endfacet
  facet normal 0 0 1
    outer loop
      vertex 23.5 40.7032 5
      vertex 25.75 44.6003 5
      vertex 24.1778 45.4718 5
    endloop
  endfacet
  facet normal 0 0 1
    outer loop
      vertex 25.75 44.6003 5
      vertex 23.509 40.6978 5
      vertex 24.9062 39.8583 5
    endloop
  endfacet
  facet normal 0 0 1
    outer loop
      vertex 25.75 44.6003 5
      vertex 23.5 40.7032 5
      vertex 23.509 40.6978 5
    endloop
  endfacet
  facet normal 0 0 1
    outer loop
      vertex 22.0652 41.4985 5
      vertex 24.1778 45.4718 5
      vertex 22.5761 46.2879 5
    endloop
  endfacet
  facet normal 0 0 1
    outer loop
      vertex 24.1778 45.4718 5
      vertex 22.0744 41.4934 5
      vertex 23.5 40.7032 5
    endloop
  endfacet
  facet normal 0 0 1
    outer loop
      vertex 24.1778 45.4718 5
      vertex 22.0652 41.4985 5
      vertex 22.0744 41.4934 5
    endloop
  endfacet
  facet normal 0 0 1
    outer loop
      vertex 20.5939 42.2478 5
      vertex 22.5761 46.2879 5
      vertex 20.9469 47.0476 5
    endloop
  endfacet
  facet normal 0 0 1
    outer loop
      vertex 22.5761 46.2879 5
      vertex 20.6128 42.2385 5
      vertex 22.0652 41.4985 5
    endloop
  endfacet
  facet normal 0 0 1
    outer loop
      vertex 22.5761 46.2879 5
      vertex 20.6034 42.2433 5
      vertex 20.6128 42.2385 5
    endloop
  endfacet
  facet normal 0 0 1
    outer loop
      vertex 22.5761 46.2879 5
      vertex 20.5939 42.2478 5
      vertex 20.6034 42.2433 5
    endloop
  endfacet
  facet normal 0 0 1
    outer loop
      vertex 19.1069 42.9407 5
      vertex 20.9469 47.0476 5
      vertex 19.2922 47.75 5
    endloop
  endfacet
  facet normal 0 0 1
    outer loop
      vertex 20.9469 47.0476 5
      vertex 19.1166 42.9366 5
      vertex 20.5939 42.2478 5
    endloop
  endfacet
  facet normal 0 0 1
    outer loop
      vertex 20.9469 47.0476 5
      vertex 19.1069 42.9407 5
      vertex 19.1166 42.9366 5
    endloop
  endfacet
  facet normal 0 0 1
    outer loop
      vertex 17.6065 43.5776 5
      vertex 19.2922 47.75 5
      vertex 17.614 48.3942 5
    endloop
  endfacet
  facet normal 0 0 1
    outer loop
      vertex 19.2922 47.75 5
      vertex 17.6065 43.5776 5
      vertex 19.1069 42.9407 5
    endloop
  endfacet
  facet normal 0 0 1
    outer loop
      vertex 17.614 48.3942 5
      vertex 16.0848 44.1618 5
      vertex 17.6065 43.5776 5
    endloop
  endfacet
  facet normal 0 0 1
    outer loop
      vertex 17.614 48.3942 5
      vertex 16.0749 44.1656 5
      vertex 16.0848 44.1618 5
    endloop
  endfacet
  facet normal 0 0 1
    outer loop
      vertex 15.9144 48.9794 5
      vertex 16.0749 44.1656 5
      vertex 17.614 48.3942 5
    endloop
  endfacet
  facet normal 0 0 1
    outer loop
      vertex 15.9144 48.9794 5
      vertex 14.5337 44.6962 5
      vertex 16.0749 44.1656 5
    endloop
  endfacet
  facet normal 0 0 1
    outer loop
      vertex 15.9144 48.9794 5
      vertex 14.5238 44.6997 5
      vertex 14.5337 44.6962 5
    endloop
  endfacet
  facet normal 0 0 1
    outer loop
      vertex 15.9144 48.9794 5
      vertex 14.5137 44.7027 5
      vertex 14.5238 44.6997 5
    endloop
  endfacet
  facet normal 0 0 1
    outer loop
      vertex 14.1953 49.505 5
      vertex 14.5137 44.7027 5
      vertex 15.9144 48.9794 5
    endloop
  endfacet
  facet normal 0 0 1
    outer loop
      vertex 14.1953 49.505 5
      vertex 12.955 45.1793 5
      vertex 14.5137 44.7027 5
    endloop
  endfacet
  facet normal 0 0 1
    outer loop
      vertex 12.459 49.9702 5
      vertex 12.955 45.1793 5
      vertex 14.1953 49.505 5
    endloop
  endfacet
  facet normal 0 0 1
    outer loop
      vertex 12.459 49.9702 5
      vertex 11.3805 45.6012 5
      vertex 12.955 45.1793 5
    endloop
  endfacet
  facet normal 0 0 1
    outer loop
      vertex 12.459 49.9702 5
      vertex 11.3703 45.6039 5
      vertex 11.3805 45.6012 5
    endloop
  endfacet
  facet normal 0 0 1
    outer loop
      vertex 12.459 49.9702 5
      vertex 11.3601 45.6063 5
      vertex 11.3703 45.6039 5
    endloop
  endfacet
  facet normal 0 0 1
    outer loop
      vertex 10.7075 50.3746 5
      vertex 11.3601 45.6063 5
      vertex 12.459 49.9702 5
    endloop
  endfacet
  facet normal 0 0 1
    outer loop
      vertex 10.7075 50.3746 5
      vertex 9.77185 45.9729 5
      vertex 11.3601 45.6063 5
    endloop
  endfacet
  facet normal 0 0 1
    outer loop
      vertex 10.7075 50.3746 5
      vertex 9.76153 45.9749 5
      vertex 9.77185 45.9729 5
    endloop
  endfacet
  facet normal 0 0 1
    outer loop
      vertex 8.94288 50.7176 5
      vertex 9.76153 45.9749 5
      vertex 10.7075 50.3746 5
    endloop
  endfacet
  facet normal 0 0 1
    outer loop
      vertex 8.94288 50.7176 5
      vertex 8.16146 46.286 5
      vertex 9.76153 45.9749 5
    endloop
  endfacet
  facet normal 0 0 1
    outer loop
      vertex 7.16741 50.9988 5
      vertex 8.16146 46.286 5
      vertex 8.94288 50.7176 5
    endloop
  endfacet
  facet normal 0 0 1
    outer loop
      vertex 7.16741 50.9988 5
      vertex 6.55152 46.541 5
      vertex 8.16146 46.286 5
    endloop
  endfacet
  facet normal 0 0 1
    outer loop
      vertex 7.16741 50.9988 5
      vertex 6.54114 46.5426 5
      vertex 6.55152 46.541 5
    endloop
  endfacet
  facet normal 0 0 1
    outer loop
      vertex 7.16741 50.9988 5
      vertex 6.5307 46.5439 5
      vertex 6.54114 46.5426 5
    endloop
  endfacet
  facet normal 0 0 1
    outer loop
      vertex 5.38321 51.2179 5
      vertex 6.5307 46.5439 5
      vertex 7.16741 50.9988 5
    endloop
  endfacet
  facet normal 0 0 1
    outer loop
      vertex 5.38321 51.2179 5
      vertex 4.91284 46.7425 5
      vertex 6.5307 46.5439 5
    endloop
  endfacet
  facet normal 0 0 1
    outer loop
      vertex 3.59246 51.3745 5
      vertex 4.91284 46.7425 5
      vertex 5.38321 51.2179 5
    endloop
  endfacet
  facet normal 0 0 1
    outer loop
      vertex 3.59246 51.3745 5
      vertex 3.28903 46.8846 5
      vertex 4.91284 46.7425 5
    endloop
  endfacet
  facet normal 0 0 1
    outer loop
      vertex 3.59246 51.3745 5
      vertex 3.27855 46.8855 5
      vertex 3.28903 46.8846 5
    endloop
  endfacet
  facet normal 0 0 1
    outer loop
      vertex 3.59246 51.3745 5
      vertex 3.26805 46.8861 5
      vertex 3.27855 46.8855 5
    endloop
  endfacet
  facet normal 0 0 1
    outer loop
      vertex 1.79732 51.4686 5
      vertex 3.26805 46.8861 5
      vertex 3.59246 51.3745 5
    endloop
  endfacet
  facet normal 0 0 1
    outer loop
      vertex 1.79732 51.4686 5
      vertex 1.64028 46.9714 5
      vertex 3.26805 46.8861 5
    endloop
  endfacet
  facet normal 0 0 1
    outer loop
      vertex 1.79732 51.4686 5
      vertex 1.62976 46.9716 5
      vertex 1.64028 46.9714 5
    endloop
  endfacet
  facet normal 0 0 1
    outer loop
      vertex 0 51.5 5
      vertex 1.62976 46.9716 5
      vertex 1.79732 51.4686 5
    endloop
  endfacet
  facet normal 0 0 1
    outer loop
      vertex 0 51.5 5
      vertex 0 47 5
      vertex 1.62976 46.9716 5
    endloop
  endfacet
  facet normal 0 0 1
    outer loop
      vertex 0 51.5 5
      vertex -1.62976 46.9716 5
      vertex 0 47 5
    endloop
  endfacet
  facet normal -0 0 1
    outer loop
      vertex -1.79732 51.4686 5
      vertex -1.62976 46.9716 5
      vertex 0 51.5 5
    endloop
  endfacet
  facet normal 0 0 1
    outer loop
      vertex -1.62976 46.9716 5
      vertex -1.79732 51.4686 5
      vertex -1.64028 46.9714 5
    endloop
  endfacet
  facet normal 0 0 1
    outer loop
      vertex -1.79732 51.4686 5
      vertex -3.26805 46.8861 5
      vertex -1.64028 46.9714 5
    endloop
  endfacet
  facet normal -0 0 1
    outer loop
      vertex -3.59246 51.3745 5
      vertex -3.26805 46.8861 5
      vertex -1.79732 51.4686 5
    endloop
  endfacet
  facet normal 0 0 1
    outer loop
      vertex -3.26805 46.8861 5
      vertex -3.59246 51.3745 5
      vertex -3.27855 46.8855 5
    endloop
  endfacet
  facet normal 0 0 1
    outer loop
      vertex -3.27855 46.8855 5
      vertex -3.59246 51.3745 5
      vertex -3.28903 46.8846 5
    endloop
  endfacet
  facet normal 0 0 1
    outer loop
      vertex -3.59246 51.3745 5
      vertex -4.91284 46.7425 5
      vertex -3.28903 46.8846 5
    endloop
  endfacet
  facet normal -0 0 1
    outer loop
      vertex -5.38321 51.2179 5
      vertex -4.91284 46.7425 5
      vertex -3.59246 51.3745 5
    endloop
  endfacet
  facet normal 0 0 1
    outer loop
      vertex -5.38321 51.2179 5
      vertex -6.5307 46.5439 5
      vertex -4.91284 46.7425 5
    endloop
  endfacet
  facet normal -0 0 1
    outer loop
      vertex -7.16741 50.9988 5
      vertex -6.5307 46.5439 5
      vertex -5.38321 51.2179 5
    endloop
  endfacet
  facet normal 0 0 1
    outer loop
      vertex -6.5307 46.5439 5
      vertex -7.16741 50.9988 5
      vertex -6.54114 46.5426 5
    endloop
  endfacet
  facet normal 0 0 1
    outer loop
      vertex -6.54114 46.5426 5
      vertex -7.16741 50.9988 5
      vertex -6.55152 46.541 5
    endloop
  endfacet
  facet normal 0 0 1
    outer loop
      vertex -7.16741 50.9988 5
      vertex -8.16146 46.286 5
      vertex -6.55152 46.541 5
    endloop
  endfacet
  facet normal -0 0 1
    outer loop
      vertex -8.94288 50.7176 5
      vertex -8.16146 46.286 5
      vertex -7.16741 50.9988 5
    endloop
  endfacet
  facet normal 0 0 1
    outer loop
      vertex -8.94288 50.7176 5
      vertex -9.76153 45.9749 5
      vertex -8.16146 46.286 5
    endloop
  endfacet
  facet normal -0 0 1
    outer loop
      vertex -10.7075 50.3746 5
      vertex -9.76153 45.9749 5
      vertex -8.94288 50.7176 5
    endloop
  endfacet
  facet normal 0 0 1
    outer loop
      vertex -9.76153 45.9749 5
      vertex -10.7075 50.3746 5
      vertex -9.77185 45.9729 5
    endloop
  endfacet
  facet normal 0 0 1
    outer loop
      vertex -10.7075 50.3746 5
      vertex -11.3601 45.6063 5
      vertex -9.77185 45.9729 5
    endloop
  endfacet
  facet normal -0 0 1
    outer loop
      vertex -12.459 49.9702 5
      vertex -11.3601 45.6063 5
      vertex -10.7075 50.3746 5
    endloop
  endfacet
  facet normal 0 0 1
    outer loop
      vertex -11.3601 45.6063 5
      vertex -12.459 49.9702 5
      vertex -11.3703 45.6039 5
    endloop
  endfacet
  facet normal 0 0 1
    outer loop
      vertex -11.3703 45.6039 5
      vertex -12.459 49.9702 5
      vertex -11.3805 45.6012 5
    endloop
  endfacet
  facet normal 0 0 1
    outer loop
      vertex -12.459 49.9702 5
      vertex -12.955 45.1793 5
      vertex -11.3805 45.6012 5
    endloop
  endfacet
  facet normal -0 0 1
    outer loop
      vertex -14.1953 49.505 5
      vertex -12.955 45.1793 5
      vertex -12.459 49.9702 5
    endloop
  endfacet
  facet normal 0 0 1
    outer loop
      vertex -14.1953 49.505 5
      vertex -14.5137 44.7027 5
      vertex -12.955 45.1793 5
    endloop
  endfacet
  facet normal -0 0 1
    outer loop
      vertex -15.9144 48.9794 5
      vertex -14.5137 44.7027 5
      vertex -14.1953 49.505 5
    endloop
  endfacet
  facet normal 0 0 1
    outer loop
      vertex -14.5137 44.7027 5
      vertex -15.9144 48.9794 5
      vertex -14.5238 44.6997 5
    endloop
  endfacet
  facet normal 0 0 1
    outer loop
      vertex -14.5238 44.6997 5
      vertex -15.9144 48.9794 5
      vertex -14.5337 44.6962 5
    endloop
  endfacet
  facet normal 0 0 1
    outer loop
      vertex -15.9144 48.9794 5
      vertex -16.0749 44.1656 5
      vertex -14.5337 44.6962 5
    endloop
  endfacet
  facet normal -0 0 1
    outer loop
      vertex -17.614 48.3942 5
      vertex -16.0749 44.1656 5
      vertex -15.9144 48.9794 5
    endloop
  endfacet
  facet normal 0 0 1
    outer loop
      vertex -16.0749 44.1656 5
      vertex -17.614 48.3942 5
      vertex -16.0848 44.1618 5
    endloop
  endfacet
  facet normal 0 0 1
    outer loop
      vertex -16.0848 44.1618 5
      vertex -17.614 48.3942 5
      vertex -17.6065 43.5776 5
    endloop
  endfacet
  facet normal -0 0 1
    outer loop
      vertex -19.2922 47.75 5
      vertex -17.6065 43.5776 5
      vertex -17.614 48.3942 5
    endloop
  endfacet
  facet normal 0 0 1
    outer loop
      vertex -17.6065 43.5776 5
      vertex -19.2922 47.75 5
      vertex -19.1069 42.9407 5
    endloop
  endfacet
  facet normal -0 0 1
    outer loop
      vertex -20.9469 47.0476 5
      vertex -19.1069 42.9407 5
      vertex -19.2922 47.75 5
    endloop
  endfacet
  facet normal 0 0 1
    outer loop
      vertex -19.1069 42.9407 5
      vertex -20.9469 47.0476 5
      vertex -19.1166 42.9366 5
    endloop
  endfacet
  facet normal 0 0 1
    outer loop
      vertex -19.1166 42.9366 5
      vertex -20.9469 47.0476 5
      vertex -20.5939 42.2478 5
    endloop
  endfacet
  facet normal -0 0 1
    outer loop
      vertex -22.5761 46.2879 5
      vertex -20.5939 42.2478 5
      vertex -20.9469 47.0476 5
    endloop
  endfacet
  facet normal 0 0 1
    outer loop
      vertex -20.5939 42.2478 5
      vertex -22.5761 46.2879 5
      vertex -20.6034 42.2433 5
    endloop
  endfacet
  facet normal 0 0 1
    outer loop
      vertex -20.6034 42.2433 5
      vertex -22.5761 46.2879 5
      vertex -20.6128 42.2385 5
    endloop
  endfacet
  facet normal 0 0 1
    outer loop
      vertex -20.6128 42.2385 5
      vertex -22.5761 46.2879 5
      vertex -22.0652 41.4985 5
    endloop
  endfacet
  facet normal -0 0 1
    outer loop
      vertex -24.1778 45.4718 5
      vertex -22.0652 41.4985 5
      vertex -22.5761 46.2879 5
    endloop
  endfacet
  facet normal 0 0 1
    outer loop
      vertex -22.0652 41.4985 5
      vertex -24.1778 45.4718 5
      vertex -22.0744 41.4934 5
    endloop
  endfacet
  facet normal 0 0 1
    outer loop
      vertex -22.0744 41.4934 5
      vertex -24.1778 45.4718 5
      vertex -23.5 40.7032 5
    endloop
  endfacet
  facet normal -0 0 1
    outer loop
      vertex -25.75 44.6003 5
      vertex -23.5 40.7032 5
      vertex -24.1778 45.4718 5
    endloop
  endfacet
  facet normal 0 0 1
    outer loop
      vertex -23.5 40.7032 5
      vertex -25.75 44.6003 5
      vertex -23.509 40.6978 5
    endloop
  endfacet
  facet normal 0 0 1
    outer loop
      vertex -23.509 40.6978 5
      vertex -25.75 44.6003 5
      vertex -24.9062 39.8583 5
    endloop
  endfacet
  facet normal -0 0 1
    outer loop
      vertex -27.2908 43.6745 5
      vertex -24.9062 39.8583 5
      vertex -25.75 44.6003 5
    endloop
  endfacet
  facet normal 0 0 1
    outer loop
      vertex -24.9062 39.8583 5
      vertex -27.2908 43.6745 5
      vertex -26.2732 38.9705 5
    endloop
  endfacet
  facet normal -0 0 1
    outer loop
      vertex -28.7984 42.6954 5
      vertex -26.2732 38.9705 5
      vertex -27.2908 43.6745 5
    endloop
  endfacet
  facet normal 0 0 1
    outer loop
      vertex -26.2732 38.9705 5
      vertex -28.7984 42.6954 5
      vertex -26.2821 38.9648 5
    endloop
  endfacet
  facet normal 0 0 1
    outer loop
      vertex -26.2821 38.9648 5
      vertex -28.7984 42.6954 5
      vertex -26.2907 38.9587 5
    endloop
  endfacet
  facet normal 0 0 1
    outer loop
      vertex -26.2907 38.9587 5
      vertex -28.7984 42.6954 5
      vertex -27.6259 38.0238 5
    endloop
  endfacet
  facet normal -0 0 1
    outer loop
      vertex -30.2709 41.6644 5
      vertex -27.6259 38.0238 5
      vertex -28.7984 42.6954 5
    endloop
  endfacet
  facet normal 0 0 1
    outer loop
      vertex -27.6259 38.0238 5
      vertex -30.2709 41.6644 5
      vertex -28.9277 37.0428 5
    endloop
  endfacet
  facet normal -0 0 1
    outer loop
      vertex -31.7066 40.5826 5
      vertex -28.9277 37.0428 5
      vertex -30.2709 41.6644 5
    endloop
  endfacet
  facet normal 0 0 1
    outer loop
      vertex -28.9277 37.0428 5
      vertex -31.7066 40.5826 5
      vertex -28.9361 37.0365 5
    endloop
  endfacet
  facet normal 0 0 1
    outer loop
      vertex -28.9361 37.0365 5
      vertex -31.7066 40.5826 5
      vertex -30.2028 36.0107 5
    endloop
  endfacet
  facet normal -0 0 1
    outer loop
      vertex -33.1036 39.4513 5
      vertex -30.2028 36.0107 5
      vertex -31.7066 40.5826 5
    endloop
  endfacet
  facet normal 0 0 1
    outer loop
      vertex -30.2028 36.0107 5
      vertex -33.1036 39.4513 5
      vertex -30.211 36.0041 5
    endloop
  endfacet
  facet normal 0 0 1
    outer loop
      vertex -30.211 36.0041 5
      vertex -33.1036 39.4513 5
      vertex -30.219 35.9972 5
    endloop
  endfacet
  facet normal 0 0 1
    outer loop
      vertex -30.219 35.9972 5
      vertex -33.1036 39.4513 5
      vertex -31.4491 34.9278 5
    endloop
  endfacet
  facet normal -0 0 1
    outer loop
      vertex -34.4602 38.272 5
      vertex -31.4491 34.9278 5
      vertex -33.1036 39.4513 5
    endloop
  endfacet
  facet normal 0 0 1
    outer loop
      vertex -31.4491 34.9278 5
      vertex -34.4602 38.272 5
      vertex -31.4568 34.9206 5
    endloop
  endfacet
  facet normal 0 0 1
    outer loop
      vertex -31.4568 34.9206 5
      vertex -34.4602 38.272 5
      vertex -32.6489 33.809 5
    endloop
  endfacet
  facet normal -0 0 1
    outer loop
      vertex -35.7749 37.046 5
      vertex -32.6489 33.809 5
      vertex -34.4602 38.272 5
    endloop
  endfacet
  facet normal 0 0 1
    outer loop
      vertex -32.6489 33.809 5
      vertex -35.7749 37.046 5
      vertex -33.809 32.6489 5
    endloop
  endfacet
  facet normal -0 0 1
    outer loop
      vertex -37.046 35.7749 5
      vertex -33.809 32.6489 5
      vertex -35.7749 37.046 5
    endloop
  endfacet
  facet normal 0 0 1
    outer loop
      vertex -33.809 32.6489 5
      vertex -37.046 35.7749 5
      vertex -34.9206 31.4568 5
    endloop
  endfacet
  facet normal -0 0 1
    outer loop
      vertex -38.272 34.4602 5
      vertex -34.9206 31.4568 5
      vertex -37.046 35.7749 5
    endloop
  endfacet
  facet normal 0 0 1
    outer loop
      vertex -34.9206 31.4568 5
      vertex -38.272 34.4602 5
      vertex -34.9278 31.4491 5
    endloop
  endfacet
  facet normal 0 0 1
    outer loop
      vertex -34.9278 31.4491 5
      vertex -38.272 34.4602 5
      vertex -35.9972 30.219 5
    endloop
  endfacet
  facet normal -0 0 1
    outer loop
      vertex -39.4513 33.1036 5
      vertex -35.9972 30.219 5
      vertex -38.272 34.4602 5
    endloop
  endfacet
  facet normal 0 0 1
    outer loop
      vertex -35.9972 30.219 5
      vertex -39.4513 33.1036 5
      vertex -36.0041 30.211 5
    endloop
  endfacet
  facet normal 0 0 1
    outer loop
      vertex -36.0041 30.211 5
      vertex -39.4513 33.1036 5
      vertex -36.0107 30.2028 5
    endloop
  endfacet
  facet normal 0 0 1
    outer loop
      vertex -36.0107 30.2028 5
      vertex -39.4513 33.1036 5
      vertex -37.0365 28.9361 5
    endloop
  endfacet
  facet normal -0 0 1
    outer loop
      vertex -40.5826 31.7066 5
      vertex -37.0365 28.9361 5
      vertex -39.4513 33.1036 5
    endloop
  endfacet
  facet normal 0 0 1
    outer loop
      vertex -37.0365 28.9361 5
      vertex -40.5826 31.7066 5
      vertex -37.0428 28.9277 5
    endloop
  endfacet
  facet normal 0 0 1
    outer loop
      vertex -37.0428 28.9277 5
      vertex -40.5826 31.7066 5
      vertex -38.0238 27.6259 5
    endloop
  endfacet
  facet normal -0 0 1
    outer loop
      vertex -41.6644 30.2709 5
      vertex -38.0238 27.6259 5
      vertex -40.5826 31.7066 5
    endloop
  endfacet
  facet normal 0 0 1
    outer loop
      vertex -38.0238 27.6259 5
      vertex -41.6644 30.2709 5
      vertex -38.9587 26.2907 5
    endloop
  endfacet
  facet normal -0 0 1
    outer loop
      vertex -42.6954 28.7984 5
      vertex -38.9587 26.2907 5
      vertex -41.6644 30.2709 5
    endloop
  endfacet
  facet normal 0 0 1
    outer loop
      vertex -38.9587 26.2907 5
      vertex -42.6954 28.7984 5
      vertex -38.9648 26.2821 5
    endloop
  endfacet
  facet normal 0 0 1
    outer loop
      vertex -38.9648 26.2821 5
      vertex -42.6954 28.7984 5
      vertex -38.9705 26.2732 5
    endloop
  endfacet
  facet normal 0 0 1
    outer loop
      vertex -38.9705 26.2732 5
      vertex -42.6954 28.7984 5
      vertex -39.8583 24.9062 5
    endloop
  endfacet
  facet normal -0 0 1
    outer loop
      vertex -43.6745 27.2908 5
      vertex -39.8583 24.9062 5
      vertex -42.6954 28.7984 5
    endloop
  endfacet
  facet normal 0 0 1
    outer loop
      vertex -39.8583 24.9062 5
      vertex -43.6745 27.2908 5
      vertex -40.6978 23.509 5
    endloop
  endfacet
  facet normal -0 0 1
    outer loop
      vertex -44.6003 25.75 5
      vertex -40.6978 23.509 5
      vertex -43.6745 27.2908 5
    endloop
  endfacet
  facet normal 0 0 1
    outer loop
      vertex -40.6978 23.509 5
      vertex -44.6003 25.75 5
      vertex -40.7032 23.5 5
    endloop
  endfacet
  facet normal 0 0 1
    outer loop
      vertex -40.7032 23.5 5
      vertex -44.6003 25.75 5
      vertex -41.4934 22.0744 5
    endloop
  endfacet
  facet normal -0 0 1
    outer loop
      vertex -45.4718 24.1778 5
      vertex -41.4934 22.0744 5
      vertex -44.6003 25.75 5
    endloop
  endfacet
  facet normal 0 0 1
    outer loop
      vertex -41.4934 22.0744 5
      vertex -45.4718 24.1778 5
      vertex -41.4985 22.0652 5
    endloop
  endfacet
  facet normal 0 0 1
    outer loop
      vertex -41.4985 22.0652 5
      vertex -45.4718 24.1778 5
      vertex -42.2385 20.6128 5
    endloop
  endfacet
  facet normal -0 0 1
    outer loop
      vertex -46.2879 22.5761 5
      vertex -42.2385 20.6128 5
      vertex -45.4718 24.1778 5
    endloop
  endfacet
  facet normal 0 0 1
    outer loop
      vertex -42.2385 20.6128 5
      vertex -46.2879 22.5761 5
      vertex -42.2433 20.6034 5
    endloop
  endfacet
  facet normal 0 0 1
    outer loop
      vertex -42.2433 20.6034 5
      vertex -46.2879 22.5761 5
      vertex -42.2478 20.5939 5
    endloop
  endfacet
  facet normal 0 0 1
    outer loop
      vertex -42.2478 20.5939 5
      vertex -46.2879 22.5761 5
      vertex -42.9366 19.1166 5
    endloop
  endfacet
  facet normal -0 0 1
    outer loop
      vertex -47.0476 20.9469 5
      vertex -42.9366 19.1166 5
      vertex -46.2879 22.5761 5
    endloop
  endfacet
  facet normal 0 0 1
    outer loop
      vertex -42.9366 19.1166 5
      vertex -47.0476 20.9469 5
      vertex -42.9407 19.1069 5
    endloop
  endfacet
  facet normal 0 0 1
    outer loop
      vertex -42.9407 19.1069 5
      vertex -47.0476 20.9469 5
      vertex -43.5776 17.6065 5
    endloop
  endfacet
  facet normal -0 0 1
    outer loop
      vertex -47.75 19.2922 5
      vertex -43.5776 17.6065 5
      vertex -47.0476 20.9469 5
    endloop
  endfacet
  facet normal 0 0 1
    outer loop
      vertex -43.5776 17.6065 5
      vertex -47.75 19.2922 5
      vertex -44.1618 16.0848 5
    endloop
  endfacet
  facet normal -0 0 1
    outer loop
      vertex -48.3942 17.614 5
      vertex -44.1618 16.0848 5
      vertex -47.75 19.2922 5
    endloop
  endfacet
  facet normal 0 0 1
    outer loop
      vertex -44.1618 16.0848 5
      vertex -48.3942 17.614 5
      vertex -44.1656 16.0749 5
    endloop
  endfacet
  facet normal 0 0 1
    outer loop
      vertex -44.1656 16.0749 5
      vertex -48.3942 17.614 5
      vertex -44.6962 14.5337 5
    endloop
  endfacet
  facet normal -0 0 1
    outer loop
      vertex -48.9794 15.9144 5
      vertex -44.6962 14.5337 5
      vertex -48.3942 17.614 5
    endloop
  endfacet
  facet normal 0 0 1
    outer loop
      vertex -44.6962 14.5337 5
      vertex -48.9794 15.9144 5
      vertex -44.6997 14.5238 5
    endloop
  endfacet
  facet normal 0 0 1
    outer loop
      vertex -44.6997 14.5238 5
      vertex -48.9794 15.9144 5
      vertex -44.7027 14.5137 5
    endloop
  endfacet
  facet normal 0 0 1
    outer loop
      vertex -44.7027 14.5137 5
      vertex -48.9794 15.9144 5
      vertex -45.1793 12.955 5
    endloop
  endfacet
  facet normal -0 0 1
    outer loop
      vertex -49.505 14.1953 5
      vertex -45.1793 12.955 5
      vertex -48.9794 15.9144 5
    endloop
  endfacet
  facet normal 0 0 1
    outer loop
      vertex -45.1793 12.955 5
      vertex -49.505 14.1953 5
      vertex -45.6012 11.3805 5
    endloop
  endfacet
  facet normal -0 0 1
    outer loop
      vertex -49.9702 12.459 5
      vertex -45.6012 11.3805 5
      vertex -49.505 14.1953 5
    endloop
  endfacet
  facet normal 0 0 1
    outer loop
      vertex -45.6012 11.3805 5
      vertex -49.9702 12.459 5
      vertex -45.6039 11.3703 5
    endloop
  endfacet
  facet normal 0 0 1
    outer loop
      vertex -45.6039 11.3703 5
      vertex -49.9702 12.459 5
      vertex -45.6063 11.3601 5
    endloop
  endfacet
  facet normal 0 0 1
    outer loop
      vertex -45.6063 11.3601 5
      vertex -49.9702 12.459 5
      vertex -45.9729 9.77185 5
    endloop
  endfacet
  facet normal -0 0 1
    outer loop
      vertex -50.3746 10.7075 5
      vertex -45.9729 9.77185 5
      vertex -49.9702 12.459 5
    endloop
  endfacet
  facet normal 0 0 1
    outer loop
      vertex -45.9729 9.77185 5
      vertex -50.3746 10.7075 5
      vertex -45.9749 9.76153 5
    endloop
  endfacet
  facet normal 0 0 1
    outer loop
      vertex -45.9749 9.76153 5
      vertex -50.3746 10.7075 5
      vertex -46.286 8.16146 5
    endloop
  endfacet
  facet normal -0 0 1
    outer loop
      vertex -50.7176 8.94288 5
      vertex -46.286 8.16146 5
      vertex -50.3746 10.7075 5
    endloop
  endfacet
  facet normal 0 0 1
    outer loop
      vertex -51.4686 1.79732 5
      vertex -46.9716 1.62976 5
      vertex -46.9714 1.64028 5
    endloop
  endfacet
  facet normal -0 0 1
    outer loop
      vertex -50.9988 7.16741 5
      vertex -46.541 6.55152 5
      vertex -50.7176 8.94288 5
    endloop
  endfacet
  facet normal 0 0 1
    outer loop
      vertex -46.286 8.16146 5
      vertex -50.7176 8.94288 5
      vertex -46.541 6.55152 5
    endloop
  endfacet
  facet normal -0 0 1
    outer loop
      vertex 46.541 -6.55152 5
      vertex 50.9988 -7.16741 5
      vertex 46.5426 -6.54114 5
    endloop
  endfacet
  facet normal 0 0 1
    outer loop
      vertex 50.9988 -7.16741 5
      vertex 46.541 -6.55152 5
      vertex 50.7176 -8.94288 5
    endloop
  endfacet
  facet normal -0 0 1
    outer loop
      vertex 46.286 -8.16146 5
      vertex 50.7176 -8.94288 5
      vertex 46.541 -6.55152 5
    endloop
  endfacet
  facet normal 0 0 1
    outer loop
      vertex 50.7176 -8.94288 5
      vertex 46.286 -8.16146 5
      vertex 50.3746 -10.7075 5
    endloop
  endfacet
  facet normal -0 0 1
    outer loop
      vertex 45.9749 -9.76153 5
      vertex 50.3746 -10.7075 5
      vertex 46.286 -8.16146 5
    endloop
  endfacet
  facet normal -0 0 1
    outer loop
      vertex 45.9729 -9.77185 5
      vertex 50.3746 -10.7075 5
      vertex 45.9749 -9.76153 5
    endloop
  endfacet
  facet normal 0 0 1
    outer loop
      vertex 50.3746 -10.7075 5
      vertex 45.9729 -9.77185 5
      vertex 49.9702 -12.459 5
    endloop
  endfacet
  facet normal -0 0 1
    outer loop
      vertex 45.6063 -11.3601 5
      vertex 49.9702 -12.459 5
      vertex 45.9729 -9.77185 5
    endloop
  endfacet
  facet normal -0 0 1
    outer loop
      vertex 45.6039 -11.3703 5
      vertex 49.9702 -12.459 5
      vertex 45.6063 -11.3601 5
    endloop
  endfacet
  facet normal -0 0 1
    outer loop
      vertex 45.6012 -11.3805 5
      vertex 49.9702 -12.459 5
      vertex 45.6039 -11.3703 5
    endloop
  endfacet
  facet normal 0 0 1
    outer loop
      vertex 49.9702 -12.459 5
      vertex 45.6012 -11.3805 5
      vertex 49.505 -14.1953 5
    endloop
  endfacet
  facet normal -0 0 1
    outer loop
      vertex 45.1793 -12.955 5
      vertex 49.505 -14.1953 5
      vertex 45.6012 -11.3805 5
    endloop
  endfacet
  facet normal 0 0 1
    outer loop
      vertex 49.505 -14.1953 5
      vertex 45.1793 -12.955 5
      vertex 48.9794 -15.9144 5
    endloop
  endfacet
  facet normal -0 0 1
    outer loop
      vertex 44.7027 -14.5137 5
      vertex 48.9794 -15.9144 5
      vertex 45.1793 -12.955 5
    endloop
  endfacet
  facet normal -0 0 1
    outer loop
      vertex 44.6997 -14.5238 5
      vertex 48.9794 -15.9144 5
      vertex 44.7027 -14.5137 5
    endloop
  endfacet
  facet normal -0 0 1
    outer loop
      vertex 44.6962 -14.5337 5
      vertex 48.9794 -15.9144 5
      vertex 44.6997 -14.5238 5
    endloop
  endfacet
  facet normal 0 0 1
    outer loop
      vertex 48.9794 -15.9144 5
      vertex 44.6962 -14.5337 5
      vertex 48.3942 -17.614 5
    endloop
  endfacet
  facet normal -0 0 1
    outer loop
      vertex 44.1656 -16.0749 5
      vertex 48.3942 -17.614 5
      vertex 44.6962 -14.5337 5
    endloop
  endfacet
  facet normal -0 0 1
    outer loop
      vertex 44.1618 -16.0848 5
      vertex 48.3942 -17.614 5
      vertex 44.1656 -16.0749 5
    endloop
  endfacet
  facet normal 0 0 1
    outer loop
      vertex 48.3942 -17.614 5
      vertex 44.1618 -16.0848 5
      vertex 47.75 -19.2922 5
    endloop
  endfacet
  facet normal -0 0 1
    outer loop
      vertex 43.5776 -17.6065 5
      vertex 47.75 -19.2922 5
      vertex 44.1618 -16.0848 5
    endloop
  endfacet
  facet normal 0 0 1
    outer loop
      vertex 47.75 -19.2922 5
      vertex 43.5776 -17.6065 5
      vertex 47.0476 -20.9469 5
    endloop
  endfacet
  facet normal -0 0 1
    outer loop
      vertex 42.9407 -19.1069 5
      vertex 47.0476 -20.9469 5
      vertex 43.5776 -17.6065 5
    endloop
  endfacet
  facet normal -0 0 1
    outer loop
      vertex 42.9366 -19.1166 5
      vertex 47.0476 -20.9469 5
      vertex 42.9407 -19.1069 5
    endloop
  endfacet
  facet normal 0 0 1
    outer loop
      vertex 47.0476 -20.9469 5
      vertex 42.9366 -19.1166 5
      vertex 46.2879 -22.5761 5
    endloop
  endfacet
  facet normal -0 0 1
    outer loop
      vertex 42.2478 -20.5939 5
      vertex 46.2879 -22.5761 5
      vertex 42.9366 -19.1166 5
    endloop
  endfacet
  facet normal -0 0 1
    outer loop
      vertex 42.2433 -20.6034 5
      vertex 46.2879 -22.5761 5
      vertex 42.2478 -20.5939 5
    endloop
  endfacet
  facet normal -0 0 1
    outer loop
      vertex 42.2385 -20.6128 5
      vertex 46.2879 -22.5761 5
      vertex 42.2433 -20.6034 5
    endloop
  endfacet
  facet normal 0 0 1
    outer loop
      vertex 46.2879 -22.5761 5
      vertex 42.2385 -20.6128 5
      vertex 45.4718 -24.1778 5
    endloop
  endfacet
  facet normal -0 0 1
    outer loop
      vertex 41.4985 -22.0652 5
      vertex 45.4718 -24.1778 5
      vertex 42.2385 -20.6128 5
    endloop
  endfacet
  facet normal -0 0 1
    outer loop
      vertex 41.4934 -22.0744 5
      vertex 45.4718 -24.1778 5
      vertex 41.4985 -22.0652 5
    endloop
  endfacet
  facet normal 0 0 1
    outer loop
      vertex 45.4718 -24.1778 5
      vertex 41.4934 -22.0744 5
      vertex 44.6003 -25.75 5
    endloop
  endfacet
  facet normal -0 0 1
    outer loop
      vertex 40.7032 -23.5 5
      vertex 44.6003 -25.75 5
      vertex 41.4934 -22.0744 5
    endloop
  endfacet
  facet normal -0 0 1
    outer loop
      vertex 40.6978 -23.509 5
      vertex 44.6003 -25.75 5
      vertex 40.7032 -23.5 5
    endloop
  endfacet
  facet normal 0 0 1
    outer loop
      vertex 44.6003 -25.75 5
      vertex 40.6978 -23.509 5
      vertex 43.6745 -27.2908 5
    endloop
  endfacet
  facet normal -0 0 1
    outer loop
      vertex 39.8583 -24.9062 5
      vertex 43.6745 -27.2908 5
      vertex 40.6978 -23.509 5
    endloop
  endfacet
  facet normal 0 0 1
    outer loop
      vertex 43.6745 -27.2908 5
      vertex 39.8583 -24.9062 5
      vertex 42.6954 -28.7984 5
    endloop
  endfacet
  facet normal -0 0 1
    outer loop
      vertex 38.9705 -26.2732 5
      vertex 42.6954 -28.7984 5
      vertex 39.8583 -24.9062 5
    endloop
  endfacet
  facet normal -0 0 1
    outer loop
      vertex 38.9648 -26.2821 5
      vertex 42.6954 -28.7984 5
      vertex 38.9705 -26.2732 5
    endloop
  endfacet
  facet normal -0 0 1
    outer loop
      vertex 38.9587 -26.2907 5
      vertex 42.6954 -28.7984 5
      vertex 38.9648 -26.2821 5
    endloop
  endfacet
  facet normal 0 0 1
    outer loop
      vertex 42.6954 -28.7984 5
      vertex 38.9587 -26.2907 5
      vertex 41.6644 -30.2709 5
    endloop
  endfacet
  facet normal -0 0 1
    outer loop
      vertex 38.0238 -27.6259 5
      vertex 41.6644 -30.2709 5
      vertex 38.9587 -26.2907 5
    endloop
  endfacet
  facet normal 0 0 1
    outer loop
      vertex 41.6644 -30.2709 5
      vertex 38.0238 -27.6259 5
      vertex 40.5826 -31.7066 5
    endloop
  endfacet
  facet normal -0 0 1
    outer loop
      vertex 37.0428 -28.9277 5
      vertex 40.5826 -31.7066 5
      vertex 38.0238 -27.6259 5
    endloop
  endfacet
  facet normal -0 0 1
    outer loop
      vertex 37.0365 -28.9361 5
      vertex 40.5826 -31.7066 5
      vertex 37.0428 -28.9277 5
    endloop
  endfacet
  facet normal 0 0 1
    outer loop
      vertex 40.5826 -31.7066 5
      vertex 37.0365 -28.9361 5
      vertex 39.4513 -33.1036 5
    endloop
  endfacet
  facet normal -0 0 1
    outer loop
      vertex 36.0107 -30.2028 5
      vertex 39.4513 -33.1036 5
      vertex 37.0365 -28.9361 5
    endloop
  endfacet
  facet normal -0 0 1
    outer loop
      vertex 36.0041 -30.211 5
      vertex 39.4513 -33.1036 5
      vertex 36.0107 -30.2028 5
    endloop
  endfacet
  facet normal -0 0 1
    outer loop
      vertex 35.9972 -30.219 5
      vertex 39.4513 -33.1036 5
      vertex 36.0041 -30.211 5
    endloop
  endfacet
  facet normal 0 0 1
    outer loop
      vertex 39.4513 -33.1036 5
      vertex 35.9972 -30.219 5
      vertex 38.272 -34.4602 5
    endloop
  endfacet
  facet normal -0 0 1
    outer loop
      vertex 34.9278 -31.4491 5
      vertex 38.272 -34.4602 5
      vertex 35.9972 -30.219 5
    endloop
  endfacet
  facet normal -0 0 1
    outer loop
      vertex 34.9206 -31.4568 5
      vertex 38.272 -34.4602 5
      vertex 34.9278 -31.4491 5
    endloop
  endfacet
  facet normal 0 0 1
    outer loop
      vertex 38.272 -34.4602 5
      vertex 34.9206 -31.4568 5
      vertex 37.046 -35.7749 5
    endloop
  endfacet
  facet normal -0 0 1
    outer loop
      vertex 33.809 -32.6489 5
      vertex 37.046 -35.7749 5
      vertex 34.9206 -31.4568 5
    endloop
  endfacet
  facet normal 0 0 1
    outer loop
      vertex 37.046 -35.7749 5
      vertex 33.809 -32.6489 5
      vertex 35.7749 -37.046 5
    endloop
  endfacet
  facet normal -0 0 1
    outer loop
      vertex 32.6489 -33.809 5
      vertex 35.7749 -37.046 5
      vertex 33.809 -32.6489 5
    endloop
  endfacet
  facet normal 0 0 1
    outer loop
      vertex 35.7749 -37.046 5
      vertex 32.6489 -33.809 5
      vertex 34.4602 -38.272 5
    endloop
  endfacet
  facet normal -0 0 1
    outer loop
      vertex 31.4568 -34.9206 5
      vertex 34.4602 -38.272 5
      vertex 32.6489 -33.809 5
    endloop
  endfacet
  facet normal -0 0 1
    outer loop
      vertex 31.4491 -34.9278 5
      vertex 34.4602 -38.272 5
      vertex 31.4568 -34.9206 5
    endloop
  endfacet
  facet normal 0 0 1
    outer loop
      vertex 34.4602 -38.272 5
      vertex 31.4491 -34.9278 5
      vertex 33.1036 -39.4513 5
    endloop
  endfacet
  facet normal -0 0 1
    outer loop
      vertex 30.219 -35.9972 5
      vertex 33.1036 -39.4513 5
      vertex 31.4491 -34.9278 5
    endloop
  endfacet
  facet normal -0 0 1
    outer loop
      vertex 30.211 -36.0041 5
      vertex 33.1036 -39.4513 5
      vertex 30.219 -35.9972 5
    endloop
  endfacet
  facet normal -0 0 1
    outer loop
      vertex 30.2028 -36.0107 5
      vertex 33.1036 -39.4513 5
      vertex 30.211 -36.0041 5
    endloop
  endfacet
  facet normal 0 0 1
    outer loop
      vertex 33.1036 -39.4513 5
      vertex 30.2028 -36.0107 5
      vertex 31.7066 -40.5826 5
    endloop
  endfacet
  facet normal -0 0 1
    outer loop
      vertex 28.9361 -37.0365 5
      vertex 31.7066 -40.5826 5
      vertex 30.2028 -36.0107 5
    endloop
  endfacet
  facet normal -0 0 1
    outer loop
      vertex 28.9277 -37.0428 5
      vertex 31.7066 -40.5826 5
      vertex 28.9361 -37.0365 5
    endloop
  endfacet
  facet normal 0 0 1
    outer loop
      vertex 31.7066 -40.5826 5
      vertex 28.9277 -37.0428 5
      vertex 30.2709 -41.6644 5
    endloop
  endfacet
  facet normal -0 0 1
    outer loop
      vertex 27.6259 -38.0238 5
      vertex 30.2709 -41.6644 5
      vertex 28.9277 -37.0428 5
    endloop
  endfacet
  facet normal 0 0 1
    outer loop
      vertex 30.2709 -41.6644 5
      vertex 27.6259 -38.0238 5
      vertex 28.7984 -42.6954 5
    endloop
  endfacet
  facet normal -0 0 1
    outer loop
      vertex 26.2907 -38.9587 5
      vertex 28.7984 -42.6954 5
      vertex 27.6259 -38.0238 5
    endloop
  endfacet
  facet normal -0 0 1
    outer loop
      vertex 26.2821 -38.9648 5
      vertex 28.7984 -42.6954 5
      vertex 26.2907 -38.9587 5
    endloop
  endfacet
  facet normal -0 0 1
    outer loop
      vertex 26.2732 -38.9705 5
      vertex 28.7984 -42.6954 5
      vertex 26.2821 -38.9648 5
    endloop
  endfacet
  facet normal 0 0 1
    outer loop
      vertex 28.7984 -42.6954 5
      vertex 26.2732 -38.9705 5
      vertex 27.2908 -43.6745 5
    endloop
  endfacet
  facet normal -0 0 1
    outer loop
      vertex 24.9062 -39.8583 5
      vertex 27.2908 -43.6745 5
      vertex 26.2732 -38.9705 5
    endloop
  endfacet
  facet normal 0 0 1
    outer loop
      vertex 27.2908 -43.6745 5
      vertex 24.9062 -39.8583 5
      vertex 25.75 -44.6003 5
    endloop
  endfacet
  facet normal -0 0 1
    outer loop
      vertex 23.509 -40.6978 5
      vertex 25.75 -44.6003 5
      vertex 24.9062 -39.8583 5
    endloop
  endfacet
  facet normal -0 0 1
    outer loop
      vertex 23.5 -40.7032 5
      vertex 25.75 -44.6003 5
      vertex 23.509 -40.6978 5
    endloop
  endfacet
  facet normal 0 0 1
    outer loop
      vertex 25.75 -44.6003 5
      vertex 23.5 -40.7032 5
      vertex 24.1778 -45.4718 5
    endloop
  endfacet
  facet normal -0 0 1
    outer loop
      vertex 22.0744 -41.4934 5
      vertex 24.1778 -45.4718 5
      vertex 23.5 -40.7032 5
    endloop
  endfacet
  facet normal -0 0 1
    outer loop
      vertex 22.0652 -41.4985 5
      vertex 24.1778 -45.4718 5
      vertex 22.0744 -41.4934 5
    endloop
  endfacet
  facet normal 0 0 1
    outer loop
      vertex 24.1778 -45.4718 5
      vertex 22.0652 -41.4985 5
      vertex 22.5761 -46.2879 5
    endloop
  endfacet
  facet normal -0 0 1
    outer loop
      vertex 20.6128 -42.2385 5
      vertex 22.5761 -46.2879 5
      vertex 22.0652 -41.4985 5
    endloop
  endfacet
  facet normal -0 0 1
    outer loop
      vertex 20.6034 -42.2433 5
      vertex 22.5761 -46.2879 5
      vertex 20.6128 -42.2385 5
    endloop
  endfacet
  facet normal -0 0 1
    outer loop
      vertex 20.5939 -42.2478 5
      vertex 22.5761 -46.2879 5
      vertex 20.6034 -42.2433 5
    endloop
  endfacet
  facet normal 0 0 1
    outer loop
      vertex 22.5761 -46.2879 5
      vertex 20.5939 -42.2478 5
      vertex 20.9469 -47.0476 5
    endloop
  endfacet
  facet normal -0 0 1
    outer loop
      vertex 19.1166 -42.9366 5
      vertex 20.9469 -47.0476 5
      vertex 20.5939 -42.2478 5
    endloop
  endfacet
  facet normal -0 0 1
    outer loop
      vertex 19.1069 -42.9407 5
      vertex 20.9469 -47.0476 5
      vertex 19.1166 -42.9366 5
    endloop
  endfacet
  facet normal 0 0 1
    outer loop
      vertex 20.9469 -47.0476 5
      vertex 19.1069 -42.9407 5
      vertex 19.2922 -47.75 5
    endloop
  endfacet
  facet normal -0 0 1
    outer loop
      vertex 17.6065 -43.5776 5
      vertex 19.2922 -47.75 5
      vertex 19.1069 -42.9407 5
    endloop
  endfacet
  facet normal 0 0 1
    outer loop
      vertex 19.2922 -47.75 5
      vertex 17.6065 -43.5776 5
      vertex 17.614 -48.3942 5
    endloop
  endfacet
  facet normal -0 0 1
    outer loop
      vertex 16.0848 -44.1618 5
      vertex 17.614 -48.3942 5
      vertex 17.6065 -43.5776 5
    endloop
  endfacet
  facet normal -0 0 1
    outer loop
      vertex 16.0749 -44.1656 5
      vertex 17.614 -48.3942 5
      vertex 16.0848 -44.1618 5
    endloop
  endfacet
  facet normal 0 0 1
    outer loop
      vertex 16.0749 -44.1656 5
      vertex 15.9144 -48.9794 5
      vertex 17.614 -48.3942 5
    endloop
  endfacet
  facet normal -0 0 1
    outer loop
      vertex 14.5337 -44.6962 5
      vertex 15.9144 -48.9794 5
      vertex 16.0749 -44.1656 5
    endloop
  endfacet
  facet normal -0 0 1
    outer loop
      vertex 14.5238 -44.6997 5
      vertex 15.9144 -48.9794 5
      vertex 14.5337 -44.6962 5
    endloop
  endfacet
  facet normal -0 0 1
    outer loop
      vertex 14.5137 -44.7027 5
      vertex 15.9144 -48.9794 5
      vertex 14.5238 -44.6997 5
    endloop
  endfacet
  facet normal 0 0 1
    outer loop
      vertex 14.5137 -44.7027 5
      vertex 14.1953 -49.505 5
      vertex 15.9144 -48.9794 5
    endloop
  endfacet
  facet normal -0 0 1
    outer loop
      vertex 12.955 -45.1793 5
      vertex 14.1953 -49.505 5
      vertex 14.5137 -44.7027 5
    endloop
  endfacet
  facet normal 0 0 1
    outer loop
      vertex 12.955 -45.1793 5
      vertex 12.459 -49.9702 5
      vertex 14.1953 -49.505 5
    endloop
  endfacet
  facet normal -0 0 1
    outer loop
      vertex 11.3805 -45.6012 5
      vertex 12.459 -49.9702 5
      vertex 12.955 -45.1793 5
    endloop
  endfacet
  facet normal -0 0 1
    outer loop
      vertex 11.3703 -45.6039 5
      vertex 12.459 -49.9702 5
      vertex 11.3805 -45.6012 5
    endloop
  endfacet
  facet normal -0 0 1
    outer loop
      vertex 11.3601 -45.6063 5
      vertex 12.459 -49.9702 5
      vertex 11.3703 -45.6039 5
    endloop
  endfacet
  facet normal 0 0 1
    outer loop
      vertex 11.3601 -45.6063 5
      vertex 10.7075 -50.3746 5
      vertex 12.459 -49.9702 5
    endloop
  endfacet
  facet normal -0 0 1
    outer loop
      vertex 9.77185 -45.9729 5
      vertex 10.7075 -50.3746 5
      vertex 11.3601 -45.6063 5
    endloop
  endfacet
  facet normal -0 0 1
    outer loop
      vertex 9.76153 -45.9749 5
      vertex 10.7075 -50.3746 5
      vertex 9.77185 -45.9729 5
    endloop
  endfacet
  facet normal 0 0 1
    outer loop
      vertex 9.76153 -45.9749 5
      vertex 8.94288 -50.7176 5
      vertex 10.7075 -50.3746 5
    endloop
  endfacet
  facet normal -0 0 1
    outer loop
      vertex 8.16146 -46.286 5
      vertex 8.94288 -50.7176 5
      vertex 9.76153 -45.9749 5
    endloop
  endfacet
  facet normal 0 0 1
    outer loop
      vertex 8.16146 -46.286 5
      vertex 7.16741 -50.9988 5
      vertex 8.94288 -50.7176 5
    endloop
  endfacet
  facet normal -0 0 1
    outer loop
      vertex 6.55152 -46.541 5
      vertex 7.16741 -50.9988 5
      vertex 8.16146 -46.286 5
    endloop
  endfacet
  facet normal -0 0 1
    outer loop
      vertex 6.54114 -46.5426 5
      vertex 7.16741 -50.9988 5
      vertex 6.55152 -46.541 5
    endloop
  endfacet
  facet normal -0 0 1
    outer loop
      vertex 6.5307 -46.5439 5
      vertex 7.16741 -50.9988 5
      vertex 6.54114 -46.5426 5
    endloop
  endfacet
  facet normal 0 0 1
    outer loop
      vertex 6.5307 -46.5439 5
      vertex 5.38321 -51.2179 5
      vertex 7.16741 -50.9988 5
    endloop
  endfacet
  facet normal -0 0 1
    outer loop
      vertex 4.91284 -46.7425 5
      vertex 5.38321 -51.2179 5
      vertex 6.5307 -46.5439 5
    endloop
  endfacet
  facet normal 0 0 1
    outer loop
      vertex 4.91284 -46.7425 5
      vertex 3.59246 -51.3745 5
      vertex 5.38321 -51.2179 5
    endloop
  endfacet
  facet normal -0 0 1
    outer loop
      vertex 3.28903 -46.8846 5
      vertex 3.59246 -51.3745 5
      vertex 4.91284 -46.7425 5
    endloop
  endfacet
  facet normal -0 0 1
    outer loop
      vertex 3.27855 -46.8855 5
      vertex 3.59246 -51.3745 5
      vertex 3.28903 -46.8846 5
    endloop
  endfacet
  facet normal -0 0 1
    outer loop
      vertex 3.26805 -46.8861 5
      vertex 3.59246 -51.3745 5
      vertex 3.27855 -46.8855 5
    endloop
  endfacet
  facet normal 0 0 1
    outer loop
      vertex 3.26805 -46.8861 5
      vertex 1.79732 -51.4686 5
      vertex 3.59246 -51.3745 5
    endloop
  endfacet
  facet normal -0 0 1
    outer loop
      vertex 1.64028 -46.9714 5
      vertex 1.79732 -51.4686 5
      vertex 3.26805 -46.8861 5
    endloop
  endfacet
  facet normal -0 0 1
    outer loop
      vertex 1.62976 -46.9716 5
      vertex 1.79732 -51.4686 5
      vertex 1.64028 -46.9714 5
    endloop
  endfacet
  facet normal -0 0 1
    outer loop
      vertex 0 -47 5
      vertex 1.79732 -51.4686 5
      vertex 1.62976 -46.9716 5
    endloop
  endfacet
  facet normal 0 0 1
    outer loop
      vertex 0 -47 5
      vertex 0 -51.5 5
      vertex 1.79732 -51.4686 5
    endloop
  endfacet
  facet normal 0 0 1
    outer loop
      vertex -1.62976 -46.9716 5
      vertex 0 -51.5 5
      vertex 0 -47 5
    endloop
  endfacet
  facet normal 0 0 1
    outer loop
      vertex -1.79732 -51.4686 5
      vertex -1.62976 -46.9716 5
      vertex -1.64028 -46.9714 5
    endloop
  endfacet
  facet normal 0 0 1
    outer loop
      vertex -1.62976 -46.9716 5
      vertex -1.79732 -51.4686 5
      vertex 0 -51.5 5
    endloop
  endfacet
  facet normal 0 0 1
    outer loop
      vertex -3.26805 -46.8861 5
      vertex -1.79732 -51.4686 5
      vertex -1.64028 -46.9714 5
    endloop
  endfacet
  facet normal 0 0 1
    outer loop
      vertex -3.59246 -51.3745 5
      vertex -3.26805 -46.8861 5
      vertex -3.27855 -46.8855 5
    endloop
  endfacet
  facet normal 0 0 1
    outer loop
      vertex -3.59246 -51.3745 5
      vertex -3.27855 -46.8855 5
      vertex -3.28903 -46.8846 5
    endloop
  endfacet
  facet normal 0 0 1
    outer loop
      vertex -3.26805 -46.8861 5
      vertex -3.59246 -51.3745 5
      vertex -1.79732 -51.4686 5
    endloop
  endfacet
  facet normal 0 0 1
    outer loop
      vertex -4.91284 -46.7425 5
      vertex -3.59246 -51.3745 5
      vertex -3.28903 -46.8846 5
    endloop
  endfacet
  facet normal 0 0 1
    outer loop
      vertex -4.91284 -46.7425 5
      vertex -5.38321 -51.2179 5
      vertex -3.59246 -51.3745 5
    endloop
  endfacet
  facet normal 0 0 1
    outer loop
      vertex -6.5307 -46.5439 5
      vertex -5.38321 -51.2179 5
      vertex -4.91284 -46.7425 5
    endloop
  endfacet
  facet normal 0 0 1
    outer loop
      vertex -7.16741 -50.9988 5
      vertex -6.5307 -46.5439 5
      vertex -6.54114 -46.5426 5
    endloop
  endfacet
  facet normal 0 0 1
    outer loop
      vertex -7.16741 -50.9988 5
      vertex -6.54114 -46.5426 5
      vertex -6.55152 -46.541 5
    endloop
  endfacet
  facet normal 0 0 1
    outer loop
      vertex -6.5307 -46.5439 5
      vertex -7.16741 -50.9988 5
      vertex -5.38321 -51.2179 5
    endloop
  endfacet
  facet normal 0 0 1
    outer loop
      vertex -8.16146 -46.286 5
      vertex -7.16741 -50.9988 5
      vertex -6.55152 -46.541 5
    endloop
  endfacet
  facet normal 0 0 1
    outer loop
      vertex -8.16146 -46.286 5
      vertex -8.94288 -50.7176 5
      vertex -7.16741 -50.9988 5
    endloop
  endfacet
  facet normal 0 0 1
    outer loop
      vertex -9.76153 -45.9749 5
      vertex -8.94288 -50.7176 5
      vertex -8.16146 -46.286 5
    endloop
  endfacet
  facet normal 0 0 1
    outer loop
      vertex -10.7075 -50.3746 5
      vertex -9.76153 -45.9749 5
      vertex -9.77185 -45.9729 5
    endloop
  endfacet
  facet normal 0 0 1
    outer loop
      vertex -9.76153 -45.9749 5
      vertex -10.7075 -50.3746 5
      vertex -8.94288 -50.7176 5
    endloop
  endfacet
  facet normal 0 0 1
    outer loop
      vertex -11.3601 -45.6063 5
      vertex -10.7075 -50.3746 5
      vertex -9.77185 -45.9729 5
    endloop
  endfacet
  facet normal 0 0 1
    outer loop
      vertex -12.459 -49.9702 5
      vertex -11.3601 -45.6063 5
      vertex -11.3703 -45.6039 5
    endloop
  endfacet
  facet normal 0 0 1
    outer loop
      vertex -12.459 -49.9702 5
      vertex -11.3703 -45.6039 5
      vertex -11.3805 -45.6012 5
    endloop
  endfacet
  facet normal 0 0 1
    outer loop
      vertex -11.3601 -45.6063 5
      vertex -12.459 -49.9702 5
      vertex -10.7075 -50.3746 5
    endloop
  endfacet
  facet normal 0 0 1
    outer loop
      vertex -12.955 -45.1793 5
      vertex -12.459 -49.9702 5
      vertex -11.3805 -45.6012 5
    endloop
  endfacet
  facet normal 0 0 1
    outer loop
      vertex -12.955 -45.1793 5
      vertex -14.1953 -49.505 5
      vertex -12.459 -49.9702 5
    endloop
  endfacet
  facet normal 0 0 1
    outer loop
      vertex -14.5137 -44.7027 5
      vertex -14.1953 -49.505 5
      vertex -12.955 -45.1793 5
    endloop
  endfacet
  facet normal 0 0 1
    outer loop
      vertex -15.9144 -48.9794 5
      vertex -14.5137 -44.7027 5
      vertex -14.5238 -44.6997 5
    endloop
  endfacet
  facet normal 0 0 1
    outer loop
      vertex -15.9144 -48.9794 5
      vertex -14.5238 -44.6997 5
      vertex -14.5337 -44.6962 5
    endloop
  endfacet
  facet normal 0 0 1
    outer loop
      vertex -14.5137 -44.7027 5
      vertex -15.9144 -48.9794 5
      vertex -14.1953 -49.505 5
    endloop
  endfacet
  facet normal 0 0 1
    outer loop
      vertex -16.0749 -44.1656 5
      vertex -15.9144 -48.9794 5
      vertex -14.5337 -44.6962 5
    endloop
  endfacet
  facet normal 0 0 1
    outer loop
      vertex -17.614 -48.3942 5
      vertex -16.0749 -44.1656 5
      vertex -16.0848 -44.1618 5
    endloop
  endfacet
  facet normal 0 0 1
    outer loop
      vertex -17.614 -48.3942 5
      vertex -16.0848 -44.1618 5
      vertex -17.6065 -43.5776 5
    endloop
  endfacet
  facet normal 0 0 1
    outer loop
      vertex -16.0749 -44.1656 5
      vertex -17.614 -48.3942 5
      vertex -15.9144 -48.9794 5
    endloop
  endfacet
  facet normal 0 0 1
    outer loop
      vertex -19.2922 -47.75 5
      vertex -17.6065 -43.5776 5
      vertex -19.1069 -42.9407 5
    endloop
  endfacet
  facet normal 0 0 1
    outer loop
      vertex -20.9469 -47.0476 5
      vertex -19.1069 -42.9407 5
      vertex -19.1166 -42.9366 5
    endloop
  endfacet
  facet normal 0 0 1
    outer loop
      vertex -17.6065 -43.5776 5
      vertex -19.2922 -47.75 5
      vertex -17.614 -48.3942 5
    endloop
  endfacet
  facet normal 0 0 1
    outer loop
      vertex -20.9469 -47.0476 5
      vertex -19.1166 -42.9366 5
      vertex -20.5939 -42.2478 5
    endloop
  endfacet
  facet normal 0 0 1
    outer loop
      vertex -22.5761 -46.2879 5
      vertex -20.5939 -42.2478 5
      vertex -20.6034 -42.2433 5
    endloop
  endfacet
  facet normal 0 0 1
    outer loop
      vertex -22.5761 -46.2879 5
      vertex -20.6034 -42.2433 5
      vertex -20.6128 -42.2385 5
    endloop
  endfacet
  facet normal 0 0 1
    outer loop
      vertex -19.1069 -42.9407 5
      vertex -20.9469 -47.0476 5
      vertex -19.2922 -47.75 5
    endloop
  endfacet
  facet normal 0 0 1
    outer loop
      vertex -22.5761 -46.2879 5
      vertex -20.6128 -42.2385 5
      vertex -22.0652 -41.4985 5
    endloop
  endfacet
  facet normal 0 0 1
    outer loop
      vertex -24.1778 -45.4718 5
      vertex -22.0652 -41.4985 5
      vertex -22.0744 -41.4934 5
    endloop
  endfacet
  facet normal 0 0 1
    outer loop
      vertex -20.5939 -42.2478 5
      vertex -22.5761 -46.2879 5
      vertex -20.9469 -47.0476 5
    endloop
  endfacet
  facet normal 0 0 1
    outer loop
      vertex -24.1778 -45.4718 5
      vertex -22.0744 -41.4934 5
      vertex -23.5 -40.7032 5
    endloop
  endfacet
  facet normal 0 0 1
    outer loop
      vertex -25.75 -44.6003 5
      vertex -23.5 -40.7032 5
      vertex -23.509 -40.6978 5
    endloop
  endfacet
  facet normal 0 0 1
    outer loop
      vertex -22.0652 -41.4985 5
      vertex -24.1778 -45.4718 5
      vertex -22.5761 -46.2879 5
    endloop
  endfacet
  facet normal 0 0 1
    outer loop
      vertex -25.75 -44.6003 5
      vertex -23.509 -40.6978 5
      vertex -24.9062 -39.8583 5
    endloop
  endfacet
  facet normal 0 0 1
    outer loop
      vertex -23.5 -40.7032 5
      vertex -25.75 -44.6003 5
      vertex -24.1778 -45.4718 5
    endloop
  endfacet
  facet normal 0 0 1
    outer loop
      vertex -27.2908 -43.6745 5
      vertex -24.9062 -39.8583 5
      vertex -26.2732 -38.9705 5
    endloop
  endfacet
  facet normal 0 0 1
    outer loop
      vertex -28.7984 -42.6954 5
      vertex -26.2732 -38.9705 5
      vertex -26.2821 -38.9648 5
    endloop
  endfacet
  facet normal 0 0 1
    outer loop
      vertex -28.7984 -42.6954 5
      vertex -26.2821 -38.9648 5
      vertex -26.2907 -38.9587 5
    endloop
  endfacet
  facet normal 0 0 1
    outer loop
      vertex -24.9062 -39.8583 5
      vertex -27.2908 -43.6745 5
      vertex -25.75 -44.6003 5
    endloop
  endfacet
  facet normal 0 0 1
    outer loop
      vertex -28.7984 -42.6954 5
      vertex -26.2907 -38.9587 5
      vertex -27.6259 -38.0238 5
    endloop
  endfacet
  facet normal 0 0 1
    outer loop
      vertex -26.2732 -38.9705 5
      vertex -28.7984 -42.6954 5
      vertex -27.2908 -43.6745 5
    endloop
  endfacet
  facet normal 0 0 1
    outer loop
      vertex -30.2709 -41.6644 5
      vertex -27.6259 -38.0238 5
      vertex -28.9277 -37.0428 5
    endloop
  endfacet
  facet normal 0 0 1
    outer loop
      vertex -31.7066 -40.5826 5
      vertex -28.9277 -37.0428 5
      vertex -28.9361 -37.0365 5
    endloop
  endfacet
  facet normal 0 0 1
    outer loop
      vertex -31.7066 -40.5826 5
      vertex -28.9361 -37.0365 5
      vertex -30.2028 -36.0107 5
    endloop
  endfacet
  facet normal 0 0 1
    outer loop
      vertex -33.1036 -39.4513 5
      vertex -30.2028 -36.0107 5
      vertex -30.211 -36.0041 5
    endloop
  endfacet
  facet normal 0 0 1
    outer loop
      vertex -33.1036 -39.4513 5
      vertex -30.211 -36.0041 5
      vertex -30.219 -35.9972 5
    endloop
  endfacet
  facet normal 0 0 1
    outer loop
      vertex -27.6259 -38.0238 5
      vertex -30.2709 -41.6644 5
      vertex -28.7984 -42.6954 5
    endloop
  endfacet
  facet normal 0 0 1
    outer loop
      vertex -33.1036 -39.4513 5
      vertex -30.219 -35.9972 5
      vertex -31.4491 -34.9278 5
    endloop
  endfacet
  facet normal 0 0 1
    outer loop
      vertex -34.4602 -38.272 5
      vertex -31.4491 -34.9278 5
      vertex -31.4568 -34.9206 5
    endloop
  endfacet
  facet normal 0 0 1
    outer loop
      vertex -28.9277 -37.0428 5
      vertex -31.7066 -40.5826 5
      vertex -30.2709 -41.6644 5
    endloop
  endfacet
  facet normal 0 0 1
    outer loop
      vertex -34.4602 -38.272 5
      vertex -31.4568 -34.9206 5
      vertex -32.6489 -33.809 5
    endloop
  endfacet
  facet normal 0 0 1
    outer loop
      vertex -30.2028 -36.0107 5
      vertex -33.1036 -39.4513 5
      vertex -31.7066 -40.5826 5
    endloop
  endfacet
  facet normal 0 0 1
    outer loop
      vertex -35.7749 -37.046 5
      vertex -32.6489 -33.809 5
      vertex -33.809 -32.6489 5
    endloop
  endfacet
  facet normal 0 0 1
    outer loop
      vertex -31.4491 -34.9278 5
      vertex -34.4602 -38.272 5
      vertex -33.1036 -39.4513 5
    endloop
  endfacet
  facet normal 0 0 1
    outer loop
      vertex -37.046 -35.7749 5
      vertex -33.809 -32.6489 5
      vertex -34.9206 -31.4568 5
    endloop
  endfacet
  facet normal 0 0 1
    outer loop
      vertex -38.272 -34.4602 5
      vertex -34.9206 -31.4568 5
      vertex -34.9278 -31.4491 5
    endloop
  endfacet
  facet normal 0 0 1
    outer loop
      vertex -32.6489 -33.809 5
      vertex -35.7749 -37.046 5
      vertex -34.4602 -38.272 5
    endloop
  endfacet
  facet normal 0 0 1
    outer loop
      vertex -38.272 -34.4602 5
      vertex -34.9278 -31.4491 5
      vertex -35.9972 -30.219 5
    endloop
  endfacet
  facet normal 0 0 1
    outer loop
      vertex -39.4513 -33.1036 5
      vertex -35.9972 -30.219 5
      vertex -36.0041 -30.211 5
    endloop
  endfacet
  facet normal 0 0 1
    outer loop
      vertex -39.4513 -33.1036 5
      vertex -36.0041 -30.211 5
      vertex -36.0107 -30.2028 5
    endloop
  endfacet
  facet normal 0 0 1
    outer loop
      vertex -39.4513 -33.1036 5
      vertex -36.0107 -30.2028 5
      vertex -37.0365 -28.9361 5
    endloop
  endfacet
  facet normal 0 0 1
    outer loop
      vertex -40.5826 -31.7066 5
      vertex -37.0365 -28.9361 5
      vertex -37.0428 -28.9277 5
    endloop
  endfacet
  facet normal 0 0 1
    outer loop
      vertex -33.809 -32.6489 5
      vertex -37.046 -35.7749 5
      vertex -35.7749 -37.046 5
    endloop
  endfacet
  facet normal 0 0 1
    outer loop
      vertex -40.5826 -31.7066 5
      vertex -37.0428 -28.9277 5
      vertex -38.0238 -27.6259 5
    endloop
  endfacet
  facet normal 0 0 1
    outer loop
      vertex -34.9206 -31.4568 5
      vertex -38.272 -34.4602 5
      vertex -37.046 -35.7749 5
    endloop
  endfacet
  facet normal 0 0 1
    outer loop
      vertex -41.6644 -30.2709 5
      vertex -38.0238 -27.6259 5
      vertex -38.9587 -26.2907 5
    endloop
  endfacet
  facet normal 0 0 1
    outer loop
      vertex -42.6954 -28.7984 5
      vertex -38.9587 -26.2907 5
      vertex -38.9648 -26.2821 5
    endloop
  endfacet
  facet normal 0 0 1
    outer loop
      vertex -42.6954 -28.7984 5
      vertex -38.9648 -26.2821 5
      vertex -38.9705 -26.2732 5
    endloop
  endfacet
  facet normal 0 0 1
    outer loop
      vertex -35.9972 -30.219 5
      vertex -39.4513 -33.1036 5
      vertex -38.272 -34.4602 5
    endloop
  endfacet
  facet normal 0 0 1
    outer loop
      vertex -42.6954 -28.7984 5
      vertex -38.9705 -26.2732 5
      vertex -39.8583 -24.9062 5
    endloop
  endfacet
  facet normal 0 0 1
    outer loop
      vertex -37.0365 -28.9361 5
      vertex -40.5826 -31.7066 5
      vertex -39.4513 -33.1036 5
    endloop
  endfacet
  facet normal 0 0 1
    outer loop
      vertex -43.6745 -27.2908 5
      vertex -39.8583 -24.9062 5
      vertex -40.6978 -23.509 5
    endloop
  endfacet
  facet normal 0 0 1
    outer loop
      vertex -44.6003 -25.75 5
      vertex -40.6978 -23.509 5
      vertex -40.7032 -23.5 5
    endloop
  endfacet
  facet normal 0 0 1
    outer loop
      vertex -44.6003 -25.75 5
      vertex -40.7032 -23.5 5
      vertex -41.4934 -22.0744 5
    endloop
  endfacet
  facet normal 0 0 1
    outer loop
      vertex -45.4718 -24.1778 5
      vertex -41.4934 -22.0744 5
      vertex -41.4985 -22.0652 5
    endloop
  endfacet
  facet normal 0 0 1
    outer loop
      vertex -38.0238 -27.6259 5
      vertex -41.6644 -30.2709 5
      vertex -40.5826 -31.7066 5
    endloop
  endfacet
  facet normal 0 0 1
    outer loop
      vertex -45.4718 -24.1778 5
      vertex -41.4985 -22.0652 5
      vertex -42.2385 -20.6128 5
    endloop
  endfacet
  facet normal 0 0 1
    outer loop
      vertex -46.2879 -22.5761 5
      vertex -42.2385 -20.6128 5
      vertex -42.2433 -20.6034 5
    endloop
  endfacet
  facet normal 0 0 1
    outer loop
      vertex -46.2879 -22.5761 5
      vertex -42.2433 -20.6034 5
      vertex -42.2478 -20.5939 5
    endloop
  endfacet
  facet normal 0 0 1
    outer loop
      vertex -38.9587 -26.2907 5
      vertex -42.6954 -28.7984 5
      vertex -41.6644 -30.2709 5
    endloop
  endfacet
  facet normal 0 0 1
    outer loop
      vertex -46.2879 -22.5761 5
      vertex -42.2478 -20.5939 5
      vertex -42.9366 -19.1166 5
    endloop
  endfacet
  facet normal 0 0 1
    outer loop
      vertex -47.0476 -20.9469 5
      vertex -42.9366 -19.1166 5
      vertex -42.9407 -19.1069 5
    endloop
  endfacet
  facet normal 0 0 1
    outer loop
      vertex -47.0476 -20.9469 5
      vertex -42.9407 -19.1069 5
      vertex -43.5776 -17.6065 5
    endloop
  endfacet
  facet normal 0 0 1
    outer loop
      vertex -39.8583 -24.9062 5
      vertex -43.6745 -27.2908 5
      vertex -42.6954 -28.7984 5
    endloop
  endfacet
  facet normal 0 0 1
    outer loop
      vertex -47.75 -19.2922 5
      vertex -43.5776 -17.6065 5
      vertex -44.1618 -16.0848 5
    endloop
  endfacet
  facet normal 0 0 1
    outer loop
      vertex -48.3942 -17.614 5
      vertex -44.1618 -16.0848 5
      vertex -44.1656 -16.0749 5
    endloop
  endfacet
  facet normal 0 0 1
    outer loop
      vertex -40.6978 -23.509 5
      vertex -44.6003 -25.75 5
      vertex -43.6745 -27.2908 5
    endloop
  endfacet
  facet normal 0 0 1
    outer loop
      vertex -48.3942 -17.614 5
      vertex -44.1656 -16.0749 5
      vertex -44.6962 -14.5337 5
    endloop
  endfacet
  facet normal 0 0 1
    outer loop
      vertex -48.9794 -15.9144 5
      vertex -44.6962 -14.5337 5
      vertex -44.6997 -14.5238 5
    endloop
  endfacet
  facet normal 0 0 1
    outer loop
      vertex -48.9794 -15.9144 5
      vertex -44.6997 -14.5238 5
      vertex -44.7027 -14.5137 5
    endloop
  endfacet
  facet normal 0 0 1
    outer loop
      vertex -48.9794 -15.9144 5
      vertex -44.7027 -14.5137 5
      vertex -45.1793 -12.955 5
    endloop
  endfacet
  facet normal 0 0 1
    outer loop
      vertex -41.4934 -22.0744 5
      vertex -45.4718 -24.1778 5
      vertex -44.6003 -25.75 5
    endloop
  endfacet
  facet normal 0 0 1
    outer loop
      vertex -49.505 -14.1953 5
      vertex -45.1793 -12.955 5
      vertex -45.6012 -11.3805 5
    endloop
  endfacet
  facet normal 0 0 1
    outer loop
      vertex -49.9702 -12.459 5
      vertex -45.6012 -11.3805 5
      vertex -45.6039 -11.3703 5
    endloop
  endfacet
  facet normal 0 0 1
    outer loop
      vertex -49.9702 -12.459 5
      vertex -45.6039 -11.3703 5
      vertex -45.6063 -11.3601 5
    endloop
  endfacet
  facet normal 0 0 1
    outer loop
      vertex -49.9702 -12.459 5
      vertex -45.6063 -11.3601 5
      vertex -45.9729 -9.77185 5
    endloop
  endfacet
  facet normal 0 0 1
    outer loop
      vertex -50.3746 -10.7075 5
      vertex -45.9729 -9.77185 5
      vertex -45.9749 -9.76153 5
    endloop
  endfacet
  facet normal 0 0 1
    outer loop
      vertex -50.3746 -10.7075 5
      vertex -45.9749 -9.76153 5
      vertex -46.286 -8.16146 5
    endloop
  endfacet
  facet normal 0 0 1
    outer loop
      vertex -42.2385 -20.6128 5
      vertex -46.2879 -22.5761 5
      vertex -45.4718 -24.1778 5
    endloop
  endfacet
  facet normal 0 0 1
    outer loop
      vertex -50.7176 -8.94288 5
      vertex -46.286 -8.16146 5
      vertex -46.541 -6.55152 5
    endloop
  endfacet
  facet normal 0 0 1
    outer loop
      vertex -50.9988 -7.16741 5
      vertex -46.541 -6.55152 5
      vertex -46.5426 -6.54114 5
    endloop
  endfacet
  facet normal 0 0 1
    outer loop
      vertex -50.9988 -7.16741 5
      vertex -46.5426 -6.54114 5
      vertex -46.5439 -6.5307 5
    endloop
  endfacet
  facet normal 0 0 1
    outer loop
      vertex -50.9988 -7.16741 5
      vertex -46.5439 -6.5307 5
      vertex -46.7425 -4.91284 5
    endloop
  endfacet
  facet normal 0 0 1
    outer loop
      vertex -51.2179 -5.38321 5
      vertex -46.7425 -4.91284 5
      vertex -46.8846 -3.28903 5
    endloop
  endfacet
  facet normal 0 0 1
    outer loop
      vertex -51.3745 -3.59246 5
      vertex -46.8846 -3.28903 5
      vertex -46.8855 -3.27855 5
    endloop
  endfacet
  facet normal 0 0 1
    outer loop
      vertex -51.3745 -3.59246 5
      vertex -46.8855 -3.27855 5
      vertex -46.8861 -3.26805 5
    endloop
  endfacet
  facet normal 0 0 1
    outer loop
      vertex -51.3745 -3.59246 5
      vertex -46.8861 -3.26805 5
      vertex -46.9714 -1.64028 5
    endloop
  endfacet
  facet normal 0 0 1
    outer loop
      vertex -51.4686 -1.79732 5
      vertex -46.9716 -1.62976 5
      vertex -47 0 5
    endloop
  endfacet
  facet normal 0 0 1
    outer loop
      vertex -42.9366 -19.1166 5
      vertex -47.0476 -20.9469 5
      vertex -46.2879 -22.5761 5
    endloop
  endfacet
  facet normal 0 0 1
    outer loop
      vertex -46.9716 -1.62976 5
      vertex -51.4686 -1.79732 5
      vertex -46.9714 -1.64028 5
    endloop
  endfacet
  facet normal 0 0 1
    outer loop
      vertex -46.541 6.55152 5
      vertex -50.9988 7.16741 5
      vertex -46.5426 6.54114 5
    endloop
  endfacet
  facet normal 0 0 1
    outer loop
      vertex -46.5426 6.54114 5
      vertex -50.9988 7.16741 5
      vertex -46.5439 6.5307 5
    endloop
  endfacet
  facet normal 0 0 1
    outer loop
      vertex -43.5776 -17.6065 5
      vertex -47.75 -19.2922 5
      vertex -47.0476 -20.9469 5
    endloop
  endfacet
  facet normal 0 0 1
    outer loop
      vertex -46.5439 6.5307 5
      vertex -50.9988 7.16741 5
      vertex -46.7425 4.91284 5
    endloop
  endfacet
  facet normal 0 0 1
    outer loop
      vertex -44.1618 -16.0848 5
      vertex -48.3942 -17.614 5
      vertex -47.75 -19.2922 5
    endloop
  endfacet
  facet normal -0 0 1
    outer loop
      vertex -51.2179 5.38321 5
      vertex -46.7425 4.91284 5
      vertex -50.9988 7.16741 5
    endloop
  endfacet
  facet normal 0 0 1
    outer loop
      vertex -44.6962 -14.5337 5
      vertex -48.9794 -15.9144 5
      vertex -48.3942 -17.614 5
    endloop
  endfacet
  facet normal 0 0 1
    outer loop
      vertex -46.7425 4.91284 5
      vertex -51.2179 5.38321 5
      vertex -46.8846 3.28903 5
    endloop
  endfacet
  facet normal 0 0 1
    outer loop
      vertex -45.1793 -12.955 5
      vertex -49.505 -14.1953 5
      vertex -48.9794 -15.9144 5
    endloop
  endfacet
  facet normal -0 0 1
    outer loop
      vertex -51.3745 3.59246 5
      vertex -46.8846 3.28903 5
      vertex -51.2179 5.38321 5
    endloop
  endfacet
  facet normal 0 0 1
    outer loop
      vertex -45.6012 -11.3805 5
      vertex -49.9702 -12.459 5
      vertex -49.505 -14.1953 5
    endloop
  endfacet
  facet normal 0 0 1
    outer loop
      vertex -46.8846 3.28903 5
      vertex -51.3745 3.59246 5
      vertex -46.8855 3.27855 5
    endloop
  endfacet
  facet normal 0 0 1
    outer loop
      vertex -45.9729 -9.77185 5
      vertex -50.3746 -10.7075 5
      vertex -49.9702 -12.459 5
    endloop
  endfacet
  facet normal 0 0 1
    outer loop
      vertex -46.8855 3.27855 5
      vertex -51.3745 3.59246 5
      vertex -46.8861 3.26805 5
    endloop
  endfacet
  facet normal 0 0 1
    outer loop
      vertex -46.286 -8.16146 5
      vertex -50.7176 -8.94288 5
      vertex -50.3746 -10.7075 5
    endloop
  endfacet
  facet normal 0 0 1
    outer loop
      vertex -46.8861 3.26805 5
      vertex -51.3745 3.59246 5
      vertex -46.9714 1.64028 5
    endloop
  endfacet
  facet normal 0 0 1
    outer loop
      vertex -46.541 -6.55152 5
      vertex -50.9988 -7.16741 5
      vertex -50.7176 -8.94288 5
    endloop
  endfacet
  facet normal -0 0 1
    outer loop
      vertex -51.4686 1.79732 5
      vertex -46.9714 1.64028 5
      vertex -51.3745 3.59246 5
    endloop
  endfacet
  facet normal 0 0 1
    outer loop
      vertex -46.7425 -4.91284 5
      vertex -51.2179 -5.38321 5
      vertex -50.9988 -7.16741 5
    endloop
  endfacet
  facet normal 0 0 1
    outer loop
      vertex -46.9716 1.62976 5
      vertex -51.4686 1.79732 5
      vertex -47 0 5
    endloop
  endfacet
  facet normal 0 0 1
    outer loop
      vertex -46.8846 -3.28903 5
      vertex -51.3745 -3.59246 5
      vertex -51.2179 -5.38321 5
    endloop
  endfacet
  facet normal 0 0 1
    outer loop
      vertex -51.5 0 5
      vertex -47 0 5
      vertex -51.4686 1.79732 5
    endloop
  endfacet
  facet normal 0 0 1
    outer loop
      vertex -46.9714 -1.64028 5
      vertex -51.4686 -1.79732 5
      vertex -51.3745 -3.59246 5
    endloop
  endfacet
  facet normal 0 0 1
    outer loop
      vertex -47 0 5
      vertex -51.5 0 5
      vertex -51.4686 -1.79732 5
    endloop
  endfacet
  facet normal -0.99863 -0.0523245 0
    outer loop
      vertex 45.4723 1.58793 0
      vertex 45.3892 3.17392 3.5
      vertex 45.3892 3.17392 0
    endloop
  endfacet
  facet normal -0.99863 -0.0523245 0
    outer loop
      vertex 45.3892 3.17392 3.5
      vertex 45.4723 1.58793 0
      vertex 45.4723 1.58793 3.5
    endloop
  endfacet
  facet normal -0.999848 -0.0174414 0
    outer loop
      vertex 45.5 0 0
      vertex 45.4723 1.58793 3.5
      vertex 45.4723 1.58793 0
    endloop
  endfacet
  facet normal -0.999848 -0.0174414 0
    outer loop
      vertex 45.4723 1.58793 3.5
      vertex 45.5 0 0
      vertex 45.5 0 3.5
    endloop
  endfacet
  facet normal 0.190847 -0.98162 0
    outer loop
      vertex -9.45998 44.5057 0
      vertex -7.90099 44.8088 3.5
      vertex -9.45998 44.5057 3.5
    endloop
  endfacet
  facet normal 0.190847 -0.98162 0
    outer loop
      vertex -7.90099 44.8088 3.5
      vertex -9.45998 44.5057 0
      vertex -7.90099 44.8088 0
    endloop
  endfacet
  facet normal -0.798638 -0.601812 0
    outer loop
      vertex 36.8103 26.7442 0
      vertex 35.8545 28.0126 3.5
      vertex 35.8545 28.0126 0
    endloop
  endfacet
  facet normal -0.798638 -0.601812 0
    outer loop
      vertex 35.8545 28.0126 3.5
      vertex 36.8103 26.7442 0
      vertex 36.8103 26.7442 3.5
    endloop
  endfacet
  facet normal -0.0872073 0.99619 0
    outer loop
      vertex 4.75604 -45.2507 0
      vertex 3.17392 -45.3892 3.5
      vertex 4.75604 -45.2507 3.5
    endloop
  endfacet
  facet normal -0.0872073 0.99619 0
    outer loop
      vertex 3.17392 -45.3892 3.5
      vertex 4.75604 -45.2507 0
      vertex 3.17392 -45.3892 0
    endloop
  endfacet
  facet normal -0.974377 -0.224921 0
    outer loop
      vertex 44.5057 9.45998 0
      vertex 44.1485 11.0074 3.5
      vertex 44.1485 11.0074 0
    endloop
  endfacet
  facet normal -0.974377 -0.224921 0
    outer loop
      vertex 44.1485 11.0074 3.5
      vertex 44.5057 9.45998 0
      vertex 44.5057 9.45998 3.5
    endloop
  endfacet
  facet normal -0.838674 -0.544634 0
    outer loop
      vertex 38.5862 24.1113 0
      vertex 37.7212 25.4433 3.5
      vertex 37.7212 25.4433 0
    endloop
  endfacet
  facet normal -0.838674 -0.544634 0
    outer loop
      vertex 37.7212 25.4433 3.5
      vertex 38.5862 24.1113 0
      vertex 38.5862 24.1113 3.5
    endloop
  endfacet
  facet normal 0.358338 -0.933592 0
    outer loop
      vertex -17.0446 42.1869 0
      vertex -15.5619 42.756 3.5
      vertex -17.0446 42.1869 3.5
    endloop
  endfacet
  facet normal 0.358338 -0.933592 0
    outer loop
      vertex -15.5619 42.756 3.5
      vertex -17.0446 42.1869 0
      vertex -15.5619 42.756 0
    endloop
  endfacet
  facet normal 0.945507 -0.325601 0
    outer loop
      vertex -43.2731 14.0603 3.5
      vertex -42.756 15.5619 0
      vertex -42.756 15.5619 3.5
    endloop
  endfacet
  facet normal 0.945507 -0.325601 0
    outer loop
      vertex -42.756 15.5619 0
      vertex -43.2731 14.0603 3.5
      vertex -43.2731 14.0603 0
    endloop
  endfacet
  facet normal -0.933592 -0.358338 0
    outer loop
      vertex 42.756 15.5619 0
      vertex 42.1869 17.0446 3.5
      vertex 42.1869 17.0446 0
    endloop
  endfacet
  facet normal -0.933592 -0.358338 0
    outer loop
      vertex 42.1869 17.0446 3.5
      vertex 42.756 15.5619 0
      vertex 42.756 15.5619 3.5
    endloop
  endfacet
  facet normal 0.777126 0.629345 0
    outer loop
      vertex -34.855 -29.2468 3.5
      vertex -35.8545 -28.0126 0
      vertex -35.8545 -28.0126 3.5
    endloop
  endfacet
  facet normal 0.777126 0.629345 0
    outer loop
      vertex -35.8545 -28.0126 0
      vertex -34.855 -29.2468 3.5
      vertex -34.855 -29.2468 0
    endloop
  endfacet
  facet normal -0.98162 -0.190847 0
    outer loop
      vertex 44.8088 7.90099 0
      vertex 44.5057 9.45998 3.5
      vertex 44.5057 9.45998 0
    endloop
  endfacet
  facet normal -0.98162 -0.190847 0
    outer loop
      vertex 44.5057 9.45998 3.5
      vertex 44.8088 7.90099 0
      vertex 44.8088 7.90099 3.5
    endloop
  endfacet
  facet normal -0.358338 0.933592 0
    outer loop
      vertex 17.0446 -42.1869 0
      vertex 15.5619 -42.756 3.5
      vertex 17.0446 -42.1869 3.5
    endloop
  endfacet
  facet normal -0.358338 0.933592 0
    outer loop
      vertex 15.5619 -42.756 3.5
      vertex 17.0446 -42.1869 0
      vertex 15.5619 -42.756 0
    endloop
  endfacet
  facet normal 0.358338 0.933592 -0
    outer loop
      vertex -15.5619 -42.756 0
      vertex -17.0446 -42.1869 3.5
      vertex -15.5619 -42.756 3.5
    endloop
  endfacet
  facet normal 0.358338 0.933592 0
    outer loop
      vertex -17.0446 -42.1869 3.5
      vertex -15.5619 -42.756 0
      vertex -17.0446 -42.1869 0
    endloop
  endfacet
  facet normal 0.99863 0.0523245 0
    outer loop
      vertex -45.3892 -3.17392 3.5
      vertex -45.4723 -1.58793 0
      vertex -45.4723 -1.58793 3.5
    endloop
  endfacet
  facet normal 0.99863 0.0523245 0
    outer loop
      vertex -45.4723 -1.58793 0
      vertex -45.3892 -3.17392 3.5
      vertex -45.3892 -3.17392 0
    endloop
  endfacet
  facet normal 0.99619 0.0872073 0
    outer loop
      vertex -45.2507 -4.75604 3.5
      vertex -45.3892 -3.17392 0
      vertex -45.3892 -3.17392 3.5
    endloop
  endfacet
  facet normal 0.99619 0.0872073 0
    outer loop
      vertex -45.3892 -3.17392 0
      vertex -45.2507 -4.75604 3.5
      vertex -45.2507 -4.75604 0
    endloop
  endfacet
  facet normal 0.956312 -0.292347 0
    outer loop
      vertex -43.7374 12.5415 3.5
      vertex -43.2731 14.0603 0
      vertex -43.2731 14.0603 3.5
    endloop
  endfacet
  facet normal 0.956312 -0.292347 0
    outer loop
      vertex -43.2731 14.0603 0
      vertex -43.7374 12.5415 3.5
      vertex -43.7374 12.5415 0
    endloop
  endfacet
  facet normal -0.987693 -0.156408 0
    outer loop
      vertex 45.0572 6.33238 0
      vertex 44.8088 7.90099 3.5
      vertex 44.8088 7.90099 0
    endloop
  endfacet
  facet normal -0.987693 -0.156408 0
    outer loop
      vertex 44.8088 7.90099 3.5
      vertex 45.0572 6.33238 0
      vertex 45.0572 6.33238 3.5
    endloop
  endfacet
  facet normal 0.933592 0.358338 0
    outer loop
      vertex -42.1869 -17.0446 3.5
      vertex -42.756 -15.5619 0
      vertex -42.756 -15.5619 3.5
    endloop
  endfacet
  facet normal 0.933592 0.358338 0
    outer loop
      vertex -42.756 -15.5619 0
      vertex -42.1869 -17.0446 3.5
      vertex -42.1869 -17.0446 0
    endloop
  endfacet
  facet normal -0.857154 -0.51506 0
    outer loop
      vertex 39.4042 22.75 0
      vertex 38.5862 24.1113 3.5
      vertex 38.5862 24.1113 0
    endloop
  endfacet
  facet normal -0.857154 -0.51506 0
    outer loop
      vertex 38.5862 24.1113 3.5
      vertex 39.4042 22.75 0
      vertex 39.4042 22.75 3.5
    endloop
  endfacet
  facet normal -0.601812 -0.798638 0
    outer loop
      vertex 26.7442 36.8103 0
      vertex 28.0126 35.8545 3.5
      vertex 26.7442 36.8103 3.5
    endloop
  endfacet
  facet normal -0.601812 -0.798638 -0
    outer loop
      vertex 28.0126 35.8545 3.5
      vertex 26.7442 36.8103 0
      vertex 28.0126 35.8545 0
    endloop
  endfacet
  facet normal -0.453976 -0.891014 0
    outer loop
      vertex 19.9459 40.8951 0
      vertex 21.361 40.1741 3.5
      vertex 19.9459 40.8951 3.5
    endloop
  endfacet
  facet normal -0.453976 -0.891014 -0
    outer loop
      vertex 21.361 40.1741 3.5
      vertex 19.9459 40.8951 0
      vertex 21.361 40.1741 0
    endloop
  endfacet
  facet normal 0.906309 -0.422617 0
    outer loop
      vertex -41.5663 18.5065 3.5
      vertex -40.8951 19.9459 0
      vertex -40.8951 19.9459 3.5
    endloop
  endfacet
  facet normal 0.906309 -0.422617 0
    outer loop
      vertex -40.8951 19.9459 0
      vertex -41.5663 18.5065 3.5
      vertex -41.5663 18.5065 0
    endloop
  endfacet
  facet normal -0.731388 0.681961 0
    outer loop
      vertex 32.73 -31.607 0
      vertex 33.8131 -30.4454 3.5
      vertex 33.8131 -30.4454 0
    endloop
  endfacet
  facet normal -0.731388 0.681961 0
    outer loop
      vertex 33.8131 -30.4454 3.5
      vertex 32.73 -31.607 0
      vertex 32.73 -31.607 3.5
    endloop
  endfacet
  facet normal -0.945507 0.325601 0
    outer loop
      vertex 42.756 -15.5619 0
      vertex 43.2731 -14.0603 3.5
      vertex 43.2731 -14.0603 0
    endloop
  endfacet
  facet normal -0.945507 0.325601 0
    outer loop
      vertex 43.2731 -14.0603 3.5
      vertex 42.756 -15.5619 0
      vertex 42.756 -15.5619 3.5
    endloop
  endfacet
  facet normal 0.601812 -0.798638 0
    outer loop
      vertex -28.0126 35.8545 0
      vertex -26.7442 36.8103 3.5
      vertex -28.0126 35.8545 3.5
    endloop
  endfacet
  facet normal 0.601812 -0.798638 0
    outer loop
      vertex -26.7442 36.8103 3.5
      vertex -28.0126 35.8545 0
      vertex -26.7442 36.8103 0
    endloop
  endfacet
  facet normal -0.945507 -0.325601 0
    outer loop
      vertex 43.2731 14.0603 0
      vertex 42.756 15.5619 3.5
      vertex 42.756 15.5619 0
    endloop
  endfacet
  facet normal -0.945507 -0.325601 0
    outer loop
      vertex 42.756 15.5619 3.5
      vertex 43.2731 14.0603 0
      vertex 43.2731 14.0603 3.5
    endloop
  endfacet
  facet normal -0.874629 0.484793 0
    outer loop
      vertex 39.4042 -22.75 0
      vertex 40.1741 -21.361 3.5
      vertex 40.1741 -21.361 0
    endloop
  endfacet
  facet normal -0.874629 0.484793 0
    outer loop
      vertex 40.1741 -21.361 3.5
      vertex 39.4042 -22.75 0
      vertex 39.4042 -22.75 3.5
    endloop
  endfacet
  facet normal -0.96592 0.258842 0
    outer loop
      vertex 43.7374 -12.5415 0
      vertex 44.1485 -11.0074 3.5
      vertex 44.1485 -11.0074 0
    endloop
  endfacet
  facet normal -0.96592 0.258842 0
    outer loop
      vertex 44.1485 -11.0074 3.5
      vertex 43.7374 -12.5415 0
      vertex 43.7374 -12.5415 3.5
    endloop
  endfacet
  facet normal 0.731388 -0.681961 0
    outer loop
      vertex -33.8131 30.4454 3.5
      vertex -32.73 31.607 0
      vertex -32.73 31.607 3.5
    endloop
  endfacet
  facet normal 0.731388 -0.681961 0
    outer loop
      vertex -32.73 31.607 0
      vertex -33.8131 30.4454 3.5
      vertex -33.8131 30.4454 0
    endloop
  endfacet
  facet normal -0.156408 0.987693 0
    outer loop
      vertex 7.90099 -44.8088 0
      vertex 6.33238 -45.0572 3.5
      vertex 7.90099 -44.8088 3.5
    endloop
  endfacet
  facet normal -0.156408 0.987693 0
    outer loop
      vertex 6.33238 -45.0572 3.5
      vertex 7.90099 -44.8088 0
      vertex 6.33238 -45.0572 0
    endloop
  endfacet
  facet normal -0.99619 0.0872073 0
    outer loop
      vertex 45.2507 -4.75604 0
      vertex 45.3892 -3.17392 3.5
      vertex 45.3892 -3.17392 0
    endloop
  endfacet
  facet normal -0.99619 0.0872073 0
    outer loop
      vertex 45.3892 -3.17392 3.5
      vertex 45.2507 -4.75604 0
      vertex 45.2507 -4.75604 3.5
    endloop
  endfacet
  facet normal -0.629345 0.777126 0
    outer loop
      vertex 29.2468 -34.855 0
      vertex 28.0126 -35.8545 3.5
      vertex 29.2468 -34.855 3.5
    endloop
  endfacet
  facet normal -0.629345 0.777126 0
    outer loop
      vertex 28.0126 -35.8545 3.5
      vertex 29.2468 -34.855 0
      vertex 28.0126 -35.8545 0
    endloop
  endfacet
  facet normal -0.0523245 -0.99863 0
    outer loop
      vertex 1.58793 45.4723 0
      vertex 3.17392 45.3892 3.5
      vertex 1.58793 45.4723 3.5
    endloop
  endfacet
  facet normal -0.0523245 -0.99863 -0
    outer loop
      vertex 3.17392 45.3892 3.5
      vertex 1.58793 45.4723 0
      vertex 3.17392 45.3892 0
    endloop
  endfacet
  facet normal 0.933592 -0.358338 0
    outer loop
      vertex -42.756 15.5619 3.5
      vertex -42.1869 17.0446 0
      vertex -42.1869 17.0446 3.5
    endloop
  endfacet
  facet normal 0.933592 -0.358338 0
    outer loop
      vertex -42.1869 17.0446 0
      vertex -42.756 15.5619 3.5
      vertex -42.756 15.5619 0
    endloop
  endfacet
  facet normal -0.0174414 -0.999848 0
    outer loop
      vertex 0 45.5 0
      vertex 1.58793 45.4723 3.5
      vertex 0 45.5 3.5
    endloop
  endfacet
  facet normal -0.0174414 -0.999848 -0
    outer loop
      vertex 1.58793 45.4723 3.5
      vertex 0 45.5 0
      vertex 1.58793 45.4723 0
    endloop
  endfacet
  facet normal 0.681961 -0.731388 0
    outer loop
      vertex -31.607 32.73 0
      vertex -30.4454 33.8131 3.5
      vertex -31.607 32.73 3.5
    endloop
  endfacet
  facet normal 0.681961 -0.731388 0
    outer loop
      vertex -30.4454 33.8131 3.5
      vertex -31.607 32.73 0
      vertex -30.4454 33.8131 0
    endloop
  endfacet
  facet normal -0.754718 0.656049 0
    outer loop
      vertex 33.8131 -30.4454 0
      vertex 34.855 -29.2468 3.5
      vertex 34.855 -29.2468 0
    endloop
  endfacet
  facet normal -0.754718 0.656049 0
    outer loop
      vertex 34.855 -29.2468 3.5
      vertex 33.8131 -30.4454 0
      vertex 33.8131 -30.4454 3.5
    endloop
  endfacet
  facet normal 0.798638 -0.601812 0
    outer loop
      vertex -36.8103 26.7442 3.5
      vertex -35.8545 28.0126 0
      vertex -35.8545 28.0126 3.5
    endloop
  endfacet
  facet normal 0.798638 -0.601812 0
    outer loop
      vertex -35.8545 28.0126 0
      vertex -36.8103 26.7442 3.5
      vertex -36.8103 26.7442 0
    endloop
  endfacet
  facet normal -0.422617 0.906309 0
    outer loop
      vertex 19.9459 -40.8951 0
      vertex 18.5065 -41.5663 3.5
      vertex 19.9459 -40.8951 3.5
    endloop
  endfacet
  facet normal -0.422617 0.906309 0
    outer loop
      vertex 18.5065 -41.5663 3.5
      vertex 19.9459 -40.8951 0
      vertex 18.5065 -41.5663 0
    endloop
  endfacet
  facet normal -0.707107 -0.707107 0
    outer loop
      vertex 32.73 31.607 0
      vertex 31.607 32.73 3.5
      vertex 31.607 32.73 0
    endloop
  endfacet
  facet normal -0.707107 -0.707107 0
    outer loop
      vertex 31.607 32.73 3.5
      vertex 32.73 31.607 0
      vertex 32.73 31.607 3.5
    endloop
  endfacet
  facet normal -0.874629 -0.484793 0
    outer loop
      vertex 40.1741 21.361 0
      vertex 39.4042 22.75 3.5
      vertex 39.4042 22.75 0
    endloop
  endfacet
  facet normal -0.874629 -0.484793 0
    outer loop
      vertex 39.4042 22.75 3.5
      vertex 40.1741 21.361 0
      vertex 40.1741 21.361 3.5
    endloop
  endfacet
  facet normal -0.0174414 0.999848 0
    outer loop
      vertex 1.58793 -45.4723 0
      vertex 0 -45.5 3.5
      vertex 1.58793 -45.4723 3.5
    endloop
  endfacet
  facet normal -0.0174414 0.999848 0
    outer loop
      vertex 0 -45.5 3.5
      vertex 1.58793 -45.4723 0
      vertex 0 -45.5 0
    endloop
  endfacet
  facet normal 0.999848 0.0174414 0
    outer loop
      vertex -45.4723 -1.58793 3.5
      vertex -45.5 0 0
      vertex -45.5 0 3.5
    endloop
  endfacet
  facet normal 0.999848 0.0174414 0
    outer loop
      vertex -45.5 0 0
      vertex -45.4723 -1.58793 3.5
      vertex -45.4723 -1.58793 0
    endloop
  endfacet
  facet normal -0.573576 -0.819152 0
    outer loop
      vertex 25.4433 37.7212 0
      vertex 26.7442 36.8103 3.5
      vertex 25.4433 37.7212 3.5
    endloop
  endfacet
  facet normal -0.573576 -0.819152 -0
    outer loop
      vertex 26.7442 36.8103 3.5
      vertex 25.4433 37.7212 0
      vertex 26.7442 36.8103 0
    endloop
  endfacet
  facet normal -0.292347 -0.956312 0
    outer loop
      vertex 12.5415 43.7374 0
      vertex 14.0603 43.2731 3.5
      vertex 12.5415 43.7374 3.5
    endloop
  endfacet
  facet normal -0.292347 -0.956312 -0
    outer loop
      vertex 14.0603 43.2731 3.5
      vertex 12.5415 43.7374 0
      vertex 14.0603 43.2731 0
    endloop
  endfacet
  facet normal 0.838674 -0.544634 0
    outer loop
      vertex -38.5862 24.1113 3.5
      vertex -37.7212 25.4433 0
      vertex -37.7212 25.4433 3.5
    endloop
  endfacet
  facet normal 0.838674 -0.544634 0
    outer loop
      vertex -37.7212 25.4433 0
      vertex -38.5862 24.1113 3.5
      vertex -38.5862 24.1113 0
    endloop
  endfacet
  facet normal -0.484793 -0.874629 0
    outer loop
      vertex 21.361 40.1741 0
      vertex 22.75 39.4042 3.5
      vertex 21.361 40.1741 3.5
    endloop
  endfacet
  facet normal -0.484793 -0.874629 -0
    outer loop
      vertex 22.75 39.4042 3.5
      vertex 21.361 40.1741 0
      vertex 22.75 39.4042 0
    endloop
  endfacet
  facet normal -0.190847 -0.98162 0
    outer loop
      vertex 7.90099 44.8088 0
      vertex 9.45998 44.5057 3.5
      vertex 7.90099 44.8088 3.5
    endloop
  endfacet
  facet normal -0.190847 -0.98162 -0
    outer loop
      vertex 9.45998 44.5057 3.5
      vertex 7.90099 44.8088 0
      vertex 9.45998 44.5057 0
    endloop
  endfacet
  facet normal 0.96592 0.258842 0
    outer loop
      vertex -43.7374 -12.5415 3.5
      vertex -44.1485 -11.0074 0
      vertex -44.1485 -11.0074 3.5
    endloop
  endfacet
  facet normal 0.96592 0.258842 0
    outer loop
      vertex -44.1485 -11.0074 0
      vertex -43.7374 -12.5415 3.5
      vertex -43.7374 -12.5415 0
    endloop
  endfacet
  facet normal 0.484793 -0.874629 0
    outer loop
      vertex -22.75 39.4042 0
      vertex -21.361 40.1741 3.5
      vertex -22.75 39.4042 3.5
    endloop
  endfacet
  facet normal 0.484793 -0.874629 0
    outer loop
      vertex -21.361 40.1741 3.5
      vertex -22.75 39.4042 0
      vertex -21.361 40.1741 0
    endloop
  endfacet
  facet normal -0.906309 0.422617 0
    outer loop
      vertex 40.8951 -19.9459 0
      vertex 41.5663 -18.5065 3.5
      vertex 41.5663 -18.5065 0
    endloop
  endfacet
  facet normal -0.906309 0.422617 0
    outer loop
      vertex 41.5663 -18.5065 3.5
      vertex 40.8951 -19.9459 0
      vertex 40.8951 -19.9459 3.5
    endloop
  endfacet
  facet normal 0.754718 0.656049 0
    outer loop
      vertex -33.8131 -30.4454 3.5
      vertex -34.855 -29.2468 0
      vertex -34.855 -29.2468 3.5
    endloop
  endfacet
  facet normal 0.754718 0.656049 0
    outer loop
      vertex -34.855 -29.2468 0
      vertex -33.8131 -30.4454 3.5
      vertex -33.8131 -30.4454 0
    endloop
  endfacet
  facet normal -0.573576 0.819152 0
    outer loop
      vertex 26.7442 -36.8103 0
      vertex 25.4433 -37.7212 3.5
      vertex 26.7442 -36.8103 3.5
    endloop
  endfacet
  facet normal -0.573576 0.819152 0
    outer loop
      vertex 25.4433 -37.7212 3.5
      vertex 26.7442 -36.8103 0
      vertex 25.4433 -37.7212 0
    endloop
  endfacet
  facet normal -0.999848 0.0174414 0
    outer loop
      vertex 45.4723 -1.58793 0
      vertex 45.5 0 3.5
      vertex 45.5 0 0
    endloop
  endfacet
  facet normal -0.999848 0.0174414 0
    outer loop
      vertex 45.5 0 3.5
      vertex 45.4723 -1.58793 0
      vertex 45.4723 -1.58793 3.5
    endloop
  endfacet
  facet normal 0.99255 -0.121838 0
    outer loop
      vertex -45.2507 4.75604 3.5
      vertex -45.0572 6.33238 0
      vertex -45.0572 6.33238 3.5
    endloop
  endfacet
  facet normal 0.99255 -0.121838 0
    outer loop
      vertex -45.0572 6.33238 0
      vertex -45.2507 4.75604 3.5
      vertex -45.2507 4.75604 0
    endloop
  endfacet
  facet normal 0.656049 -0.754718 0
    outer loop
      vertex -30.4454 33.8131 0
      vertex -29.2468 34.855 3.5
      vertex -30.4454 33.8131 3.5
    endloop
  endfacet
  facet normal 0.656049 -0.754718 0
    outer loop
      vertex -29.2468 34.855 3.5
      vertex -30.4454 33.8131 0
      vertex -29.2468 34.855 0
    endloop
  endfacet
  facet normal -0.707107 0.707107 0
    outer loop
      vertex 31.607 -32.73 0
      vertex 32.73 -31.607 3.5
      vertex 32.73 -31.607 0
    endloop
  endfacet
  facet normal -0.707107 0.707107 0
    outer loop
      vertex 32.73 -31.607 3.5
      vertex 31.607 -32.73 0
      vertex 31.607 -32.73 3.5
    endloop
  endfacet
  facet normal -0.0872073 -0.99619 0
    outer loop
      vertex 3.17392 45.3892 0
      vertex 4.75604 45.2507 3.5
      vertex 3.17392 45.3892 3.5
    endloop
  endfacet
  facet normal -0.0872073 -0.99619 -0
    outer loop
      vertex 4.75604 45.2507 3.5
      vertex 3.17392 45.3892 0
      vertex 4.75604 45.2507 0
    endloop
  endfacet
  facet normal 0.453976 0.891014 -0
    outer loop
      vertex -19.9459 -40.8951 0
      vertex -21.361 -40.1741 3.5
      vertex -19.9459 -40.8951 3.5
    endloop
  endfacet
  facet normal 0.453976 0.891014 0
    outer loop
      vertex -21.361 -40.1741 3.5
      vertex -19.9459 -40.8951 0
      vertex -21.361 -40.1741 0
    endloop
  endfacet
  facet normal 0.906309 0.422617 0
    outer loop
      vertex -40.8951 -19.9459 3.5
      vertex -41.5663 -18.5065 0
      vertex -41.5663 -18.5065 3.5
    endloop
  endfacet
  facet normal 0.906309 0.422617 0
    outer loop
      vertex -41.5663 -18.5065 0
      vertex -40.8951 -19.9459 3.5
      vertex -40.8951 -19.9459 0
    endloop
  endfacet
  facet normal 0.98162 0.190847 0
    outer loop
      vertex -44.5057 -9.45998 3.5
      vertex -44.8088 -7.90099 0
      vertex -44.8088 -7.90099 3.5
    endloop
  endfacet
  facet normal 0.98162 0.190847 0
    outer loop
      vertex -44.8088 -7.90099 0
      vertex -44.5057 -9.45998 3.5
      vertex -44.5057 -9.45998 0
    endloop
  endfacet
  facet normal 0.731388 0.681961 0
    outer loop
      vertex -32.73 -31.607 3.5
      vertex -33.8131 -30.4454 0
      vertex -33.8131 -30.4454 3.5
    endloop
  endfacet
  facet normal 0.731388 0.681961 0
    outer loop
      vertex -33.8131 -30.4454 0
      vertex -32.73 -31.607 3.5
      vertex -32.73 -31.607 0
    endloop
  endfacet
  facet normal -0.51506 -0.857154 0
    outer loop
      vertex 22.75 39.4042 0
      vertex 24.1113 38.5862 3.5
      vertex 22.75 39.4042 3.5
    endloop
  endfacet
  facet normal -0.51506 -0.857154 -0
    outer loop
      vertex 24.1113 38.5862 3.5
      vertex 22.75 39.4042 0
      vertex 24.1113 38.5862 0
    endloop
  endfacet
  facet normal -0.190847 0.98162 0
    outer loop
      vertex 9.45998 -44.5057 0
      vertex 7.90099 -44.8088 3.5
      vertex 9.45998 -44.5057 3.5
    endloop
  endfacet
  facet normal -0.190847 0.98162 0
    outer loop
      vertex 7.90099 -44.8088 3.5
      vertex 9.45998 -44.5057 0
      vertex 7.90099 -44.8088 0
    endloop
  endfacet
  facet normal -0.956312 -0.292347 0
    outer loop
      vertex 43.7374 12.5415 0
      vertex 43.2731 14.0603 3.5
      vertex 43.2731 14.0603 0
    endloop
  endfacet
  facet normal -0.956312 -0.292347 0
    outer loop
      vertex 43.2731 14.0603 3.5
      vertex 43.7374 12.5415 0
      vertex 43.7374 12.5415 3.5
    endloop
  endfacet
  facet normal -0.906309 -0.422617 0
    outer loop
      vertex 41.5663 18.5065 0
      vertex 40.8951 19.9459 3.5
      vertex 40.8951 19.9459 0
    endloop
  endfacet
  facet normal -0.906309 -0.422617 0
    outer loop
      vertex 40.8951 19.9459 3.5
      vertex 41.5663 18.5065 0
      vertex 41.5663 18.5065 3.5
    endloop
  endfacet
  facet normal 0.573576 -0.819152 0
    outer loop
      vertex -26.7442 36.8103 0
      vertex -25.4433 37.7212 3.5
      vertex -26.7442 36.8103 3.5
    endloop
  endfacet
  facet normal 0.573576 -0.819152 0
    outer loop
      vertex -25.4433 37.7212 3.5
      vertex -26.7442 36.8103 0
      vertex -25.4433 37.7212 0
    endloop
  endfacet
  facet normal -0.258842 0.96592 0
    outer loop
      vertex 12.5415 -43.7374 0
      vertex 11.0074 -44.1485 3.5
      vertex 12.5415 -43.7374 3.5
    endloop
  endfacet
  facet normal -0.258842 0.96592 0
    outer loop
      vertex 11.0074 -44.1485 3.5
      vertex 12.5415 -43.7374 0
      vertex 11.0074 -44.1485 0
    endloop
  endfacet
  facet normal -0.838674 0.544634 0
    outer loop
      vertex 37.7212 -25.4433 0
      vertex 38.5862 -24.1113 3.5
      vertex 38.5862 -24.1113 0
    endloop
  endfacet
  facet normal -0.838674 0.544634 0
    outer loop
      vertex 38.5862 -24.1113 3.5
      vertex 37.7212 -25.4433 0
      vertex 37.7212 -25.4433 3.5
    endloop
  endfacet
  facet normal -0.956312 0.292347 0
    outer loop
      vertex 43.2731 -14.0603 0
      vertex 43.7374 -12.5415 3.5
      vertex 43.7374 -12.5415 0
    endloop
  endfacet
  facet normal -0.956312 0.292347 0
    outer loop
      vertex 43.7374 -12.5415 3.5
      vertex 43.2731 -14.0603 0
      vertex 43.2731 -14.0603 3.5
    endloop
  endfacet
  facet normal -0.974377 0.224921 0
    outer loop
      vertex 44.1485 -11.0074 0
      vertex 44.5057 -9.45998 3.5
      vertex 44.5057 -9.45998 0
    endloop
  endfacet
  facet normal -0.974377 0.224921 0
    outer loop
      vertex 44.5057 -9.45998 3.5
      vertex 44.1485 -11.0074 0
      vertex 44.1485 -11.0074 3.5
    endloop
  endfacet
  facet normal 0.325601 -0.945507 0
    outer loop
      vertex -15.5619 42.756 0
      vertex -14.0603 43.2731 3.5
      vertex -15.5619 42.756 3.5
    endloop
  endfacet
  facet normal 0.325601 -0.945507 0
    outer loop
      vertex -14.0603 43.2731 3.5
      vertex -15.5619 42.756 0
      vertex -14.0603 43.2731 0
    endloop
  endfacet
  facet normal -0.358338 -0.933592 0
    outer loop
      vertex 15.5619 42.756 0
      vertex 17.0446 42.1869 3.5
      vertex 15.5619 42.756 3.5
    endloop
  endfacet
  facet normal -0.358338 -0.933592 -0
    outer loop
      vertex 17.0446 42.1869 3.5
      vertex 15.5619 42.756 0
      vertex 17.0446 42.1869 0
    endloop
  endfacet
  facet normal -0.920491 -0.390763 0
    outer loop
      vertex 42.1869 17.0446 0
      vertex 41.5663 18.5065 3.5
      vertex 41.5663 18.5065 0
    endloop
  endfacet
  facet normal -0.920491 -0.390763 0
    outer loop
      vertex 41.5663 18.5065 3.5
      vertex 42.1869 17.0446 0
      vertex 42.1869 17.0446 3.5
    endloop
  endfacet
  facet normal -0.0523245 0.99863 0
    outer loop
      vertex 3.17392 -45.3892 0
      vertex 1.58793 -45.4723 3.5
      vertex 3.17392 -45.3892 3.5
    endloop
  endfacet
  facet normal -0.0523245 0.99863 0
    outer loop
      vertex 1.58793 -45.4723 3.5
      vertex 3.17392 -45.3892 0
      vertex 1.58793 -45.4723 0
    endloop
  endfacet
  facet normal 0.754718 -0.656049 0
    outer loop
      vertex -34.855 29.2468 3.5
      vertex -33.8131 30.4454 0
      vertex -33.8131 30.4454 3.5
    endloop
  endfacet
  facet normal 0.754718 -0.656049 0
    outer loop
      vertex -33.8131 30.4454 0
      vertex -34.855 29.2468 3.5
      vertex -34.855 29.2468 0
    endloop
  endfacet
  facet normal -0.121838 -0.99255 0
    outer loop
      vertex 4.75604 45.2507 0
      vertex 6.33238 45.0572 3.5
      vertex 4.75604 45.2507 3.5
    endloop
  endfacet
  facet normal -0.121838 -0.99255 -0
    outer loop
      vertex 6.33238 45.0572 3.5
      vertex 4.75604 45.2507 0
      vertex 6.33238 45.0572 0
    endloop
  endfacet
  facet normal 0.121838 0.99255 -0
    outer loop
      vertex -4.75604 -45.2507 0
      vertex -6.33238 -45.0572 3.5
      vertex -4.75604 -45.2507 3.5
    endloop
  endfacet
  facet normal 0.121838 0.99255 0
    outer loop
      vertex -6.33238 -45.0572 3.5
      vertex -4.75604 -45.2507 0
      vertex -6.33238 -45.0572 0
    endloop
  endfacet
  facet normal -0.258842 -0.96592 0
    outer loop
      vertex 11.0074 44.1485 0
      vertex 12.5415 43.7374 3.5
      vertex 11.0074 44.1485 3.5
    endloop
  endfacet
  facet normal -0.258842 -0.96592 -0
    outer loop
      vertex 12.5415 43.7374 3.5
      vertex 11.0074 44.1485 0
      vertex 12.5415 43.7374 0
    endloop
  endfacet
  facet normal -0.544634 0.838674 0
    outer loop
      vertex 25.4433 -37.7212 0
      vertex 24.1113 -38.5862 3.5
      vertex 25.4433 -37.7212 3.5
    endloop
  endfacet
  facet normal -0.544634 0.838674 0
    outer loop
      vertex 24.1113 -38.5862 3.5
      vertex 25.4433 -37.7212 0
      vertex 24.1113 -38.5862 0
    endloop
  endfacet
  facet normal -0.99255 -0.121838 0
    outer loop
      vertex 45.2507 4.75604 0
      vertex 45.0572 6.33238 3.5
      vertex 45.0572 6.33238 0
    endloop
  endfacet
  facet normal -0.99255 -0.121838 0
    outer loop
      vertex 45.0572 6.33238 3.5
      vertex 45.2507 4.75604 0
      vertex 45.2507 4.75604 3.5
    endloop
  endfacet
  facet normal -0.484793 0.874629 0
    outer loop
      vertex 22.75 -39.4042 0
      vertex 21.361 -40.1741 3.5
      vertex 22.75 -39.4042 3.5
    endloop
  endfacet
  facet normal -0.484793 0.874629 0
    outer loop
      vertex 21.361 -40.1741 3.5
      vertex 22.75 -39.4042 0
      vertex 21.361 -40.1741 0
    endloop
  endfacet
  facet normal 0.987693 0.156408 0
    outer loop
      vertex -44.8088 -7.90099 3.5
      vertex -45.0572 -6.33238 0
      vertex -45.0572 -6.33238 3.5
    endloop
  endfacet
  facet normal 0.987693 0.156408 0
    outer loop
      vertex -45.0572 -6.33238 0
      vertex -44.8088 -7.90099 3.5
      vertex -44.8088 -7.90099 0
    endloop
  endfacet
  facet normal 0.920491 -0.390763 0
    outer loop
      vertex -42.1869 17.0446 3.5
      vertex -41.5663 18.5065 0
      vertex -41.5663 18.5065 3.5
    endloop
  endfacet
  facet normal 0.920491 -0.390763 0
    outer loop
      vertex -41.5663 18.5065 0
      vertex -42.1869 17.0446 3.5
      vertex -42.1869 17.0446 0
    endloop
  endfacet
  facet normal 0.601812 0.798638 -0
    outer loop
      vertex -26.7442 -36.8103 0
      vertex -28.0126 -35.8545 3.5
      vertex -26.7442 -36.8103 3.5
    endloop
  endfacet
  facet normal 0.601812 0.798638 0
    outer loop
      vertex -28.0126 -35.8545 3.5
      vertex -26.7442 -36.8103 0
      vertex -28.0126 -35.8545 0
    endloop
  endfacet
  facet normal -0.798638 0.601812 0
    outer loop
      vertex 35.8545 -28.0126 0
      vertex 36.8103 -26.7442 3.5
      vertex 36.8103 -26.7442 0
    endloop
  endfacet
  facet normal -0.798638 0.601812 0
    outer loop
      vertex 36.8103 -26.7442 3.5
      vertex 35.8545 -28.0126 0
      vertex 35.8545 -28.0126 3.5
    endloop
  endfacet
  facet normal -0.681961 -0.731388 0
    outer loop
      vertex 30.4454 33.8131 0
      vertex 31.607 32.73 3.5
      vertex 30.4454 33.8131 3.5
    endloop
  endfacet
  facet normal -0.681961 -0.731388 -0
    outer loop
      vertex 31.607 32.73 3.5
      vertex 30.4454 33.8131 0
      vertex 31.607 32.73 0
    endloop
  endfacet
  facet normal -0.51506 0.857154 0
    outer loop
      vertex 24.1113 -38.5862 0
      vertex 22.75 -39.4042 3.5
      vertex 24.1113 -38.5862 3.5
    endloop
  endfacet
  facet normal -0.51506 0.857154 0
    outer loop
      vertex 22.75 -39.4042 3.5
      vertex 24.1113 -38.5862 0
      vertex 22.75 -39.4042 0
    endloop
  endfacet
  facet normal 0.0872073 -0.99619 0
    outer loop
      vertex -4.75604 45.2507 0
      vertex -3.17392 45.3892 3.5
      vertex -4.75604 45.2507 3.5
    endloop
  endfacet
  facet normal 0.0872073 -0.99619 0
    outer loop
      vertex -3.17392 45.3892 3.5
      vertex -4.75604 45.2507 0
      vertex -3.17392 45.3892 0
    endloop
  endfacet
  facet normal 0.945507 0.325601 0
    outer loop
      vertex -42.756 -15.5619 3.5
      vertex -43.2731 -14.0603 0
      vertex -43.2731 -14.0603 3.5
    endloop
  endfacet
  facet normal 0.945507 0.325601 0
    outer loop
      vertex -43.2731 -14.0603 0
      vertex -42.756 -15.5619 3.5
      vertex -42.756 -15.5619 0
    endloop
  endfacet
  facet normal 0.0872073 0.99619 -0
    outer loop
      vertex -3.17392 -45.3892 0
      vertex -4.75604 -45.2507 3.5
      vertex -3.17392 -45.3892 3.5
    endloop
  endfacet
  facet normal 0.0872073 0.99619 0
    outer loop
      vertex -4.75604 -45.2507 3.5
      vertex -3.17392 -45.3892 0
      vertex -4.75604 -45.2507 0
    endloop
  endfacet
  facet normal 0.121838 -0.99255 0
    outer loop
      vertex -6.33238 45.0572 0
      vertex -4.75604 45.2507 3.5
      vertex -6.33238 45.0572 3.5
    endloop
  endfacet
  facet normal 0.121838 -0.99255 0
    outer loop
      vertex -4.75604 45.2507 3.5
      vertex -6.33238 45.0572 0
      vertex -4.75604 45.2507 0
    endloop
  endfacet
  facet normal 0.390763 -0.920491 0
    outer loop
      vertex -18.5065 41.5663 0
      vertex -17.0446 42.1869 3.5
      vertex -18.5065 41.5663 3.5
    endloop
  endfacet
  facet normal 0.390763 -0.920491 0
    outer loop
      vertex -17.0446 42.1869 3.5
      vertex -18.5065 41.5663 0
      vertex -17.0446 42.1869 0
    endloop
  endfacet
  facet normal 0.156408 0.987693 -0
    outer loop
      vertex -6.33238 -45.0572 0
      vertex -7.90099 -44.8088 3.5
      vertex -6.33238 -45.0572 3.5
    endloop
  endfacet
  facet normal 0.156408 0.987693 0
    outer loop
      vertex -7.90099 -44.8088 3.5
      vertex -6.33238 -45.0572 0
      vertex -7.90099 -44.8088 0
    endloop
  endfacet
  facet normal 0.190847 0.98162 -0
    outer loop
      vertex -7.90099 -44.8088 0
      vertex -9.45998 -44.5057 3.5
      vertex -7.90099 -44.8088 3.5
    endloop
  endfacet
  facet normal 0.190847 0.98162 0
    outer loop
      vertex -9.45998 -44.5057 3.5
      vertex -7.90099 -44.8088 0
      vertex -9.45998 -44.5057 0
    endloop
  endfacet
  facet normal -0.121838 0.99255 0
    outer loop
      vertex 6.33238 -45.0572 0
      vertex 4.75604 -45.2507 3.5
      vertex 6.33238 -45.0572 3.5
    endloop
  endfacet
  facet normal -0.121838 0.99255 0
    outer loop
      vertex 4.75604 -45.2507 3.5
      vertex 6.33238 -45.0572 0
      vertex 4.75604 -45.2507 0
    endloop
  endfacet
  facet normal -0.325601 0.945507 0
    outer loop
      vertex 15.5619 -42.756 0
      vertex 14.0603 -43.2731 3.5
      vertex 15.5619 -42.756 3.5
    endloop
  endfacet
  facet normal -0.325601 0.945507 0
    outer loop
      vertex 14.0603 -43.2731 3.5
      vertex 15.5619 -42.756 0
      vertex 14.0603 -43.2731 0
    endloop
  endfacet
  facet normal -0.777126 0.629345 0
    outer loop
      vertex 34.855 -29.2468 0
      vertex 35.8545 -28.0126 3.5
      vertex 35.8545 -28.0126 0
    endloop
  endfacet
  facet normal -0.777126 0.629345 0
    outer loop
      vertex 35.8545 -28.0126 3.5
      vertex 34.855 -29.2468 0
      vertex 34.855 -29.2468 3.5
    endloop
  endfacet
  facet normal -0.731388 -0.681961 0
    outer loop
      vertex 33.8131 30.4454 0
      vertex 32.73 31.607 3.5
      vertex 32.73 31.607 0
    endloop
  endfacet
  facet normal -0.731388 -0.681961 0
    outer loop
      vertex 32.73 31.607 3.5
      vertex 33.8131 30.4454 0
      vertex 33.8131 30.4454 3.5
    endloop
  endfacet
  facet normal -0.96592 -0.258842 0
    outer loop
      vertex 44.1485 11.0074 0
      vertex 43.7374 12.5415 3.5
      vertex 43.7374 12.5415 0
    endloop
  endfacet
  facet normal -0.96592 -0.258842 0
    outer loop
      vertex 43.7374 12.5415 3.5
      vertex 44.1485 11.0074 0
      vertex 44.1485 11.0074 3.5
    endloop
  endfacet
  facet normal -0.99863 0.0523245 0
    outer loop
      vertex 45.3892 -3.17392 0
      vertex 45.4723 -1.58793 3.5
      vertex 45.4723 -1.58793 0
    endloop
  endfacet
  facet normal -0.99863 0.0523245 0
    outer loop
      vertex 45.4723 -1.58793 3.5
      vertex 45.3892 -3.17392 0
      vertex 45.3892 -3.17392 3.5
    endloop
  endfacet
  facet normal 0.544634 -0.838674 0
    outer loop
      vertex -25.4433 37.7212 0
      vertex -24.1113 38.5862 3.5
      vertex -25.4433 37.7212 3.5
    endloop
  endfacet
  facet normal 0.544634 -0.838674 0
    outer loop
      vertex -24.1113 38.5862 3.5
      vertex -25.4433 37.7212 0
      vertex -24.1113 38.5862 0
    endloop
  endfacet
  facet normal -0.857154 0.51506 0
    outer loop
      vertex 38.5862 -24.1113 0
      vertex 39.4042 -22.75 3.5
      vertex 39.4042 -22.75 0
    endloop
  endfacet
  facet normal -0.857154 0.51506 0
    outer loop
      vertex 39.4042 -22.75 3.5
      vertex 38.5862 -24.1113 0
      vertex 38.5862 -24.1113 3.5
    endloop
  endfacet
  facet normal 0.99255 0.121838 0
    outer loop
      vertex -45.0572 -6.33238 3.5
      vertex -45.2507 -4.75604 0
      vertex -45.2507 -4.75604 3.5
    endloop
  endfacet
  facet normal 0.99255 0.121838 0
    outer loop
      vertex -45.2507 -4.75604 0
      vertex -45.0572 -6.33238 3.5
      vertex -45.0572 -6.33238 0
    endloop
  endfacet
  facet normal -0.224921 0.974377 0
    outer loop
      vertex 11.0074 -44.1485 0
      vertex 9.45998 -44.5057 3.5
      vertex 11.0074 -44.1485 3.5
    endloop
  endfacet
  facet normal -0.224921 0.974377 0
    outer loop
      vertex 9.45998 -44.5057 3.5
      vertex 11.0074 -44.1485 0
      vertex 9.45998 -44.5057 0
    endloop
  endfacet
  facet normal -0.224921 -0.974377 0
    outer loop
      vertex 9.45998 44.5057 0
      vertex 11.0074 44.1485 3.5
      vertex 9.45998 44.5057 3.5
    endloop
  endfacet
  facet normal -0.224921 -0.974377 -0
    outer loop
      vertex 11.0074 44.1485 3.5
      vertex 9.45998 44.5057 0
      vertex 11.0074 44.1485 0
    endloop
  endfacet
  facet normal -0.390763 -0.920491 0
    outer loop
      vertex 17.0446 42.1869 0
      vertex 18.5065 41.5663 3.5
      vertex 17.0446 42.1869 3.5
    endloop
  endfacet
  facet normal -0.390763 -0.920491 -0
    outer loop
      vertex 18.5065 41.5663 3.5
      vertex 17.0446 42.1869 0
      vertex 18.5065 41.5663 0
    endloop
  endfacet
  facet normal 0.98162 -0.190847 0
    outer loop
      vertex -44.8088 7.90099 3.5
      vertex -44.5057 9.45998 0
      vertex -44.5057 9.45998 3.5
    endloop
  endfacet
  facet normal 0.98162 -0.190847 0
    outer loop
      vertex -44.5057 9.45998 0
      vertex -44.8088 7.90099 3.5
      vertex -44.8088 7.90099 0
    endloop
  endfacet
  facet normal -0.453976 0.891014 0
    outer loop
      vertex 21.361 -40.1741 0
      vertex 19.9459 -40.8951 3.5
      vertex 21.361 -40.1741 3.5
    endloop
  endfacet
  facet normal -0.453976 0.891014 0
    outer loop
      vertex 19.9459 -40.8951 3.5
      vertex 21.361 -40.1741 0
      vertex 19.9459 -40.8951 0
    endloop
  endfacet
  facet normal -0.656049 0.754718 0
    outer loop
      vertex 30.4454 -33.8131 0
      vertex 29.2468 -34.855 3.5
      vertex 30.4454 -33.8131 3.5
    endloop
  endfacet
  facet normal -0.656049 0.754718 0
    outer loop
      vertex 29.2468 -34.855 3.5
      vertex 30.4454 -33.8131 0
      vertex 29.2468 -34.855 0
    endloop
  endfacet
  facet normal 0.453976 -0.891014 0
    outer loop
      vertex -21.361 40.1741 0
      vertex -19.9459 40.8951 3.5
      vertex -21.361 40.1741 3.5
    endloop
  endfacet
  facet normal 0.453976 -0.891014 0
    outer loop
      vertex -19.9459 40.8951 3.5
      vertex -21.361 40.1741 0
      vertex -19.9459 40.8951 0
    endloop
  endfacet
  facet normal -0.754718 -0.656049 0
    outer loop
      vertex 34.855 29.2468 0
      vertex 33.8131 30.4454 3.5
      vertex 33.8131 30.4454 0
    endloop
  endfacet
  facet normal -0.754718 -0.656049 0
    outer loop
      vertex 33.8131 30.4454 3.5
      vertex 34.855 29.2468 0
      vertex 34.855 29.2468 3.5
    endloop
  endfacet
  facet normal -0.292347 0.956312 0
    outer loop
      vertex 14.0603 -43.2731 0
      vertex 12.5415 -43.7374 3.5
      vertex 14.0603 -43.2731 3.5
    endloop
  endfacet
  facet normal -0.292347 0.956312 0
    outer loop
      vertex 12.5415 -43.7374 3.5
      vertex 14.0603 -43.2731 0
      vertex 12.5415 -43.7374 0
    endloop
  endfacet
  facet normal -0.891014 0.453976 0
    outer loop
      vertex 40.1741 -21.361 0
      vertex 40.8951 -19.9459 3.5
      vertex 40.8951 -19.9459 0
    endloop
  endfacet
  facet normal -0.891014 0.453976 0
    outer loop
      vertex 40.8951 -19.9459 3.5
      vertex 40.1741 -21.361 0
      vertex 40.1741 -21.361 3.5
    endloop
  endfacet
  facet normal -0.156408 -0.987693 0
    outer loop
      vertex 6.33238 45.0572 0
      vertex 7.90099 44.8088 3.5
      vertex 6.33238 45.0572 3.5
    endloop
  endfacet
  facet normal -0.156408 -0.987693 -0
    outer loop
      vertex 7.90099 44.8088 3.5
      vertex 6.33238 45.0572 0
      vertex 7.90099 44.8088 0
    endloop
  endfacet
  facet normal -0.629345 -0.777126 0
    outer loop
      vertex 28.0126 35.8545 0
      vertex 29.2468 34.855 3.5
      vertex 28.0126 35.8545 3.5
    endloop
  endfacet
  facet normal -0.629345 -0.777126 -0
    outer loop
      vertex 29.2468 34.855 3.5
      vertex 28.0126 35.8545 0
      vertex 29.2468 34.855 0
    endloop
  endfacet
  facet normal -0.544634 -0.838674 0
    outer loop
      vertex 24.1113 38.5862 0
      vertex 25.4433 37.7212 3.5
      vertex 24.1113 38.5862 3.5
    endloop
  endfacet
  facet normal -0.544634 -0.838674 -0
    outer loop
      vertex 25.4433 37.7212 3.5
      vertex 24.1113 38.5862 0
      vertex 25.4433 37.7212 0
    endloop
  endfacet
  facet normal 0.0523245 -0.99863 0
    outer loop
      vertex -3.17392 45.3892 0
      vertex -1.58793 45.4723 3.5
      vertex -3.17392 45.3892 3.5
    endloop
  endfacet
  facet normal 0.0523245 -0.99863 0
    outer loop
      vertex -1.58793 45.4723 3.5
      vertex -3.17392 45.3892 0
      vertex -1.58793 45.4723 0
    endloop
  endfacet
  facet normal 0.874629 0.484793 0
    outer loop
      vertex -39.4042 -22.75 3.5
      vertex -40.1741 -21.361 0
      vertex -40.1741 -21.361 3.5
    endloop
  endfacet
  facet normal 0.874629 0.484793 0
    outer loop
      vertex -40.1741 -21.361 0
      vertex -39.4042 -22.75 3.5
      vertex -39.4042 -22.75 0
    endloop
  endfacet
  facet normal -0.681961 0.731388 0
    outer loop
      vertex 31.607 -32.73 0
      vertex 30.4454 -33.8131 3.5
      vertex 31.607 -32.73 3.5
    endloop
  endfacet
  facet normal -0.681961 0.731388 0
    outer loop
      vertex 30.4454 -33.8131 3.5
      vertex 31.607 -32.73 0
      vertex 30.4454 -33.8131 0
    endloop
  endfacet
  facet normal 0.325601 0.945507 -0
    outer loop
      vertex -14.0603 -43.2731 0
      vertex -15.5619 -42.756 3.5
      vertex -14.0603 -43.2731 3.5
    endloop
  endfacet
  facet normal 0.325601 0.945507 0
    outer loop
      vertex -15.5619 -42.756 3.5
      vertex -14.0603 -43.2731 0
      vertex -15.5619 -42.756 0
    endloop
  endfacet
  facet normal 0.819152 -0.573576 0
    outer loop
      vertex -37.7212 25.4433 3.5
      vertex -36.8103 26.7442 0
      vertex -36.8103 26.7442 3.5
    endloop
  endfacet
  facet normal 0.819152 -0.573576 0
    outer loop
      vertex -36.8103 26.7442 0
      vertex -37.7212 25.4433 3.5
      vertex -37.7212 25.4433 0
    endloop
  endfacet
  facet normal -0.656049 -0.754718 0
    outer loop
      vertex 29.2468 34.855 0
      vertex 30.4454 33.8131 3.5
      vertex 29.2468 34.855 3.5
    endloop
  endfacet
  facet normal -0.656049 -0.754718 -0
    outer loop
      vertex 30.4454 33.8131 3.5
      vertex 29.2468 34.855 0
      vertex 30.4454 33.8131 0
    endloop
  endfacet
  facet normal -0.891014 -0.453976 0
    outer loop
      vertex 40.8951 19.9459 0
      vertex 40.1741 21.361 3.5
      vertex 40.1741 21.361 0
    endloop
  endfacet
  facet normal -0.891014 -0.453976 0
    outer loop
      vertex 40.1741 21.361 3.5
      vertex 40.8951 19.9459 0
      vertex 40.8951 19.9459 3.5
    endloop
  endfacet
  facet normal -0.777126 -0.629345 0
    outer loop
      vertex 35.8545 28.0126 0
      vertex 34.855 29.2468 3.5
      vertex 34.855 29.2468 0
    endloop
  endfacet
  facet normal -0.777126 -0.629345 0
    outer loop
      vertex 34.855 29.2468 3.5
      vertex 35.8545 28.0126 0
      vertex 35.8545 28.0126 3.5
    endloop
  endfacet
  facet normal -0.99255 0.121838 0
    outer loop
      vertex 45.0572 -6.33238 0
      vertex 45.2507 -4.75604 3.5
      vertex 45.2507 -4.75604 0
    endloop
  endfacet
  facet normal -0.99255 0.121838 0
    outer loop
      vertex 45.2507 -4.75604 3.5
      vertex 45.0572 -6.33238 0
      vertex 45.0572 -6.33238 3.5
    endloop
  endfacet
  facet normal -0.422617 -0.906309 0
    outer loop
      vertex 18.5065 41.5663 0
      vertex 19.9459 40.8951 3.5
      vertex 18.5065 41.5663 3.5
    endloop
  endfacet
  facet normal -0.422617 -0.906309 -0
    outer loop
      vertex 19.9459 40.8951 3.5
      vertex 18.5065 41.5663 0
      vertex 19.9459 40.8951 0
    endloop
  endfacet
  facet normal 0.681961 0.731388 -0
    outer loop
      vertex -30.4454 -33.8131 0
      vertex -31.607 -32.73 3.5
      vertex -30.4454 -33.8131 3.5
    endloop
  endfacet
  facet normal 0.681961 0.731388 0
    outer loop
      vertex -31.607 -32.73 3.5
      vertex -30.4454 -33.8131 0
      vertex -31.607 -32.73 0
    endloop
  endfacet
  facet normal 0.51506 0.857154 -0
    outer loop
      vertex -22.75 -39.4042 0
      vertex -24.1113 -38.5862 3.5
      vertex -22.75 -39.4042 3.5
    endloop
  endfacet
  facet normal 0.51506 0.857154 0
    outer loop
      vertex -24.1113 -38.5862 3.5
      vertex -22.75 -39.4042 0
      vertex -24.1113 -38.5862 0
    endloop
  endfacet
  facet normal -0.99619 -0.0872073 0
    outer loop
      vertex 45.3892 3.17392 0
      vertex 45.2507 4.75604 3.5
      vertex 45.2507 4.75604 0
    endloop
  endfacet
  facet normal -0.99619 -0.0872073 0
    outer loop
      vertex 45.2507 4.75604 3.5
      vertex 45.3892 3.17392 0
      vertex 45.3892 3.17392 3.5
    endloop
  endfacet
  facet normal 0.0174414 -0.999848 0
    outer loop
      vertex -1.58793 45.4723 0
      vertex 0 45.5 3.5
      vertex -1.58793 45.4723 3.5
    endloop
  endfacet
  facet normal 0.0174414 -0.999848 0
    outer loop
      vertex 0 45.5 3.5
      vertex -1.58793 45.4723 0
      vertex 0 45.5 0
    endloop
  endfacet
  facet normal -0.819152 0.573576 0
    outer loop
      vertex 36.8103 -26.7442 0
      vertex 37.7212 -25.4433 3.5
      vertex 37.7212 -25.4433 0
    endloop
  endfacet
  facet normal -0.819152 0.573576 0
    outer loop
      vertex 37.7212 -25.4433 3.5
      vertex 36.8103 -26.7442 0
      vertex 36.8103 -26.7442 3.5
    endloop
  endfacet
  facet normal 0.798638 0.601812 0
    outer loop
      vertex -35.8545 -28.0126 3.5
      vertex -36.8103 -26.7442 0
      vertex -36.8103 -26.7442 3.5
    endloop
  endfacet
  facet normal 0.798638 0.601812 0
    outer loop
      vertex -36.8103 -26.7442 0
      vertex -35.8545 -28.0126 3.5
      vertex -35.8545 -28.0126 0
    endloop
  endfacet
  facet normal 0.544634 0.838674 -0
    outer loop
      vertex -24.1113 -38.5862 0
      vertex -25.4433 -37.7212 3.5
      vertex -24.1113 -38.5862 3.5
    endloop
  endfacet
  facet normal 0.544634 0.838674 0
    outer loop
      vertex -25.4433 -37.7212 3.5
      vertex -24.1113 -38.5862 0
      vertex -25.4433 -37.7212 0
    endloop
  endfacet
  facet normal 0.857154 -0.51506 0
    outer loop
      vertex -39.4042 22.75 3.5
      vertex -38.5862 24.1113 0
      vertex -38.5862 24.1113 3.5
    endloop
  endfacet
  facet normal 0.857154 -0.51506 0
    outer loop
      vertex -38.5862 24.1113 0
      vertex -39.4042 22.75 3.5
      vertex -39.4042 22.75 0
    endloop
  endfacet
  facet normal 0.819152 0.573576 0
    outer loop
      vertex -36.8103 -26.7442 3.5
      vertex -37.7212 -25.4433 0
      vertex -37.7212 -25.4433 3.5
    endloop
  endfacet
  facet normal 0.819152 0.573576 0
    outer loop
      vertex -37.7212 -25.4433 0
      vertex -36.8103 -26.7442 3.5
      vertex -36.8103 -26.7442 0
    endloop
  endfacet
  facet normal 0.258842 -0.96592 0
    outer loop
      vertex -12.5415 43.7374 0
      vertex -11.0074 44.1485 3.5
      vertex -12.5415 43.7374 3.5
    endloop
  endfacet
  facet normal 0.258842 -0.96592 0
    outer loop
      vertex -11.0074 44.1485 3.5
      vertex -12.5415 43.7374 0
      vertex -11.0074 44.1485 0
    endloop
  endfacet
  facet normal 0.51506 -0.857154 0
    outer loop
      vertex -24.1113 38.5862 0
      vertex -22.75 39.4042 3.5
      vertex -24.1113 38.5862 3.5
    endloop
  endfacet
  facet normal 0.51506 -0.857154 0
    outer loop
      vertex -22.75 39.4042 3.5
      vertex -24.1113 38.5862 0
      vertex -22.75 39.4042 0
    endloop
  endfacet
  facet normal 0.224921 -0.974377 0
    outer loop
      vertex -11.0074 44.1485 0
      vertex -9.45998 44.5057 3.5
      vertex -11.0074 44.1485 3.5
    endloop
  endfacet
  facet normal 0.224921 -0.974377 0
    outer loop
      vertex -9.45998 44.5057 3.5
      vertex -11.0074 44.1485 0
      vertex -9.45998 44.5057 0
    endloop
  endfacet
  facet normal 0.156408 -0.987693 0
    outer loop
      vertex -7.90099 44.8088 0
      vertex -6.33238 45.0572 3.5
      vertex -7.90099 44.8088 3.5
    endloop
  endfacet
  facet normal 0.156408 -0.987693 0
    outer loop
      vertex -6.33238 45.0572 3.5
      vertex -7.90099 44.8088 0
      vertex -6.33238 45.0572 0
    endloop
  endfacet
  facet normal -0.819152 -0.573576 0
    outer loop
      vertex 37.7212 25.4433 0
      vertex 36.8103 26.7442 3.5
      vertex 36.8103 26.7442 0
    endloop
  endfacet
  facet normal -0.819152 -0.573576 0
    outer loop
      vertex 36.8103 26.7442 3.5
      vertex 37.7212 25.4433 0
      vertex 37.7212 25.4433 3.5
    endloop
  endfacet
  facet normal -0.390763 0.920491 0
    outer loop
      vertex 18.5065 -41.5663 0
      vertex 17.0446 -42.1869 3.5
      vertex 18.5065 -41.5663 3.5
    endloop
  endfacet
  facet normal -0.390763 0.920491 0
    outer loop
      vertex 17.0446 -42.1869 3.5
      vertex 18.5065 -41.5663 0
      vertex 17.0446 -42.1869 0
    endloop
  endfacet
  facet normal 0.891014 -0.453976 0
    outer loop
      vertex -40.8951 19.9459 3.5
      vertex -40.1741 21.361 0
      vertex -40.1741 21.361 3.5
    endloop
  endfacet
  facet normal 0.891014 -0.453976 0
    outer loop
      vertex -40.1741 21.361 0
      vertex -40.8951 19.9459 3.5
      vertex -40.8951 19.9459 0
    endloop
  endfacet
  facet normal 0.573576 0.819152 -0
    outer loop
      vertex -25.4433 -37.7212 0
      vertex -26.7442 -36.8103 3.5
      vertex -25.4433 -37.7212 3.5
    endloop
  endfacet
  facet normal 0.573576 0.819152 0
    outer loop
      vertex -26.7442 -36.8103 3.5
      vertex -25.4433 -37.7212 0
      vertex -26.7442 -36.8103 0
    endloop
  endfacet
  facet normal 0.99619 -0.0872073 0
    outer loop
      vertex -45.3892 3.17392 3.5
      vertex -45.2507 4.75604 0
      vertex -45.2507 4.75604 3.5
    endloop
  endfacet
  facet normal 0.99619 -0.0872073 0
    outer loop
      vertex -45.2507 4.75604 0
      vertex -45.3892 3.17392 3.5
      vertex -45.3892 3.17392 0
    endloop
  endfacet
  facet normal 0.292347 -0.956312 0
    outer loop
      vertex -14.0603 43.2731 0
      vertex -12.5415 43.7374 3.5
      vertex -14.0603 43.2731 3.5
    endloop
  endfacet
  facet normal 0.292347 -0.956312 0
    outer loop
      vertex -12.5415 43.7374 3.5
      vertex -14.0603 43.2731 0
      vertex -12.5415 43.7374 0
    endloop
  endfacet
  facet normal 0.629345 -0.777126 0
    outer loop
      vertex -29.2468 34.855 0
      vertex -28.0126 35.8545 3.5
      vertex -29.2468 34.855 3.5
    endloop
  endfacet
  facet normal 0.629345 -0.777126 0
    outer loop
      vertex -28.0126 35.8545 3.5
      vertex -29.2468 34.855 0
      vertex -28.0126 35.8545 0
    endloop
  endfacet
  facet normal -0.325601 -0.945507 0
    outer loop
      vertex 14.0603 43.2731 0
      vertex 15.5619 42.756 3.5
      vertex 14.0603 43.2731 3.5
    endloop
  endfacet
  facet normal -0.325601 -0.945507 -0
    outer loop
      vertex 15.5619 42.756 3.5
      vertex 14.0603 43.2731 0
      vertex 15.5619 42.756 0
    endloop
  endfacet
  facet normal 0.292347 0.956312 -0
    outer loop
      vertex -12.5415 -43.7374 0
      vertex -14.0603 -43.2731 3.5
      vertex -12.5415 -43.7374 3.5
    endloop
  endfacet
  facet normal 0.292347 0.956312 0
    outer loop
      vertex -14.0603 -43.2731 3.5
      vertex -12.5415 -43.7374 0
      vertex -14.0603 -43.2731 0
    endloop
  endfacet
  facet normal 0.629345 0.777126 -0
    outer loop
      vertex -28.0126 -35.8545 0
      vertex -29.2468 -34.855 3.5
      vertex -28.0126 -35.8545 3.5
    endloop
  endfacet
  facet normal 0.629345 0.777126 0
    outer loop
      vertex -29.2468 -34.855 3.5
      vertex -28.0126 -35.8545 0
      vertex -29.2468 -34.855 0
    endloop
  endfacet
  facet normal 0.857154 0.51506 0
    outer loop
      vertex -38.5862 -24.1113 3.5
      vertex -39.4042 -22.75 0
      vertex -39.4042 -22.75 3.5
    endloop
  endfacet
  facet normal 0.857154 0.51506 0
    outer loop
      vertex -39.4042 -22.75 0
      vertex -38.5862 -24.1113 3.5
      vertex -38.5862 -24.1113 0
    endloop
  endfacet
  facet normal 0.0174414 0.999848 -0
    outer loop
      vertex 0 -45.5 0
      vertex -1.58793 -45.4723 3.5
      vertex 0 -45.5 3.5
    endloop
  endfacet
  facet normal 0.0174414 0.999848 0
    outer loop
      vertex -1.58793 -45.4723 3.5
      vertex 0 -45.5 0
      vertex -1.58793 -45.4723 0
    endloop
  endfacet
  facet normal 0.0523245 0.99863 -0
    outer loop
      vertex -1.58793 -45.4723 0
      vertex -3.17392 -45.3892 3.5
      vertex -1.58793 -45.4723 3.5
    endloop
  endfacet
  facet normal 0.0523245 0.99863 0
    outer loop
      vertex -3.17392 -45.3892 3.5
      vertex -1.58793 -45.4723 0
      vertex -3.17392 -45.3892 0
    endloop
  endfacet
  facet normal 0.656049 0.754718 -0
    outer loop
      vertex -29.2468 -34.855 0
      vertex -30.4454 -33.8131 3.5
      vertex -29.2468 -34.855 3.5
    endloop
  endfacet
  facet normal 0.656049 0.754718 0
    outer loop
      vertex -30.4454 -33.8131 3.5
      vertex -29.2468 -34.855 0
      vertex -30.4454 -33.8131 0
    endloop
  endfacet
  facet normal 0.956312 0.292347 0
    outer loop
      vertex -43.2731 -14.0603 3.5
      vertex -43.7374 -12.5415 0
      vertex -43.7374 -12.5415 3.5
    endloop
  endfacet
  facet normal 0.956312 0.292347 0
    outer loop
      vertex -43.7374 -12.5415 0
      vertex -43.2731 -14.0603 3.5
      vertex -43.2731 -14.0603 0
    endloop
  endfacet
  facet normal -0.933592 0.358338 0
    outer loop
      vertex 42.1869 -17.0446 0
      vertex 42.756 -15.5619 3.5
      vertex 42.756 -15.5619 0
    endloop
  endfacet
  facet normal -0.933592 0.358338 0
    outer loop
      vertex 42.756 -15.5619 3.5
      vertex 42.1869 -17.0446 0
      vertex 42.1869 -17.0446 3.5
    endloop
  endfacet
  facet normal 0.874629 -0.484793 0
    outer loop
      vertex -40.1741 21.361 3.5
      vertex -39.4042 22.75 0
      vertex -39.4042 22.75 3.5
    endloop
  endfacet
  facet normal 0.874629 -0.484793 0
    outer loop
      vertex -39.4042 22.75 0
      vertex -40.1741 21.361 3.5
      vertex -40.1741 21.361 0
    endloop
  endfacet
  facet normal 0.987693 -0.156408 0
    outer loop
      vertex -45.0572 6.33238 3.5
      vertex -44.8088 7.90099 0
      vertex -44.8088 7.90099 3.5
    endloop
  endfacet
  facet normal 0.987693 -0.156408 0
    outer loop
      vertex -44.8088 7.90099 0
      vertex -45.0572 6.33238 3.5
      vertex -45.0572 6.33238 0
    endloop
  endfacet
  facet normal 0.422617 -0.906309 0
    outer loop
      vertex -19.9459 40.8951 0
      vertex -18.5065 41.5663 3.5
      vertex -19.9459 40.8951 3.5
    endloop
  endfacet
  facet normal 0.422617 -0.906309 0
    outer loop
      vertex -18.5065 41.5663 3.5
      vertex -19.9459 40.8951 0
      vertex -18.5065 41.5663 0
    endloop
  endfacet
  facet normal 0.422617 0.906309 -0
    outer loop
      vertex -18.5065 -41.5663 0
      vertex -19.9459 -40.8951 3.5
      vertex -18.5065 -41.5663 3.5
    endloop
  endfacet
  facet normal 0.422617 0.906309 0
    outer loop
      vertex -19.9459 -40.8951 3.5
      vertex -18.5065 -41.5663 0
      vertex -19.9459 -40.8951 0
    endloop
  endfacet
  facet normal 0.777126 -0.629345 0
    outer loop
      vertex -35.8545 28.0126 3.5
      vertex -34.855 29.2468 0
      vertex -34.855 29.2468 3.5
    endloop
  endfacet
  facet normal 0.777126 -0.629345 0
    outer loop
      vertex -34.855 29.2468 0
      vertex -35.8545 28.0126 3.5
      vertex -35.8545 28.0126 0
    endloop
  endfacet
  facet normal 0.838674 0.544634 0
    outer loop
      vertex -37.7212 -25.4433 3.5
      vertex -38.5862 -24.1113 0
      vertex -38.5862 -24.1113 3.5
    endloop
  endfacet
  facet normal 0.838674 0.544634 0
    outer loop
      vertex -38.5862 -24.1113 0
      vertex -37.7212 -25.4433 3.5
      vertex -37.7212 -25.4433 0
    endloop
  endfacet
  facet normal 0.707107 0.707107 0
    outer loop
      vertex -31.607 -32.73 3.5
      vertex -32.73 -31.607 0
      vertex -32.73 -31.607 3.5
    endloop
  endfacet
  facet normal 0.707107 0.707107 0
    outer loop
      vertex -32.73 -31.607 0
      vertex -31.607 -32.73 3.5
      vertex -31.607 -32.73 0
    endloop
  endfacet
  facet normal 0.99863 -0.0523245 0
    outer loop
      vertex -45.4723 1.58793 3.5
      vertex -45.3892 3.17392 0
      vertex -45.3892 3.17392 3.5
    endloop
  endfacet
  facet normal 0.99863 -0.0523245 0
    outer loop
      vertex -45.3892 3.17392 0
      vertex -45.4723 1.58793 3.5
      vertex -45.4723 1.58793 0
    endloop
  endfacet
  facet normal 0.999848 -0.0174414 0
    outer loop
      vertex -45.5 0 3.5
      vertex -45.4723 1.58793 0
      vertex -45.4723 1.58793 3.5
    endloop
  endfacet
  facet normal 0.999848 -0.0174414 0
    outer loop
      vertex -45.4723 1.58793 0
      vertex -45.5 0 3.5
      vertex -45.5 0 0
    endloop
  endfacet
  facet normal 0.891014 0.453976 0
    outer loop
      vertex -40.1741 -21.361 3.5
      vertex -40.8951 -19.9459 0
      vertex -40.8951 -19.9459 3.5
    endloop
  endfacet
  facet normal 0.891014 0.453976 0
    outer loop
      vertex -40.8951 -19.9459 0
      vertex -40.1741 -21.361 3.5
      vertex -40.1741 -21.361 0
    endloop
  endfacet
  facet normal 0.390763 0.920491 -0
    outer loop
      vertex -17.0446 -42.1869 0
      vertex -18.5065 -41.5663 3.5
      vertex -17.0446 -42.1869 3.5
    endloop
  endfacet
  facet normal 0.390763 0.920491 0
    outer loop
      vertex -18.5065 -41.5663 3.5
      vertex -17.0446 -42.1869 0
      vertex -18.5065 -41.5663 0
    endloop
  endfacet
  facet normal 0.974377 -0.224921 0
    outer loop
      vertex -44.5057 9.45998 3.5
      vertex -44.1485 11.0074 0
      vertex -44.1485 11.0074 3.5
    endloop
  endfacet
  facet normal 0.974377 -0.224921 0
    outer loop
      vertex -44.1485 11.0074 0
      vertex -44.5057 9.45998 3.5
      vertex -44.5057 9.45998 0
    endloop
  endfacet
  facet normal -0.98162 0.190847 0
    outer loop
      vertex 44.5057 -9.45998 0
      vertex 44.8088 -7.90099 3.5
      vertex 44.8088 -7.90099 0
    endloop
  endfacet
  facet normal -0.98162 0.190847 0
    outer loop
      vertex 44.8088 -7.90099 3.5
      vertex 44.5057 -9.45998 0
      vertex 44.5057 -9.45998 3.5
    endloop
  endfacet
  facet normal -0.987693 0.156408 0
    outer loop
      vertex 44.8088 -7.90099 0
      vertex 45.0572 -6.33238 3.5
      vertex 45.0572 -6.33238 0
    endloop
  endfacet
  facet normal -0.987693 0.156408 0
    outer loop
      vertex 45.0572 -6.33238 3.5
      vertex 44.8088 -7.90099 0
      vertex 44.8088 -7.90099 3.5
    endloop
  endfacet
  facet normal 0.974377 0.224921 0
    outer loop
      vertex -44.1485 -11.0074 3.5
      vertex -44.5057 -9.45998 0
      vertex -44.5057 -9.45998 3.5
    endloop
  endfacet
  facet normal 0.974377 0.224921 0
    outer loop
      vertex -44.5057 -9.45998 0
      vertex -44.1485 -11.0074 3.5
      vertex -44.1485 -11.0074 0
    endloop
  endfacet
  facet normal 0.707107 -0.707107 0
    outer loop
      vertex -32.73 31.607 3.5
      vertex -31.607 32.73 0
      vertex -31.607 32.73 3.5
    endloop
  endfacet
  facet normal 0.707107 -0.707107 0
    outer loop
      vertex -31.607 32.73 0
      vertex -32.73 31.607 3.5
      vertex -32.73 31.607 0
    endloop
  endfacet
  facet normal 0.484793 0.874629 -0
    outer loop
      vertex -21.361 -40.1741 0
      vertex -22.75 -39.4042 3.5
      vertex -21.361 -40.1741 3.5
    endloop
  endfacet
  facet normal 0.484793 0.874629 0
    outer loop
      vertex -22.75 -39.4042 3.5
      vertex -21.361 -40.1741 0
      vertex -22.75 -39.4042 0
    endloop
  endfacet
  facet normal 0.920491 0.390763 0
    outer loop
      vertex -41.5663 -18.5065 3.5
      vertex -42.1869 -17.0446 0
      vertex -42.1869 -17.0446 3.5
    endloop
  endfacet
  facet normal 0.920491 0.390763 0
    outer loop
      vertex -42.1869 -17.0446 0
      vertex -41.5663 -18.5065 3.5
      vertex -41.5663 -18.5065 0
    endloop
  endfacet
  facet normal -0.920491 0.390763 0
    outer loop
      vertex 41.5663 -18.5065 0
      vertex 42.1869 -17.0446 3.5
      vertex 42.1869 -17.0446 0
    endloop
  endfacet
  facet normal -0.920491 0.390763 0
    outer loop
      vertex 42.1869 -17.0446 3.5
      vertex 41.5663 -18.5065 0
      vertex 41.5663 -18.5065 3.5
    endloop
  endfacet
  facet normal 0.96592 -0.258842 0
    outer loop
      vertex -44.1485 11.0074 3.5
      vertex -43.7374 12.5415 0
      vertex -43.7374 12.5415 3.5
    endloop
  endfacet
  facet normal 0.96592 -0.258842 0
    outer loop
      vertex -43.7374 12.5415 0
      vertex -44.1485 11.0074 3.5
      vertex -44.1485 11.0074 0
    endloop
  endfacet
  facet normal -0.601812 0.798638 0
    outer loop
      vertex 28.0126 -35.8545 0
      vertex 26.7442 -36.8103 3.5
      vertex 28.0126 -35.8545 3.5
    endloop
  endfacet
  facet normal -0.601812 0.798638 0
    outer loop
      vertex 26.7442 -36.8103 3.5
      vertex 28.0126 -35.8545 0
      vertex 26.7442 -36.8103 0
    endloop
  endfacet
  facet normal 0.224921 0.974377 -0
    outer loop
      vertex -9.45998 -44.5057 0
      vertex -11.0074 -44.1485 3.5
      vertex -9.45998 -44.5057 3.5
    endloop
  endfacet
  facet normal 0.224921 0.974377 0
    outer loop
      vertex -11.0074 -44.1485 3.5
      vertex -9.45998 -44.5057 0
      vertex -11.0074 -44.1485 0
    endloop
  endfacet
  facet normal 0.258842 0.96592 -0
    outer loop
      vertex -11.0074 -44.1485 0
      vertex -12.5415 -43.7374 3.5
      vertex -11.0074 -44.1485 3.5
    endloop
  endfacet
  facet normal 0.258842 0.96592 0
    outer loop
      vertex -12.5415 -43.7374 3.5
      vertex -11.0074 -44.1485 0
      vertex -12.5415 -43.7374 0
    endloop
  endfacet
  facet normal -0.443403 0.550895 0.707042
    outer loop
      vertex 29.2468 -34.855 3.5
      vertex 30.2028 -36.0107 5
      vertex 30.211 -36.0041 5
    endloop
  endfacet
  facet normal -0.445047 0.549552 0.707055
    outer loop
      vertex 30.2028 -36.0107 5
      vertex 29.2468 -34.855 3.5
      vertex 28.0126 -35.8545 3.5
    endloop
  endfacet
  facet normal -0.698456 0.110629 0.70705
    outer loop
      vertex 46.286 -8.16146 5
      vertex 46.541 -6.55152 5
      vertex 44.8088 -7.90099 3.5
    endloop
  endfacet
  facet normal -0.707053 -0.012321 0.707053
    outer loop
      vertex 47 0 5
      vertex 46.9716 1.62976 5
      vertex 45.5 0 3.5
    endloop
  endfacet
  facet normal -0.70702 -0.0134415 0.707065
    outer loop
      vertex 45.4723 1.58793 3.5
      vertex 46.9716 1.62976 5
      vertex 46.9714 1.64028 5
    endloop
  endfacet
  facet normal -0.707046 -0.0123338 0.70706
    outer loop
      vertex 46.9716 1.62976 5
      vertex 45.4723 1.58793 3.5
      vertex 45.5 0 3.5
    endloop
  endfacet
  facet normal 0.0605069 -0.704569 0.707051
    outer loop
      vertex -3.28903 46.8846 5
      vertex -3.17392 45.3892 3.5
      vertex -3.27855 46.8855 5
    endloop
  endfacet
  facet normal 0.0616702 -0.704474 0.707046
    outer loop
      vertex -3.17392 45.3892 3.5
      vertex -3.28903 46.8846 5
      vertex -4.75604 45.2507 3.5
    endloop
  endfacet
  facet normal -0.134966 0.694165 0.70705
    outer loop
      vertex 8.16146 -46.286 5
      vertex 9.76153 -45.9749 5
      vertex 7.90099 -44.8088 3.5
    endloop
  endfacet
  facet normal 0.206741 0.676284 0.707035
    outer loop
      vertex -14.0603 -43.2731 3.5
      vertex -14.5137 -44.7027 5
      vertex -12.5415 -43.7374 3.5
    endloop
  endfacet
  facet normal 0.20137 0.677945 0.706994
    outer loop
      vertex -14.5137 -44.7027 5
      vertex -14.0603 -43.2731 3.5
      vertex -14.5238 -44.6997 5
    endloop
  endfacet
  facet normal 0.533693 -0.46392 0.707071
    outer loop
      vertex -35.9972 30.219 5
      vertex -34.855 29.2468 3.5
      vertex -33.8131 30.4454 3.5
    endloop
  endfacet
  facet normal 0.535474 -0.461846 0.707083
    outer loop
      vertex -34.855 29.2468 3.5
      vertex -35.9972 30.219 5
      vertex -36.0041 30.211 5
    endloop
  endfacet
  facet normal -0.683608 -0.180955 0.707061
    outer loop
      vertex 45.6012 11.3805 5
      vertex 44.1485 11.0074 3.5
      vertex 45.6039 11.3703 5
    endloop
  endfacet
  facet normal -0.683062 -0.183043 0.707051
    outer loop
      vertex 44.1485 11.0074 3.5
      vertex 45.6012 11.3805 5
      vertex 43.7374 12.5415 3.5
    endloop
  endfacet
  facet normal 0.630096 -0.321035 0.707048
    outer loop
      vertex -40.1741 21.361 3.5
      vertex -41.4985 22.0652 5
      vertex -42.2385 20.6128 5
    endloop
  endfacet
  facet normal -0.701889 0.0861587 0.707057
    outer loop
      vertex 45.0572 -6.33238 3.5
      vertex 46.5439 -6.5307 5
      vertex 45.2507 -4.75604 3.5
    endloop
  endfacet
  facet normal -0.701732 0.0873804 0.707062
    outer loop
      vertex 46.5439 -6.5307 5
      vertex 45.0572 -6.33238 3.5
      vertex 46.5426 -6.54114 5
    endloop
  endfacet
  facet normal 0.549552 0.445047 0.707055
    outer loop
      vertex -36.0107 -30.2028 5
      vertex -34.855 -29.2468 3.5
      vertex -35.8545 -28.0126 3.5
    endloop
  endfacet
  facet normal 0.550895 0.443403 0.707042
    outer loop
      vertex -34.855 -29.2468 3.5
      vertex -36.0107 -30.2028 5
      vertex -36.0041 -30.211 5
    endloop
  endfacet
  facet normal 0.706188 0.0370064 0.707056
    outer loop
      vertex -46.8861 -3.26805 5
      vertex -45.4723 -1.58793 3.5
      vertex -46.9714 -1.64028 5
    endloop
  endfacet
  facet normal -0.364203 0.606152 0.707061
    outer loop
      vertex 24.9062 -39.8583 5
      vertex 24.1113 -38.5862 3.5
      vertex 23.509 -40.6978 5
    endloop
  endfacet
  facet normal -0.694169 0.134961 0.707047
    outer loop
      vertex 44.5057 -9.45998 3.5
      vertex 45.9749 -9.76153 5
      vertex 44.8088 -7.90099 3.5
    endloop
  endfacet
  facet normal -0.694252 0.134545 0.707045
    outer loop
      vertex 45.9749 -9.76153 5
      vertex 44.5057 -9.45998 3.5
      vertex 45.9729 -9.77185 5
    endloop
  endfacet
  facet normal -0.704464 0.0616478 0.707057
    outer loop
      vertex 46.7425 -4.91284 5
      vertex 46.8846 -3.28903 5
      vertex 45.2507 -4.75604 3.5
    endloop
  endfacet
  facet normal -0.012321 -0.707053 0.707053
    outer loop
      vertex 1.62976 46.9716 5
      vertex 0 47 5
      vertex 0 45.5 3.5
    endloop
  endfacet
  facet normal -0.0370064 -0.706188 0.707056
    outer loop
      vertex 3.26805 46.8861 5
      vertex 1.64028 46.9714 5
      vertex 1.58793 45.4723 3.5
    endloop
  endfacet
  facet normal -0.0134415 0.70702 0.707065
    outer loop
      vertex 1.58793 -45.4723 3.5
      vertex 1.62976 -46.9716 5
      vertex 1.64028 -46.9714 5
    endloop
  endfacet
  facet normal -0.0123338 0.707046 0.70706
    outer loop
      vertex 1.62976 -46.9716 5
      vertex 1.58793 -45.4723 3.5
      vertex 0 -45.5 3.5
    endloop
  endfacet
  facet normal -0.640896 0.298853 0.707064
    outer loop
      vertex 40.8951 -19.9459 3.5
      vertex 42.2478 -20.5939 5
      vertex 41.5663 -18.5065 3.5
    endloop
  endfacet
  facet normal -0.639063 0.302714 0.70708
    outer loop
      vertex 42.2478 -20.5939 5
      vertex 40.8951 -19.9459 3.5
      vertex 42.2433 -20.6034 5
    endloop
  endfacet
  facet normal -0.618508 0.342834 0.707045
    outer loop
      vertex 40.7032 -23.5 5
      vertex 41.4934 -22.0744 5
      vertex 39.4042 -22.75 3.5
    endloop
  endfacet
  facet normal -0.276323 -0.650958 0.707036
    outer loop
      vertex 19.1069 42.9407 5
      vertex 17.6065 43.5776 5
      vertex 17.0446 42.1869 3.5
    endloop
  endfacet
  facet normal -0.517207 -0.482281 0.707037
    outer loop
      vertex 34.9206 31.4568 5
      vertex 33.809 32.6489 5
      vertex 32.73 31.607 3.5
    endloop
  endfacet
  facet normal -0.650958 -0.276323 0.707036
    outer loop
      vertex 43.5776 17.6065 5
      vertex 42.9407 19.1069 5
      vertex 42.1869 17.0446 3.5
    endloop
  endfacet
  facet normal 0.651378 -0.275325 0.707039
    outer loop
      vertex -42.9407 19.1069 5
      vertex -41.5663 18.5065 3.5
      vertex -42.9366 19.1166 5
    endloop
  endfacet
  facet normal 0.650943 -0.276336 0.707045
    outer loop
      vertex -41.5663 18.5065 3.5
      vertex -42.9407 19.1069 5
      vertex -42.1869 17.0446 3.5
    endloop
  endfacet
  facet normal 0.253405 0.660187 0.707064
    outer loop
      vertex -15.5619 -42.756 3.5
      vertex -16.0848 -44.1618 5
      vertex -16.0749 -44.1656 5
    endloop
  endfacet
  facet normal 0.253398 0.660189 0.707064
    outer loop
      vertex -16.0848 -44.1618 5
      vertex -15.5619 -42.756 3.5
      vertex -17.0446 -42.1869 3.5
    endloop
  endfacet
  facet normal 0.321035 0.630096 0.707048
    outer loop
      vertex -20.6128 -42.2385 5
      vertex -21.361 -40.1741 3.5
      vertex -22.0652 -41.4985 5
    endloop
  endfacet
  facet normal -0.0403426 0.705995 0.707067
    outer loop
      vertex 3.17392 -45.3892 3.5
      vertex 3.26805 -46.8861 5
      vertex 3.27855 -46.8855 5
    endloop
  endfacet
  facet normal -0.0370018 0.706191 0.707054
    outer loop
      vertex 3.26805 -46.8861 5
      vertex 3.17392 -45.3892 3.5
      vertex 1.58793 -45.4723 3.5
    endloop
  endfacet
  facet normal 0.533683 0.463963 0.707051
    outer loop
      vertex -34.9278 -31.4491 5
      vertex -33.8131 -30.4454 3.5
      vertex -35.9972 -30.219 5
    endloop
  endfacet
  facet normal 0.159046 -0.689048 0.707048
    outer loop
      vertex -9.45998 44.5057 3.5
      vertex -9.77185 45.9729 5
      vertex -11.3601 45.6063 5
    endloop
  endfacet
  facet normal 0.660189 0.253398 0.707064
    outer loop
      vertex -42.756 -15.5619 3.5
      vertex -44.1618 -16.0848 5
      vertex -42.1869 -17.0446 3.5
    endloop
  endfacet
  facet normal 0.660187 0.253405 0.707064
    outer loop
      vertex -44.1618 -16.0848 5
      vertex -42.756 -15.5619 3.5
      vertex -44.1656 -16.0749 5
    endloop
  endfacet
  facet normal 0.660189 -0.253398 0.707064
    outer loop
      vertex -44.1618 16.0848 5
      vertex -42.756 15.5619 3.5
      vertex -42.1869 17.0446 3.5
    endloop
  endfacet
  facet normal 0.660187 -0.253405 0.707064
    outer loop
      vertex -42.756 15.5619 3.5
      vertex -44.1618 16.0848 5
      vertex -44.1656 16.0749 5
    endloop
  endfacet
  facet normal 0.405607 0.579277 0.707051
    outer loop
      vertex -26.2907 -38.9587 5
      vertex -26.7442 -36.8103 3.5
      vertex -27.6259 -38.0238 5
    endloop
  endfacet
  facet normal -0.62981 0.321605 0.707043
    outer loop
      vertex 40.8951 -19.9459 3.5
      vertex 42.2385 -20.6128 5
      vertex 42.2433 -20.6034 5
    endloop
  endfacet
  facet normal -0.630096 0.321037 0.707047
    outer loop
      vertex 42.2385 -20.6128 5
      vertex 40.8951 -19.9459 3.5
      vertex 40.1741 -21.361 3.5
    endloop
  endfacet
  facet normal -0.704569 0.0605069 0.707051
    outer loop
      vertex 45.3892 -3.17392 3.5
      vertex 46.8846 -3.28903 5
      vertex 46.8855 -3.27855 5
    endloop
  endfacet
  facet normal -0.704474 0.0616702 0.707046
    outer loop
      vertex 46.8846 -3.28903 5
      vertex 45.3892 -3.17392 3.5
      vertex 45.2507 -4.75604 3.5
    endloop
  endfacet
  facet normal 0.206775 0.67625 0.707057
    outer loop
      vertex -12.955 -45.1793 5
      vertex -12.5415 -43.7374 3.5
      vertex -14.5137 -44.7027 5
    endloop
  endfacet
  facet normal 0.593056 -0.385161 0.707061
    outer loop
      vertex -38.5862 24.1113 3.5
      vertex -38.9705 26.2732 5
      vertex -39.8583 24.9062 5
    endloop
  endfacet
  facet normal 0.683062 -0.183043 0.707051
    outer loop
      vertex -45.6012 11.3805 5
      vertex -44.1485 11.0074 3.5
      vertex -43.7374 12.5415 3.5
    endloop
  endfacet
  facet normal 0.683608 -0.180955 0.707061
    outer loop
      vertex -44.1485 11.0074 3.5
      vertex -45.6012 11.3805 5
      vertex -45.6039 11.3703 5
    endloop
  endfacet
  facet normal -0.668633 0.230195 0.707064
    outer loop
      vertex 44.1656 -16.0749 5
      vertex 44.6962 -14.5337 5
      vertex 42.756 -15.5619 3.5
    endloop
  endfacet
  facet normal -0.445044 -0.549559 0.707051
    outer loop
      vertex 30.2028 36.0107 5
      vertex 28.9361 37.0365 5
      vertex 28.0126 35.8545 3.5
    endloop
  endfacet
  facet normal 0.533693 0.46392 0.707071
    outer loop
      vertex -34.855 -29.2468 3.5
      vertex -35.9972 -30.219 5
      vertex -33.8131 -30.4454 3.5
    endloop
  endfacet
  facet normal 0.535474 0.461846 0.707083
    outer loop
      vertex -35.9972 -30.219 5
      vertex -34.855 -29.2468 3.5
      vertex -36.0041 -30.211 5
    endloop
  endfacet
  facet normal 0.0370064 -0.706188 0.707056
    outer loop
      vertex -1.58793 45.4723 3.5
      vertex -1.64028 46.9714 5
      vertex -3.26805 46.8861 5
    endloop
  endfacet
  facet normal 0.110629 0.698456 0.70705
    outer loop
      vertex -6.55152 -46.541 5
      vertex -7.90099 -44.8088 3.5
      vertex -8.16146 -46.286 5
    endloop
  endfacet
  facet normal -0.694252 -0.134545 0.707045
    outer loop
      vertex 44.5057 9.45998 3.5
      vertex 45.9749 9.76153 5
      vertex 45.9729 9.77185 5
    endloop
  endfacet
  facet normal -0.694169 -0.134961 0.707047
    outer loop
      vertex 45.9749 9.76153 5
      vertex 44.5057 9.45998 3.5
      vertex 44.8088 7.90099 3.5
    endloop
  endfacet
  facet normal -0.668633 -0.230195 0.707064
    outer loop
      vertex 44.6962 14.5337 5
      vertex 44.1656 16.0749 5
      vertex 42.756 15.5619 3.5
    endloop
  endfacet
  facet normal 0.342834 -0.618508 0.707045
    outer loop
      vertex -22.75 39.4042 3.5
      vertex -22.0744 41.4934 5
      vertex -23.5 40.7032 5
    endloop
  endfacet
  facet normal -0.110629 0.698456 0.70705
    outer loop
      vertex 8.16146 -46.286 5
      vertex 7.90099 -44.8088 3.5
      vertex 6.55152 -46.541 5
    endloop
  endfacet
  facet normal -0.579277 0.405607 0.707051
    outer loop
      vertex 38.0238 -27.6259 5
      vertex 38.9587 -26.2907 5
      vertex 36.8103 -26.7442 3.5
    endloop
  endfacet
  facet normal -0.660197 0.253458 0.707036
    outer loop
      vertex 43.5776 -17.6065 5
      vertex 44.1618 -16.0848 5
      vertex 42.1869 -17.0446 3.5
    endloop
  endfacet
  facet normal -0.689048 0.159046 0.707048
    outer loop
      vertex 45.6063 -11.3601 5
      vertex 45.9729 -9.77185 5
      vertex 44.5057 -9.45998 3.5
    endloop
  endfacet
  facet normal 0.683059 -0.183031 0.707057
    outer loop
      vertex -43.7374 12.5415 3.5
      vertex -45.1793 12.955 5
      vertex -45.6012 11.3805 5
    endloop
  endfacet
  facet normal -0.463963 0.533683 0.707051
    outer loop
      vertex 31.4491 -34.9278 5
      vertex 30.4454 -33.8131 3.5
      vertex 30.219 -35.9972 5
    endloop
  endfacet
  facet normal -0.298834 0.640922 0.707049
    outer loop
      vertex 19.1166 -42.9366 5
      vertex 20.5939 -42.2478 5
      vertex 18.5065 -41.5663 3.5
    endloop
  endfacet
  facet normal 0.668633 -0.230195 0.707064
    outer loop
      vertex -42.756 15.5619 3.5
      vertex -44.1656 16.0749 5
      vertex -44.6962 14.5337 5
    endloop
  endfacet
  facet normal -0.0370064 0.706188 0.707056
    outer loop
      vertex 1.64028 -46.9714 5
      vertex 3.26805 -46.8861 5
      vertex 1.58793 -45.4723 3.5
    endloop
  endfacet
  facet normal 0.425582 -0.564771 0.707045
    outer loop
      vertex -28.9277 37.0428 5
      vertex -28.0126 35.8545 3.5
      vertex -26.7442 36.8103 3.5
    endloop
  endfacet
  facet normal 0.424306 -0.565742 0.707036
    outer loop
      vertex -28.0126 35.8545 3.5
      vertex -28.9277 37.0428 5
      vertex -28.9361 37.0365 5
    endloop
  endfacet
  facet normal 0.463963 -0.533683 0.707051
    outer loop
      vertex -30.4454 33.8131 3.5
      vertex -30.219 35.9972 5
      vertex -31.4491 34.9278 5
    endloop
  endfacet
  facet normal 0.23573 0.666779 0.706992
    outer loop
      vertex -14.0603 -43.2731 3.5
      vertex -14.5337 -44.6962 5
      vertex -14.5238 -44.6997 5
    endloop
  endfacet
  facet normal 0.230258 0.668644 0.707034
    outer loop
      vertex -14.5337 -44.6962 5
      vertex -14.0603 -43.2731 3.5
      vertex -15.5619 -42.756 3.5
    endloop
  endfacet
  facet normal -0.482994 -0.516535 0.707042
    outer loop
      vertex 30.4454 33.8131 3.5
      vertex 31.4568 34.9206 5
      vertex 31.4491 34.9278 5
    endloop
  endfacet
  facet normal -0.48226 -0.517213 0.707047
    outer loop
      vertex 31.4568 34.9206 5
      vertex 30.4454 33.8131 3.5
      vertex 31.607 32.73 3.5
    endloop
  endfacet
  facet normal -0.134966 -0.694165 0.70705
    outer loop
      vertex 9.76153 45.9749 5
      vertex 8.16146 46.286 5
      vertex 7.90099 44.8088 3.5
    endloop
  endfacet
  facet normal -0.549559 -0.445044 0.707051
    outer loop
      vertex 37.0365 28.9361 5
      vertex 36.0107 30.2028 5
      vertex 35.8545 28.0126 3.5
    endloop
  endfacet
  facet normal 0.668644 -0.230258 0.707034
    outer loop
      vertex -44.6962 14.5337 5
      vertex -43.2731 14.0603 3.5
      vertex -42.756 15.5619 3.5
    endloop
  endfacet
  facet normal 0.666779 -0.23573 0.706992
    outer loop
      vertex -43.2731 14.0603 3.5
      vertex -44.6962 14.5337 5
      vertex -44.6997 14.5238 5
    endloop
  endfacet
  facet normal -0.565742 -0.424306 0.707036
    outer loop
      vertex 35.8545 28.0126 3.5
      vertex 37.0428 28.9277 5
      vertex 37.0365 28.9361 5
    endloop
  endfacet
  facet normal -0.564771 -0.425582 0.707045
    outer loop
      vertex 37.0428 28.9277 5
      vertex 35.8545 28.0126 3.5
      vertex 36.8103 26.7442 3.5
    endloop
  endfacet
  facet normal 0.0605069 0.704569 0.707051
    outer loop
      vertex -3.17392 -45.3892 3.5
      vertex -3.28903 -46.8846 5
      vertex -3.27855 -46.8855 5
    endloop
  endfacet
  facet normal 0.0616702 0.704474 0.707046
    outer loop
      vertex -3.28903 -46.8846 5
      vertex -3.17392 -45.3892 3.5
      vertex -4.75604 -45.2507 3.5
    endloop
  endfacet
  facet normal -0.706191 0.0370018 0.707054
    outer loop
      vertex 45.3892 -3.17392 3.5
      vertex 46.8861 -3.26805 5
      vertex 45.4723 -1.58793 3.5
    endloop
  endfacet
  facet normal -0.705995 0.0403426 0.707067
    outer loop
      vertex 46.8861 -3.26805 5
      vertex 45.3892 -3.17392 3.5
      vertex 46.8855 -3.27855 5
    endloop
  endfacet
  facet normal 0.650958 -0.276323 0.707036
    outer loop
      vertex -42.1869 17.0446 3.5
      vertex -42.9407 19.1069 5
      vertex -43.5776 17.6065 5
    endloop
  endfacet
  facet normal 0.68904 0.159055 0.707054
    outer loop
      vertex -45.6063 -11.3601 5
      vertex -44.1485 -11.0074 3.5
      vertex -44.5057 -9.45998 3.5
    endloop
  endfacet
  facet normal 0.688349 0.161964 0.707067
    outer loop
      vertex -44.1485 -11.0074 3.5
      vertex -45.6063 -11.3601 5
      vertex -45.6039 -11.3703 5
    endloop
  endfacet
  facet normal 0.698448 -0.110604 0.707063
    outer loop
      vertex -46.541 6.55152 5
      vertex -45.0572 6.33238 3.5
      vertex -44.8088 7.90099 3.5
    endloop
  endfacet
  facet normal 0.698885 -0.107728 0.707075
    outer loop
      vertex -45.0572 6.33238 3.5
      vertex -46.541 6.55152 5
      vertex -46.5426 6.54114 5
    endloop
  endfacet
  facet normal -0.650958 0.276323 0.707036
    outer loop
      vertex 42.9407 -19.1069 5
      vertex 43.5776 -17.6065 5
      vertex 42.1869 -17.0446 3.5
    endloop
  endfacet
  facet normal 0.579277 -0.405607 0.707051
    outer loop
      vertex -36.8103 26.7442 3.5
      vertex -38.0238 27.6259 5
      vertex -38.9587 26.2907 5
    endloop
  endfacet
  facet normal -0.342834 0.618508 0.707045
    outer loop
      vertex 23.5 -40.7032 5
      vertex 22.75 -39.4042 3.5
      vertex 22.0744 -41.4934 5
    endloop
  endfacet
  facet normal -0.701888 -0.0861601 0.707057
    outer loop
      vertex 46.7425 4.91284 5
      vertex 46.5439 6.5307 5
      vertex 45.2507 4.75604 3.5
    endloop
  endfacet
  facet normal -0.20137 0.677945 0.706994
    outer loop
      vertex 14.0603 -43.2731 3.5
      vertex 14.5137 -44.7027 5
      vertex 14.5238 -44.6997 5
    endloop
  endfacet
  facet normal -0.206741 0.676284 0.707035
    outer loop
      vertex 14.5137 -44.7027 5
      vertex 14.0603 -43.2731 3.5
      vertex 12.5415 -43.7374 3.5
    endloop
  endfacet
  facet normal 0.704464 0.0616478 0.707057
    outer loop
      vertex -46.7425 -4.91284 5
      vertex -45.2507 -4.75604 3.5
      vertex -46.8846 -3.28903 5
    endloop
  endfacet
  facet normal -0.482281 0.517207 0.707037
    outer loop
      vertex 32.6489 -33.809 5
      vertex 31.607 -32.73 3.5
      vertex 31.4568 -34.9206 5
    endloop
  endfacet
  facet normal -0.381407 0.59553 0.707017
    outer loop
      vertex 25.4433 -37.7212 3.5
      vertex 26.2732 -38.9705 5
      vertex 26.2821 -38.9648 5
    endloop
  endfacet
  facet normal -0.385147 0.593082 0.707047
    outer loop
      vertex 26.2732 -38.9705 5
      vertex 25.4433 -37.7212 3.5
      vertex 24.1113 -38.5862 3.5
    endloop
  endfacet
  facet normal -0.549559 0.445044 0.707051
    outer loop
      vertex 36.0107 -30.2028 5
      vertex 37.0365 -28.9361 5
      vertex 35.8545 -28.0126 3.5
    endloop
  endfacet
  facet normal -0.660187 0.253405 0.707064
    outer loop
      vertex 42.756 -15.5619 3.5
      vertex 44.1618 -16.0848 5
      vertex 44.1656 -16.0749 5
    endloop
  endfacet
  facet normal -0.660189 0.253398 0.707064
    outer loop
      vertex 44.1618 -16.0848 5
      vertex 42.756 -15.5619 3.5
      vertex 42.1869 -17.0446 3.5
    endloop
  endfacet
  facet normal -0.405607 0.579277 0.707051
    outer loop
      vertex 27.6259 -38.0238 5
      vertex 26.7442 -36.8103 3.5
      vertex 26.2907 -38.9587 5
    endloop
  endfacet
  facet normal -0.666779 0.23573 0.706992
    outer loop
      vertex 43.2731 -14.0603 3.5
      vertex 44.6962 -14.5337 5
      vertex 44.6997 -14.5238 5
    endloop
  endfacet
  facet normal -0.668644 0.230258 0.707034
    outer loop
      vertex 44.6962 -14.5337 5
      vertex 43.2731 -14.0603 3.5
      vertex 42.756 -15.5619 3.5
    endloop
  endfacet
  facet normal 0.0861587 -0.701889 0.707057
    outer loop
      vertex -6.5307 46.5439 5
      vertex -6.33238 45.0572 3.5
      vertex -4.75604 45.2507 3.5
    endloop
  endfacet
  facet normal 0.0873804 -0.701732 0.707062
    outer loop
      vertex -6.33238 45.0572 3.5
      vertex -6.5307 46.5439 5
      vertex -6.54114 46.5426 5
    endloop
  endfacet
  facet normal -0.701888 0.0861601 0.707057
    outer loop
      vertex 46.5439 -6.5307 5
      vertex 46.7425 -4.91284 5
      vertex 45.2507 -4.75604 3.5
    endloop
  endfacet
  facet normal -0.707046 0.0123338 0.70706
    outer loop
      vertex 45.4723 -1.58793 3.5
      vertex 46.9716 -1.62976 5
      vertex 45.5 0 3.5
    endloop
  endfacet
  facet normal -0.70702 0.0134415 0.707065
    outer loop
      vertex 46.9716 -1.62976 5
      vertex 45.4723 -1.58793 3.5
      vertex 46.9714 -1.64028 5
    endloop
  endfacet
  facet normal -0.707053 0.012321 0.707053
    outer loop
      vertex 46.9716 -1.62976 5
      vertex 47 0 5
      vertex 45.5 0 3.5
    endloop
  endfacet
  facet normal -0.516535 0.482994 0.707042
    outer loop
      vertex 33.8131 -30.4454 3.5
      vertex 34.9206 -31.4568 5
      vertex 34.9278 -31.4491 5
    endloop
  endfacet
  facet normal -0.517213 0.48226 0.707047
    outer loop
      vertex 34.9206 -31.4568 5
      vertex 33.8131 -30.4454 3.5
      vertex 32.73 -31.607 3.5
    endloop
  endfacet
  facet normal 0.698448 0.110604 0.707063
    outer loop
      vertex -45.0572 -6.33238 3.5
      vertex -46.541 -6.55152 5
      vertex -44.8088 -7.90099 3.5
    endloop
  endfacet
  facet normal 0.698885 0.107728 0.707075
    outer loop
      vertex -46.541 -6.55152 5
      vertex -45.0572 -6.33238 3.5
      vertex -46.5426 -6.54114 5
    endloop
  endfacet
  facet normal -0.321035 0.630096 0.707048
    outer loop
      vertex 22.0652 -41.4985 5
      vertex 21.361 -40.1741 3.5
      vertex 20.6128 -42.2385 5
    endloop
  endfacet
  facet normal 0.701888 0.0861601 0.707057
    outer loop
      vertex -46.5439 -6.5307 5
      vertex -45.2507 -4.75604 3.5
      vertex -46.7425 -4.91284 5
    endloop
  endfacet
  facet normal -0.630096 0.321035 0.707048
    outer loop
      vertex 41.4985 -22.0652 5
      vertex 42.2385 -20.6128 5
      vertex 40.1741 -21.361 3.5
    endloop
  endfacet
  facet normal 0.533683 -0.463963 0.707051
    outer loop
      vertex -33.8131 30.4454 3.5
      vertex -34.9278 31.4491 5
      vertex -35.9972 30.219 5
    endloop
  endfacet
  facet normal 0.364203 0.606152 0.707061
    outer loop
      vertex -23.509 -40.6978 5
      vertex -24.1113 -38.5862 3.5
      vertex -24.9062 -39.8583 5
    endloop
  endfacet
  facet normal -0.0861601 0.701888 0.707057
    outer loop
      vertex 4.91284 -46.7425 5
      vertex 6.5307 -46.5439 5
      vertex 4.75604 -45.2507 3.5
    endloop
  endfacet
  facet normal 0.56476 -0.425587 0.707051
    outer loop
      vertex -36.8103 26.7442 3.5
      vertex -37.0428 28.9277 5
      vertex -38.0238 27.6259 5
    endloop
  endfacet
  facet normal -0.461846 -0.535474 0.707083
    outer loop
      vertex 29.2468 34.855 3.5
      vertex 30.219 35.9972 5
      vertex 30.211 36.0041 5
    endloop
  endfacet
  facet normal -0.46392 -0.533693 0.707071
    outer loop
      vertex 30.219 35.9972 5
      vertex 29.2468 34.855 3.5
      vertex 30.4454 33.8131 3.5
    endloop
  endfacet
  facet normal 0.579276 -0.405614 0.707048
    outer loop
      vertex -38.9587 26.2907 5
      vertex -37.7212 25.4433 3.5
      vertex -36.8103 26.7442 3.5
    endloop
  endfacet
  facet normal 0.576825 -0.409143 0.707019
    outer loop
      vertex -37.7212 25.4433 3.5
      vertex -38.9587 26.2907 5
      vertex -38.9648 26.2821 5
    endloop
  endfacet
  facet normal -0.012321 0.707053 0.707053
    outer loop
      vertex 1.62976 -46.9716 5
      vertex 0 -45.5 3.5
      vertex 0 -47 5
    endloop
  endfacet
  facet normal -0.0873804 0.701732 0.707062
    outer loop
      vertex 6.33238 -45.0572 3.5
      vertex 6.5307 -46.5439 5
      vertex 6.54114 -46.5426 5
    endloop
  endfacet
  facet normal -0.0861587 0.701889 0.707057
    outer loop
      vertex 6.5307 -46.5439 5
      vertex 6.33238 -45.0572 3.5
      vertex 4.75604 -45.2507 3.5
    endloop
  endfacet
  facet normal -0.110629 -0.698456 0.70705
    outer loop
      vertex 7.90099 44.8088 3.5
      vertex 8.16146 46.286 5
      vertex 6.55152 46.541 5
    endloop
  endfacet
  facet normal 0.363833 0.606389 0.707049
    outer loop
      vertex -22.75 -39.4042 3.5
      vertex -23.509 -40.6978 5
      vertex -23.5 -40.7032 5
    endloop
  endfacet
  facet normal 0.364234 0.606151 0.707047
    outer loop
      vertex -23.509 -40.6978 5
      vertex -22.75 -39.4042 3.5
      vertex -24.1113 -38.5862 3.5
    endloop
  endfacet
  facet normal -0.706188 0.0370064 0.707056
    outer loop
      vertex 46.8861 -3.26805 5
      vertex 46.9714 -1.64028 5
      vertex 45.4723 -1.58793 3.5
    endloop
  endfacet
  facet normal 0.67625 0.206775 0.707057
    outer loop
      vertex -44.7027 -14.5137 5
      vertex -43.7374 -12.5415 3.5
      vertex -45.1793 -12.955 5
    endloop
  endfacet
  facet normal 0.618508 0.342834 0.707045
    outer loop
      vertex -40.7032 -23.5 5
      vertex -39.4042 -22.75 3.5
      vertex -41.4934 -22.0744 5
    endloop
  endfacet
  facet normal 0.694169 0.134961 0.707047
    outer loop
      vertex -45.9749 -9.76153 5
      vertex -44.5057 -9.45998 3.5
      vertex -44.8088 -7.90099 3.5
    endloop
  endfacet
  facet normal 0.694252 0.134545 0.707045
    outer loop
      vertex -44.5057 -9.45998 3.5
      vertex -45.9749 -9.76153 5
      vertex -45.9729 -9.77185 5
    endloop
  endfacet
  facet normal 0.012321 0.707053 0.707053
    outer loop
      vertex 0 -47 5
      vertex 0 -45.5 3.5
      vertex -1.62976 -46.9716 5
    endloop
  endfacet
  facet normal 0.676284 0.206741 0.707035
    outer loop
      vertex -44.7027 -14.5137 5
      vertex -43.2731 -14.0603 3.5
      vertex -43.7374 -12.5415 3.5
    endloop
  endfacet
  facet normal 0.677945 0.20137 0.706994
    outer loop
      vertex -43.2731 -14.0603 3.5
      vertex -44.7027 -14.5137 5
      vertex -44.6997 -14.5238 5
    endloop
  endfacet
  facet normal -0.683059 -0.183031 0.707057
    outer loop
      vertex 45.6012 11.3805 5
      vertex 45.1793 12.955 5
      vertex 43.7374 12.5415 3.5
    endloop
  endfacet
  facet normal -0.253458 0.660197 0.707036
    outer loop
      vertex 17.6065 -43.5776 5
      vertex 17.0446 -42.1869 3.5
      vertex 16.0848 -44.1618 5
    endloop
  endfacet
  facet normal 0.409143 0.576825 0.707019
    outer loop
      vertex -25.4433 -37.7212 3.5
      vertex -26.2907 -38.9587 5
      vertex -26.2821 -38.9648 5
    endloop
  endfacet
  facet normal 0.405614 0.579276 0.707048
    outer loop
      vertex -26.2907 -38.9587 5
      vertex -25.4433 -37.7212 3.5
      vertex -26.7442 -36.8103 3.5
    endloop
  endfacet
  facet normal -0.517207 0.482281 0.707037
    outer loop
      vertex 33.809 -32.6489 5
      vertex 34.9206 -31.4568 5
      vertex 32.73 -31.607 3.5
    endloop
  endfacet
  facet normal -0.159046 0.689048 0.707048
    outer loop
      vertex 9.77185 -45.9729 5
      vertex 11.3601 -45.6063 5
      vertex 9.45998 -44.5057 3.5
    endloop
  endfacet
  facet normal -0.183031 0.683059 0.707057
    outer loop
      vertex 12.955 -45.1793 5
      vertex 12.5415 -43.7374 3.5
      vertex 11.3805 -45.6012 5
    endloop
  endfacet
  facet normal 0.425582 0.564771 0.707045
    outer loop
      vertex -28.0126 -35.8545 3.5
      vertex -28.9277 -37.0428 5
      vertex -26.7442 -36.8103 3.5
    endloop
  endfacet
  facet normal 0.424306 0.565742 0.707036
    outer loop
      vertex -28.9277 -37.0428 5
      vertex -28.0126 -35.8545 3.5
      vertex -28.9361 -37.0365 5
    endloop
  endfacet
  facet normal -0.134545 0.694252 0.707045
    outer loop
      vertex 9.45998 -44.5057 3.5
      vertex 9.76153 -45.9749 5
      vertex 9.77185 -45.9729 5
    endloop
  endfacet
  facet normal -0.134961 0.694169 0.707047
    outer loop
      vertex 9.76153 -45.9749 5
      vertex 9.45998 -44.5057 3.5
      vertex 7.90099 -44.8088 3.5
    endloop
  endfacet
  facet normal 0.698456 -0.110629 0.70705
    outer loop
      vertex -44.8088 7.90099 3.5
      vertex -46.286 8.16146 5
      vertex -46.541 6.55152 5
    endloop
  endfacet
  facet normal 0.704464 -0.0616478 0.707057
    outer loop
      vertex -45.2507 4.75604 3.5
      vertex -46.7425 4.91284 5
      vertex -46.8846 3.28903 5
    endloop
  endfacet
  facet normal -0.606152 -0.364203 0.707061
    outer loop
      vertex 40.6978 23.509 5
      vertex 39.8583 24.9062 5
      vertex 38.5862 24.1113 3.5
    endloop
  endfacet
  facet normal -0.161964 -0.688349 0.707067
    outer loop
      vertex 11.3601 45.6063 5
      vertex 11.0074 44.1485 3.5
      vertex 11.3703 45.6039 5
    endloop
  endfacet
  facet normal -0.159055 -0.68904 0.707054
    outer loop
      vertex 11.0074 44.1485 3.5
      vertex 11.3601 45.6063 5
      vertex 9.45998 44.5057 3.5
    endloop
  endfacet
  facet normal 0.134961 -0.694169 0.707047
    outer loop
      vertex -9.76153 45.9749 5
      vertex -9.45998 44.5057 3.5
      vertex -7.90099 44.8088 3.5
    endloop
  endfacet
  facet normal 0.134545 -0.694252 0.707045
    outer loop
      vertex -9.45998 44.5057 3.5
      vertex -9.76153 45.9749 5
      vertex -9.77185 45.9729 5
    endloop
  endfacet
  facet normal -0.161964 0.688349 0.707067
    outer loop
      vertex 11.0074 -44.1485 3.5
      vertex 11.3601 -45.6063 5
      vertex 11.3703 -45.6039 5
    endloop
  endfacet
  facet normal -0.159055 0.68904 0.707054
    outer loop
      vertex 11.3601 -45.6063 5
      vertex 11.0074 -44.1485 3.5
      vertex 9.45998 -44.5057 3.5
    endloop
  endfacet
  facet normal -0.110604 0.698448 0.707063
    outer loop
      vertex 6.33238 -45.0572 3.5
      vertex 6.55152 -46.541 5
      vertex 7.90099 -44.8088 3.5
    endloop
  endfacet
  facet normal -0.107728 0.698885 0.707075
    outer loop
      vertex 6.55152 -46.541 5
      vertex 6.33238 -45.0572 3.5
      vertex 6.54114 -46.5426 5
    endloop
  endfacet
  facet normal 0.704474 -0.0616702 0.707046
    outer loop
      vertex -46.8846 3.28903 5
      vertex -45.3892 3.17392 3.5
      vertex -45.2507 4.75604 3.5
    endloop
  endfacet
  facet normal 0.704569 -0.0605069 0.707051
    outer loop
      vertex -45.3892 3.17392 3.5
      vertex -46.8846 3.28903 5
      vertex -46.8855 3.27855 5
    endloop
  endfacet
  facet normal -0.23573 -0.666779 0.706992
    outer loop
      vertex 14.0603 43.2731 3.5
      vertex 14.5337 44.6962 5
      vertex 14.5238 44.6997 5
    endloop
  endfacet
  facet normal -0.230258 -0.668644 0.707034
    outer loop
      vertex 14.5337 44.6962 5
      vertex 14.0603 43.2731 3.5
      vertex 15.5619 42.756 3.5
    endloop
  endfacet
  facet normal 0.342859 0.618491 0.707047
    outer loop
      vertex -21.361 -40.1741 3.5
      vertex -22.0744 -41.4934 5
      vertex -22.0652 -41.4985 5
    endloop
  endfacet
  facet normal 0.342829 0.618508 0.707048
    outer loop
      vertex -22.0744 -41.4934 5
      vertex -21.361 -40.1741 3.5
      vertex -22.75 -39.4042 3.5
    endloop
  endfacet
  facet normal 0.650943 0.276336 0.707045
    outer loop
      vertex -42.9407 -19.1069 5
      vertex -41.5663 -18.5065 3.5
      vertex -42.1869 -17.0446 3.5
    endloop
  endfacet
  facet normal 0.651378 0.275325 0.707039
    outer loop
      vertex -41.5663 -18.5065 3.5
      vertex -42.9407 -19.1069 5
      vertex -42.9366 -19.1166 5
    endloop
  endfacet
  facet normal -0.298834 -0.640922 0.707049
    outer loop
      vertex 20.5939 42.2478 5
      vertex 19.1166 42.9366 5
      vertex 18.5065 41.5663 3.5
    endloop
  endfacet
  facet normal -0.68904 0.159055 0.707054
    outer loop
      vertex 44.1485 -11.0074 3.5
      vertex 45.6063 -11.3601 5
      vertex 44.5057 -9.45998 3.5
    endloop
  endfacet
  facet normal -0.688349 0.161964 0.707067
    outer loop
      vertex 45.6063 -11.3601 5
      vertex 44.1485 -11.0074 3.5
      vertex 45.6039 -11.3703 5
    endloop
  endfacet
  facet normal -0.46392 0.533693 0.707071
    outer loop
      vertex 29.2468 -34.855 3.5
      vertex 30.219 -35.9972 5
      vertex 30.4454 -33.8131 3.5
    endloop
  endfacet
  facet normal -0.461846 0.535474 0.707083
    outer loop
      vertex 30.219 -35.9972 5
      vertex 29.2468 -34.855 3.5
      vertex 30.211 -36.0041 5
    endloop
  endfacet
  facet normal 0.321605 0.62981 0.707043
    outer loop
      vertex -19.9459 -40.8951 3.5
      vertex -20.6128 -42.2385 5
      vertex -20.6034 -42.2433 5
    endloop
  endfacet
  facet normal 0.321037 0.630096 0.707047
    outer loop
      vertex -20.6128 -42.2385 5
      vertex -19.9459 -40.8951 3.5
      vertex -21.361 -40.1741 3.5
    endloop
  endfacet
  facet normal -0.56476 0.425587 0.707051
    outer loop
      vertex 37.0428 -28.9277 5
      vertex 38.0238 -27.6259 5
      vertex 36.8103 -26.7442 3.5
    endloop
  endfacet
  facet normal 0.183031 0.683059 0.707057
    outer loop
      vertex -11.3805 -45.6012 5
      vertex -12.5415 -43.7374 3.5
      vertex -12.955 -45.1793 5
    endloop
  endfacet
  facet normal -0.689048 -0.159046 0.707048
    outer loop
      vertex 45.9729 9.77185 5
      vertex 45.6063 11.3601 5
      vertex 44.5057 9.45998 3.5
    endloop
  endfacet
  facet normal 0.564771 0.425582 0.707045
    outer loop
      vertex -37.0428 -28.9277 5
      vertex -35.8545 -28.0126 3.5
      vertex -36.8103 -26.7442 3.5
    endloop
  endfacet
  facet normal 0.565742 0.424306 0.707036
    outer loop
      vertex -35.8545 -28.0126 3.5
      vertex -37.0428 -28.9277 5
      vertex -37.0365 -28.9361 5
    endloop
  endfacet
  facet normal 0.180955 -0.683608 0.707061
    outer loop
      vertex -11.3805 45.6012 5
      vertex -11.0074 44.1485 3.5
      vertex -11.3703 45.6039 5
    endloop
  endfacet
  facet normal 0.183043 -0.683062 0.707051
    outer loop
      vertex -11.0074 44.1485 3.5
      vertex -11.3805 45.6012 5
      vertex -12.5415 43.7374 3.5
    endloop
  endfacet
  facet normal -0.56476 -0.425587 0.707051
    outer loop
      vertex 38.0238 27.6259 5
      vertex 37.0428 28.9277 5
      vertex 36.8103 26.7442 3.5
    endloop
  endfacet
  facet normal 0.701888 -0.0861601 0.707057
    outer loop
      vertex -45.2507 4.75604 3.5
      vertex -46.5439 6.5307 5
      vertex -46.7425 4.91284 5
    endloop
  endfacet
  facet normal 0.298853 -0.640896 0.707064
    outer loop
      vertex -20.5939 42.2478 5
      vertex -19.9459 40.8951 3.5
      vertex -18.5065 41.5663 3.5
    endloop
  endfacet
  facet normal 0.302714 -0.639063 0.70708
    outer loop
      vertex -19.9459 40.8951 3.5
      vertex -20.5939 42.2478 5
      vertex -20.6034 42.2433 5
    endloop
  endfacet
  facet normal 0.482994 0.516535 0.707042
    outer loop
      vertex -30.4454 -33.8131 3.5
      vertex -31.4568 -34.9206 5
      vertex -31.4491 -34.9278 5
    endloop
  endfacet
  facet normal 0.48226 0.517213 0.707047
    outer loop
      vertex -31.4568 -34.9206 5
      vertex -30.4454 -33.8131 3.5
      vertex -31.607 -32.73 3.5
    endloop
  endfacet
  facet normal -0.694165 0.134966 0.70705
    outer loop
      vertex 45.9749 -9.76153 5
      vertex 46.286 -8.16146 5
      vertex 44.8088 -7.90099 3.5
    endloop
  endfacet
  facet normal 0.0861601 -0.701888 0.707057
    outer loop
      vertex -4.75604 45.2507 3.5
      vertex -4.91284 46.7425 5
      vertex -6.5307 46.5439 5
    endloop
  endfacet
  facet normal 0.618508 -0.342834 0.707045
    outer loop
      vertex -39.4042 22.75 3.5
      vertex -40.7032 23.5 5
      vertex -41.4934 22.0744 5
    endloop
  endfacet
  facet normal -0.0616702 0.704474 0.707046
    outer loop
      vertex 3.17392 -45.3892 3.5
      vertex 3.28903 -46.8846 5
      vertex 4.75604 -45.2507 3.5
    endloop
  endfacet
  facet normal -0.0605069 0.704569 0.707051
    outer loop
      vertex 3.28903 -46.8846 5
      vertex 3.17392 -45.3892 3.5
      vertex 3.27855 -46.8855 5
    endloop
  endfacet
  facet normal -0.230195 -0.668633 0.707064
    outer loop
      vertex 15.5619 42.756 3.5
      vertex 16.0749 44.1656 5
      vertex 14.5337 44.6962 5
    endloop
  endfacet
  facet normal -0.593056 0.385161 0.707061
    outer loop
      vertex 38.9705 -26.2732 5
      vertex 39.8583 -24.9062 5
      vertex 38.5862 -24.1113 3.5
    endloop
  endfacet
  facet normal -0.564771 0.425582 0.707045
    outer loop
      vertex 35.8545 -28.0126 3.5
      vertex 37.0428 -28.9277 5
      vertex 36.8103 -26.7442 3.5
    endloop
  endfacet
  facet normal -0.565742 0.424306 0.707036
    outer loop
      vertex 37.0428 -28.9277 5
      vertex 35.8545 -28.0126 3.5
      vertex 37.0365 -28.9361 5
    endloop
  endfacet
  facet normal -0.62981 -0.321605 0.707043
    outer loop
      vertex 42.2385 20.6128 5
      vertex 40.8951 19.9459 3.5
      vertex 42.2433 20.6034 5
    endloop
  endfacet
  facet normal -0.630096 -0.321037 0.707047
    outer loop
      vertex 40.8951 19.9459 3.5
      vertex 42.2385 20.6128 5
      vertex 40.1741 21.361 3.5
    endloop
  endfacet
  facet normal 0.445044 -0.549559 0.707051
    outer loop
      vertex -28.0126 35.8545 3.5
      vertex -28.9361 37.0365 5
      vertex -30.2028 36.0107 5
    endloop
  endfacet
  facet normal 0.56476 0.425587 0.707051
    outer loop
      vertex -37.0428 -28.9277 5
      vertex -36.8103 -26.7442 3.5
      vertex -38.0238 -27.6259 5
    endloop
  endfacet
  facet normal -0.253398 0.660189 0.707064
    outer loop
      vertex 15.5619 -42.756 3.5
      vertex 16.0848 -44.1618 5
      vertex 17.0446 -42.1869 3.5
    endloop
  endfacet
  facet normal -0.253405 0.660187 0.707064
    outer loop
      vertex 16.0848 -44.1618 5
      vertex 15.5619 -42.756 3.5
      vertex 16.0749 -44.1656 5
    endloop
  endfacet
  facet normal -0.698885 0.107728 0.707075
    outer loop
      vertex 45.0572 -6.33238 3.5
      vertex 46.541 -6.55152 5
      vertex 46.5426 -6.54114 5
    endloop
  endfacet
  facet normal -0.698448 0.110604 0.707063
    outer loop
      vertex 46.541 -6.55152 5
      vertex 45.0572 -6.33238 3.5
      vertex 44.8088 -7.90099 3.5
    endloop
  endfacet
  facet normal 0.618508 -0.342829 0.707048
    outer loop
      vertex -41.4934 22.0744 5
      vertex -40.1741 21.361 3.5
      vertex -39.4042 22.75 3.5
    endloop
  endfacet
  facet normal 0.618491 -0.342859 0.707047
    outer loop
      vertex -40.1741 21.361 3.5
      vertex -41.4934 22.0744 5
      vertex -41.4985 22.0652 5
    endloop
  endfacet
  facet normal -0.253405 -0.660187 0.707064
    outer loop
      vertex 15.5619 42.756 3.5
      vertex 16.0848 44.1618 5
      vertex 16.0749 44.1656 5
    endloop
  endfacet
  facet normal -0.253398 -0.660189 0.707064
    outer loop
      vertex 16.0848 44.1618 5
      vertex 15.5619 42.756 3.5
      vertex 17.0446 42.1869 3.5
    endloop
  endfacet
  facet normal 0.405607 -0.579277 0.707051
    outer loop
      vertex -26.7442 36.8103 3.5
      vertex -26.2907 38.9587 5
      vertex -27.6259 38.0238 5
    endloop
  endfacet
  facet normal 0.230195 0.668633 0.707064
    outer loop
      vertex -14.5337 -44.6962 5
      vertex -15.5619 -42.756 3.5
      vertex -16.0749 -44.1656 5
    endloop
  endfacet
  facet normal 0.461846 -0.535474 0.707083
    outer loop
      vertex -30.219 35.9972 5
      vertex -29.2468 34.855 3.5
      vertex -30.211 36.0041 5
    endloop
  endfacet
  facet normal 0.46392 -0.533693 0.707071
    outer loop
      vertex -29.2468 34.855 3.5
      vertex -30.219 35.9972 5
      vertex -30.4454 33.8131 3.5
    endloop
  endfacet
  facet normal 0.0370018 0.706191 0.707054
    outer loop
      vertex -3.17392 -45.3892 3.5
      vertex -3.26805 -46.8861 5
      vertex -1.58793 -45.4723 3.5
    endloop
  endfacet
  facet normal 0.0403426 0.705995 0.707067
    outer loop
      vertex -3.26805 -46.8861 5
      vertex -3.17392 -45.3892 3.5
      vertex -3.27855 -46.8855 5
    endloop
  endfacet
  facet normal -0.425587 -0.56476 0.707051
    outer loop
      vertex 28.9277 37.0428 5
      vertex 27.6259 38.0238 5
      vertex 26.7442 36.8103 3.5
    endloop
  endfacet
  facet normal -0.409143 -0.576825 0.707019
    outer loop
      vertex 25.4433 37.7212 3.5
      vertex 26.2907 38.9587 5
      vertex 26.2821 38.9648 5
    endloop
  endfacet
  facet normal -0.405614 -0.579276 0.707048
    outer loop
      vertex 26.2907 38.9587 5
      vertex 25.4433 37.7212 3.5
      vertex 26.7442 36.8103 3.5
    endloop
  endfacet
  facet normal 0.707053 0.012321 0.707053
    outer loop
      vertex -46.9716 -1.62976 5
      vertex -45.5 0 3.5
      vertex -47 0 5
    endloop
  endfacet
  facet normal 0.0861601 0.701888 0.707057
    outer loop
      vertex -4.91284 -46.7425 5
      vertex -4.75604 -45.2507 3.5
      vertex -6.5307 -46.5439 5
    endloop
  endfacet
  facet normal -0.701732 -0.0873804 0.707062
    outer loop
      vertex 45.0572 6.33238 3.5
      vertex 46.5439 6.5307 5
      vertex 46.5426 6.54114 5
    endloop
  endfacet
  facet normal -0.701889 -0.0861587 0.707057
    outer loop
      vertex 46.5439 6.5307 5
      vertex 45.0572 6.33238 3.5
      vertex 45.2507 4.75604 3.5
    endloop
  endfacet
  facet normal -0.549552 0.445047 0.707055
    outer loop
      vertex 34.855 -29.2468 3.5
      vertex 36.0107 -30.2028 5
      vertex 35.8545 -28.0126 3.5
    endloop
  endfacet
  facet normal -0.550895 0.443403 0.707042
    outer loop
      vertex 36.0107 -30.2028 5
      vertex 34.855 -29.2468 3.5
      vertex 36.0041 -30.211 5
    endloop
  endfacet
  facet normal 0.363833 -0.606389 0.707049
    outer loop
      vertex -23.509 40.6978 5
      vertex -22.75 39.4042 3.5
      vertex -23.5 40.7032 5
    endloop
  endfacet
  facet normal 0.364234 -0.606151 0.707047
    outer loop
      vertex -22.75 39.4042 3.5
      vertex -23.509 40.6978 5
      vertex -24.1113 38.5862 3.5
    endloop
  endfacet
  facet normal -0.180955 -0.683608 0.707061
    outer loop
      vertex 11.0074 44.1485 3.5
      vertex 11.3805 45.6012 5
      vertex 11.3703 45.6039 5
    endloop
  endfacet
  facet normal -0.183043 -0.683062 0.707051
    outer loop
      vertex 11.3805 45.6012 5
      vertex 11.0074 44.1485 3.5
      vertex 12.5415 43.7374 3.5
    endloop
  endfacet
  facet normal 0.159046 0.689048 0.707048
    outer loop
      vertex -9.77185 -45.9729 5
      vertex -9.45998 -44.5057 3.5
      vertex -11.3601 -45.6063 5
    endloop
  endfacet
  facet normal -0.535474 0.461846 0.707083
    outer loop
      vertex 34.855 -29.2468 3.5
      vertex 35.9972 -30.219 5
      vertex 36.0041 -30.211 5
    endloop
  endfacet
  facet normal -0.533693 0.46392 0.707071
    outer loop
      vertex 35.9972 -30.219 5
      vertex 34.855 -29.2468 3.5
      vertex 33.8131 -30.4454 3.5
    endloop
  endfacet
  facet normal 0.707053 -0.012321 0.707053
    outer loop
      vertex -45.5 0 3.5
      vertex -46.9716 1.62976 5
      vertex -47 0 5
    endloop
  endfacet
  facet normal 0.707046 0.0123338 0.70706
    outer loop
      vertex -46.9716 -1.62976 5
      vertex -45.4723 -1.58793 3.5
      vertex -45.5 0 3.5
    endloop
  endfacet
  facet normal 0.70702 0.0134415 0.707065
    outer loop
      vertex -45.4723 -1.58793 3.5
      vertex -46.9716 -1.62976 5
      vertex -46.9714 -1.64028 5
    endloop
  endfacet
  facet normal -0.606389 0.363833 0.707049
    outer loop
      vertex 39.4042 -22.75 3.5
      vertex 40.6978 -23.509 5
      vertex 40.7032 -23.5 5
    endloop
  endfacet
  facet normal -0.606151 0.364234 0.707047
    outer loop
      vertex 40.6978 -23.509 5
      vertex 39.4042 -22.75 3.5
      vertex 38.5862 -24.1113 3.5
    endloop
  endfacet
  facet normal -0.424306 0.565742 0.707036
    outer loop
      vertex 28.0126 -35.8545 3.5
      vertex 28.9277 -37.0428 5
      vertex 28.9361 -37.0365 5
    endloop
  endfacet
  facet normal -0.425582 0.564771 0.707045
    outer loop
      vertex 28.9277 -37.0428 5
      vertex 28.0126 -35.8545 3.5
      vertex 26.7442 -36.8103 3.5
    endloop
  endfacet
  facet normal 0.689048 0.159046 0.707048
    outer loop
      vertex -45.6063 -11.3601 5
      vertex -44.5057 -9.45998 3.5
      vertex -45.9729 -9.77185 5
    endloop
  endfacet
  facet normal -0.0605069 -0.704569 0.707051
    outer loop
      vertex 3.17392 45.3892 3.5
      vertex 3.28903 46.8846 5
      vertex 3.27855 46.8855 5
    endloop
  endfacet
  facet normal -0.0616702 -0.704474 0.707046
    outer loop
      vertex 3.28903 46.8846 5
      vertex 3.17392 45.3892 3.5
      vertex 4.75604 45.2507 3.5
    endloop
  endfacet
  facet normal 0.517207 0.482281 0.707037
    outer loop
      vertex -33.809 -32.6489 5
      vertex -32.73 -31.607 3.5
      vertex -34.9206 -31.4568 5
    endloop
  endfacet
  facet normal 0.0123338 -0.707046 0.70706
    outer loop
      vertex -1.62976 46.9716 5
      vertex -1.58793 45.4723 3.5
      vertex 0 45.5 3.5
    endloop
  endfacet
  facet normal 0.0134415 -0.70702 0.707065
    outer loop
      vertex -1.58793 45.4723 3.5
      vertex -1.62976 46.9716 5
      vertex -1.64028 46.9714 5
    endloop
  endfacet
  facet normal 0.67625 -0.206775 0.707057
    outer loop
      vertex -43.7374 12.5415 3.5
      vertex -44.7027 14.5137 5
      vertex -45.1793 12.955 5
    endloop
  endfacet
  facet normal 0.134966 0.694165 0.70705
    outer loop
      vertex -8.16146 -46.286 5
      vertex -7.90099 -44.8088 3.5
      vertex -9.76153 -45.9749 5
    endloop
  endfacet
  facet normal 0.445044 0.549559 0.707051
    outer loop
      vertex -28.9361 -37.0365 5
      vertex -28.0126 -35.8545 3.5
      vertex -30.2028 -36.0107 5
    endloop
  endfacet
  facet normal -0.342859 -0.618491 0.707047
    outer loop
      vertex 21.361 40.1741 3.5
      vertex 22.0744 41.4934 5
      vertex 22.0652 41.4985 5
    endloop
  endfacet
  facet normal -0.342829 -0.618508 0.707048
    outer loop
      vertex 22.0744 41.4934 5
      vertex 21.361 40.1741 3.5
      vertex 22.75 39.4042 3.5
    endloop
  endfacet
  facet normal -0.677945 -0.20137 0.706994
    outer loop
      vertex 43.2731 14.0603 3.5
      vertex 44.7027 14.5137 5
      vertex 44.6997 14.5238 5
    endloop
  endfacet
  facet normal -0.676284 -0.206741 0.707035
    outer loop
      vertex 44.7027 14.5137 5
      vertex 43.2731 14.0603 3.5
      vertex 43.7374 12.5415 3.5
    endloop
  endfacet
  facet normal 0.549559 -0.445044 0.707051
    outer loop
      vertex -35.8545 28.0126 3.5
      vertex -36.0107 30.2028 5
      vertex -37.0365 28.9361 5
    endloop
  endfacet
  facet normal -0.364234 0.606151 0.707047
    outer loop
      vertex 22.75 -39.4042 3.5
      vertex 23.509 -40.6978 5
      vertex 24.1113 -38.5862 3.5
    endloop
  endfacet
  facet normal -0.363833 0.606389 0.707049
    outer loop
      vertex 23.509 -40.6978 5
      vertex 22.75 -39.4042 3.5
      vertex 23.5 -40.7032 5
    endloop
  endfacet
  facet normal 0.683062 0.183043 0.707051
    outer loop
      vertex -44.1485 -11.0074 3.5
      vertex -45.6012 -11.3805 5
      vertex -43.7374 -12.5415 3.5
    endloop
  endfacet
  facet normal 0.683608 0.180955 0.707061
    outer loop
      vertex -45.6012 -11.3805 5
      vertex -44.1485 -11.0074 3.5
      vertex -45.6039 -11.3703 5
    endloop
  endfacet
  facet normal 0.50005 -0.50005 0.707037
    outer loop
      vertex -32.6489 33.809 5
      vertex -32.73 31.607 3.5
      vertex -31.607 32.73 3.5
    endloop
  endfacet
  facet normal 0.50005 -0.50005 0.707037
    outer loop
      vertex -32.73 31.607 3.5
      vertex -32.6489 33.809 5
      vertex -33.809 32.6489 5
    endloop
  endfacet
  facet normal 0.606152 0.364203 0.707061
    outer loop
      vertex -39.8583 -24.9062 5
      vertex -38.5862 -24.1113 3.5
      vertex -40.6978 -23.509 5
    endloop
  endfacet
  facet normal 0.698456 0.110629 0.70705
    outer loop
      vertex -46.286 -8.16146 5
      vertex -44.8088 -7.90099 3.5
      vertex -46.541 -6.55152 5
    endloop
  endfacet
  facet normal -0.50005 0.50005 0.707037
    outer loop
      vertex 32.73 -31.607 3.5
      vertex 32.6489 -33.809 5
      vertex 33.809 -32.6489 5
    endloop
  endfacet
  facet normal -0.50005 0.50005 0.707037
    outer loop
      vertex 32.6489 -33.809 5
      vertex 32.73 -31.607 3.5
      vertex 31.607 -32.73 3.5
    endloop
  endfacet
  facet normal 0.183031 -0.683059 0.707057
    outer loop
      vertex -12.5415 43.7374 3.5
      vertex -11.3805 45.6012 5
      vertex -12.955 45.1793 5
    endloop
  endfacet
  facet normal -0.405614 0.579276 0.707048
    outer loop
      vertex 25.4433 -37.7212 3.5
      vertex 26.2907 -38.9587 5
      vertex 26.7442 -36.8103 3.5
    endloop
  endfacet
  facet normal -0.409143 0.576825 0.707019
    outer loop
      vertex 26.2907 -38.9587 5
      vertex 25.4433 -37.7212 3.5
      vertex 26.2821 -38.9648 5
    endloop
  endfacet
  facet normal 0.482281 0.517207 0.707037
    outer loop
      vertex -31.4568 -34.9206 5
      vertex -31.607 -32.73 3.5
      vertex -32.6489 -33.809 5
    endloop
  endfacet
  facet normal 0.321035 -0.630096 0.707048
    outer loop
      vertex -21.361 40.1741 3.5
      vertex -20.6128 42.2385 5
      vertex -22.0652 41.4985 5
    endloop
  endfacet
  facet normal 0.0370064 0.706188 0.707056
    outer loop
      vertex -1.64028 -46.9714 5
      vertex -1.58793 -45.4723 3.5
      vertex -3.26805 -46.8861 5
    endloop
  endfacet
  facet normal -0.445044 0.549559 0.707051
    outer loop
      vertex 28.9361 -37.0365 5
      vertex 30.2028 -36.0107 5
      vertex 28.0126 -35.8545 3.5
    endloop
  endfacet
  facet normal 0.276323 -0.650958 0.707036
    outer loop
      vertex -17.0446 42.1869 3.5
      vertex -17.6065 43.5776 5
      vertex -19.1069 42.9407 5
    endloop
  endfacet
  facet normal -0.183031 -0.683059 0.707057
    outer loop
      vertex 12.5415 43.7374 3.5
      vertex 12.955 45.1793 5
      vertex 11.3805 45.6012 5
    endloop
  endfacet
  facet normal -0.618491 0.342859 0.707047
    outer loop
      vertex 40.1741 -21.361 3.5
      vertex 41.4934 -22.0744 5
      vertex 41.4985 -22.0652 5
    endloop
  endfacet
  facet normal -0.618508 0.342829 0.707048
    outer loop
      vertex 41.4934 -22.0744 5
      vertex 40.1741 -21.361 3.5
      vertex 39.4042 -22.75 3.5
    endloop
  endfacet
  facet normal 0.0123338 0.707046 0.70706
    outer loop
      vertex -1.58793 -45.4723 3.5
      vertex -1.62976 -46.9716 5
      vertex 0 -45.5 3.5
    endloop
  endfacet
  facet normal 0.0134415 0.70702 0.707065
    outer loop
      vertex -1.62976 -46.9716 5
      vertex -1.58793 -45.4723 3.5
      vertex -1.64028 -46.9714 5
    endloop
  endfacet
  facet normal -0.342834 -0.618508 0.707045
    outer loop
      vertex 22.75 39.4042 3.5
      vertex 23.5 40.7032 5
      vertex 22.0744 41.4934 5
    endloop
  endfacet
  facet normal 0.461846 0.535474 0.707083
    outer loop
      vertex -29.2468 -34.855 3.5
      vertex -30.219 -35.9972 5
      vertex -30.211 -36.0041 5
    endloop
  endfacet
  facet normal 0.46392 0.533693 0.707071
    outer loop
      vertex -30.219 -35.9972 5
      vertex -29.2468 -34.855 3.5
      vertex -30.4454 -33.8131 3.5
    endloop
  endfacet
  facet normal 0.463963 0.533683 0.707051
    outer loop
      vertex -30.219 -35.9972 5
      vertex -30.4454 -33.8131 3.5
      vertex -31.4491 -34.9278 5
    endloop
  endfacet
  facet normal -0.533683 -0.463963 0.707051
    outer loop
      vertex 35.9972 30.219 5
      vertex 34.9278 31.4491 5
      vertex 33.8131 30.4454 3.5
    endloop
  endfacet
  facet normal 0.694165 0.134966 0.70705
    outer loop
      vertex -45.9749 -9.76153 5
      vertex -44.8088 -7.90099 3.5
      vertex -46.286 -8.16146 5
    endloop
  endfacet
  facet normal -0.424306 -0.565742 0.707036
    outer loop
      vertex 28.9277 37.0428 5
      vertex 28.0126 35.8545 3.5
      vertex 28.9361 37.0365 5
    endloop
  endfacet
  facet normal -0.425582 -0.564771 0.707045
    outer loop
      vertex 28.0126 35.8545 3.5
      vertex 28.9277 37.0428 5
      vertex 26.7442 36.8103 3.5
    endloop
  endfacet
  facet normal -0.533683 0.463963 0.707051
    outer loop
      vertex 34.9278 -31.4491 5
      vertex 35.9972 -30.219 5
      vertex 33.8131 -30.4454 3.5
    endloop
  endfacet
  facet normal 0.694252 -0.134545 0.707045
    outer loop
      vertex -45.9749 9.76153 5
      vertex -44.5057 9.45998 3.5
      vertex -45.9729 9.77185 5
    endloop
  endfacet
  facet normal 0.694169 -0.134961 0.707047
    outer loop
      vertex -44.5057 9.45998 3.5
      vertex -45.9749 9.76153 5
      vertex -44.8088 7.90099 3.5
    endloop
  endfacet
  facet normal -0.683608 0.180955 0.707061
    outer loop
      vertex 44.1485 -11.0074 3.5
      vertex 45.6012 -11.3805 5
      vertex 45.6039 -11.3703 5
    endloop
  endfacet
  facet normal -0.683062 0.183043 0.707051
    outer loop
      vertex 45.6012 -11.3805 5
      vertex 44.1485 -11.0074 3.5
      vertex 43.7374 -12.5415 3.5
    endloop
  endfacet
  facet normal -0.67625 0.206775 0.707057
    outer loop
      vertex 44.7027 -14.5137 5
      vertex 45.1793 -12.955 5
      vertex 43.7374 -12.5415 3.5
    endloop
  endfacet
  facet normal -0.606152 0.364203 0.707061
    outer loop
      vertex 39.8583 -24.9062 5
      vertex 40.6978 -23.509 5
      vertex 38.5862 -24.1113 3.5
    endloop
  endfacet
  facet normal -0.230195 0.668633 0.707064
    outer loop
      vertex 16.0749 -44.1656 5
      vertex 15.5619 -42.756 3.5
      vertex 14.5337 -44.6962 5
    endloop
  endfacet
  facet normal -0.676284 0.206741 0.707035
    outer loop
      vertex 43.2731 -14.0603 3.5
      vertex 44.7027 -14.5137 5
      vertex 43.7374 -12.5415 3.5
    endloop
  endfacet
  facet normal -0.677945 0.20137 0.706994
    outer loop
      vertex 44.7027 -14.5137 5
      vertex 43.2731 -14.0603 3.5
      vertex 44.6997 -14.5238 5
    endloop
  endfacet
  facet normal -0.683059 0.183031 0.707057
    outer loop
      vertex 45.1793 -12.955 5
      vertex 45.6012 -11.3805 5
      vertex 43.7374 -12.5415 3.5
    endloop
  endfacet
  facet normal 0.579277 0.405607 0.707051
    outer loop
      vertex -38.0238 -27.6259 5
      vertex -36.8103 -26.7442 3.5
      vertex -38.9587 -26.2907 5
    endloop
  endfacet
  facet normal 0.385147 0.593082 0.707047
    outer loop
      vertex -25.4433 -37.7212 3.5
      vertex -26.2732 -38.9705 5
      vertex -24.1113 -38.5862 3.5
    endloop
  endfacet
  facet normal 0.381407 0.59553 0.707017
    outer loop
      vertex -26.2732 -38.9705 5
      vertex -25.4433 -37.7212 3.5
      vertex -26.2821 -38.9648 5
    endloop
  endfacet
  facet normal -0.321037 0.630096 0.707047
    outer loop
      vertex 19.9459 -40.8951 3.5
      vertex 20.6128 -42.2385 5
      vertex 21.361 -40.1741 3.5
    endloop
  endfacet
  facet normal -0.321605 0.62981 0.707043
    outer loop
      vertex 20.6128 -42.2385 5
      vertex 19.9459 -40.8951 3.5
      vertex 20.6034 -42.2433 5
    endloop
  endfacet
  facet normal -0.48226 0.517213 0.707047
    outer loop
      vertex 30.4454 -33.8131 3.5
      vertex 31.4568 -34.9206 5
      vertex 31.607 -32.73 3.5
    endloop
  endfacet
  facet normal -0.482994 0.516535 0.707042
    outer loop
      vertex 31.4568 -34.9206 5
      vertex 30.4454 -33.8131 3.5
      vertex 31.4491 -34.9278 5
    endloop
  endfacet
  facet normal 0.425587 0.56476 0.707051
    outer loop
      vertex -27.6259 -38.0238 5
      vertex -26.7442 -36.8103 3.5
      vertex -28.9277 -37.0428 5
    endloop
  endfacet
  facet normal -0.385161 0.593056 0.707061
    outer loop
      vertex 24.9062 -39.8583 5
      vertex 26.2732 -38.9705 5
      vertex 24.1113 -38.5862 3.5
    endloop
  endfacet
  facet normal 0.0370018 -0.706191 0.707054
    outer loop
      vertex -3.26805 46.8861 5
      vertex -3.17392 45.3892 3.5
      vertex -1.58793 45.4723 3.5
    endloop
  endfacet
  facet normal 0.0403426 -0.705995 0.707067
    outer loop
      vertex -3.17392 45.3892 3.5
      vertex -3.26805 46.8861 5
      vertex -3.27855 46.8855 5
    endloop
  endfacet
  facet normal -0.275325 0.651378 0.707039
    outer loop
      vertex 18.5065 -41.5663 3.5
      vertex 19.1069 -42.9407 5
      vertex 19.1166 -42.9366 5
    endloop
  endfacet
  facet normal -0.276336 0.650943 0.707045
    outer loop
      vertex 19.1069 -42.9407 5
      vertex 18.5065 -41.5663 3.5
      vertex 17.0446 -42.1869 3.5
    endloop
  endfacet
  facet normal 0.385161 0.593056 0.707061
    outer loop
      vertex -24.9062 -39.8583 5
      vertex -24.1113 -38.5862 3.5
      vertex -26.2732 -38.9705 5
    endloop
  endfacet
  facet normal 0.593082 0.385147 0.707047
    outer loop
      vertex -38.9705 -26.2732 5
      vertex -37.7212 -25.4433 3.5
      vertex -38.5862 -24.1113 3.5
    endloop
  endfacet
  facet normal 0.59553 0.381407 0.707017
    outer loop
      vertex -37.7212 -25.4433 3.5
      vertex -38.9705 -26.2732 5
      vertex -38.9648 -26.2821 5
    endloop
  endfacet
  facet normal -0.381407 -0.59553 0.707017
    outer loop
      vertex 26.2732 38.9705 5
      vertex 25.4433 37.7212 3.5
      vertex 26.2821 38.9648 5
    endloop
  endfacet
  facet normal -0.385147 -0.593082 0.707047
    outer loop
      vertex 25.4433 37.7212 3.5
      vertex 26.2732 38.9705 5
      vertex 24.1113 38.5862 3.5
    endloop
  endfacet
  facet normal 0.159055 0.68904 0.707054
    outer loop
      vertex -11.0074 -44.1485 3.5
      vertex -11.3601 -45.6063 5
      vertex -9.45998 -44.5057 3.5
    endloop
  endfacet
  facet normal 0.161964 0.688349 0.707067
    outer loop
      vertex -11.3601 -45.6063 5
      vertex -11.0074 -44.1485 3.5
      vertex -11.3703 -45.6039 5
    endloop
  endfacet
  facet normal 0.180955 0.683608 0.707061
    outer loop
      vertex -11.0074 -44.1485 3.5
      vertex -11.3805 -45.6012 5
      vertex -11.3703 -45.6039 5
    endloop
  endfacet
  facet normal 0.183043 0.683062 0.707051
    outer loop
      vertex -11.3805 -45.6012 5
      vertex -11.0074 -44.1485 3.5
      vertex -12.5415 -43.7374 3.5
    endloop
  endfacet
  facet normal -0.302714 0.639063 0.70708
    outer loop
      vertex 19.9459 -40.8951 3.5
      vertex 20.5939 -42.2478 5
      vertex 20.6034 -42.2433 5
    endloop
  endfacet
  facet normal -0.298853 0.640896 0.707064
    outer loop
      vertex 20.5939 -42.2478 5
      vertex 19.9459 -40.8951 3.5
      vertex 18.5065 -41.5663 3.5
    endloop
  endfacet
  facet normal 0.517213 -0.48226 0.707047
    outer loop
      vertex -34.9206 31.4568 5
      vertex -33.8131 30.4454 3.5
      vertex -32.73 31.607 3.5
    endloop
  endfacet
  facet normal 0.516535 -0.482994 0.707042
    outer loop
      vertex -33.8131 30.4454 3.5
      vertex -34.9206 31.4568 5
      vertex -34.9278 31.4491 5
    endloop
  endfacet
  facet normal 0.677945 -0.20137 0.706994
    outer loop
      vertex -44.7027 14.5137 5
      vertex -43.2731 14.0603 3.5
      vertex -44.6997 14.5238 5
    endloop
  endfacet
  facet normal 0.676284 -0.206741 0.707035
    outer loop
      vertex -43.2731 14.0603 3.5
      vertex -44.7027 14.5137 5
      vertex -43.7374 12.5415 3.5
    endloop
  endfacet
  facet normal 0.701889 0.0861587 0.707057
    outer loop
      vertex -46.5439 -6.5307 5
      vertex -45.0572 -6.33238 3.5
      vertex -45.2507 -4.75604 3.5
    endloop
  endfacet
  facet normal 0.701732 0.0873804 0.707062
    outer loop
      vertex -45.0572 -6.33238 3.5
      vertex -46.5439 -6.5307 5
      vertex -46.5426 -6.54114 5
    endloop
  endfacet
  facet normal -0.0616478 0.704464 0.707057
    outer loop
      vertex 4.91284 -46.7425 5
      vertex 4.75604 -45.2507 3.5
      vertex 3.28903 -46.8846 5
    endloop
  endfacet
  facet normal -0.535474 -0.461846 0.707083
    outer loop
      vertex 35.9972 30.219 5
      vertex 34.855 29.2468 3.5
      vertex 36.0041 30.211 5
    endloop
  endfacet
  facet normal -0.533693 -0.46392 0.707071
    outer loop
      vertex 34.855 29.2468 3.5
      vertex 35.9972 30.219 5
      vertex 33.8131 30.4454 3.5
    endloop
  endfacet
  facet normal 0.694165 -0.134966 0.70705
    outer loop
      vertex -44.8088 7.90099 3.5
      vertex -45.9749 9.76153 5
      vertex -46.286 8.16146 5
    endloop
  endfacet
  facet normal 0.640922 -0.298834 0.707049
    outer loop
      vertex -41.5663 18.5065 3.5
      vertex -42.2478 20.5939 5
      vertex -42.9366 19.1166 5
    endloop
  endfacet
  facet normal -0.576825 0.409143 0.707019
    outer loop
      vertex 37.7212 -25.4433 3.5
      vertex 38.9587 -26.2907 5
      vertex 38.9648 -26.2821 5
    endloop
  endfacet
  facet normal -0.579276 0.405614 0.707048
    outer loop
      vertex 38.9587 -26.2907 5
      vertex 37.7212 -25.4433 3.5
      vertex 36.8103 -26.7442 3.5
    endloop
  endfacet
  facet normal 0.59553 -0.381407 0.707017
    outer loop
      vertex -38.9705 26.2732 5
      vertex -37.7212 25.4433 3.5
      vertex -38.9648 26.2821 5
    endloop
  endfacet
  facet normal 0.593082 -0.385147 0.707047
    outer loop
      vertex -37.7212 25.4433 3.5
      vertex -38.9705 26.2732 5
      vertex -38.5862 24.1113 3.5
    endloop
  endfacet
  facet normal -0.704464 -0.0616478 0.707057
    outer loop
      vertex 46.8846 3.28903 5
      vertex 46.7425 4.91284 5
      vertex 45.2507 4.75604 3.5
    endloop
  endfacet
  facet normal -0.482281 -0.517207 0.707037
    outer loop
      vertex 31.607 32.73 3.5
      vertex 32.6489 33.809 5
      vertex 31.4568 34.9206 5
    endloop
  endfacet
  facet normal 0.110629 -0.698456 0.70705
    outer loop
      vertex -7.90099 44.8088 3.5
      vertex -6.55152 46.541 5
      vertex -8.16146 46.286 5
    endloop
  endfacet
  facet normal -0.253458 -0.660197 0.707036
    outer loop
      vertex 17.0446 42.1869 3.5
      vertex 17.6065 43.5776 5
      vertex 16.0848 44.1618 5
    endloop
  endfacet
  facet normal -0.0616478 -0.704464 0.707057
    outer loop
      vertex 4.75604 45.2507 3.5
      vertex 4.91284 46.7425 5
      vertex 3.28903 46.8846 5
    endloop
  endfacet
  facet normal 0.342834 0.618508 0.707045
    outer loop
      vertex -22.0744 -41.4934 5
      vertex -22.75 -39.4042 3.5
      vertex -23.5 -40.7032 5
    endloop
  endfacet
  facet normal 0.253405 -0.660187 0.707064
    outer loop
      vertex -16.0848 44.1618 5
      vertex -15.5619 42.756 3.5
      vertex -16.0749 44.1656 5
    endloop
  endfacet
  facet normal 0.253398 -0.660189 0.707064
    outer loop
      vertex -15.5619 42.756 3.5
      vertex -16.0848 44.1618 5
      vertex -17.0446 42.1869 3.5
    endloop
  endfacet
  facet normal 0.640896 0.298853 0.707064
    outer loop
      vertex -42.2478 -20.5939 5
      vertex -40.8951 -19.9459 3.5
      vertex -41.5663 -18.5065 3.5
    endloop
  endfacet
  facet normal 0.639063 0.302714 0.70708
    outer loop
      vertex -40.8951 -19.9459 3.5
      vertex -42.2478 -20.5939 5
      vertex -42.2433 -20.6034 5
    endloop
  endfacet
  facet normal -0.321035 -0.630096 0.707048
    outer loop
      vertex 21.361 40.1741 3.5
      vertex 22.0652 41.4985 5
      vertex 20.6128 42.2385 5
    endloop
  endfacet
  facet normal -0.342829 0.618508 0.707048
    outer loop
      vertex 21.361 -40.1741 3.5
      vertex 22.0744 -41.4934 5
      vertex 22.75 -39.4042 3.5
    endloop
  endfacet
  facet normal -0.342859 0.618491 0.707047
    outer loop
      vertex 22.0744 -41.4934 5
      vertex 21.361 -40.1741 3.5
      vertex 22.0652 -41.4985 5
    endloop
  endfacet
  facet normal -0.640922 0.298834 0.707049
    outer loop
      vertex 42.2478 -20.5939 5
      vertex 42.9366 -19.1166 5
      vertex 41.5663 -18.5065 3.5
    endloop
  endfacet
  facet normal 0.704474 0.0616702 0.707046
    outer loop
      vertex -45.3892 -3.17392 3.5
      vertex -46.8846 -3.28903 5
      vertex -45.2507 -4.75604 3.5
    endloop
  endfacet
  facet normal 0.704569 0.0605069 0.707051
    outer loop
      vertex -46.8846 -3.28903 5
      vertex -45.3892 -3.17392 3.5
      vertex -46.8855 -3.27855 5
    endloop
  endfacet
  facet normal 0.706191 0.0370018 0.707054
    outer loop
      vertex -46.8861 -3.26805 5
      vertex -45.3892 -3.17392 3.5
      vertex -45.4723 -1.58793 3.5
    endloop
  endfacet
  facet normal 0.705995 0.0403426 0.707067
    outer loop
      vertex -45.3892 -3.17392 3.5
      vertex -46.8861 -3.26805 5
      vertex -46.8855 -3.27855 5
    endloop
  endfacet
  facet normal 0.630096 -0.321037 0.707047
    outer loop
      vertex -42.2385 20.6128 5
      vertex -40.8951 19.9459 3.5
      vertex -40.1741 21.361 3.5
    endloop
  endfacet
  facet normal 0.62981 -0.321605 0.707043
    outer loop
      vertex -40.8951 19.9459 3.5
      vertex -42.2385 20.6128 5
      vertex -42.2433 20.6034 5
    endloop
  endfacet
  facet normal 0.660197 0.253458 0.707036
    outer loop
      vertex -43.5776 -17.6065 5
      vertex -42.1869 -17.0446 3.5
      vertex -44.1618 -16.0848 5
    endloop
  endfacet
  facet normal 0.107728 -0.698885 0.707075
    outer loop
      vertex -6.55152 46.541 5
      vertex -6.33238 45.0572 3.5
      vertex -6.54114 46.5426 5
    endloop
  endfacet
  facet normal 0.110604 -0.698448 0.707063
    outer loop
      vertex -6.33238 45.0572 3.5
      vertex -6.55152 46.541 5
      vertex -7.90099 44.8088 3.5
    endloop
  endfacet
  facet normal 0.364203 -0.606152 0.707061
    outer loop
      vertex -24.1113 38.5862 3.5
      vertex -23.509 40.6978 5
      vertex -24.9062 39.8583 5
    endloop
  endfacet
  facet normal 0.012321 -0.707053 0.707053
    outer loop
      vertex 0 45.5 3.5
      vertex 0 47 5
      vertex -1.62976 46.9716 5
    endloop
  endfacet
  facet normal 0.606152 -0.364203 0.707061
    outer loop
      vertex -38.5862 24.1113 3.5
      vertex -39.8583 24.9062 5
      vertex -40.6978 23.509 5
    endloop
  endfacet
  facet normal 0.0616478 0.704464 0.707057
    outer loop
      vertex -3.28903 -46.8846 5
      vertex -4.75604 -45.2507 3.5
      vertex -4.91284 -46.7425 5
    endloop
  endfacet
  facet normal 0.0616478 -0.704464 0.707057
    outer loop
      vertex -4.75604 45.2507 3.5
      vertex -3.28903 46.8846 5
      vertex -4.91284 46.7425 5
    endloop
  endfacet
  facet normal 0.134966 -0.694165 0.70705
    outer loop
      vertex -7.90099 44.8088 3.5
      vertex -8.16146 46.286 5
      vertex -9.76153 45.9749 5
    endloop
  endfacet
  facet normal 0.660197 -0.253458 0.707036
    outer loop
      vertex -42.1869 17.0446 3.5
      vertex -43.5776 17.6065 5
      vertex -44.1618 16.0848 5
    endloop
  endfacet
  facet normal 0.688349 -0.161964 0.707067
    outer loop
      vertex -45.6063 11.3601 5
      vertex -44.1485 11.0074 3.5
      vertex -45.6039 11.3703 5
    endloop
  endfacet
  facet normal 0.68904 -0.159055 0.707054
    outer loop
      vertex -44.1485 11.0074 3.5
      vertex -45.6063 11.3601 5
      vertex -44.5057 9.45998 3.5
    endloop
  endfacet
  facet normal 0.50005 0.50005 0.707037
    outer loop
      vertex -32.73 -31.607 3.5
      vertex -32.6489 -33.809 5
      vertex -31.607 -32.73 3.5
    endloop
  endfacet
  facet normal 0.50005 0.50005 0.707037
    outer loop
      vertex -32.6489 -33.809 5
      vertex -32.73 -31.607 3.5
      vertex -33.809 -32.6489 5
    endloop
  endfacet
  facet normal 0.298834 0.640922 0.707049
    outer loop
      vertex -19.1166 -42.9366 5
      vertex -18.5065 -41.5663 3.5
      vertex -20.5939 -42.2478 5
    endloop
  endfacet
  facet normal -0.363833 -0.606389 0.707049
    outer loop
      vertex 22.75 39.4042 3.5
      vertex 23.509 40.6978 5
      vertex 23.5 40.7032 5
    endloop
  endfacet
  facet normal -0.364234 -0.606151 0.707047
    outer loop
      vertex 23.509 40.6978 5
      vertex 22.75 39.4042 3.5
      vertex 24.1113 38.5862 3.5
    endloop
  endfacet
  facet normal -0.606389 -0.363833 0.707049
    outer loop
      vertex 40.6978 23.509 5
      vertex 39.4042 22.75 3.5
      vertex 40.7032 23.5 5
    endloop
  endfacet
  facet normal -0.606151 -0.364234 0.707047
    outer loop
      vertex 39.4042 22.75 3.5
      vertex 40.6978 23.509 5
      vertex 38.5862 24.1113 3.5
    endloop
  endfacet
  facet normal 0.70702 -0.0134415 0.707065
    outer loop
      vertex -46.9716 1.62976 5
      vertex -45.4723 1.58793 3.5
      vertex -46.9714 1.64028 5
    endloop
  endfacet
  facet normal 0.707046 -0.0123338 0.70706
    outer loop
      vertex -45.4723 1.58793 3.5
      vertex -46.9716 1.62976 5
      vertex -45.5 0 3.5
    endloop
  endfacet
  facet normal -0.302714 -0.639063 0.70708
    outer loop
      vertex 20.5939 42.2478 5
      vertex 19.9459 40.8951 3.5
      vertex 20.6034 42.2433 5
    endloop
  endfacet
  facet normal -0.298853 -0.640896 0.707064
    outer loop
      vertex 19.9459 40.8951 3.5
      vertex 20.5939 42.2478 5
      vertex 18.5065 41.5663 3.5
    endloop
  endfacet
  facet normal -0.0403426 -0.705995 0.707067
    outer loop
      vertex 3.26805 46.8861 5
      vertex 3.17392 45.3892 3.5
      vertex 3.27855 46.8855 5
    endloop
  endfacet
  facet normal -0.0370018 -0.706191 0.707054
    outer loop
      vertex 3.17392 45.3892 3.5
      vertex 3.26805 46.8861 5
      vertex 1.58793 45.4723 3.5
    endloop
  endfacet
  facet normal 0.706188 -0.0370064 0.707056
    outer loop
      vertex -45.4723 1.58793 3.5
      vertex -46.8861 3.26805 5
      vertex -46.9714 1.64028 5
    endloop
  endfacet
  facet normal 0.705995 -0.0403426 0.707067
    outer loop
      vertex -46.8861 3.26805 5
      vertex -45.3892 3.17392 3.5
      vertex -46.8855 3.27855 5
    endloop
  endfacet
  facet normal 0.706191 -0.0370018 0.707054
    outer loop
      vertex -45.3892 3.17392 3.5
      vertex -46.8861 3.26805 5
      vertex -45.4723 1.58793 3.5
    endloop
  endfacet
  facet normal 0.134961 0.694169 0.707047
    outer loop
      vertex -9.45998 -44.5057 3.5
      vertex -9.76153 -45.9749 5
      vertex -7.90099 -44.8088 3.5
    endloop
  endfacet
  facet normal 0.134545 0.694252 0.707045
    outer loop
      vertex -9.76153 -45.9749 5
      vertex -9.45998 -44.5057 3.5
      vertex -9.77185 -45.9729 5
    endloop
  endfacet
  facet normal -0.660197 -0.253458 0.707036
    outer loop
      vertex 44.1618 16.0848 5
      vertex 43.5776 17.6065 5
      vertex 42.1869 17.0446 3.5
    endloop
  endfacet
  facet normal 0.640922 0.298834 0.707049
    outer loop
      vertex -42.2478 -20.5939 5
      vertex -41.5663 -18.5065 3.5
      vertex -42.9366 -19.1166 5
    endloop
  endfacet
  facet normal 0.298834 -0.640922 0.707049
    outer loop
      vertex -18.5065 41.5663 3.5
      vertex -19.1166 42.9366 5
      vertex -20.5939 42.2478 5
    endloop
  endfacet
  facet normal -0.688349 -0.161964 0.707067
    outer loop
      vertex 44.1485 11.0074 3.5
      vertex 45.6063 11.3601 5
      vertex 45.6039 11.3703 5
    endloop
  endfacet
  facet normal -0.68904 -0.159055 0.707054
    outer loop
      vertex 45.6063 11.3601 5
      vertex 44.1485 11.0074 3.5
      vertex 44.5057 9.45998 3.5
    endloop
  endfacet
  facet normal 0.298853 0.640896 0.707064
    outer loop
      vertex -19.9459 -40.8951 3.5
      vertex -20.5939 -42.2478 5
      vertex -18.5065 -41.5663 3.5
    endloop
  endfacet
  facet normal 0.302714 0.639063 0.70708
    outer loop
      vertex -20.5939 -42.2478 5
      vertex -19.9459 -40.8951 3.5
      vertex -20.6034 -42.2433 5
    endloop
  endfacet
  facet normal 0.206741 -0.676284 0.707035
    outer loop
      vertex -14.5137 44.7027 5
      vertex -14.0603 43.2731 3.5
      vertex -12.5415 43.7374 3.5
    endloop
  endfacet
  facet normal 0.20137 -0.677945 0.706994
    outer loop
      vertex -14.0603 43.2731 3.5
      vertex -14.5137 44.7027 5
      vertex -14.5238 44.6997 5
    endloop
  endfacet
  facet normal -0.650943 0.276336 0.707045
    outer loop
      vertex 41.5663 -18.5065 3.5
      vertex 42.9407 -19.1069 5
      vertex 42.1869 -17.0446 3.5
    endloop
  endfacet
  facet normal -0.651378 0.275325 0.707039
    outer loop
      vertex 42.9407 -19.1069 5
      vertex 41.5663 -18.5065 3.5
      vertex 42.9366 -19.1166 5
    endloop
  endfacet
  facet normal 0.321605 -0.62981 0.707043
    outer loop
      vertex -20.6128 42.2385 5
      vertex -19.9459 40.8951 3.5
      vertex -20.6034 42.2433 5
    endloop
  endfacet
  facet normal 0.321037 -0.630096 0.707047
    outer loop
      vertex -19.9459 40.8951 3.5
      vertex -20.6128 42.2385 5
      vertex -21.361 40.1741 3.5
    endloop
  endfacet
  facet normal 0.0861587 0.701889 0.707057
    outer loop
      vertex -6.33238 -45.0572 3.5
      vertex -6.5307 -46.5439 5
      vertex -4.75604 -45.2507 3.5
    endloop
  endfacet
  facet normal 0.0873804 0.701732 0.707062
    outer loop
      vertex -6.5307 -46.5439 5
      vertex -6.33238 -45.0572 3.5
      vertex -6.54114 -46.5426 5
    endloop
  endfacet
  facet normal 0.482994 -0.516535 0.707042
    outer loop
      vertex -31.4568 34.9206 5
      vertex -30.4454 33.8131 3.5
      vertex -31.4491 34.9278 5
    endloop
  endfacet
  facet normal 0.48226 -0.517213 0.707047
    outer loop
      vertex -30.4454 33.8131 3.5
      vertex -31.4568 34.9206 5
      vertex -31.607 32.73 3.5
    endloop
  endfacet
  facet normal 0.276336 0.650943 0.707045
    outer loop
      vertex -18.5065 -41.5663 3.5
      vertex -19.1069 -42.9407 5
      vertex -17.0446 -42.1869 3.5
    endloop
  endfacet
  facet normal 0.275325 0.651378 0.707039
    outer loop
      vertex -19.1069 -42.9407 5
      vertex -18.5065 -41.5663 3.5
      vertex -19.1166 -42.9366 5
    endloop
  endfacet
  facet normal 0.206775 -0.67625 0.707057
    outer loop
      vertex -12.5415 43.7374 3.5
      vertex -12.955 45.1793 5
      vertex -14.5137 44.7027 5
    endloop
  endfacet
  facet normal 0.445047 0.549552 0.707055
    outer loop
      vertex -29.2468 -34.855 3.5
      vertex -30.2028 -36.0107 5
      vertex -28.0126 -35.8545 3.5
    endloop
  endfacet
  facet normal 0.443403 0.550895 0.707042
    outer loop
      vertex -30.2028 -36.0107 5
      vertex -29.2468 -34.855 3.5
      vertex -30.211 -36.0041 5
    endloop
  endfacet
  facet normal -0.639063 -0.302714 0.70708
    outer loop
      vertex 40.8951 19.9459 3.5
      vertex 42.2478 20.5939 5
      vertex 42.2433 20.6034 5
    endloop
  endfacet
  facet normal -0.640896 -0.298853 0.707064
    outer loop
      vertex 42.2478 20.5939 5
      vertex 40.8951 19.9459 3.5
      vertex 41.5663 18.5065 3.5
    endloop
  endfacet
  facet normal -0.425587 0.56476 0.707051
    outer loop
      vertex 27.6259 -38.0238 5
      vertex 28.9277 -37.0428 5
      vertex 26.7442 -36.8103 3.5
    endloop
  endfacet
  facet normal 0.683059 0.183031 0.707057
    outer loop
      vertex -45.1793 -12.955 5
      vertex -43.7374 -12.5415 3.5
      vertex -45.6012 -11.3805 5
    endloop
  endfacet
  facet normal 0.550895 -0.443403 0.707042
    outer loop
      vertex -36.0107 30.2028 5
      vertex -34.855 29.2468 3.5
      vertex -36.0041 30.211 5
    endloop
  endfacet
  facet normal 0.549552 -0.445047 0.707055
    outer loop
      vertex -34.855 29.2468 3.5
      vertex -36.0107 30.2028 5
      vertex -35.8545 28.0126 3.5
    endloop
  endfacet
  facet normal -0.593082 0.385147 0.707047
    outer loop
      vertex 37.7212 -25.4433 3.5
      vertex 38.9705 -26.2732 5
      vertex 38.5862 -24.1113 3.5
    endloop
  endfacet
  facet normal -0.59553 0.381407 0.707017
    outer loop
      vertex 38.9705 -26.2732 5
      vertex 37.7212 -25.4433 3.5
      vertex 38.9648 -26.2821 5
    endloop
  endfacet
  facet normal -0.206775 -0.67625 0.707057
    outer loop
      vertex 14.5137 44.7027 5
      vertex 12.955 45.1793 5
      vertex 12.5415 43.7374 3.5
    endloop
  endfacet
  facet normal 0.425587 -0.56476 0.707051
    outer loop
      vertex -26.7442 36.8103 3.5
      vertex -27.6259 38.0238 5
      vertex -28.9277 37.0428 5
    endloop
  endfacet
  facet normal -0.276323 0.650958 0.707036
    outer loop
      vertex 17.6065 -43.5776 5
      vertex 19.1069 -42.9407 5
      vertex 17.0446 -42.1869 3.5
    endloop
  endfacet
  facet normal -0.443403 -0.550895 0.707042
    outer loop
      vertex 30.2028 36.0107 5
      vertex 29.2468 34.855 3.5
      vertex 30.211 36.0041 5
    endloop
  endfacet
  facet normal -0.445047 -0.549552 0.707055
    outer loop
      vertex 29.2468 34.855 3.5
      vertex 30.2028 36.0107 5
      vertex 28.0126 35.8545 3.5
    endloop
  endfacet
  facet normal -0.0873804 -0.701732 0.707062
    outer loop
      vertex 6.5307 46.5439 5
      vertex 6.33238 45.0572 3.5
      vertex 6.54114 46.5426 5
    endloop
  endfacet
  facet normal -0.0861587 -0.701889 0.707057
    outer loop
      vertex 6.33238 45.0572 3.5
      vertex 6.5307 46.5439 5
      vertex 4.75604 45.2507 3.5
    endloop
  endfacet
  facet normal -0.230258 0.668644 0.707034
    outer loop
      vertex 14.0603 -43.2731 3.5
      vertex 14.5337 -44.6962 5
      vertex 15.5619 -42.756 3.5
    endloop
  endfacet
  facet normal -0.23573 0.666779 0.706992
    outer loop
      vertex 14.5337 -44.6962 5
      vertex 14.0603 -43.2731 3.5
      vertex 14.5238 -44.6997 5
    endloop
  endfacet
  facet normal 0.276323 0.650958 0.707036
    outer loop
      vertex -17.6065 -43.5776 5
      vertex -17.0446 -42.1869 3.5
      vertex -19.1069 -42.9407 5
    endloop
  endfacet
  facet normal 0.107728 0.698885 0.707075
    outer loop
      vertex -6.33238 -45.0572 3.5
      vertex -6.55152 -46.541 5
      vertex -6.54114 -46.5426 5
    endloop
  endfacet
  facet normal 0.110604 0.698448 0.707063
    outer loop
      vertex -6.55152 -46.541 5
      vertex -6.33238 -45.0572 3.5
      vertex -7.90099 -44.8088 3.5
    endloop
  endfacet
  facet normal 0.549559 0.445044 0.707051
    outer loop
      vertex -36.0107 -30.2028 5
      vertex -35.8545 -28.0126 3.5
      vertex -37.0365 -28.9361 5
    endloop
  endfacet
  facet normal -0.20137 -0.677945 0.706994
    outer loop
      vertex 14.5137 44.7027 5
      vertex 14.0603 43.2731 3.5
      vertex 14.5238 44.6997 5
    endloop
  endfacet
  facet normal -0.206741 -0.676284 0.707035
    outer loop
      vertex 14.0603 43.2731 3.5
      vertex 14.5137 44.7027 5
      vertex 12.5415 43.7374 3.5
    endloop
  endfacet
  facet normal 0.565742 -0.424306 0.707036
    outer loop
      vertex -37.0428 28.9277 5
      vertex -35.8545 28.0126 3.5
      vertex -37.0365 28.9361 5
    endloop
  endfacet
  facet normal 0.564771 -0.425582 0.707045
    outer loop
      vertex -35.8545 28.0126 3.5
      vertex -37.0428 28.9277 5
      vertex -36.8103 26.7442 3.5
    endloop
  endfacet
  facet normal 0.385147 -0.593082 0.707047
    outer loop
      vertex -26.2732 38.9705 5
      vertex -25.4433 37.7212 3.5
      vertex -24.1113 38.5862 3.5
    endloop
  endfacet
  facet normal 0.381407 -0.59553 0.707017
    outer loop
      vertex -25.4433 37.7212 3.5
      vertex -26.2732 38.9705 5
      vertex -26.2821 38.9648 5
    endloop
  endfacet
  facet normal -0.630096 -0.321035 0.707048
    outer loop
      vertex 42.2385 20.6128 5
      vertex 41.4985 22.0652 5
      vertex 40.1741 21.361 3.5
    endloop
  endfacet
  facet normal -0.516535 -0.482994 0.707042
    outer loop
      vertex 34.9206 31.4568 5
      vertex 33.8131 30.4454 3.5
      vertex 34.9278 31.4491 5
    endloop
  endfacet
  facet normal -0.517213 -0.48226 0.707047
    outer loop
      vertex 33.8131 30.4454 3.5
      vertex 34.9206 31.4568 5
      vertex 32.73 31.607 3.5
    endloop
  endfacet
  facet normal 0.276336 -0.650943 0.707045
    outer loop
      vertex -19.1069 42.9407 5
      vertex -18.5065 41.5663 3.5
      vertex -17.0446 42.1869 3.5
    endloop
  endfacet
  facet normal 0.275325 -0.651378 0.707039
    outer loop
      vertex -18.5065 41.5663 3.5
      vertex -19.1069 42.9407 5
      vertex -19.1166 42.9366 5
    endloop
  endfacet
  facet normal -0.618508 -0.342834 0.707045
    outer loop
      vertex 41.4934 22.0744 5
      vertex 40.7032 23.5 5
      vertex 39.4042 22.75 3.5
    endloop
  endfacet
  facet normal -0.159046 -0.689048 0.707048
    outer loop
      vertex 11.3601 45.6063 5
      vertex 9.77185 45.9729 5
      vertex 9.45998 44.5057 3.5
    endloop
  endfacet
  facet normal -0.59553 -0.381407 0.707017
    outer loop
      vertex 37.7212 25.4433 3.5
      vertex 38.9705 26.2732 5
      vertex 38.9648 26.2821 5
    endloop
  endfacet
  facet normal -0.593082 -0.385147 0.707047
    outer loop
      vertex 38.9705 26.2732 5
      vertex 37.7212 25.4433 3.5
      vertex 38.5862 24.1113 3.5
    endloop
  endfacet
  facet normal 0.409143 -0.576825 0.707019
    outer loop
      vertex -26.2907 38.9587 5
      vertex -25.4433 37.7212 3.5
      vertex -26.2821 38.9648 5
    endloop
  endfacet
  facet normal 0.405614 -0.579276 0.707048
    outer loop
      vertex -25.4433 37.7212 3.5
      vertex -26.2907 38.9587 5
      vertex -26.7442 36.8103 3.5
    endloop
  endfacet
  facet normal 0.689048 -0.159046 0.707048
    outer loop
      vertex -44.5057 9.45998 3.5
      vertex -45.6063 11.3601 5
      vertex -45.9729 9.77185 5
    endloop
  endfacet
  facet normal 0.701732 -0.0873804 0.707062
    outer loop
      vertex -46.5439 6.5307 5
      vertex -45.0572 6.33238 3.5
      vertex -46.5426 6.54114 5
    endloop
  endfacet
  facet normal 0.701889 -0.0861587 0.707057
    outer loop
      vertex -45.0572 6.33238 3.5
      vertex -46.5439 6.5307 5
      vertex -45.2507 4.75604 3.5
    endloop
  endfacet
  facet normal -0.385161 -0.593056 0.707061
    outer loop
      vertex 26.2732 38.9705 5
      vertex 24.9062 39.8583 5
      vertex 24.1113 38.5862 3.5
    endloop
  endfacet
  facet normal -0.364203 -0.606152 0.707061
    outer loop
      vertex 24.1113 38.5862 3.5
      vertex 24.9062 39.8583 5
      vertex 23.509 40.6978 5
    endloop
  endfacet
  facet normal 0.593056 0.385161 0.707061
    outer loop
      vertex -38.9705 -26.2732 5
      vertex -38.5862 -24.1113 3.5
      vertex -39.8583 -24.9062 5
    endloop
  endfacet
  facet normal 0.650958 0.276323 0.707036
    outer loop
      vertex -42.9407 -19.1069 5
      vertex -42.1869 -17.0446 3.5
      vertex -43.5776 -17.6065 5
    endloop
  endfacet
  facet normal 0.668633 0.230195 0.707064
    outer loop
      vertex -44.1656 -16.0749 5
      vertex -42.756 -15.5619 3.5
      vertex -44.6962 -14.5337 5
    endloop
  endfacet
  facet normal 0.668644 0.230258 0.707034
    outer loop
      vertex -43.2731 -14.0603 3.5
      vertex -44.6962 -14.5337 5
      vertex -42.756 -15.5619 3.5
    endloop
  endfacet
  facet normal 0.666779 0.23573 0.706992
    outer loop
      vertex -44.6962 -14.5337 5
      vertex -43.2731 -14.0603 3.5
      vertex -44.6997 -14.5238 5
    endloop
  endfacet
  facet normal 0.517213 0.48226 0.707047
    outer loop
      vertex -33.8131 -30.4454 3.5
      vertex -34.9206 -31.4568 5
      vertex -32.73 -31.607 3.5
    endloop
  endfacet
  facet normal 0.516535 0.482994 0.707042
    outer loop
      vertex -34.9206 -31.4568 5
      vertex -33.8131 -30.4454 3.5
      vertex -34.9278 -31.4491 5
    endloop
  endfacet
  facet normal -0.0861601 -0.701888 0.707057
    outer loop
      vertex 6.5307 46.5439 5
      vertex 4.91284 46.7425 5
      vertex 4.75604 45.2507 3.5
    endloop
  endfacet
  facet normal 0.385161 -0.593056 0.707061
    outer loop
      vertex -24.1113 38.5862 3.5
      vertex -24.9062 39.8583 5
      vertex -26.2732 38.9705 5
    endloop
  endfacet
  facet normal -0.0134415 -0.70702 0.707065
    outer loop
      vertex 1.62976 46.9716 5
      vertex 1.58793 45.4723 3.5
      vertex 1.64028 46.9714 5
    endloop
  endfacet
  facet normal -0.0123338 -0.707046 0.70706
    outer loop
      vertex 1.58793 45.4723 3.5
      vertex 1.62976 46.9716 5
      vertex 0 45.5 3.5
    endloop
  endfacet
  facet normal 0.445047 -0.549552 0.707055
    outer loop
      vertex -30.2028 36.0107 5
      vertex -29.2468 34.855 3.5
      vertex -28.0126 35.8545 3.5
    endloop
  endfacet
  facet normal 0.443403 -0.550895 0.707042
    outer loop
      vertex -29.2468 34.855 3.5
      vertex -30.2028 36.0107 5
      vertex -30.211 36.0041 5
    endloop
  endfacet
  facet normal 0.517207 -0.482281 0.707037
    outer loop
      vertex -32.73 31.607 3.5
      vertex -33.809 32.6489 5
      vertex -34.9206 31.4568 5
    endloop
  endfacet
  facet normal 0.253458 0.660197 0.707036
    outer loop
      vertex -16.0848 -44.1618 5
      vertex -17.0446 -42.1869 3.5
      vertex -17.6065 -43.5776 5
    endloop
  endfacet
  facet normal 0.482281 -0.517207 0.707037
    outer loop
      vertex -31.607 32.73 3.5
      vertex -31.4568 34.9206 5
      vertex -32.6489 33.809 5
    endloop
  endfacet
  facet normal 0.579276 0.405614 0.707048
    outer loop
      vertex -37.7212 -25.4433 3.5
      vertex -38.9587 -26.2907 5
      vertex -36.8103 -26.7442 3.5
    endloop
  endfacet
  facet normal 0.576825 0.409143 0.707019
    outer loop
      vertex -38.9587 -26.2907 5
      vertex -37.7212 -25.4433 3.5
      vertex -38.9648 -26.2821 5
    endloop
  endfacet
  facet normal -0.405607 -0.579277 0.707051
    outer loop
      vertex 26.7442 36.8103 3.5
      vertex 27.6259 38.0238 5
      vertex 26.2907 38.9587 5
    endloop
  endfacet
  facet normal -0.640922 -0.298834 0.707049
    outer loop
      vertex 42.9366 19.1166 5
      vertex 42.2478 20.5939 5
      vertex 41.5663 18.5065 3.5
    endloop
  endfacet
  facet normal -0.50005 -0.50005 0.707037
    outer loop
      vertex 32.6489 33.809 5
      vertex 32.73 31.607 3.5
      vertex 33.809 32.6489 5
    endloop
  endfacet
  facet normal -0.50005 -0.50005 0.707037
    outer loop
      vertex 32.73 31.607 3.5
      vertex 32.6489 33.809 5
      vertex 31.607 32.73 3.5
    endloop
  endfacet
  facet normal -0.206775 0.67625 0.707057
    outer loop
      vertex 12.955 -45.1793 5
      vertex 14.5137 -44.7027 5
      vertex 12.5415 -43.7374 3.5
    endloop
  endfacet
  facet normal 0.159055 -0.68904 0.707054
    outer loop
      vertex -11.3601 45.6063 5
      vertex -11.0074 44.1485 3.5
      vertex -9.45998 44.5057 3.5
    endloop
  endfacet
  facet normal 0.161964 -0.688349 0.707067
    outer loop
      vertex -11.0074 44.1485 3.5
      vertex -11.3601 45.6063 5
      vertex -11.3703 45.6039 5
    endloop
  endfacet
  facet normal -0.593056 -0.385161 0.707061
    outer loop
      vertex 39.8583 24.9062 5
      vertex 38.9705 26.2732 5
      vertex 38.5862 24.1113 3.5
    endloop
  endfacet
  facet normal -0.463963 -0.533683 0.707051
    outer loop
      vertex 30.4454 33.8131 3.5
      vertex 31.4491 34.9278 5
      vertex 30.219 35.9972 5
    endloop
  endfacet
  facet normal -0.576825 -0.409143 0.707019
    outer loop
      vertex 38.9587 26.2907 5
      vertex 37.7212 25.4433 3.5
      vertex 38.9648 26.2821 5
    endloop
  endfacet
  facet normal -0.579276 -0.405614 0.707048
    outer loop
      vertex 37.7212 25.4433 3.5
      vertex 38.9587 26.2907 5
      vertex 36.8103 26.7442 3.5
    endloop
  endfacet
  facet normal 0.230195 -0.668633 0.707064
    outer loop
      vertex -15.5619 42.756 3.5
      vertex -14.5337 44.6962 5
      vertex -16.0749 44.1656 5
    endloop
  endfacet
  facet normal 0.23573 -0.666779 0.706992
    outer loop
      vertex -14.5337 44.6962 5
      vertex -14.0603 43.2731 3.5
      vertex -14.5238 44.6997 5
    endloop
  endfacet
  facet normal 0.230258 -0.668644 0.707034
    outer loop
      vertex -14.0603 43.2731 3.5
      vertex -14.5337 44.6962 5
      vertex -15.5619 42.756 3.5
    endloop
  endfacet
  facet normal -0.698456 -0.110629 0.70705
    outer loop
      vertex 46.541 6.55152 5
      vertex 46.286 8.16146 5
      vertex 44.8088 7.90099 3.5
    endloop
  endfacet
  facet normal 0.639063 -0.302714 0.70708
    outer loop
      vertex -42.2478 20.5939 5
      vertex -40.8951 19.9459 3.5
      vertex -42.2433 20.6034 5
    endloop
  endfacet
  facet normal 0.640896 -0.298853 0.707064
    outer loop
      vertex -40.8951 19.9459 3.5
      vertex -42.2478 20.5939 5
      vertex -41.5663 18.5065 3.5
    endloop
  endfacet
  facet normal -0.107728 -0.698885 0.707075
    outer loop
      vertex 6.33238 45.0572 3.5
      vertex 6.55152 46.541 5
      vertex 6.54114 46.5426 5
    endloop
  endfacet
  facet normal -0.110604 -0.698448 0.707063
    outer loop
      vertex 6.55152 46.541 5
      vertex 6.33238 45.0572 3.5
      vertex 7.90099 44.8088 3.5
    endloop
  endfacet
  facet normal 0.630096 0.321035 0.707048
    outer loop
      vertex -41.4985 -22.0652 5
      vertex -40.1741 -21.361 3.5
      vertex -42.2385 -20.6128 5
    endloop
  endfacet
  facet normal 0.606151 -0.364234 0.707047
    outer loop
      vertex -40.6978 23.509 5
      vertex -39.4042 22.75 3.5
      vertex -38.5862 24.1113 3.5
    endloop
  endfacet
  facet normal 0.606389 -0.363833 0.707049
    outer loop
      vertex -39.4042 22.75 3.5
      vertex -40.6978 23.509 5
      vertex -40.7032 23.5 5
    endloop
  endfacet
  facet normal -0.694165 -0.134966 0.70705
    outer loop
      vertex 46.286 8.16146 5
      vertex 45.9749 9.76153 5
      vertex 44.8088 7.90099 3.5
    endloop
  endfacet
  facet normal -0.67625 -0.206775 0.707057
    outer loop
      vertex 45.1793 12.955 5
      vertex 44.7027 14.5137 5
      vertex 43.7374 12.5415 3.5
    endloop
  endfacet
  facet normal -0.275325 -0.651378 0.707039
    outer loop
      vertex 19.1069 42.9407 5
      vertex 18.5065 41.5663 3.5
      vertex 19.1166 42.9366 5
    endloop
  endfacet
  facet normal -0.276336 -0.650943 0.707045
    outer loop
      vertex 18.5065 41.5663 3.5
      vertex 19.1069 42.9407 5
      vertex 17.0446 42.1869 3.5
    endloop
  endfacet
  facet normal -0.550895 -0.443403 0.707042
    outer loop
      vertex 34.855 29.2468 3.5
      vertex 36.0107 30.2028 5
      vertex 36.0041 30.211 5
    endloop
  endfacet
  facet normal -0.549552 -0.445047 0.707055
    outer loop
      vertex 36.0107 30.2028 5
      vertex 34.855 29.2468 3.5
      vertex 35.8545 28.0126 3.5
    endloop
  endfacet
  facet normal 0.606151 0.364234 0.707047
    outer loop
      vertex -39.4042 -22.75 3.5
      vertex -40.6978 -23.509 5
      vertex -38.5862 -24.1113 3.5
    endloop
  endfacet
  facet normal 0.606389 0.363833 0.707049
    outer loop
      vertex -40.6978 -23.509 5
      vertex -39.4042 -22.75 3.5
      vertex -40.7032 -23.5 5
    endloop
  endfacet
  facet normal 0.253458 -0.660197 0.707036
    outer loop
      vertex -17.0446 42.1869 3.5
      vertex -16.0848 44.1618 5
      vertex -17.6065 43.5776 5
    endloop
  endfacet
  facet normal 0.618508 0.342829 0.707048
    outer loop
      vertex -40.1741 -21.361 3.5
      vertex -41.4934 -22.0744 5
      vertex -39.4042 -22.75 3.5
    endloop
  endfacet
  facet normal 0.618491 0.342859 0.707047
    outer loop
      vertex -41.4934 -22.0744 5
      vertex -40.1741 -21.361 3.5
      vertex -41.4985 -22.0652 5
    endloop
  endfacet
  facet normal -0.183043 0.683062 0.707051
    outer loop
      vertex 11.0074 -44.1485 3.5
      vertex 11.3805 -45.6012 5
      vertex 12.5415 -43.7374 3.5
    endloop
  endfacet
  facet normal -0.180955 0.683608 0.707061
    outer loop
      vertex 11.3805 -45.6012 5
      vertex 11.0074 -44.1485 3.5
      vertex 11.3703 -45.6039 5
    endloop
  endfacet
  facet normal 0.630096 0.321037 0.707047
    outer loop
      vertex -40.8951 -19.9459 3.5
      vertex -42.2385 -20.6128 5
      vertex -40.1741 -21.361 3.5
    endloop
  endfacet
  facet normal 0.62981 0.321605 0.707043
    outer loop
      vertex -42.2385 -20.6128 5
      vertex -40.8951 -19.9459 3.5
      vertex -42.2433 -20.6034 5
    endloop
  endfacet
  facet normal -0.134545 -0.694252 0.707045
    outer loop
      vertex 9.76153 45.9749 5
      vertex 9.45998 44.5057 3.5
      vertex 9.77185 45.9729 5
    endloop
  endfacet
  facet normal -0.134961 -0.694169 0.707047
    outer loop
      vertex 9.45998 44.5057 3.5
      vertex 9.76153 45.9749 5
      vertex 7.90099 44.8088 3.5
    endloop
  endfacet
  facet normal -0.651378 -0.275325 0.707039
    outer loop
      vertex 41.5663 18.5065 3.5
      vertex 42.9407 19.1069 5
      vertex 42.9366 19.1166 5
    endloop
  endfacet
  facet normal -0.650943 -0.276336 0.707045
    outer loop
      vertex 42.9407 19.1069 5
      vertex 41.5663 18.5065 3.5
      vertex 42.1869 17.0446 3.5
    endloop
  endfacet
  facet normal -0.706188 -0.0370064 0.707056
    outer loop
      vertex 46.9714 1.64028 5
      vertex 46.8861 3.26805 5
      vertex 45.4723 1.58793 3.5
    endloop
  endfacet
  facet normal -0.618491 -0.342859 0.707047
    outer loop
      vertex 41.4934 22.0744 5
      vertex 40.1741 21.361 3.5
      vertex 41.4985 22.0652 5
    endloop
  endfacet
  facet normal -0.618508 -0.342829 0.707048
    outer loop
      vertex 40.1741 21.361 3.5
      vertex 41.4934 22.0744 5
      vertex 39.4042 22.75 3.5
    endloop
  endfacet
  facet normal 0.342859 -0.618491 0.707047
    outer loop
      vertex -22.0744 41.4934 5
      vertex -21.361 40.1741 3.5
      vertex -22.0652 41.4985 5
    endloop
  endfacet
  facet normal 0.342829 -0.618508 0.707048
    outer loop
      vertex -21.361 40.1741 3.5
      vertex -22.0744 41.4934 5
      vertex -22.75 39.4042 3.5
    endloop
  endfacet
  facet normal -0.321605 -0.62981 0.707043
    outer loop
      vertex 19.9459 40.8951 3.5
      vertex 20.6128 42.2385 5
      vertex 20.6034 42.2433 5
    endloop
  endfacet
  facet normal -0.321037 -0.630096 0.707047
    outer loop
      vertex 20.6128 42.2385 5
      vertex 19.9459 40.8951 3.5
      vertex 21.361 40.1741 3.5
    endloop
  endfacet
  facet normal -0.666779 -0.23573 0.706992
    outer loop
      vertex 44.6962 14.5337 5
      vertex 43.2731 14.0603 3.5
      vertex 44.6997 14.5238 5
    endloop
  endfacet
  facet normal -0.668644 -0.230258 0.707034
    outer loop
      vertex 43.2731 14.0603 3.5
      vertex 44.6962 14.5337 5
      vertex 42.756 15.5619 3.5
    endloop
  endfacet
  facet normal -0.660187 -0.253405 0.707064
    outer loop
      vertex 44.1618 16.0848 5
      vertex 42.756 15.5619 3.5
      vertex 44.1656 16.0749 5
    endloop
  endfacet
  facet normal -0.660189 -0.253398 0.707064
    outer loop
      vertex 42.756 15.5619 3.5
      vertex 44.1618 16.0848 5
      vertex 42.1869 17.0446 3.5
    endloop
  endfacet
  facet normal -0.698885 -0.107728 0.707075
    outer loop
      vertex 46.541 6.55152 5
      vertex 45.0572 6.33238 3.5
      vertex 46.5426 6.54114 5
    endloop
  endfacet
  facet normal -0.698448 -0.110604 0.707063
    outer loop
      vertex 45.0572 6.33238 3.5
      vertex 46.541 6.55152 5
      vertex 44.8088 7.90099 3.5
    endloop
  endfacet
  facet normal -0.705995 -0.0403426 0.707067
    outer loop
      vertex 45.3892 3.17392 3.5
      vertex 46.8861 3.26805 5
      vertex 46.8855 3.27855 5
    endloop
  endfacet
  facet normal -0.706191 -0.0370018 0.707054
    outer loop
      vertex 46.8861 3.26805 5
      vertex 45.3892 3.17392 3.5
      vertex 45.4723 1.58793 3.5
    endloop
  endfacet
  facet normal -0.579277 -0.405607 0.707051
    outer loop
      vertex 38.9587 26.2907 5
      vertex 38.0238 27.6259 5
      vertex 36.8103 26.7442 3.5
    endloop
  endfacet
  facet normal -0.704569 -0.0605069 0.707051
    outer loop
      vertex 46.8846 3.28903 5
      vertex 45.3892 3.17392 3.5
      vertex 46.8855 3.27855 5
    endloop
  endfacet
  facet normal -0.704474 -0.0616702 0.707046
    outer loop
      vertex 45.3892 3.17392 3.5
      vertex 46.8846 3.28903 5
      vertex 45.2507 4.75604 3.5
    endloop
  endfacet
endsolid OpenSCAD_Model
